{"type":"FeatureCollection","features":[{"type":"Feature","properties":{"birdlifeId":"22712252","scientificName":"Hirundo rustica","rangeType":"wintering","speciesId":"avibase-58C502EA","speciesName":"Barn Swallow","speciesLatin":"Hirundo rustica"},"geometry":{"type":"MultiPolygon","coordinates":[[[[-96.3041,19.3777],[-95.8918,18.8501],[-94.809,18.5365],[-94.5264,18.1555],[-91.0735,17.5877],[-88.2821,17.5719],[-88.3564,16.5165],[-88.991,15.8825],[-88.6431,15.6919],[-88.492,15.8395],[-88.6042,15.9633],[-88.1478,15.6747],[-87.727,15.9231],[-86.9189,15.7499],[-85.9337,15.9261],[-86.0346,16.0257],[-85.4547,15.8603],[-85.0381,15.9903],[-84.3039,15.8155],[-83.3986,15.2547],[-83.1554,14.9963],[-83.3171,14.7741],[-83.2036,14.3269],[-83.5461,13.5533],[-83.4974,12.3841],[-83.6827,12.2191],[-83.6479,11.6029],[-83.8689,11.2397],[-83.2798,10.1833],[-82.3436,9.4289],[-82.3984,9.2629],[-82.0906,8.9211],[-81.782,8.9479],[-81.8893,9.1873],[-81.5153,8.7995],[-81.0871,8.8045],[-79.8058,9.3747],[-79.6326,9.6171],[-78.9756,9.5651],[-79.063,9.4483],[-78.5617,9.4429],[-77.8724,9.1151],[-76.7664,7.9093],[-76.765,8.3963],[-76.9366,8.5529],[-76.3155,8.9401],[-76.0894,9.3339],[-75.6232,9.4099],[-75.5163,10.2395],[-75.6531,10.1761],[-75.261,10.8029],[-74.8429,11.1125],[-74.2878,10.9941],[-74.5922,10.8781],[-74.3905,10.7431],[-74.144,11.3377],[-73.2777,11.2889],[-71.6623,12.4633],[-71.2711,12.3437],[-71.1125,12.0563],[-71.3825,11.7555],[-71.9683,11.5559],[-71.5812,10.7095],[-72.1289,9.8141],[-71.9976,9.4467],[-71.9358,9.4997],[-71.9067,9.3843],[-71.7682,9.3373],[-71.7342,9.3781],[-71.8214,9.2327],[-71.7038,9.0517],[-71.0612,9.3195],[-71.0234,9.7159],[-71.5808,10.8033],[-70.0356,11.4403],[-70.1352,11.5739],[-69.7528,11.4603],[-69.8091,11.6951],[-70.2325,11.6255],[-70.2853,11.9233],[-70.0161,12.1985],[-69.6297,11.4661],[-68.8535,11.4473],[-68.4013,11.1857],[-68.1238,10.4839],[-66.2353,10.6423],[-66.0486,10.5779],[-66.1194,10.4969],[-65.9297,10.2865],[-65.8127,10.2201],[-65.0838,10.0405],[-64.7403,10.1043],[-64.1809,10.4731],[-63.8182,10.4379],[-63.6418,10.4889],[-64.2389,10.5133],[-64.2627,10.6625],[-61.8496,10.7431],[-62.9167,10.5281],[-62.8305,10.4023],[-62.9311,10.4187],[-63.0003,10.3995],[-63.0003,10.2717],[-62.7914,10.4033],[-62.6239,10.1181],[-63.0172,10.0979],[-62.8033,9.9895],[-62.6175,10.0897],[-62.5863,10.2287],[-62.318,9.7051],[-62.2108,9.9225],[-62.2108,9.6345],[-62.1911,9.9287],[-62.0241,9.8659],[-62.1886,10.0159],[-61.8386,9.7995],[-61.8417,9.6481],[-61.773,9.7545],[-61.7386,9.5957],[-61.735,9.7057],[-61.8171,9.8247],[-61.5932,9.7781],[-61.6303,9.9023],[-60.8609,9.4495],[-60.7831,9.3111],[-61.0822,9.1023],[-60.9497,9.1795],[-61.2088,8.5957],[-61.6139,8.5615],[-61.0739,8.4009],[-60.9828,8.5687],[-60.2364,8.6275],[-59.1263,8.0337],[-58.4765,7.3513],[-58.68,6.3765],[-58.4123,6.8717],[-58.0229,6.8075],[-57.182,6.1113],[-57.2489,5.4861],[-56.9604,5.9975],[-55.8995,5.6719],[-55.9238,5.8883],[-55.6673,5.9791],[-55.125,5.8189],[-54.8644,5.8531],[-55.1621,5.9581],[-55.0439,6.0031],[-54.2047,5.8797],[-53.9894,5.7453],[-54.1678,5.3469],[-53.8619,5.7557],[-53.4856,5.5613],[-52.9378,5.4583],[-52.2818,4.9345],[-52.3402,4.7231],[-52.2278,4.8705],[-52.0263,4.6895],[-52.04,4.3315],[-51.9121,4.6533],[-51.7956,4.6049],[-51.6841,4.0343],[-51.5697,4.2367],[-51.4325,3.9317],[-51.5464,4.3923],[-51.253,4.1451],[-50.6808,2.2415],[-50.7755,2.0657],[-50.6596,2.1293],[-50.4707,1.8201],[-49.9536,1.6765],[-49.9067,1.3113],[-50.1219,1.2143],[-49.9031,1.1751],[-51.2026,-0.0553],[-51.7,-0.7525],[-51.7125,-1.0266],[-51.92,-1.1664],[-51.935,-1.3444],[-52.7127,-1.6032],[-52.2853,-1.5335],[-52.2069,-1.6919],[-51.2572,-1.2183],[-50.9922,-0.9253],[-50.8474,-0.9164],[-50.8166,-1.4397],[-50.6639,-1.7677],[-50.9197,-1.8814],[-51.3327,-1.6444],[-51.6061,-1.7958],[-51.4219,-1.8272],[-51.5219,-2.0464],[-51.4519,-2.2736],[-51.3075,-1.7636],[-50.9914,-2.0263],[-51.0736,-2.2016],[-50.9978,-2.4161],[-50.846,-2.5086],[-51.0211,-2.2203],[-50.9244,-1.9894],[-50.8086,-2.1847],[-50.7228,-2.2239],[-50.6891,-2.2019],[-50.8236,-1.9627],[-50.6675,-1.9833],[-50.678,-1.8104],[-50.4164,-1.9522],[-49.9922,-1.82],[-49.8147,-2.1019],[-49.8419,-1.9034],[-49.2896,-1.7083],[-49.49,-2.565],[-49.1905,-1.898],[-48.6972,-1.4692],[-48.4305,-1.6617],[-48.4811,-1.5134],[-48.4602,-1.5331],[-48.1844,-1.4719],[-48.503,-1.4458],[-48.1175,-0.7533],[-47.555,-0.6352],[-47.3938,-0.8128],[-47.4605,-0.597],[-47.2911,-0.5978],[-47.1604,-0.8146],[-47.0836,-0.6668],[-47.0553,-0.8697],[-46.9547,-0.7044],[-46.9217,-0.8347],[-46.9661,-0.8725],[-46.9511,-0.9081],[-46.846,-0.799],[-46.83,-0.7135],[-46.7422,-0.9458],[-46.6261,-0.8244],[-46.7483,-1.0183],[-46.3194,-1.1089],[-46.1781,-0.9151],[-46.2597,-1.1836],[-46.0951,-1.0771],[-46.15,-1.2578],[-45.9781,-1.0748],[-46.0,-1.2088],[-45.8092,-1.3283],[-45.7238,-1.1364],[-45.7425,-1.2498],[-45.6902,-1.4518],[-45.4173,-1.2898],[-45.554,-1.5029],[-45.4629,-1.5475],[-45.3234,-1.3192],[-45.4057,-1.5789],[-45.3482,-1.7502],[-45.2806,-1.747],[-45.1974,-1.6881],[-45.161,-1.4814],[-45.1358,-1.5215],[-45.0066,-1.4975],[-45.0287,-1.6024],[-44.9793,-1.607],[-44.8624,-1.4258],[-44.9682,-1.6615],[-44.8224,-1.6719],[-44.8494,-1.6253],[-44.8216,-1.5907],[-44.8196,-1.8194],[-44.6905,-1.8172],[-44.6512,-1.7299],[-44.6037,-1.7492],[-44.49,-1.9992],[-44.6129,-2.0367],[-44.6405,-2.2269],[-44.8241,-2.293],[-44.6544,-2.4319],[-44.4597,-2.146],[-44.36,-2.3388],[-44.6617,-2.5996],[-44.664,-2.6211],[-44.5483,-2.5417],[-44.6241,-3.0533],[-44.7979,-3.2056],[-44.779,-3.3124],[-44.7359,-3.3016],[-44.7354,-3.2758],[-44.7614,-3.2275],[-44.4204,-2.93],[-44.3556,-2.5358],[-44.0655,-2.4045],[-44.0473,-2.5514],[-44.3355,-2.7741],[-44.3471,-2.8384],[-44.0717,-2.8108],[-43.7287,-2.4813],[-43.4583,-2.5955],[-43.3474,-2.3658],[-42.2358,-2.8377],[-41.8316,-2.7339],[-41.248,-3.0235],[-41.2625,-2.8866],[-39.9969,-2.8464],[-38.4718,-3.7011],[-37.1498,-4.943],[-36.5442,-5.1344],[-35.6108,-5.1108],[-35.2256,-5.5836],[-34.7932,-7.1668],[-34.9358,-8.3505],[-35.297,-9.1847],[-35.6905,-9.6682],[-35.9519,-9.6028],[-35.7954,-9.7282],[-36.3864,-10.4858],[-37.0216,-10.9358],[-37.0086,-10.8105],[-37.1533,-10.7486],[-37.0533,-10.9491],[-37.28,-11.0371],[-37.1529,-11.1855],[-37.3296,-11.427],[-37.3983,-11.4022],[-37.2758,-11.2597],[-37.2986,-11.2019],[-37.4692,-11.3666],[-37.4879,-11.5202],[-37.3628,-11.4594],[-37.6197,-11.9867],[-38.1983,-12.8031],[-38.5224,-13.019],[-38.498,-12.722],[-38.6916,-12.5777],[-38.81,-12.8449],[-38.9192,-12.7361],[-38.8557,-12.8517],[-38.7253,-12.8744],[-39.0475,-13.3394],[-38.98,-13.8344],[-39.0938,-13.7147],[-39.1497,-13.7425],[-38.9914,-13.8568],[-39.0752,-13.8865],[-38.9875,-13.9883],[-39.0725,-14.0827],[-39.0755,-14.1436],[-39.0389,-14.1758],[-38.9219,-13.9198],[-39.0669,-14.6438],[-38.9619,-15.5851],[-38.8617,-15.8578],[-39.2121,-17.1546],[-39.1354,-17.6911],[-39.6436,-18.2233],[-39.8014,-19.6325],[-40.9605,-21.2358],[-41.0713,-21.5172],[-40.9875,-22.0088],[-41.9686,-22.5358],[-41.8683,-22.7605],[-42.0172,-22.9867],[-43.0418,-22.9742],[-43.0758,-22.6682],[-43.2871,-22.8062],[-43.1582,-22.9629],[-43.5616,-23.07],[-43.8521,-22.8966],[-44.1814,-23.0544],[-44.4132,-22.9383],[-44.6969,-23.1094],[-44.6519,-23.302],[-44.5583,-23.2318],[-44.5013,-23.2967],[-45.4089,-23.6233],[-45.4119,-23.8246],[-45.8963,-23.7608],[-46.2815,-24.0257],[-46.3827,-23.8683],[-46.3839,-24.0207],[-48.0261,-25.015],[-47.9154,-25.1543],[-48.2086,-25.4616],[-48.1209,-25.2668],[-48.3169,-25.3634],[-48.4175,-25.2269],[-48.5005,-25.3333],[-48.4771,-25.4797],[-48.7444,-25.3557],[-48.7033,-25.5038],[-48.3614,-25.5764],[-48.7705,-25.88],[-48.5631,-25.8636],[-48.5857,-26.1719],[-48.7939,-26.0628],[-48.8373,-26.1565],[-48.6079,-26.4386],[-48.6554,-26.9093],[-48.4786,-27.1584],[-48.6225,-27.2422],[-48.7619,-28.4922],[-48.8719,-28.3456],[-48.7608,-28.5348],[-49.7525,-29.3697],[-50.8794,-31.2286],[-52.0725,-32.1742],[-52.0123,-31.9457],[-52.0918,-31.8366],[-51.8521,-31.8705],[-51.2335,-31.4578],[-51.1625,-31.078],[-50.9782,-31.1364],[-50.9649,-30.893],[-50.7046,-30.756],[-50.7251,-30.3713],[-50.5693,-30.4715],[-50.6014,-30.1941],[-50.9215,-30.4394],[-51.2945,-30.0068],[-51.2932,-30.2949],[-51.0924,-30.3714],[-51.2788,-30.803],[-51.3745,-30.6354],[-51.4452,-31.0836],[-51.9622,-31.3352],[-52.0147,-31.6442],[-52.2214,-31.7469],[-52.2628,-32.0617],[-52.0917,-32.1686],[-52.6366,-33.1294],[-54.145,-34.6714],[-54.2569,-34.6894],[-54.2425,-34.5813],[-54.3255,-34.5628],[-54.2828,-34.6977],[-54.9513,-34.9778],[-55.4609,-34.7352],[-56.1689,-34.9319],[-57.1178,-34.4622],[-57.847,-34.4852],[-58.4294,-33.8376],[-58.3532,-33.1355],[-58.1345,-33.0984],[-58.0354,-32.9248],[-58.2016,-32.4489],[-58.1509,-33.046],[-58.4317,-33.093],[-58.5558,-33.7222],[-58.4825,-33.9656],[-58.3866,-34.045],[-58.3806,-34.1933],[-58.5511,-34.4315],[-57.1883,-35.3205],[-57.3762,-35.9717],[-56.9419,-36.3833],[-56.7368,-36.3301],[-56.6712,-36.9055],[-57.5516,-38.1096],[-58.2882,-38.4754],[-61.1319,-38.9975],[-62.4029,-38.7503],[-62.3288,-39.2596],[-62.1527,-39.292],[-62.02,-39.378],[-62.0863,-39.391],[-62.1906,-39.3022],[-62.3164,-39.2982],[-62.0503,-39.4806],[-62.4894,-40.2994],[-62.3383,-40.6729],[-62.1839,-40.6297],[-62.39,-40.9019],[-63.0644,-41.1521],[-63.7835,-41.1639],[-64.0533,-40.9991],[-64.9103,-40.8216],[-64.8005,-40.7228],[-65.1344,-40.8478],[-65.0334,-42.0805],[-64.4806,-42.2558],[-64.6218,-42.4087],[-64.4519,-42.4458],[-64.1189,-42.4344],[-64.0625,-42.2777],[-64.3344,-42.2367],[-63.7445,-42.0915],[-63.6358,-42.7679],[-64.1316,-42.8763],[-64.1961,-42.6389],[-64.5658,-42.4947],[-64.9864,-42.6593],[-65.0178,-42.7871],[-64.3145,-42.9773],[-64.9563,-43.2423],[-65.328,-43.6467],[-65.2284,-44.3373],[-65.6864,-44.7072],[-65.6109,-45.0211],[-66.1947,-44.9591],[-66.9494,-45.2555],[-67.6254,-46.1114],[-67.4207,-46.5562],[-66.8066,-46.9983],[-65.7794,-47.1894],[-65.8684,-47.7495],[-66.3886,-47.8625],[-65.9641,-47.7844],[-65.795,-47.9417],[-67.5794,-49.0342],[-67.8327,-49.3816],[-67.605,-49.2591],[-67.8972,-49.9858],[-68.3411,-50.1183],[-68.6441,-49.7647],[-68.7342,-49.7278],[-68.6036,-49.9491],[-68.8539,-49.9688],[-69.0077,-50.0069],[-68.5836,-49.9793],[-68.3716,-50.1527],[-68.9411,-50.388],[-69.4089,-51.0777],[-69.1746,-50.9865],[-68.9681,-51.5739],[-69.3744,-51.5564],[-69.6139,-51.6258],[-68.9933,-51.6214],[-68.3833,-52.3369],[-69.2044,-52.1966],[-69.6704,-52.5281],[-70.8555,-52.7228],[-70.8687,-52.7625],[-70.7387,-52.7874],[-71.053,-53.8266],[-72.1012,-53.6916],[-72.4533,-53.4078],[-72.1266,-53.25],[-72.2829,-53.4246],[-72.0877,-53.4269],[-71.8495,-53.2271],[-71.7871,-53.4425],[-72.0666,-53.5478],[-71.9463,-53.5689],[-71.7415,-53.4591],[-71.7307,-53.2118],[-71.3214,-53.0938],[-71.1153,-52.863],[-71.5344,-52.5605],[-72.3039,-52.5197],[-72.4254,-52.6563],[-72.55,-52.5883],[-72.3969,-52.5479],[-72.4079,-52.495],[-72.8579,-52.5077],[-72.8755,-52.5801],[-72.9408,-52.5804],[-73.0118,-52.7452],[-72.6823,-52.6682],[-73.0559,-52.8509],[-72.9546,-53.0248],[-73.1227,-53.1016],[-73.448,-53.0088],[-73.18,-52.8983],[-73.4718,-52.8342],[-73.2387,-52.8048],[-72.9945,-52.5803],[-73.1097,-52.5191],[-72.8819,-52.5515],[-72.8947,-52.5014],[-73.224,-52.4087],[-73.2726,-52.6742],[-73.4002,-52.5475],[-73.4352,-52.594],[-73.3947,-52.6375],[-73.6991,-52.7169],[-73.4942,-52.4929],[-73.6672,-52.4217],[-73.5752,-52.2125],[-73.6339,-52.1947],[-73.7253,-52.0953],[-73.7306,-52.0335],[-73.3467,-52.2533],[-73.0055,-52.0718],[-73.1207,-52.2505],[-72.8861,-52.287],[-72.7472,-52.0603],[-72.878,-52.2055],[-72.9486,-52.0647],[-72.776,-51.9629],[-72.5404,-52.2175],[-72.9777,-52.4621],[-72.5572,-52.4752],[-72.4669,-52.203],[-72.6659,-51.976],[-72.4629,-51.7863],[-72.6966,-51.578],[-73.0594,-51.4836],[-73.0863,-51.2405],[-73.2687,-51.5014],[-72.5469,-51.7428],[-72.7246,-51.8366],[-73.2973,-51.5855],[-73.0037,-51.788],[-73.0608,-51.753],[-73.1191,-51.7547],[-73.2192,-51.9045],[-72.9226,-51.8604],[-73.2369,-52.09],[-73.3208,-51.7233],[-73.3997,-51.6473],[-73.3125,-52.1717],[-73.5631,-52.0428],[-73.6507,-51.8402],[-73.5984,-51.8209],[-73.5338,-51.9632],[-73.4195,-52.06],[-73.3883,-52.0524],[-73.5931,-51.7545],[-73.4538,-51.6876],[-73.7047,-51.7917],[-73.7005,-51.6314],[-73.9026,-51.6166],[-73.7907,-51.5524],[-73.9163,-51.5212],[-73.8928,-51.3716],[-73.5891,-51.6308],[-73.7832,-51.2242],[-73.6769,-51.29],[-73.6437,-51.1995],[-73.8159,-51.0746],[-73.88,-51.2389],[-74.0147,-51.1078],[-74.1194,-51.193],[-74.0555,-50.962],[-74.2328,-50.9225],[-73.803,-51.0088],[-73.7591,-50.6727],[-73.3818,-50.6879],[-73.7233,-50.5636],[-73.5977,-50.4846],[-73.5746,-50.3925],[-74.0483,-50.8275],[-74.2276,-50.5974],[-73.867,-50.5646],[-74.1239,-50.435],[-73.9989,-50.3791],[-74.2832,-50.4321],[-74.1521,-50.3467],[-74.4047,-50.3669],[-74.453,-50.2405],[-74.6936,-50.2033],[-74.3456,-50.0883],[-74.1665,-50.293],[-73.8539,-50.3009],[-74.3554,-49.998],[-73.8529,-50.0753],[-74.0072,-49.9923],[-73.812,-49.9242],[-73.841,-49.8353],[-74.2755,-49.9012],[-74.3377,-49.7925],[-74.033,-49.7631],[-74.024,-49.7147],[-74.3205,-49.6356],[-74.0851,-49.5379],[-74.0429,-49.6454],[-73.935,-49.5636],[-73.7184,-49.8008],[-73.661,-49.7249],[-73.8802,-49.5241],[-74.1021,-49.4796],[-74.0411,-49.2619],[-73.8086,-49.3989],[-74.0394,-49.0863],[-73.8341,-49.0292],[-74.0611,-49.0202],[-74.2102,-49.5292],[-74.4132,-49.3951],[-74.4396,-48.8029],[-74.0555,-48.7397],[-74.3975,-48.6089],[-74.1916,-48.4827],[-73.9674,-48.6084],[-74.0277,-48.4516],[-73.8805,-48.4278],[-74.2708,-48.3342],[-74.5058,-48.0954],[-74.4031,-48.014],[-74.6537,-48.0229],[-74.5227,-47.9563],[-74.4157,-47.9867],[-74.3519,-48.0205],[-74.2607,-48.2658],[-74.1437,-48.2292],[-74.2965,-48.0138],[-73.7618,-48.0398],[-73.6392,-48.2655],[-73.3528,-48.2231],[-73.2749,-48.1613],[-73.2629,-48.0389],[-73.4011,-48.1606],[-73.651,-47.9016],[-73.4958,-47.9833],[-73.2208,-48.0011],[-73.7109,-47.7746],[-73.7192,-47.5283],[-73.9239,-47.8419],[-74.7173,-47.7275],[-74.5536,-47.5489],[-74.385,-47.6053],[-74.4825,-47.6991],[-74.2289,-47.7536],[-74.0411,-47.618],[-74.5125,-47.4343],[-74.3167,-47.2184],[-73.9605,-47.2525],[-73.9397,-47.0211],[-74.2668,-46.7563],[-74.5913,-46.7305],[-74.4735,-46.7824],[-74.6711,-46.8489],[-74.4328,-46.8594],[-74.4989,-46.9033],[-74.9829,-46.7593],[-74.9422,-46.44],[-75.1214,-46.5964],[-75.3937,-46.6098],[-75.5981,-46.703],[-75.6547,-46.765],[-75.42,-46.7138],[-75.398,-46.9265],[-75.6942,-46.7831],[-75.6283,-46.5677],[-75.534,-46.5782],[-75.3374,-46.4828],[-75.1957,-46.2981],[-75.088,-46.3557],[-75.0306,-46.3519],[-75.0479,-46.2204],[-74.7383,-46.1845],[-74.6811,-45.8307],[-74.4339,-46.0454],[-74.4469,-45.8067],[-74.2784,-45.8783],[-74.1306,-45.8144],[-74.1644,-46.1366],[-74.0519,-45.9828],[-73.9928,-46.125],[-74.4944,-46.1903],[-73.8539,-46.3472],[-74.02,-46.2158],[-73.8822,-46.1416],[-73.768,-46.3028],[-73.995,-46.5614],[-73.7383,-46.5331],[-73.3294,-46.0224],[-73.679,-46.3191],[-73.6418,-45.9806],[-73.1498,-45.6742],[-73.3275,-45.6203],[-73.5619,-45.7762],[-73.4798,-45.4469],[-73.2188,-45.3],[-73.0114,-45.45],[-72.8658,-45.4724],[-72.7971,-45.4316],[-72.8089,-45.3727],[-73.0116,-45.3897],[-73.2058,-45.2412],[-73.3301,-45.2918],[-73.461,-45.2596],[-73.2817,-45.1496],[-73.3732,-44.9721],[-73.1001,-44.9507],[-72.7289,-44.7583],[-72.5727,-44.5028],[-72.5921,-44.3482],[-72.7224,-44.4977],[-72.8169,-44.3827],[-72.92,-44.3749],[-72.9165,-44.3175],[-73.1874,-44.2503],[-73.1233,-44.1436],[-73.2878,-44.1631],[-72.8194,-43.8116],[-73.0493,-43.7309],[-72.8802,-43.6137],[-73.0686,-43.3199],[-72.7322,-43.0813],[-72.8213,-42.53],[-72.5268,-42.5624],[-72.8395,-42.3028],[-72.587,-42.1941],[-72.4459,-42.4779],[-72.3939,-42.4915],[-72.4308,-41.9757],[-72.8792,-41.914],[-72.3053,-41.6469],[-72.2997,-41.3833],[-72.4757,-41.6833],[-72.9378,-41.4785],[-73.1291,-41.7511],[-73.2589,-41.7152],[-73.4806,-41.7971],[-73.7517,-41.7457],[-73.6885,-41.6325],[-73.5641,-41.6136],[-73.4919,-41.5208],[-73.7882,-41.5649],[-73.9327,-41.1131],[-73.7043,-40.0003],[-73.3731,-39.9391],[-73.1916,-39.3869],[-73.2075,-39.2156],[-73.4999,-38.588],[-73.4539,-38.0555],[-73.6794,-37.3355],[-73.5852,-37.1513],[-73.1551,-37.1166],[-73.2019,-36.7702],[-73.1142,-36.6123],[-72.9923,-36.7307],[-72.7878,-35.974],[-72.5674,-35.788],[-72.6308,-35.5774],[-72.1928,-35.0814],[-72.0076,-34.1314],[-71.6378,-33.6726],[-71.7574,-33.102],[-71.4386,-32.633],[-71.7111,-30.6225],[-71.6336,-30.2428],[-71.2763,-29.9249],[-71.5212,-28.9709],[-70.9051,-27.6239],[-70.9667,-27.1791],[-70.6281,-26.3366],[-70.7325,-25.8105],[-70.4469,-25.3519],[-70.5788,-24.5443],[-70.3894,-23.5972],[-70.6214,-23.503],[-70.5943,-23.2353],[-70.2873,-22.9112],[-70.0533,-21.4364],[-70.3026,-18.446],[-71.3817,-17.7015],[-71.515,-17.2654],[-75.0478,-15.4688],[-75.5158,-14.9144],[-75.9358,-14.6448],[-76.3938,-13.898],[-76.1969,-13.4182],[-77.1614,-12.0733],[-77.203,-11.6583],[-77.6521,-11.2928],[-78.9704,-8.2525],[-79.9834,-6.7428],[-81.1101,-6.0566],[-81.0804,-5.812],[-80.8412,-5.8413],[-80.8482,-5.534],[-81.1914,-5.2156],[-81.0675,-5.0074],[-81.3267,-4.6751],[-81.2495,-4.2702],[-80.7858,-3.7487],[-80.0613,-3.413],[-79.8473,-3.0224],[-79.7152,-2.5659],[-79.873,-2.1642],[-79.7636,-2.0091],[-79.8897,-2.103],[-79.8633,-2.2811],[-79.8994,-2.5522],[-79.9272,-2.4077],[-80.0334,-2.4825],[-79.9112,-2.2987],[-80.023,-2.338],[-80.2172,-2.6264],[-80.2801,-2.5982],[-80.2564,-2.7364],[-81.0059,-2.1889],[-80.7323,-2.0387],[-80.9081,-1.0548],[-80.2647,-0.6272],[-80.488,-0.3797],[-80.0427,0.1085],[-80.0906,0.7593],[-78.8114,1.2803],[-78.8412,1.5363],[-79.0467,1.6141],[-78.846,1.8167],[-78.5703,1.7619],[-78.6792,2.1807],[-78.5653,2.4287],[-77.7408,2.6047],[-77.8011,2.7515],[-77.7693,2.7379],[-77.6881,2.7745],[-77.6419,2.8735],[-77.5921,2.8337],[-77.6748,3.0447],[-77.3216,3.3165],[-77.0027,3.9093],[-77.2823,3.8493],[-77.2499,4.1255],[-77.3496,3.9347],[-77.4344,4.0315],[-77.2394,4.2545],[-77.3841,4.3419],[-77.2564,4.7033],[-77.3792,5.4511],[-77.5465,5.4895],[-77.2408,5.7515],[-77.4778,6.1899],[-77.3301,6.5581],[-78.4457,8.0625],[-78.1513,8.4155],[-78.0185,8.2297],[-77.7777,8.0989],[-77.7552,8.1081],[-77.7486,8.1439],[-78.0872,8.4709],[-78.2514,8.3805],[-78.2102,8.4287],[-78.2157,8.5323],[-78.2317,8.5461],[-78.3393,8.4121],[-78.414,8.5605],[-78.4228,8.3509],[-78.6209,8.7701],[-79.0837,8.9823],[-78.9786,9.1429],[-79.4836,9.0049],[-79.7193,8.9069],[-79.7535,8.5933],[-80.4836,8.2051],[-80.001,7.4629],[-80.8871,7.2031],[-81.0531,7.9237],[-81.2362,7.8903],[-81.221,7.6073],[-81.5139,7.7031],[-81.7517,8.1987],[-82.165,8.1629],[-82.2096,8.3815],[-82.837,8.2925],[-82.8952,8.0309],[-83.1778,8.6367],[-83.4878,8.7065],[-83.295,8.3713],[-83.7287,8.5771],[-83.4878,8.8559],[-83.9049,9.2839],[-84.6166,9.5769],[-84.7448,9.9629],[-84.849,9.9643],[-85.219,10.1801],[-85.2368,10.2375],[-85.3089,10.3165],[-85.3167,10.3235],[-85.3667,10.3231],[-84.8697,9.8179],[-85.1112,9.5517],[-85.6728,9.9005],[-85.8744,10.3515],[-85.659,10.7609],[-85.9506,10.8887],[-85.6729,11.0601],[-87.687,12.9037],[-87.5771,13.0831],[-87.4692,12.9311],[-87.2586,12.9639],[-87.5167,13.2557],[-87.4057,13.4101],[-87.619,13.3015],[-87.5979,13.4545],[-87.8389,13.4423],[-87.9049,13.1487],[-88.4275,13.1693],[-88.4566,13.2565],[-88.4469,13.2157],[-88.553,13.2757],[-88.7197,13.2689],[-88.5797,13.2621],[-88.4662,13.1517],[-90.4738,13.8849],[-91.3878,13.9803],[-92.2361,14.5341],[-93.8941,16.0879],[-94.368,16.2945],[-93.9625,15.9965],[-94.7237,16.1951],[-94.5803,16.3197],[-94.7929,16.2667],[-94.8553,16.4319],[-95.0628,16.2701],[-94.8142,16.2677],[-95.1014,16.2375],[-94.8773,16.2335],[-94.7591,16.2043],[-95.1561,16.1947],[-96.2311,15.6715],[-97.7953,15.9653],[-98.77,16.5461],[-99.6921,16.7007],[-101.0581,17.2685],[-101.959,17.9655],[-103.3547,18.2619],[-103.6932,18.5809],[-102.5695,19.2073],[-97.1225,18.5193],[-96.7785,18.8061],[-97.1004,19.4107],[-96.3041,19.3777]],[[-85.9375,12.1137],[-85.9859,12.1315],[-85.9704,12.0901],[-85.9375,12.1137]],[[-79.5847,9.3265],[-79.6064,9.1923],[-79.53,9.2097],[-79.5847,9.3265]],[[-57.2875,-37.5205],[-57.2691,-37.4522],[-57.3374,-37.4339],[-57.2875,-37.5205]],[[-78.8736,9.1719],[-78.8557,9.1017],[-78.4742,9.0907],[-78.8736,9.1719]],[[-93.3737,17.0699],[-93.6707,17.2461],[-93.7562,17.2377],[-93.8672,17.1501],[-93.3737,17.0699]],[[-79.9172,9.1637],[-79.8216,9.0287],[-79.7932,9.0989],[-79.6939,9.0975],[-79.6544,9.1593],[-79.8514,9.1739],[-79.8239,9.3281],[-80.0877,9.0217],[-79.9172,9.1637]],[[-89.3498,15.5205],[-89.3418,15.3555],[-88.9609,15.5205],[-89.3498,15.5205]],[[-86.5979,12.3495],[-86.1151,12.1745],[-86.0985,12.3313],[-86.2898,12.5001],[-86.5979,12.3495]],[[-85.9153,11.7165],[-85.7227,11.3397],[-84.7799,11.0719],[-85.1869,11.7515],[-85.8236,12.0921],[-85.9153,11.7165]]],[[[-71.3548,-54.3744],[-70.9309,-54.5152],[-70.9203,-54.3598],[-70.6504,-54.3344],[-70.7553,-54.6323],[-70.5666,-54.3996],[-70.2869,-54.5653],[-70.0755,-54.5518],[-70.9166,-54.1265],[-70.1314,-54.4334],[-70.026,-54.2613],[-69.907,-54.507],[-69.7594,-54.5835],[-69.8546,-54.2881],[-69.4475,-54.3597],[-69.2278,-54.4658],[-69.437,-54.6388],[-69.359,-54.713],[-68.9649,-54.4735],[-70.0465,-54.099],[-70.1745,-53.8478],[-69.3377,-53.5036],[-69.3642,-53.3422],[-70.2175,-53.4733],[-70.4651,-53.3138],[-70.4279,-53.0168],[-70.0957,-52.9302],[-70.4144,-52.7607],[-69.9214,-52.8465],[-69.4204,-52.458],[-69.1839,-52.6935],[-68.7847,-52.5442],[-68.6137,-52.6572],[-68.2787,-52.9589],[-68.2274,-53.0995],[-68.3889,-53.0119],[-68.5202,-53.2593],[-68.1371,-53.3236],[-67.2812,-54.0774],[-66.0,-54.6137],[-65.138,-54.6516],[-65.3539,-54.9291],[-66.458,-55.0517],[-67.0113,-54.9085],[-68.2989,-54.793],[-68.9447,-54.7788],[-68.7342,-54.905],[-69.0908,-54.9505],[-69.6569,-54.82],[-69.597,-54.7697],[-69.6305,-54.6939],[-69.7186,-54.6927],[-69.7242,-54.8047],[-69.7553,-54.8062],[-69.73,-54.7533],[-69.7433,-54.7299],[-69.7802,-54.7152],[-69.9255,-54.8185],[-69.9697,-54.6764],[-69.9878,-54.8386],[-70.0919,-54.7808],[-70.3007,-54.8456],[-70.2159,-54.6837],[-70.7654,-54.8406],[-70.4223,-54.6325],[-70.9131,-54.7555],[-70.7417,-54.6889],[-70.9225,-54.668],[-70.995,-54.7046],[-70.9054,-54.6189],[-71.0479,-54.5931],[-71.0553,-54.6617],[-71.2583,-54.6805],[-71.1206,-54.6251],[-71.2345,-54.6225],[-71.2029,-54.5343],[-71.3402,-54.5143],[-71.4769,-54.6894],[-71.4881,-54.5854],[-71.8904,-54.6497],[-71.8805,-54.5736],[-72.0094,-54.51],[-71.617,-54.5872],[-71.6982,-54.5219],[-71.5072,-54.5548],[-71.6366,-54.5088],[-71.4304,-54.4839],[-71.5046,-54.4215],[-71.3548,-54.3744]]],[[[-48.373,-0.2892],[-48.8433,-1.4546],[-49.3902,-1.6455],[-49.5263,-1.4966],[-49.8128,-1.8158],[-50.6275,-1.763],[-50.8064,-1.1089],[-50.5594,-1.1841],[-50.4803,-1.0411],[-50.7688,-1.0669],[-50.7833,-0.6635],[-50.5425,-0.6828],[-50.7229,-0.4876],[-50.3858,-0.1078],[-48.373,-0.2892]]],[[[-73.5055,-41.8397],[-73.3691,-42.2444],[-73.8202,-42.5075],[-73.4989,-42.8008],[-73.7075,-42.8711],[-73.4894,-43.1147],[-73.7725,-43.1172],[-73.6936,-43.2928],[-73.8114,-43.3191],[-73.8592,-43.4],[-74.4078,-43.2434],[-74.1655,-42.8737],[-74.0177,-41.7774],[-73.5055,-41.8397]]],[[[-74.6153,-49.443],[-74.6068,-49.323],[-75.0706,-49.5635],[-75.0119,-49.8991],[-75.2994,-49.6278],[-74.9699,-49.4295],[-75.2188,-49.4328],[-75.323,-49.2675],[-75.198,-49.3632],[-75.0509,-49.3711],[-75.0904,-49.2016],[-74.8799,-49.3882],[-74.7936,-49.2611],[-74.7524,-49.1067],[-74.9361,-49.0154],[-74.7467,-49.0432],[-74.7987,-48.9444],[-75.0187,-48.9101],[-74.836,-48.8504],[-75.0062,-48.7809],[-74.7696,-48.7563],[-74.7448,-48.6802],[-74.6723,-48.8787],[-74.6078,-48.85],[-74.5331,-48.7169],[-74.443,-49.2152],[-74.6021,-49.7083],[-74.5169,-49.6816],[-74.5185,-49.629],[-74.4494,-49.6377],[-74.4396,-49.8706],[-74.4762,-49.8435],[-74.5252,-49.8614],[-74.5127,-49.9681],[-74.6374,-49.885],[-74.5378,-49.9867],[-74.6477,-50.0525],[-74.9074,-49.9328],[-74.8844,-49.8681],[-74.7713,-49.8886],[-74.7689,-49.8713],[-74.6394,-49.824],[-74.6219,-49.8054],[-74.9168,-49.6958],[-74.6839,-49.6402],[-74.8818,-49.5689],[-74.6153,-49.443]]],[[[-60.9105,10.8293],[-60.9969,10.1359],[-61.918,10.0429],[-61.4583,10.2783],[-61.4919,10.6389],[-61.6621,10.7093],[-60.9105,10.8293]]],[[[-71.4943,-52.6426],[-71.4037,-52.7957],[-72.0236,-53.1253],[-72.3086,-53.0288],[-72.6019,-53.0718],[-72.2041,-53.1883],[-72.5407,-53.1719],[-72.5089,-53.3603],[-72.6764,-53.3166],[-72.3857,-53.539],[-73.3014,-53.1585],[-72.7182,-53.2984],[-72.6531,-53.1469],[-72.9369,-53.1067],[-72.8507,-53.0328],[-72.9718,-52.8333],[-72.7033,-52.7129],[-72.7331,-52.8944],[-72.4486,-52.8789],[-71.4943,-52.6426]]],[[[-51.2716,-1.0141],[-51.9386,-1.4636],[-51.885,-1.1789],[-51.6621,-1.0833],[-51.6244,-0.7416],[-51.2122,-0.536],[-51.2716,-1.0141]]],[[[-68.3314,-55.0674],[-68.6278,-55.1543],[-69.007,-55.0191],[-69.0631,-55.0721],[-68.7819,-55.1764],[-68.2777,-55.225],[-68.745,-55.2711],[-68.5958,-55.3686],[-68.1594,-55.3986],[-67.9822,-55.6734],[-68.5505,-55.4087],[-68.8929,-55.4903],[-68.7224,-55.3864],[-68.9662,-55.3866],[-68.7896,-55.1831],[-69.0328,-55.2691],[-69.2221,-55.1161],[-69.43,-55.1619],[-69.1604,-55.5095],[-69.2275,-55.463],[-69.3344,-55.4831],[-69.3733,-55.3883],[-69.4182,-55.5024],[-69.3941,-55.3592],[-69.7785,-55.3084],[-69.487,-55.1764],[-70.0176,-55.1552],[-69.5897,-55.0417],[-69.555,-55.1657],[-69.5243,-55.1557],[-69.5297,-55.0333],[-68.5052,-54.9316],[-68.3314,-55.0674]]],[[[-72.8714,-53.6856],[-72.8565,-53.4578],[-72.6753,-53.6881],[-72.6597,-53.5367],[-72.1394,-53.8017],[-72.4052,-53.8423],[-72.3308,-54.0453],[-72.8406,-54.1308],[-73.0313,-54.0797],[-72.7723,-54.0777],[-72.8483,-53.9544],[-72.6447,-53.8628],[-73.0655,-53.8133],[-73.0981,-54.0392],[-73.3329,-53.9571],[-73.2416,-53.7065],[-73.5877,-53.7555],[-73.5705,-53.5786],[-73.1719,-53.6761],[-72.9522,-53.6668],[-73.4258,-53.4753],[-73.0579,-53.5492],[-73.0605,-53.3962],[-72.8714,-53.6856]]],[[[-67.2813,-54.9361],[-67.0536,-55.1364],[-67.2439,-55.3089],[-68.1236,-55.2237],[-68.3637,-54.9403],[-67.2813,-54.9361]]],[[[-49.642,0.2141],[-49.9896,-0.0484],[-50.019,0.0],[-50.0863,0.0343],[-50.341,0.0351],[-50.3932,0.1367],[-49.7408,0.3309],[-49.642,0.2141]]],[[[-72.7194,-44.5443],[-73.295,-44.9209],[-73.3948,-44.8142],[-73.2072,-44.7986],[-73.4522,-44.6347],[-73.2161,-44.6352],[-73.2392,-44.4297],[-72.7194,-44.5443]]],[[[-70.3472,-54.0105],[-70.6806,-53.9227],[-70.5244,-54.2286],[-70.8949,-53.9336],[-70.6079,-53.8725],[-70.7065,-53.706],[-70.5295,-53.5667],[-70.3472,-54.0105]]],[[[-74.3467,-52.9707],[-74.0205,-52.9676],[-73.6432,-53.1665],[-73.6089,-53.133],[-73.638,-53.1158],[-73.6545,-53.0645],[-73.6124,-53.0687],[-73.5464,-53.2698],[-73.4447,-53.1415],[-73.1072,-53.3542],[-73.5877,-53.318],[-73.8861,-53.0547],[-74.3227,-53.0969],[-74.7032,-52.7262],[-74.3467,-52.9707]]],[[[-75.364,-48.1786],[-75.1625,-48.38],[-75.2136,-48.4521],[-75.0983,-48.4714],[-75.1991,-48.4628],[-75.226,-48.516],[-75.083,-48.512],[-75.0797,-48.613],[-75.2344,-48.7113],[-75.2771,-48.3362],[-75.5594,-48.398],[-75.3886,-48.3565],[-75.3442,-48.2958],[-75.5432,-48.3236],[-75.3936,-48.2018],[-75.5821,-48.0959],[-75.364,-48.1786]]],[[[-90.2352,-0.7445],[-90.5349,-0.6903],[-90.5094,-0.5301],[-90.2997,-0.4912],[-90.2352,-0.7445]]],[[[-74.6104,-48.6026],[-74.4835,-48.6072],[-74.5708,-48.6933],[-75.0099,-48.5936],[-74.8902,-48.414],[-74.706,-48.4784],[-74.756,-48.1642],[-74.6104,-48.6026]]],[[[-71.2895,-53.9976],[-71.1968,-54.2047],[-71.0216,-54.0894],[-71.066,-54.2024],[-70.9869,-54.2702],[-71.201,-54.3715],[-71.394,-54.1167],[-71.6542,-54.2278],[-71.5539,-54.0877],[-71.5859,-53.9464],[-71.2895,-53.9976]]],[[[-71.8368,-53.9881],[-71.6596,-53.9342],[-71.7939,-54.0003],[-71.7361,-54.1635],[-71.9536,-54.0194],[-71.74,-54.2378],[-71.8338,-54.2508],[-71.8872,-54.2901],[-71.8467,-54.3397],[-71.9608,-54.3285],[-71.8671,-54.2329],[-72.2552,-53.9526],[-71.8368,-53.9881]]],[[[-49.4344,0.0479],[-49.3813,-0.0633],[-49.8311,-0.0996],[-49.4344,0.0479]]],[[[-75.2546,-50.0797],[-75.1388,-50.0286],[-75.0291,-50.1462],[-74.9533,-50.0769],[-75.0282,-50.204],[-74.8266,-50.1158],[-74.7932,-50.1819],[-75.3172,-50.4345],[-75.1845,-50.3144],[-75.3055,-50.3078],[-75.4586,-50.3642],[-75.3893,-50.1626],[-75.1667,-50.2869],[-75.094,-50.1475],[-75.3839,-50.0796],[-75.2546,-50.0797]]],[[[-73.7188,-45.105],[-73.7305,-45.2824],[-73.8144,-45.237],[-73.9959,-45.243],[-74.0155,-45.1945],[-74.0866,-45.1411],[-74.2195,-45.1668],[-73.8897,-44.9931],[-73.7188,-45.105]]],[[[-50.6141,-0.0936],[-50.8481,-0.2783],[-51.0272,-0.2242],[-50.6141,-0.0936]]],[[[-79.9108,-2.7441],[-80.2708,-3.0211],[-80.2097,-2.7347],[-79.9108,-2.7441]]],[[[-74.4063,-50.8336],[-74.3975,-51.088],[-74.7206,-51.1119],[-74.6155,-50.9787],[-74.7691,-50.9927],[-74.8394,-51.0664],[-74.7777,-50.9854],[-74.8582,-50.9524],[-74.9605,-50.9764],[-74.9317,-50.8883],[-74.539,-50.9203],[-74.5974,-50.7517],[-74.4063,-50.8336]]],[[[-74.9475,-48.2785],[-74.8026,-48.1908],[-74.8369,-48.3619],[-75.0514,-48.4411],[-75.2469,-48.0844],[-74.9475,-48.2785]]],[[[-50.82,-0.6894],[-51.14,-0.9622],[-51.0772,-0.7033],[-50.8498,-0.5706],[-50.82,-0.6894]]],[[[-73.9953,-44.6078],[-73.8719,-44.6925],[-74.2763,-44.8061],[-74.4117,-44.6632],[-73.9953,-44.6078]]],[[[-74.3704,-50.4608],[-74.2354,-50.6844],[-74.4347,-50.6559],[-74.2292,-50.7192],[-74.1995,-50.8504],[-74.5116,-50.7347],[-74.355,-50.542],[-74.6687,-50.482],[-74.3704,-50.4608]]],[[[-50.0425,0.5325],[-50.2945,0.3481],[-50.2569,0.5859],[-50.0425,0.5325]]],[[[-89.4,-0.9142],[-89.624,-0.9151],[-89.435,-0.7339],[-89.4,-0.9142]]],[[[-73.833,-47.8619],[-73.8008,-47.8947],[-74.4909,-47.9096],[-73.833,-47.8619]]],[[[-74.7116,-45.8202],[-74.7766,-46.0091],[-75.0667,-46.0993],[-74.8589,-45.9986],[-75.0855,-45.8743],[-74.8669,-45.9308],[-74.7116,-45.8202]]],[[[-70.3116,-54.9047],[-70.511,-54.9952],[-70.7342,-55.0152],[-70.2871,-55.0306],[-70.3861,-55.1736],[-70.9995,-55.0456],[-70.3116,-54.9047]]],[[[-50.5351,0.2247],[-50.3619,0.6145],[-50.3177,0.3089],[-50.5351,0.2247]]],[[[-69.5224,-54.9557],[-69.4344,-54.9019],[-69.1664,-54.9583],[-69.9061,-55.043],[-69.9447,-54.9687],[-69.5224,-54.9557]]],[[[-74.21,-45.6361],[-74.4675,-45.7792],[-74.4914,-45.6104],[-74.3807,-45.4591],[-74.21,-45.6361]]],[[[-64.1662,-54.7146],[-63.8136,-54.7314],[-64.6095,-54.8999],[-64.7552,-54.835],[-64.1662,-54.7146]]],[[[-75.3453,-49.6355],[-75.1728,-49.8926],[-75.3566,-49.7134],[-75.5594,-49.8358],[-75.5033,-49.6177],[-75.3453,-49.6355]]],[[[-74.5944,-51.4038],[-74.6402,-51.3875],[-74.6269,-51.368],[-74.6742,-51.286],[-74.6964,-51.2847],[-74.8099,-51.4146],[-74.7835,-51.4322],[-75.0211,-51.4683],[-74.6197,-51.1992],[-74.5944,-51.4038]]],[[[-75.3982,-48.5619],[-75.3175,-48.6003],[-75.4964,-48.6944],[-75.6047,-48.6889],[-75.4674,-48.6727],[-75.3872,-48.5996],[-75.6618,-48.4901],[-75.3982,-48.5619]]],[[[-50.505,2.0251],[-50.3944,2.1353],[-50.2972,1.9657],[-50.505,2.0251]]],[[[-73.6753,-52.4873],[-73.8075,-52.6983],[-73.9811,-52.6603],[-73.8764,-52.5533],[-74.0783,-52.6197],[-73.7819,-52.4215],[-73.6753,-52.4873]]],[[[-75.092,-50.5083],[-75.3478,-50.5558],[-75.2605,-50.6291],[-75.2889,-50.7858],[-75.515,-50.6631],[-75.3272,-50.6045],[-75.4203,-50.4737],[-75.092,-50.5083]]],[[[-51.9294,-1.5405],[-52.2086,-1.6416],[-52.2392,-1.5089],[-51.9294,-1.5405]]],[[[-48.4081,-27.578],[-48.563,-27.8214],[-48.5369,-27.4793],[-48.4121,-27.3987],[-48.4081,-27.578]]],[[[-75.4679,-48.8512],[-75.5405,-48.9232],[-75.3261,-48.9377],[-75.3028,-48.87],[-75.2025,-49.0494],[-75.2956,-48.9428],[-75.6382,-48.9738],[-75.4679,-48.8512]]],[[[-50.465,0.1467],[-50.4511,-0.0163],[-50.6247,0.0745],[-50.465,0.1467]]],[[[-74.7652,-51.7831],[-74.8847,-52.0459],[-74.969,-52.118],[-74.9358,-52.0642],[-75.0644,-51.9991],[-74.9462,-51.9388],[-75.007,-51.8935],[-74.8037,-51.8594],[-74.889,-51.6349],[-74.7652,-51.7831]]],[[[-51.154,-0.2838],[-51.3983,-0.4853],[-51.3991,-0.4347],[-51.1922,-0.1592],[-51.154,-0.2838]]],[[[-73.5791,-45.5061],[-73.644,-45.7581],[-73.803,-45.6521],[-73.5791,-45.5061]]],[[[-74.9222,-49.2979],[-75.1269,-49.1114],[-75.2297,-49.1555],[-75.122,-49.033],[-74.9652,-49.0887],[-74.9222,-49.2979]]],[[[-73.9661,-44.9016],[-73.9119,-44.9586],[-74.3666,-45.0106],[-73.9661,-44.9016]]],[[[-45.2271,-23.7735],[-45.2386,-23.9603],[-45.4489,-23.915],[-45.2271,-23.7735]]],[[[-74.1278,-52.1786],[-73.9363,-52.3379],[-74.1886,-52.3725],[-74.1025,-52.2239],[-74.3124,-52.0935],[-74.1278,-52.1786]]],[[[-75.0052,-51.4069],[-75.2969,-51.6333],[-75.1546,-51.404],[-75.2193,-51.334],[-75.0052,-51.4069]]],[[[-74.0105,-45.2622],[-73.8177,-45.268],[-73.7831,-45.3352],[-74.1317,-45.3242],[-74.0105,-45.2622]]],[[[-75.4919,-49.2664],[-75.645,-49.2248],[-75.4616,-49.1449],[-75.3422,-48.988],[-75.4919,-49.2664]]],[[[-73.6961,-44.5428],[-73.6599,-44.5591],[-73.5931,-44.7144],[-73.835,-44.6581],[-73.6961,-44.5428]]],[[[-73.9958,-51.6834],[-74.0547,-51.7297],[-73.928,-51.7794],[-74.2353,-51.7063],[-74.0653,-51.5453],[-73.9958,-51.6834]]],[[[-73.7672,-52.0797],[-73.6982,-52.2422],[-74.0882,-52.0013],[-73.7672,-52.0797]]],[[[-74.1998,-51.8998],[-74.0902,-51.8855],[-74.1631,-51.953],[-74.3711,-51.8927],[-74.4904,-51.7149],[-74.1998,-51.8998]]],[[[-74.7152,-50.8041],[-74.7915,-50.812],[-74.6891,-50.8908],[-74.9361,-50.8458],[-74.7913,-50.685],[-74.7152,-50.8041]]],[[[-75.3561,-49.316],[-75.2306,-49.4768],[-75.4259,-49.4602],[-75.3561,-49.316]]],[[[-73.7893,-52.2753],[-73.7533,-52.3742],[-73.8825,-52.3728],[-74.0606,-52.1455],[-73.7893,-52.2753]]],[[[-70.9986,-54.8567],[-70.9121,-54.9244],[-71.4062,-54.9442],[-70.9986,-54.8567]]],[[[-74.9717,-47.9984],[-74.8089,-48.0407],[-75.0697,-47.9878],[-75.2666,-48.0319],[-75.0825,-47.9378],[-74.9717,-47.9984]]],[[[-90.3758,-1.2489],[-90.3515,-1.2765],[-90.4538,-1.3571],[-90.3758,-1.2489]]],[[[-74.8072,-47.9117],[-74.8828,-47.9504],[-74.8305,-48.0108],[-74.9807,-47.9632],[-74.8072,-47.9117]]],[[[-80.0707,-3.4102],[-80.1979,-3.3943],[-80.0745,-3.3709],[-80.0707,-3.4102]]],[[[-73.9532,-43.8491],[-73.9063,-43.9103],[-74.1485,-43.8806],[-73.9532,-43.8491]]],[[[-79.9385,-2.585],[-80.0603,-2.5838],[-80.0299,-2.5583],[-80.0093,-2.5034],[-79.9891,-2.4917],[-79.9385,-2.585]]],[[[-89.6228,-1.3728],[-89.6228,-1.4076],[-89.7422,-1.3708],[-89.6228,-1.3728]]],[[[-74.8999,-48.8425],[-75.0614,-48.8469],[-75.0357,-48.7936],[-74.8999,-48.8425]]],[[[-43.8073,-23.0633],[-43.7556,-23.0627],[-44.0035,-23.097],[-43.8073,-23.0633]]],[[[-74.1996,-50.4732],[-74.151,-50.5541],[-74.293,-50.4822],[-74.1996,-50.4732]]],[[[-71.7163,-54.4038],[-71.6672,-54.4623],[-71.8421,-54.4468],[-71.7163,-54.4038]]],[[[-73.8421,-43.7831],[-73.7884,-43.8382],[-73.9023,-43.8426],[-73.8421,-43.7831]]],[[[-73.765,-43.8933],[-73.8941,-43.8691],[-73.7884,-43.846],[-73.765,-43.8933]]],[[[-73.7772,-43.3694],[-73.8067,-43.323],[-73.7087,-43.3419],[-73.7772,-43.3694]]],[[[-80.2344,-3.3413],[-80.1997,-3.403],[-80.1665,-3.416],[-80.224,-3.4176],[-80.2265,-3.3974],[-80.2344,-3.3413]]],[[[-80.2338,-3.3971],[-80.2329,-3.4114],[-80.2935,-3.3968],[-80.2338,-3.3971]]],[[[-73.1984,-41.7509],[-73.1858,-41.7828],[-73.2434,-41.7911],[-73.1984,-41.7509]]],[[[-51.1911,-0.0636],[-51.1263,-0.0573],[-51.1271,-0.0659],[-51.1911,-0.0636]]],[[[-77.1322,3.7167],[-77.1916,3.7003],[-77.1939,3.7523],[-77.1322,3.7167]]],[[[-73.5002,-52.7915],[-73.4525,-52.8142],[-73.482,-52.8291],[-73.5002,-52.7915]]],[[[-80.0343,-3.2296],[-80.0281,-3.2483],[-80.0378,-3.2811],[-80.016,-3.2551],[-80.0334,-3.2953],[-80.0511,-3.2525],[-80.0343,-3.2296]]],[[[-71.0083,-54.7719],[-71.0299,-54.7779],[-70.9652,-54.6933],[-71.0083,-54.7719]]],[[[-51.1335,-0.2446],[-51.1132,-0.2182],[-51.0968,-0.2389],[-51.1335,-0.2446]]],[[[-74.4026,-47.6582],[-74.3732,-47.643],[-74.3827,-47.5897],[-74.3625,-47.6413],[-74.4026,-47.6582]]],[[[-48.4369,-1.4959],[-48.4204,-1.5057],[-48.4541,-1.5208],[-48.4369,-1.4959]]],[[[-75.365,-48.497],[-75.337,-48.4464],[-75.3422,-48.5114],[-75.365,-48.497]]],[[[-77.7517,2.8121],[-77.6963,2.7951],[-77.7232,2.7847],[-77.7517,2.8121]]],[[[-50.6042,-0.0335],[-50.5755,-0.0477],[-50.6045,-0.0605],[-50.6042,-0.0335]]],[[[-74.9539,-49.6358],[-74.9572,-49.6668],[-75.007,-49.714],[-74.9539,-49.6358]]],[[[-93.8961,16.0125],[-93.8839,16.0001],[-93.9353,16.0001],[-93.8961,16.0125]]],[[[-71.6612,-54.4668],[-71.6334,-54.4963],[-71.6917,-54.4771],[-71.6612,-54.4668]]],[[[-49.7214,-1.7885],[-49.7187,-1.7712],[-49.6969,-1.766],[-49.7214,-1.7885]]],[[[-73.0594,-52.4922],[-72.928,-52.5111],[-73.0436,-52.4986],[-73.0594,-52.4922]]],[[[-74.0111,-52.5414],[-73.9273,-52.5029],[-73.9746,-52.5296],[-74.0111,-52.5414]]],[[[-75.6538,10.1655],[-75.6974,10.1353],[-75.6944,10.1513],[-75.6538,10.1655]]],[[[-49.1662,-0.1422],[-49.1836,-0.1228],[-49.174,-0.115],[-49.1662,-0.1422]]],[[[-75.1698,-49.3137],[-75.1844,-49.2907],[-75.1393,-49.304],[-75.1698,-49.3137]]],[[[-74.1926,-45.7984],[-74.1885,-45.8072],[-74.2705,-45.8211],[-74.1926,-45.7984]]],[[[-75.3153,-48.1477],[-75.3326,-48.1422],[-75.3059,-48.1258],[-75.3153,-48.1477]]],[[[-47.4428,-0.7039],[-47.4646,-0.7339],[-47.4669,-0.7224],[-47.4428,-0.7039]]],[[[-75.0132,-52.0818],[-74.9814,-52.0913],[-74.9869,-52.0978],[-75.0132,-52.0818]]],[[[-71.763,-54.0066],[-71.6897,-53.9867],[-71.6892,-53.992],[-71.763,-54.0066]]],[[[-80.2505,-3.4226],[-80.281,-3.417],[-80.2777,-3.4113],[-80.2505,-3.4226]]],[[[-75.4919,-48.0319],[-75.4821,-48.043],[-75.5296,-48.0463],[-75.4919,-48.0319]]],[[[-50.6317,-0.0396],[-50.6418,-0.0161],[-50.6225,-0.026],[-50.6317,-0.0396]]],[[[-74.8493,-50.9928],[-74.8349,-51.0013],[-74.8531,-51.0082],[-74.8493,-50.9928]]],[[[-72.4815,-42.0684],[-72.4834,-42.0674],[-72.4789,-42.045],[-72.4641,-42.0031],[-72.4815,-42.0684]]],[[[-50.3268,0.7445],[-50.3175,0.7679],[-50.3122,0.7531],[-50.3268,0.7445]]],[[[-73.4852,-52.7794],[-73.4652,-52.7855],[-73.5169,-52.7795],[-73.4852,-52.7794]]],[[[-77.7712,2.7477],[-77.777,2.7581],[-77.7586,2.7643],[-77.7712,2.7477]]],[[[-72.8261,-44.3969],[-72.8114,-44.417],[-72.8304,-44.4132],[-72.8261,-44.3969]]],[[[-74.83,-51.0757],[-74.7972,-51.0649],[-74.8058,-51.078],[-74.83,-51.0757]]],[[[-72.9672,-52.8791],[-72.9566,-52.8894],[-73.0202,-52.8498],[-72.9672,-52.8791]]],[[[-71.8949,-54.2266],[-71.8933,-54.231],[-71.9399,-54.2156],[-71.8949,-54.2266]]],[[[-74.9894,-48.7671],[-74.891,-48.7282],[-74.932,-48.7491],[-74.9894,-48.7671]]],[[[-63.5996,-42.372],[-63.591,-42.344],[-63.5898,-42.368],[-63.5996,-42.372]]],[[[-80.0647,-2.5735],[-80.0414,-2.5571],[-80.0446,-2.5675],[-80.0647,-2.5735]]],[[[-77.7307,2.8129],[-77.7334,2.8263],[-77.713,2.8159],[-77.7307,2.8129]]],[[[-74.5111,-48.0855],[-74.475,-48.0594],[-74.484,-48.0722],[-74.5111,-48.0855]]],[[[-71.7911,9.3889],[-71.7817,9.3733],[-71.7972,9.3805],[-71.7911,9.3889]]],[[[-71.6166,-54.4131],[-71.5911,-54.4266],[-71.6144,-54.4321],[-71.6166,-54.4131]]],[[[-38.9505,-15.5768],[-38.9578,-15.5472],[-38.9499,-15.557],[-38.9505,-15.5768]]],[[[-41.036,-21.6063],[-41.0189,-21.6062],[-41.0423,-21.6128],[-41.036,-21.6063]]],[[[-75.5354,-48.639],[-75.5414,-48.6369],[-75.4941,-48.617],[-75.5354,-48.639]]],[[[-77.1358,3.8095],[-77.1267,3.7971],[-77.1392,3.7955],[-77.1358,3.8095]]],[[[-43.4659,-2.4079],[-43.4474,-2.4242],[-43.4543,-2.4247],[-43.4659,-2.4079]]],[[[-71.6006,-54.4491],[-71.6128,-54.4345],[-71.5946,-54.4386],[-71.6006,-54.4491]]],[[[-79.7624,-2.635],[-79.7458,-2.6224],[-79.7462,-2.6272],[-79.7624,-2.635]]],[[[-71.5138,-54.6592],[-71.5216,-54.6571],[-71.5208,-54.6314],[-71.5011,-54.6061],[-71.5138,-54.6592]]],[[[-69.7447,-54.7561],[-69.7619,-54.7631],[-69.7588,-54.7289],[-69.7447,-54.7561]]],[[[-75.3745,-48.8675],[-75.372,-48.8989],[-75.3819,-48.8786],[-75.3745,-48.8675]]],[[[-75.3044,-50.3431],[-75.2696,-50.3318],[-75.2783,-50.3363],[-75.3044,-50.3431]]],[[[-74.802,-51.4135],[-74.7716,-51.3977],[-74.7828,-51.4099],[-74.802,-51.4135]]],[[[-73.7547,-52.4026],[-73.7495,-52.415],[-73.7704,-52.4116],[-73.7547,-52.4026]]],[[[-74.7531,-50.9958],[-74.7492,-51.0131],[-74.7605,-51.0072],[-74.7531,-50.9958]]],[[[-48.3966,-1.5012],[-48.3808,-1.5031],[-48.3925,-1.5118],[-48.3966,-1.5012]]],[[[-72.8388,-42.7092],[-72.854,-42.6935],[-72.8355,-42.6892],[-72.8388,-42.7092]]],[[[-74.5317,-50.5978],[-74.5083,-50.5777],[-74.4898,-50.5717],[-74.5317,-50.5978]]],[[[-74.3761,-45.7936],[-74.346,-45.794],[-74.3631,-45.7943],[-74.3761,-45.7936]]],[[[-74.9036,-46.1704],[-74.8913,-46.1753],[-74.9025,-46.1811],[-74.9036,-46.1704]]],[[[-73.1176,-52.1001],[-73.0328,-52.0689],[-73.0671,-52.0851],[-73.1176,-52.1001]]],[[[-74.8385,-48.1969],[-74.8186,-48.1742],[-74.8069,-48.1758],[-74.8385,-48.1969]]],[[[-78.7852,1.8129],[-78.7702,1.8203],[-78.7688,1.8177],[-78.7852,1.8129]]],[[[-49.7161,-1.8036],[-49.7163,-1.7963],[-49.7014,-1.797],[-49.7161,-1.8036]]],[[[-72.6161,-52.4217],[-72.5946,-52.4287],[-72.6065,-52.4315],[-72.6161,-52.4217]]],[[[-75.2477,-50.0494],[-75.2344,-50.0329],[-75.2337,-50.0365],[-75.2477,-50.0494]]],[[[-62.3012,-38.9905],[-62.2911,-38.9883],[-62.2884,-38.9937],[-62.3012,-38.9905]]],[[[-46.1367,-1.2234],[-46.1216,-1.2199],[-46.1205,-1.2218],[-46.1367,-1.2234]]],[[[-58.2527,-33.0849],[-58.2448,-33.0932],[-58.264,-33.0891],[-58.2527,-33.0849]]],[[[-43.4359,-2.4364],[-43.4403,-2.4247],[-43.4229,-2.4356],[-43.4359,-2.4364]]],[[[-44.7418,-3.2777],[-44.7409,-3.2856],[-44.7464,-3.2849],[-44.7418,-3.2777]]],[[[-70.8094,-52.7514],[-70.8032,-52.7567],[-70.823,-52.756],[-70.8094,-52.7514]]],[[[-51.1104,-0.12],[-51.1016,-0.1225],[-51.1075,-0.1272],[-51.1104,-0.12]]],[[[-71.9997,-54.5716],[-72.0011,-54.5595],[-71.9876,-54.5642],[-71.9997,-54.5716]]],[[[-75.0793,-46.2223],[-75.0655,-46.2177],[-75.0633,-46.2207],[-75.0793,-46.2223]]],[[[-73.4237,-52.9867],[-73.4195,-52.9894],[-73.4479,-52.9934],[-73.4237,-52.9867]]],[[[-49.6287,-1.7463],[-49.6123,-1.7314],[-49.6009,-1.7275],[-49.6287,-1.7463]]],[[[-74.1597,-45.7978],[-74.1471,-45.8023],[-74.1809,-45.8006],[-74.1597,-45.7978]]],[[[-50.502,-0.1542],[-50.5045,-0.1515],[-50.4875,-0.1468],[-50.502,-0.1542]]],[[[-75.2329,-49.1457],[-75.2395,-49.1512],[-75.2286,-49.1314],[-75.2329,-49.1457]]],[[[-73.2677,-52.7983],[-73.2745,-52.7898],[-73.2487,-52.7926],[-73.2677,-52.7983]]],[[[-75.4869,-48.2521],[-75.4608,-48.2396],[-75.4632,-48.2442],[-75.4869,-48.2521]]],[[[-74.4495,-49.8758],[-74.4444,-49.8885],[-74.4539,-49.8811],[-74.4495,-49.8758]]],[[[-43.4469,-2.4323],[-43.4364,-2.4424],[-43.4505,-2.435],[-43.4469,-2.4323]]],[[[-72.32,-53.1966],[-72.3122,-53.2008],[-72.3213,-53.2027],[-72.32,-53.1966]]],[[[-77.1216,3.8179],[-77.1178,3.8113],[-77.1298,3.8107],[-77.1216,3.8179]]],[[[-62.2967,-38.9565],[-62.2875,-38.9629],[-62.3025,-38.966],[-62.2967,-38.9565]]],[[[-44.773,-1.7255],[-44.7686,-1.7333],[-44.7838,-1.7254],[-44.773,-1.7255]]],[[[-80.4186,-0.5683],[-80.4121,-0.5841],[-80.4176,-0.5755],[-80.4186,-0.5683]]],[[[-74.0503,-48.0061],[-74.043,-48.0199],[-74.0599,-48.0071],[-74.0503,-48.0061]]],[[[-75.1172,-49.0227],[-75.0879,-49.0406],[-75.1195,-49.0268],[-75.1172,-49.0227]]],[[[-49.1536,-1.5965],[-49.1516,-1.5954],[-49.1494,-1.6029],[-49.1536,-1.5965]]],[[[-77.4342,3.3569],[-77.4239,3.3629],[-77.4255,3.3573],[-77.4342,3.3569]]],[[[-69.5321,-55.1307],[-69.5334,-55.1383],[-69.5443,-55.0783],[-69.5321,-55.1307]]],[[[-74.8464,-48.9746],[-74.838,-48.9857],[-74.8515,-48.9831],[-74.8464,-48.9746]]],[[[-73.165,-52.1117],[-73.1626,-52.1157],[-73.1706,-52.1167],[-73.165,-52.1117]]],[[[-71.0467,-54.2043],[-71.0234,-54.1774],[-71.0268,-54.1953],[-71.0467,-54.2043]]],[[[-62.2796,-38.9662],[-62.2759,-38.9717],[-62.29,-38.9745],[-62.2796,-38.9662]]],[[[-79.9751,-2.3464],[-79.9567,-2.3214],[-79.96,-2.3308],[-79.9751,-2.3464]]],[[[-70.098,-54.834],[-70.0925,-54.8185],[-70.0846,-54.8247],[-70.098,-54.834]]],[[[-71.0238,-54.7447],[-71.0268,-54.7384],[-71.0134,-54.734],[-71.0238,-54.7447]]],[[[-73.2271,-39.2408],[-73.2213,-39.2357],[-73.2263,-39.2506],[-73.2271,-39.2408]]],[[[-75.4634,-48.363],[-75.4685,-48.3585],[-75.4466,-48.3532],[-75.4634,-48.363]]],[[[-71.6048,-54.5362],[-71.6133,-54.5308],[-71.6001,-54.5285],[-71.6048,-54.5362]]],[[[-79.9427,-2.5083],[-79.9535,-2.5006],[-79.9444,-2.5036],[-79.9427,-2.5083]]],[[[-72.8543,-45.446],[-72.8317,-45.428],[-72.8373,-45.4333],[-72.8543,-45.446]]],[[[-80.2143,-3.4323],[-80.2226,-3.4264],[-80.216,-3.4251],[-80.2143,-3.4323]]],[[[-58.4917,-33.9009],[-58.4862,-33.9123],[-58.4947,-33.9063],[-58.4917,-33.9009]]],[[[-73.1179,-51.8758],[-73.1243,-51.8844],[-73.1413,-51.8839],[-73.1179,-51.8758]]],[[[-45.0814,-1.4818],[-45.0792,-1.4692],[-45.0744,-1.4706],[-45.0814,-1.4818]]],[[[-43.2595,-22.8094],[-43.2504,-22.8269],[-43.2573,-22.8214],[-43.2595,-22.8094]]],[[[-44.7811,-1.6761],[-44.7813,-1.6814],[-44.7857,-1.6822],[-44.7811,-1.6761]]],[[[-74.2372,-52.3195],[-74.2475,-52.3193],[-74.2317,-52.3086],[-74.2372,-52.3195]]],[[[-75.2903,-48.5913],[-75.287,-48.5987],[-75.2975,-48.5897],[-75.3,-48.5783],[-75.2997,-48.5728],[-75.2903,-48.5913]]],[[[-72.706,-53.583],[-72.7054,-53.5727],[-72.6943,-53.5877],[-72.706,-53.583]]],[[[-75.0147,-51.9554],[-74.9964,-51.9543],[-75.0222,-51.9632],[-75.0147,-51.9554]]],[[[-74.8479,-49.1653],[-74.8529,-49.1569],[-74.8447,-49.1491],[-74.8479,-49.1653]]],[[[-49.7239,-1.7978],[-49.721,-1.7986],[-49.7248,-1.8081],[-49.7239,-1.7978]]],[[[-73.2845,-52.7889],[-73.2829,-52.7925],[-73.2995,-52.793],[-73.2845,-52.7889]]],[[[-71.8478,-54.418],[-71.8221,-54.4148],[-71.8295,-54.4188],[-71.8478,-54.418]]],[[[-71.0003,-54.6675],[-70.9865,-54.6546],[-70.9903,-54.6667],[-71.0003,-54.6675]]],[[[-71.1106,-54.0747],[-71.1029,-54.0811],[-71.1114,-54.0838],[-71.1106,-54.0747]]],[[[-48.6418,-25.5026],[-48.644,-25.4947],[-48.6393,-25.4944],[-48.6418,-25.5026]]],[[[-75.2907,-48.4471],[-75.2842,-48.4444],[-75.2862,-48.4574],[-75.2907,-48.4471]]],[[[-73.6148,-52.5169],[-73.6064,-52.5306],[-73.6186,-52.5247],[-73.6148,-52.5169]]],[[[-69.6707,-54.7835],[-69.6424,-54.7741],[-69.6509,-54.7799],[-69.6707,-54.7835]]],[[[-75.6673,10.1797],[-75.6632,10.1765],[-75.6679,10.1701],[-75.6673,10.1797]]],[[[-78.876,1.8105],[-78.863,1.8169],[-78.8754,1.8059],[-78.876,1.8105]]],[[[-79.7291,-2.571],[-79.7257,-2.5535],[-79.7234,-2.5631],[-79.7291,-2.571]]],[[[-75.2295,-49.1259],[-75.2141,-49.1119],[-75.213,-49.1133],[-75.2295,-49.1259]]],[[[-75.5869,-49.1383],[-75.5912,-49.1354],[-75.5731,-49.1271],[-75.5869,-49.1383]]],[[[-78.8214,1.8181],[-78.822,1.8201],[-78.8081,1.8231],[-78.8214,1.8181]]],[[[-71.8175,9.2337],[-71.8114,9.2411],[-71.8094,9.2375],[-71.8175,9.2337]]],[[[-73.8064,-45.2523],[-73.781,-45.2826],[-73.7903,-45.2763],[-73.8064,-45.2523]]],[[[-71.5046,-54.4215],[-71.5021,-54.4266],[-71.5204,-54.4209],[-71.5046,-54.4215]]],[[[-44.6433,-23.2302],[-44.6312,-23.2304],[-44.6364,-23.2343],[-44.6433,-23.2302]]],[[[-68.593,-55.4332],[-68.594,-55.4217],[-68.5874,-55.4229],[-68.593,-55.4332]]],[[[-75.1972,-48.0394],[-75.1576,-48.0331],[-75.1704,-48.036],[-75.1972,-48.0394]]],[[[-70.115,-54.8048],[-70.1108,-54.8103],[-70.12,-54.8105],[-70.115,-54.8048]]],[[[-75.531,-46.5539],[-75.5276,-46.5593],[-75.5293,-46.5619],[-75.531,-46.5539]]],[[[-70.9172,-54.7086],[-70.9045,-54.7055],[-70.9184,-54.7167],[-70.9172,-54.7086]]],[[[-72.5401,-52.8282],[-72.5305,-52.8191],[-72.5179,-52.8193],[-72.5401,-52.8282]]],[[[-73.4065,-52.5592],[-73.4009,-52.5735],[-73.4095,-52.5713],[-73.4065,-52.5592]]],[[[-77.1543,3.8055],[-77.1479,3.7917],[-77.1544,3.7975],[-77.1543,3.8055]]],[[[-73.9126,-49.9098],[-73.9038,-49.8705],[-73.8999,-49.8756],[-73.9126,-49.9098]]],[[[-74.7849,-51.2086],[-74.7614,-51.2145],[-74.7761,-51.2121],[-74.7849,-51.2086]]],[[[-78.829,1.8313],[-78.823,1.8285],[-78.8349,1.8251],[-78.829,1.8313]]],[[[-75.2823,-48.4356],[-75.2951,-48.4369],[-75.2796,-48.4278],[-75.2823,-48.4356]]],[[[-74.5515,-49.687],[-74.5283,-49.674],[-74.5306,-49.6808],[-74.5515,-49.687]]],[[[-74.2747,-48.5188],[-74.2586,-48.5046],[-74.2599,-48.5111],[-74.2747,-48.5188]]],[[[-74.5906,-50.1094],[-74.5995,-50.1084],[-74.5761,-50.0995],[-74.5906,-50.1094]]],[[[-71.6352,-54.1079],[-71.6288,-54.1065],[-71.6397,-54.1184],[-71.6352,-54.1079]]],[[[-62.277,-38.8028],[-62.2708,-38.8073],[-62.2806,-38.8089],[-62.277,-38.8028]]],[[[-46.2066,-1.0206],[-46.1993,-1.0172],[-46.2022,-1.0225],[-46.2066,-1.0206]]],[[[-74.9728,-51.8247],[-74.9674,-51.8189],[-74.9684,-51.8324],[-74.9728,-51.8247]]],[[[-74.3119,-52.9323],[-74.2978,-52.9428],[-74.3099,-52.94],[-74.3119,-52.9323]]],[[[-72.351,-53.0833],[-72.3413,-53.0931],[-72.3457,-53.0924],[-72.351,-53.0833]]],[[[-80.135,-2.7036],[-80.1379,-2.7013],[-80.1249,-2.6974],[-80.135,-2.7036]]],[[[-69.2168,-55.4853],[-69.2176,-55.4756],[-69.2127,-55.4745],[-69.2168,-55.4853]]],[[[-78.7585,1.8195],[-78.7549,1.8137],[-78.7605,1.8131],[-78.7585,1.8195]]],[[[-44.9119,-1.6499],[-44.9201,-1.6344],[-44.9108,-1.6433],[-44.9119,-1.6499]]],[[[-79.9994,-2.6076],[-79.9912,-2.6079],[-80.0025,-2.6125],[-79.9994,-2.6076]]],[[[-74.2367,-52.3275],[-74.2415,-52.3258],[-74.2202,-52.3259],[-74.2367,-52.3275]]],[[[-75.6265,-49.1972],[-75.6219,-49.2079],[-75.6297,-49.2014],[-75.6265,-49.1972]]],[[[-49.1482,-1.5774],[-49.1418,-1.5727],[-49.1411,-1.5758],[-49.1482,-1.5774]]],[[[-71.3485,-54.6179],[-71.3388,-54.6049],[-71.3363,-54.6108],[-71.3485,-54.6179]]],[[[-73.9341,-52.3214],[-73.9334,-52.331],[-73.9394,-52.3244],[-73.9341,-52.3214]]],[[[-44.6547,-23.2317],[-44.6521,-23.231],[-44.6585,-23.2386],[-44.6547,-23.2317]]],[[[-73.7812,-45.5559],[-73.7868,-45.566],[-73.7871,-45.5644],[-73.7812,-45.5559]]],[[[-64.099,-41.0105],[-64.0862,-41.0078],[-64.0947,-41.0139],[-64.099,-41.0105]]],[[[-74.8908,-49.3481],[-74.8897,-49.3359],[-74.8849,-49.349],[-74.8908,-49.3481]]],[[[-71.3073,-54.5536],[-71.3048,-54.5569],[-71.3093,-54.5605],[-71.3073,-54.5536]]],[[[-72.3975,-53.4972],[-72.3911,-53.5075],[-72.4008,-53.4997],[-72.3975,-53.4972]]],[[[-65.8484,10.2505],[-65.8473,10.2493],[-65.8554,10.2481],[-65.8484,10.2505]]],[[[-74.7875,-48.7278],[-74.7902,-48.7314],[-74.796,-48.7071],[-74.7875,-48.7278]]],[[[-73.8119,-45.6458],[-73.8056,-45.6385],[-73.8139,-45.6577],[-73.8119,-45.6458]]],[[[-72.9466,-52.2019],[-72.935,-52.2041],[-72.9434,-52.2065],[-72.9466,-52.2019]]],[[[-70.5952,-54.7216],[-70.5548,-54.7071],[-70.5605,-54.7111],[-70.5952,-54.7216]]],[[[-71.036,-54.7458],[-71.0344,-54.7441],[-71.0324,-54.7533],[-71.036,-54.7458]]],[[[-43.8702,-2.5733],[-43.8731,-2.5698],[-43.8631,-2.5691],[-43.8702,-2.5733]]],[[[-75.4433,-49.0487],[-75.4284,-49.0337],[-75.4334,-49.043],[-75.4433,-49.0487]]],[[[-50.0277,-0.0069],[-50.0312,0.0],[-50.0244,0.0],[-50.0277,-0.0069]]],[[[-69.1905,-55.2303],[-69.1969,-55.225],[-69.1834,-55.2275],[-69.1905,-55.2303]]],[[[-77.4009,5.4313],[-77.3969,5.4175],[-77.4,5.4215],[-77.4009,5.4313]]],[[[-67.4695,-54.8789],[-67.4596,-54.8828],[-67.4613,-54.8844],[-67.4695,-54.8789]]],[[[-73.0984,-51.8761],[-73.1017,-51.8719],[-73.0911,-51.8711],[-73.0984,-51.8761]]],[[[-74.9033,-48.853],[-74.887,-48.8505],[-74.9067,-48.8554],[-74.9033,-48.853]]],[[[-39.1997,-17.761],[-39.187,-17.7531],[-39.1952,-17.7608],[-39.1997,-17.761]]],[[[-75.9309,9.4225],[-75.9344,9.4255],[-75.9319,9.4301],[-75.9309,9.4225]]],[[[-74.6382,-50.4614],[-74.6032,-50.4416],[-74.6178,-50.4527],[-74.6382,-50.4614]]],[[[-71.8051,-53.9297],[-71.8029,-53.9341],[-71.8061,-53.9386],[-71.8051,-53.9297]]],[[[-74.8852,-49.2475],[-74.8847,-49.2467],[-74.8868,-49.2602],[-74.8852,-49.2475]]],[[[-72.911,-53.4294],[-72.9092,-53.4374],[-72.9141,-53.4353],[-72.911,-53.4294]]],[[[-50.6311,-0.0064],[-50.6214,-0.0082],[-50.6336,-0.01],[-50.6311,-0.0064]]],[[[-65.764,10.2135],[-65.7647,10.2169],[-65.7575,10.2169],[-65.764,10.2135]]],[[[-73.4621,-52.7898],[-73.4527,-52.7914],[-73.454,-52.7952],[-73.4621,-52.7898]]],[[[-74.2614,-52.1017],[-74.2495,-52.1074],[-74.2677,-52.1005],[-74.2614,-52.1017]]],[[[-68.5735,-55.3592],[-68.5473,-55.3467],[-68.5529,-55.3518],[-68.5735,-55.3592]]],[[[-79.8021,-2.4576],[-79.8009,-2.468],[-79.8041,-2.4569],[-79.8021,-2.4576]]],[[[-71.7591,-53.4323],[-71.7602,-53.4402],[-71.7636,-53.4347],[-71.7591,-53.4323]]],[[[-43.8977,-2.5946],[-43.8984,-2.5971],[-43.9018,-2.596],[-43.8977,-2.5946]]],[[[-38.623,-12.6968],[-38.6279,-12.701],[-38.6286,-12.7007],[-38.623,-12.6968]]],[[[-73.9782,-52.2928],[-73.9856,-52.2926],[-73.9929,-52.2822],[-73.9782,-52.2928]]],[[[-74.6834,-51.3158],[-74.6845,-51.3037],[-74.6809,-51.3056],[-74.6834,-51.3158]]],[[[-38.6364,-12.6614],[-38.6383,-12.6659],[-38.64,-12.6625],[-38.6364,-12.6614]]],[[[-73.5655,-45.6491],[-73.562,-45.6365],[-73.5605,-45.6425],[-73.5655,-45.6491]]],[[[-44.7111,-2.2691],[-44.7068,-2.2751],[-44.7144,-2.2698],[-44.7111,-2.2691]]],[[[-49.6861,-1.7895],[-49.6831,-1.789],[-49.6892,-1.7959],[-49.6861,-1.7895]]],[[[-73.2954,-45.6499],[-73.294,-45.6532],[-73.2951,-45.6545],[-73.2954,-45.6499]]],[[[-44.5944,-2.1397],[-44.5898,-2.1408],[-44.596,-2.1433],[-44.5944,-2.1397]]],[[[-71.9952,-54.4746],[-71.9982,-54.4787],[-72.0005,-54.4753],[-71.9952,-54.4746]]],[[[-72.49,-42.116],[-72.4851,-42.1367],[-72.4869,-42.1333],[-72.49,-42.116]]],[[[-71.2573,-54.5542],[-71.2536,-54.5497],[-71.2367,-54.5427],[-71.2573,-54.5542]]],[[[-44.735,-2.265],[-44.7226,-2.2671],[-44.7254,-2.2677],[-44.735,-2.265]]],[[[-73.9735,-52.1774],[-73.9637,-52.1885],[-73.9724,-52.1838],[-73.9735,-52.1774]]],[[[-46.6049,-1.0158],[-46.5996,-1.0111],[-46.5985,-1.0135],[-46.6049,-1.0158]]],[[[-73.6247,-41.818],[-73.6273,-41.818],[-73.6205,-41.8101],[-73.6247,-41.818]]],[[[-71.1809,-54.0917],[-71.1696,-54.0855],[-71.1712,-54.0879],[-71.1809,-54.0917]]],[[[-74.8263,-49.0921],[-74.8235,-49.0962],[-74.8272,-49.0958],[-74.8263,-49.0921]]],[[[-68.6151,-55.3042],[-68.6109,-55.3088],[-68.6158,-55.3075],[-68.6151,-55.3042]]],[[[-74.8767,-49.6631],[-74.8668,-49.6687],[-74.8808,-49.6639],[-74.8767,-49.6631]]],[[[-44.8081,-1.6086],[-44.8086,-1.6187],[-44.8109,-1.612],[-44.8081,-1.6086]]],[[[-69.6817,-54.7597],[-69.6814,-54.7617],[-69.6889,-54.7544],[-69.6817,-54.7597]]],[[[-69.8946,-55.225],[-69.9042,-55.2235],[-69.8853,-55.2222],[-69.8946,-55.225]]],[[[-70.3236,-54.7942],[-70.3178,-54.7859],[-70.3238,-54.8014],[-70.3236,-54.7942]]],[[[-45.1455,-1.4845],[-45.1419,-1.4964],[-45.1442,-1.4952],[-45.1455,-1.4845]]],[[[-74.7356,-49.449],[-74.7232,-49.4446],[-74.7268,-49.4495],[-74.7356,-49.449]]],[[[-75.0875,-49.2696],[-75.0944,-49.2694],[-75.0795,-49.2657],[-75.0875,-49.2696]]],[[[-74.4914,-45.7199],[-74.4826,-45.712],[-74.4854,-45.7188],[-74.4914,-45.7199]]],[[[-73.1032,-53.5216],[-73.0879,-53.5287],[-73.0994,-53.5255],[-73.1032,-53.5216]]],[[[-73.9433,-48.4291],[-73.9542,-48.4291],[-73.9422,-48.4248],[-73.9433,-48.4291]]],[[[-75.2736,-48.1797],[-75.2713,-48.1767],[-75.2694,-48.1775],[-75.2736,-48.1797]]],[[[-72.8988,-44.4486],[-72.8904,-44.4422],[-72.8911,-44.4446],[-72.8988,-44.4486]]],[[[-47.4294,-0.7248],[-47.4276,-0.7331],[-47.4322,-0.7231],[-47.4294,-0.7248]]],[[[-73.9974,-47.8337],[-73.9925,-47.8374],[-74.0045,-47.8366],[-73.9974,-47.8337]]],[[[-45.8886,-1.1427],[-45.8874,-1.1487],[-45.8886,-1.1474],[-45.8886,-1.1427]]],[[[-44.7147,-1.8028],[-44.7082,-1.8081],[-44.7136,-1.8059],[-44.7147,-1.8028]]],[[[-74.0052,-49.5791],[-74.0031,-49.5722],[-74.0023,-49.5803],[-74.0052,-49.5791]]],[[[-73.9613,-50.5385],[-73.9654,-50.5348],[-73.9539,-50.5371],[-73.9613,-50.5385]]],[[[-73.4298,-52.7978],[-73.4203,-52.7879],[-73.4215,-52.7923],[-73.4298,-52.7978]]],[[[-44.8366,-1.5765],[-44.8382,-1.5752],[-44.8355,-1.5725],[-44.8366,-1.5765]]],[[[-74.9869,-49.049],[-74.9859,-49.0418],[-74.9831,-49.0454],[-74.9869,-49.049]]],[[[-42.7585,-2.5586],[-42.7542,-2.5584],[-42.757,-2.5619],[-42.7585,-2.5586]]],[[[-73.8537,-53.0257],[-73.8446,-53.034],[-73.8515,-53.0324],[-73.8537,-53.0257]]],[[[-74.7953,-49.4871],[-74.787,-49.4792],[-74.7895,-49.4846],[-74.7953,-49.4871]]],[[[-75.5122,10.4603],[-75.4994,10.4707],[-75.5033,10.4647],[-75.5122,10.4603]]],[[[-73.2165,-52.5002],[-73.2202,-52.4982],[-73.2079,-52.4967],[-73.2165,-52.5002]]],[[[-72.4864,-42.085],[-72.4848,-42.0902],[-72.4883,-42.0949],[-72.4864,-42.085]]],[[[-71.6244,-54.0808],[-71.6162,-54.0836],[-71.6283,-54.0813],[-71.6244,-54.0808]]],[[[-46.8501,-0.7873],[-46.8493,-0.7925],[-46.853,-0.79],[-46.8501,-0.7873]]],[[[-74.6657,-50.4746],[-74.6485,-50.4667],[-74.6614,-50.4739],[-74.6657,-50.4746]]],[[[-77.2936,3.5553],[-77.2917,3.5509],[-77.293,3.5511],[-77.2936,3.5553]]],[[[-69.9739,-54.7578],[-69.9745,-54.7479],[-69.9715,-54.7527],[-69.9739,-54.7578]]],[[[-77.105,3.8027],[-77.1059,3.7955],[-77.1083,3.7999],[-77.105,3.8027]]],[[[-74.8464,-50.7324],[-74.8431,-50.7342],[-74.8468,-50.7367],[-74.8464,-50.7324]]],[[[-71.9397,-54.5625],[-71.9355,-54.5575],[-71.9369,-54.5639],[-71.9397,-54.5625]]],[[[-45.3297,-1.7408],[-45.3267,-1.7427],[-45.328,-1.7434],[-45.3297,-1.7408]]],[[[-74.5614,-50.615],[-74.5571,-50.6159],[-74.5588,-50.6175],[-74.5614,-50.615]]],[[[-73.8283,-53.043],[-73.8258,-53.0473],[-73.829,-53.045],[-73.8283,-53.043]]],[[[-44.2997,-2.7936],[-44.2993,-2.7957],[-44.3023,-2.7931],[-44.2997,-2.7936]]],[[[-74.632,-48.8556],[-74.6173,-48.8471],[-74.6206,-48.8521],[-74.632,-48.8556]]],[[[-74.615,-48.7661],[-74.612,-48.7606],[-74.6111,-48.7638],[-74.615,-48.7661]]],[[[-70.6936,-54.4974],[-70.6866,-54.4839],[-70.6889,-54.4921],[-70.6936,-54.4974]]],[[[-71.138,-54.4334],[-71.1407,-54.4398],[-71.1425,-54.4369],[-71.138,-54.4334]]],[[[-77.2992,3.9693],[-77.2934,3.9773],[-77.2929,3.9761],[-77.2992,3.9693]]],[[[-74.0297,-52.25],[-74.0241,-52.2542],[-74.0371,-52.247],[-74.0297,-52.25]]],[[[-74.8541,-51.7452],[-74.8626,-51.7419],[-74.8628,-51.7386],[-74.8541,-51.7452]]],[[[-73.8841,-51.5813],[-73.8794,-51.5805],[-73.8839,-51.5844],[-73.8841,-51.5813]]],[[[-75.388,-49.62],[-75.388,-49.6155],[-75.3854,-49.6155],[-75.388,-49.62]]],[[[-72.9748,-53.1626],[-72.9765,-53.1609],[-72.9764,-53.1602],[-72.9748,-53.1626]]],[[[-80.0164,-2.4908],[-80.0085,-2.4847],[-80.017,-2.4931],[-80.0164,-2.4908]]],[[[-45.9042,-1.1983],[-45.9062,-1.2026],[-45.9059,-1.2017],[-45.9042,-1.1983]]],[[[-73.6721,-52.6419],[-73.6624,-52.6479],[-73.6644,-52.6475],[-73.6721,-52.6419]]],[[[-74.5475,-50.2483],[-74.5393,-50.2429],[-74.5417,-50.2464],[-74.5475,-50.2483]]],[[[-74.6712,-51.2081],[-74.6759,-51.2056],[-74.6664,-51.2062],[-74.6712,-51.2081]]],[[[-71.5937,-54.216],[-71.5879,-54.2088],[-71.5893,-54.211],[-71.5937,-54.216]]],[[[-44.0694,-2.7794],[-44.0694,-2.7829],[-44.0727,-2.7719],[-44.0694,-2.7794]]],[[[-74.7179,-45.9746],[-74.7182,-45.9768],[-74.7219,-45.9717],[-74.7179,-45.9746]]],[[[-46.6529,-0.945],[-46.6523,-0.9467],[-46.6558,-0.9458],[-46.6529,-0.945]]],[[[-45.5859,-1.3065],[-45.5846,-1.3045],[-45.5836,-1.3061],[-45.5859,-1.3065]]],[[[-44.7726,-1.7162],[-44.7693,-1.7196],[-44.7733,-1.7181],[-44.7726,-1.7162]]],[[[-77.4745,6.1599],[-77.4732,6.1549],[-77.476,6.1589],[-77.4745,6.1599]]],[[[-58.049,-32.9438],[-58.0459,-32.9357],[-58.0458,-32.9365],[-58.049,-32.9438]]],[[[-44.7948,-1.613],[-44.7995,-1.607],[-44.8014,-1.6021],[-44.7948,-1.613]]],[[[-47.2297,-0.6895],[-47.2262,-0.6822],[-47.228,-0.688],[-47.2297,-0.6895]]],[[[-50.6139,-0.0105],[-50.6119,-0.0135],[-50.6187,-0.0089],[-50.6139,-0.0105]]],[[[-70.8208,-54.6916],[-70.8158,-54.6916],[-70.8206,-54.6933],[-70.8208,-54.6916]]],[[[-74.6181,-48.4481],[-74.6124,-48.4526],[-74.6164,-48.4518],[-74.6181,-48.4481]]],[[[-74.4675,-50.3391],[-74.4572,-50.3346],[-74.4616,-50.3377],[-74.4675,-50.3391]]],[[[-73.1513,-51.8866],[-73.148,-51.8858],[-73.1537,-51.8882],[-73.1513,-51.8866]]],[[[-74.2369,-50.9733],[-74.2316,-50.9691],[-74.2317,-50.971],[-74.2369,-50.9733]]],[[[-72.9667,-43.7666],[-72.9612,-43.7691],[-72.9688,-43.7675],[-72.9667,-43.7666]]],[[[-74.8902,-49.3604],[-74.89,-49.3572],[-74.887,-49.3598],[-74.8902,-49.3604]]],[[[-77.4553,3.3163],[-77.4555,3.3157],[-77.4577,3.3159],[-77.4553,3.3163]]],[[[-66.4977,-45.1469],[-66.4895,-45.1475],[-66.5036,-45.1477],[-66.4977,-45.1469]]],[[[-72.7702,-53.5077],[-72.7696,-53.5078],[-72.7725,-53.5089],[-72.7702,-53.5077]]],[[[-70.4879,-55.1867],[-70.4849,-55.1896],[-70.488,-55.191],[-70.4879,-55.1867]]],[[[-75.4464,-48.4289],[-75.4416,-48.428],[-75.4491,-48.4322],[-75.4464,-48.4289]]],[[[-42.4383,-2.7478],[-42.437,-2.7472],[-42.4381,-2.7497],[-42.4383,-2.7478]]],[[[-74.7143,-49.4428],[-74.7161,-49.4421],[-74.7071,-49.4411],[-74.7143,-49.4428]]],[[[-71.9231,-54.2376],[-71.9114,-54.2337],[-71.9195,-54.2376],[-71.9231,-54.2376]]],[[[-72.5058,-53.308],[-72.5041,-53.3196],[-72.5055,-53.3164],[-72.5058,-53.308]]],[[[-43.888,-2.6092],[-43.8879,-2.6115],[-43.8891,-2.6093],[-43.888,-2.6092]]],[[[-75.3139,-48.4754],[-75.3067,-48.4674],[-75.3114,-48.4739],[-75.3139,-48.4754]]],[[[-74.8281,-45.8628],[-74.8305,-45.8655],[-74.8342,-45.8651],[-74.8281,-45.8628]]],[[[-48.2254,-25.3792],[-48.2231,-25.372],[-48.2229,-25.3727],[-48.2254,-25.3792]]],[[[-68.6375,-55.2813],[-68.6386,-55.282],[-68.6462,-55.2705],[-68.6375,-55.2813]]],[[[-75.1261,-50.1737],[-75.1227,-50.1676],[-75.1227,-50.169],[-75.1261,-50.1737]]],[[[-72.8333,-45.405],[-72.8323,-45.4096],[-72.8346,-45.4051],[-72.8333,-45.405]]],[[[-74.9807,-51.8417],[-74.9798,-51.8399],[-74.9796,-51.842],[-74.9807,-51.8417]]],[[[-69.9192,-55.229],[-69.9081,-55.2334],[-69.9155,-55.2314],[-69.9192,-55.229]]],[[[-73.0719,-51.7627],[-73.0674,-51.7649],[-73.0766,-51.7625],[-73.0719,-51.7627]]],[[[-74.4497,-52.8483],[-74.4474,-52.8493],[-74.4573,-52.8479],[-74.4497,-52.8483]]],[[[-70.7022,-54.9693],[-70.7043,-54.9692],[-70.6975,-54.9668],[-70.7022,-54.9693]]],[[[-71.9424,-54.5824],[-71.9399,-54.5843],[-71.9416,-54.5844],[-71.9424,-54.5824]]],[[[-75.0155,-48.894],[-75.0019,-48.8884],[-75.0107,-48.8922],[-75.0155,-48.894]]],[[[-75.2922,-50.3266],[-75.2931,-50.3265],[-75.2867,-50.3219],[-75.2922,-50.3266]]],[[[-52.9831,5.4689],[-52.9822,5.4725],[-52.9807,5.4727],[-52.9831,5.4689]]],[[[-74.6374,-51.4068],[-74.6414,-51.4056],[-74.6428,-51.4037],[-74.6374,-51.4068]]],[[[-68.6503,-55.2653],[-68.6464,-55.2702],[-68.6511,-55.2661],[-68.6503,-55.2653]]],[[[-48.7584,-26.2174],[-48.758,-26.213],[-48.758,-26.2158],[-48.7584,-26.2174]]],[[[-74.1463,-52.1682],[-74.1493,-52.1677],[-74.151,-52.1648],[-74.1463,-52.1682]]],[[[-74.9943,-51.946],[-74.9945,-51.9458],[-74.9869,-51.9438],[-74.9943,-51.946]]],[[[-74.791,-46.0625],[-74.789,-46.058],[-74.7894,-46.0616],[-74.791,-46.0625]]],[[[-48.5771,-27.8597],[-48.5774,-27.8606],[-48.5812,-27.8597],[-48.5771,-27.8597]]],[[[-71.8037,-54.2652],[-71.8035,-54.2653],[-71.8083,-54.2644],[-71.8037,-54.2652]]],[[[-73.6497,-53.1269],[-73.6465,-53.1284],[-73.651,-53.1277],[-73.6497,-53.1269]]],[[[-75.1531,-49.3536],[-75.1569,-49.3507],[-75.1604,-49.3466],[-75.1531,-49.3536]]],[[[-70.8843,-53.9027],[-70.8838,-53.9035],[-70.8889,-53.9013],[-70.8843,-53.9027]]],[[[-75.1877,-51.3828],[-75.1862,-51.3846],[-75.1899,-51.3848],[-75.1877,-51.3828]]],[[[-73.0164,-52.0653],[-73.0121,-52.0656],[-73.021,-52.0663],[-73.0164,-52.0653]]],[[[-75.2702,-48.2097],[-75.2685,-48.2107],[-75.2708,-48.2114],[-75.2702,-48.2097]]],[[[-73.8186,-53.0573],[-73.8205,-53.0573],[-73.8212,-53.0545],[-73.8186,-53.0573]]],[[[-74.1043,-50.4199],[-74.1065,-50.4195],[-74.1019,-50.4178],[-74.1043,-50.4199]]],[[[-74.3534,-46.7749],[-74.3529,-46.7759],[-74.3539,-46.7755],[-74.3534,-46.7749]]],[[[-75.5625,10.4021],[-75.5604,10.4061],[-75.5619,10.4029],[-75.5625,10.4021]]],[[[-68.282,-55.3826],[-68.2751,-55.3814],[-68.2762,-55.3821],[-68.282,-55.3826]]],[[[-70.9457,-54.6209],[-70.9452,-54.6234],[-70.9468,-54.6249],[-70.9457,-54.6209]]],[[[-44.587,-2.0362],[-44.5832,-2.0339],[-44.5855,-2.036],[-44.587,-2.0362]]],[[[-74.171,-52.152],[-74.1742,-52.1504],[-74.1758,-52.1484],[-74.171,-52.152]]],[[[-74.3321,-52.0888],[-74.3319,-52.0891],[-74.3423,-52.0924],[-74.3321,-52.0888]]],[[[-72.9894,-54.1009],[-72.9881,-54.1019],[-72.9889,-54.1019],[-72.9894,-54.1009]]],[[[-48.6277,-25.5085],[-48.6275,-25.5088],[-48.6354,-25.508],[-48.6277,-25.5085]]],[[[-75.3583,-49.7356],[-75.3587,-49.7369],[-75.36,-49.7336],[-75.3583,-49.7356]]],[[[-65.5334,-44.893],[-65.5339,-44.8931],[-65.5376,-44.8902],[-65.5334,-44.893]]],[[[-70.2491,-54.7217],[-70.2378,-54.7126],[-70.238,-54.713],[-70.2491,-54.7217]]],[[[-67.5006,-54.8757],[-67.5096,-54.8744],[-67.5078,-54.8743],[-67.5006,-54.8757]]],[[[-75.6151,-48.9836],[-75.6123,-48.9849],[-75.6161,-48.984],[-75.6151,-48.9836]]],[[[-75.2571,-15.2641],[-75.2564,-15.2658],[-75.258,-15.2641],[-75.2571,-15.2641]]],[[[-74.6567,-50.726],[-74.6554,-50.7271],[-74.6579,-50.7267],[-74.6567,-50.726]]],[[[-74.0306,-50.2181],[-74.0266,-50.217],[-74.0271,-50.2173],[-74.0306,-50.2181]]],[[[-44.8091,-1.7623],[-44.8094,-1.7621],[-44.8062,-1.7614],[-44.8091,-1.7623]]],[[[-44.6438,-2.5931],[-44.6401,-2.5917],[-44.6419,-2.5927],[-44.6438,-2.5931]]],[[[-38.991,-13.9275],[-38.9908,-13.9284],[-38.9912,-13.932],[-38.991,-13.9275]]],[[[-70.8523,-54.1783],[-70.8506,-54.1818],[-70.8528,-54.1783],[-70.8523,-54.1783]]],[[[-74.7362,-49.8532],[-74.7328,-49.8514],[-74.7351,-49.8531],[-74.7362,-49.8532]]],[[[-73.9165,-43.8434],[-73.9132,-43.8433],[-73.9177,-43.8438],[-73.9165,-43.8434]]],[[[-48.4375,-25.3833],[-48.437,-25.3849],[-48.4381,-25.3834],[-48.4375,-25.3833]]],[[[-75.222,-50.3318],[-75.2217,-50.3326],[-75.2233,-50.3328],[-75.222,-50.3318]]],[[[-75.4886,-48.3555],[-75.4862,-48.3554],[-75.4909,-48.3562],[-75.4886,-48.3555]]],[[[-74.0232,-45.2065],[-74.0226,-45.2074],[-74.0232,-45.2085],[-74.0232,-45.2065]]],[[[-73.9756,-51.1812],[-73.9755,-51.1812],[-73.975,-51.1831],[-73.9756,-51.1812]]],[[[-50.7162,-30.3596],[-50.7185,-30.3612],[-50.7188,-30.361],[-50.7162,-30.3596]]],[[[-74.8703,-50.7262],[-74.8689,-50.7271],[-74.8716,-50.7262],[-74.8703,-50.7262]]],[[[-74.8193,-48.9811],[-74.8189,-48.9818],[-74.8193,-48.9839],[-74.8193,-48.9811]]],[[[-73.8709,-52.7177],[-73.8697,-52.7177],[-73.8703,-52.7181],[-73.8709,-52.7177]]],[[[-73.1895,-53.1053],[-73.1885,-53.1052],[-73.1897,-53.1061],[-73.1895,-53.1053]]],[[[-48.4822,-25.344],[-48.4831,-25.344],[-48.4838,-25.3434],[-48.4822,-25.344]]],[[[-73.5279,-52.6789],[-73.5277,-52.6792],[-73.5302,-52.6792],[-73.5279,-52.6789]]],[[[-69.9386,-54.3739],[-69.9377,-54.3738],[-69.9381,-54.3742],[-69.9386,-54.3739]]],[[[-74.8807,-50.9677],[-74.8806,-50.9684],[-74.8814,-50.9679],[-74.8807,-50.9677]]],[[[-43.2162,-22.8713],[-43.2152,-22.8709],[-43.2154,-22.8713],[-43.2162,-22.8713]]],[[[-75.1828,-49.48],[-75.1819,-49.4807],[-75.1845,-49.4791],[-75.1828,-49.48]]],[[[-71.3244,-54.2352],[-71.3247,-54.2356],[-71.3249,-54.2342],[-71.3244,-54.2352]]],[[[-45.3832,-1.5498],[-45.383,-1.5494],[-45.3826,-1.5496],[-45.3832,-1.5498]]],[[[-71.9491,-54.5699],[-71.9485,-54.5694],[-71.9485,-54.5699],[-71.9491,-54.5699]]],[[[-72.829,-45.425],[-72.8288,-45.4251],[-72.8296,-45.4259],[-72.829,-45.425]]],[[[-64.344,10.3699],[-64.3442,10.3697],[-64.3443,10.3705],[-64.344,10.3699]]],[[[-74.6833,-51.2923],[-74.6831,-51.2932],[-74.6833,-51.2936],[-74.6833,-51.2923]]],[[[-42.0965,-2.7995],[-42.0969,-2.7997],[-42.0972,-2.7996],[-42.0965,-2.7995]]],[[[-74.0718,-52.0168],[-74.0711,-52.0171],[-74.0722,-52.0168],[-74.0718,-52.0168]]],[[[-74.3481,-52.0944],[-74.3474,-52.0942],[-74.3482,-52.0946],[-74.3481,-52.0944]]],[[[-68.8236,-55.1522],[-68.823,-55.1527],[-68.8239,-55.1521],[-68.8236,-55.1522]]],[[[-74.0139,-49.601],[-74.0135,-49.6004],[-74.0136,-49.6007],[-74.0139,-49.601]]],[[[-74.828,-45.8625],[-74.8279,-45.8626],[-74.828,-45.8627],[-74.828,-45.8625]]],[[[-72.7757,-53.5036],[-72.7755,-53.5041],[-72.7757,-53.5038],[-72.7757,-53.5036]]],[[[-74.4391,-45.4771],[-74.4389,-45.477],[-74.4389,-45.4771],[-74.4391,-45.4771]]]]}},{"type":"Feature","properties":{"birdlifeId":"22712252","scientificName":"Hirundo rustica","rangeType":"breeding","speciesId":"avibase-58C502EA","speciesName":"Barn Swallow","speciesLatin":"Hirundo rustica"},"geometry":{"type":"MultiPolygon","coordinates":[[[[5.1231,60.6515],[5.1343,60.6777],[5.2491,60.6221],[5.2705,60.6227],[5.1589,60.7341],[4.9519,60.8111],[5.4669,60.6351],[5.2727,60.7673],[5.5889,60.8741],[5.0833,60.8353],[5.0171,60.9667],[5.1247,60.8785],[5.3075,60.9911],[5.0539,61.0645],[6.3621,61.0049],[6.6389,61.1795],[7.0089,61.0655],[7.0209,60.9837],[6.8783,60.9363],[6.8463,60.8829],[7.1273,60.8687],[7.0355,61.1081],[7.4685,61.1031],[7.7051,61.2323],[7.3121,61.2979],[7.5859,61.4891],[7.2833,61.3947],[7.3247,61.1603],[6.5951,61.2105],[6.7397,61.3497],[6.7487,61.4113],[6.4757,61.1151],[5.2287,61.1089],[4.9865,61.2849],[5.6331,61.3729],[5.4163,61.3843],[5.0791,61.3235],[5.1103,61.3431],[5.1055,61.4079],[5.1579,61.4273],[4.9803,61.4169],[5.4737,61.4901],[5.1579,61.5355],[5.4057,61.6035],[5.0023,61.5781],[5.0073,61.6017],[5.1605,61.6061],[5.3671,61.6277],[5.4083,61.6425],[5.2669,61.6261],[5.0991,61.6377],[4.9891,61.6289],[5.0335,61.7593],[5.1659,61.6987],[5.4267,61.9181],[5.6657,61.8129],[5.9821,61.8483],[5.9181,61.7437],[5.9079,61.7127],[5.9241,61.6897],[6.0323,61.8469],[6.1891,61.7643],[6.0769,61.8491],[6.4959,61.8049],[6.8395,61.8727],[6.4387,61.8293],[5.7363,61.8943],[5.9341,61.9181],[5.4535,61.9385],[5.1629,61.9001],[5.4305,62.0189],[5.0975,62.1925],[5.4635,62.0065],[5.6209,62.0555],[5.4959,62.2015],[5.7369,62.0929],[5.9135,62.2007],[5.8503,62.0121],[5.9937,62.1491],[6.0827,62.0591],[6.3111,62.0611],[5.9373,62.2253],[6.3387,62.3803],[6.5569,62.1091],[6.6589,62.1967],[6.4049,62.3603],[6.7179,62.4559],[7.0113,62.2927],[6.8845,62.0903],[7.2099,62.1039],[6.9689,62.1191],[7.0409,62.2805],[7.4303,62.2563],[7.0027,62.3133],[6.8785,62.4575],[6.5715,62.5445],[6.2661,62.5317],[6.2835,62.5519],[6.2655,62.5811],[7.0861,62.6529],[7.5575,62.5001],[7.7873,62.5751],[7.5579,62.5543],[7.4027,62.6303],[8.1475,62.6881],[7.3523,62.6969],[7.6563,62.7957],[6.9877,62.7231],[7.2371,62.8127],[6.9007,62.9161],[7.2901,63.0169],[7.4435,62.9037],[8.0409,62.9657],[8.1583,62.8159],[8.5483,62.6699],[7.9803,63.0453],[7.8899,63.0305],[8.1029,63.1217],[8.3061,62.8569],[8.6857,62.8203],[8.4245,62.9477],[8.6487,62.9907],[8.3787,62.9701],[8.4933,63.0185],[8.2647,63.0215],[8.1751,63.1299],[8.6155,63.1011],[8.9693,63.2075],[8.4821,63.2841],[8.8423,63.3551],[8.6707,63.4165],[9.0103,63.4137],[8.9789,63.4269],[8.9857,63.4313],[8.9971,63.4347],[9.0063,63.4705],[9.0979,63.2939],[9.5103,63.4013],[9.1531,63.4935],[9.5845,63.5331],[9.7267,63.6521],[9.9807,63.4493],[9.8511,63.3173],[10.8011,63.4225],[10.9183,63.5931],[10.7261,63.6235],[11.4803,63.7939],[11.0723,63.8657],[11.4907,64.0093],[11.3123,64.1161],[10.6015,63.8131],[11.0481,63.8867],[10.9445,63.7421],[10.1123,63.4985],[9.8099,63.6653],[10.1221,63.7867],[9.5315,63.7173],[10.2241,63.9329],[9.9529,63.9115],[10.6731,64.3611],[10.4605,64.4161],[10.8317,64.3719],[10.6499,64.4505],[10.9027,64.4743],[10.9575,64.6119],[11.1555,64.4449],[11.3391,64.4627],[11.2181,64.3177],[11.6893,64.4689],[11.4253,64.4775],[11.7851,64.5941],[11.4771,64.5887],[11.4045,64.4759],[11.0217,64.6221],[11.3653,64.5513],[11.4047,64.7137],[11.5685,64.7699],[11.7869,64.7777],[11.8477,64.7959],[11.6653,64.8575],[12.1531,64.9661],[11.6201,64.8669],[11.3821,64.7539],[11.1869,64.7395],[11.6839,64.9031],[11.3409,64.8619],[11.3555,64.9023],[12.2071,65.2163],[12.3361,65.1037],[12.0705,65.0695],[12.4575,65.0753],[12.9515,65.3159],[12.4941,65.1319],[12.4351,65.2683],[12.2505,65.2331],[12.4385,65.3645],[12.2029,65.2429],[12.0337,65.2063],[11.9843,65.2267],[12.3461,65.4729],[12.2851,65.5887],[12.4899,65.4063],[12.7687,65.4649],[12.3605,65.6331],[12.7817,65.6373],[12.5425,65.7527],[12.7145,65.7785],[12.6649,65.9225],[13.2089,65.8273],[12.9047,65.9799],[13.0481,66.0793],[12.7021,66.0869],[13.8239,66.1415],[13.5989,66.2291],[13.7909,66.1943],[14.1711,66.3291],[13.0245,66.1819],[13.5647,66.3089],[13.0043,66.3339],[13.1437,66.4121],[13.0711,66.4657],[13.1611,66.4673],[12.9677,66.5341],[13.2507,66.4445],[13.7405,66.6089],[13.2011,66.5605],[13.5565,66.6509],[13.1961,66.7267],[13.9857,66.8031],[13.4917,66.9587],[14.2281,66.9995],[14.5043,67.2423],[15.4721,67.1009],[15.4323,67.2609],[15.0465,67.2723],[15.1747,67.3309],[14.3061,67.2661],[15.0571,67.4537],[14.6273,67.4711],[15.0613,67.5975],[14.9443,67.4923],[15.4393,67.4991],[15.5523,67.3773],[15.6857,67.3149],[15.5353,67.4839],[15.8949,67.5809],[15.2943,67.5353],[15.4613,67.5971],[15.1717,67.6355],[15.3061,67.7413],[15.6137,67.7685],[15.8309,67.6897],[15.8517,67.7095],[15.3765,67.8815],[15.1641,67.7161],[14.7687,67.6629],[15.1505,67.7703],[14.7715,67.8401],[15.6931,67.9709],[15.8857,67.9153],[15.9927,68.0015],[15.8147,68.0567],[15.5841,68.0495],[15.5167,68.1023],[15.3955,68.0453],[15.4083,68.0043],[15.2745,68.0611],[15.6195,68.1935],[15.7989,68.1017],[15.9625,68.2699],[16.2169,67.8981],[16.5157,67.8209],[16.1819,68.0239],[16.4681,67.9183],[16.3119,68.0349],[16.7383,68.0889],[16.2837,68.1195],[16.6081,68.1871],[16.1689,68.3287],[16.8105,68.1555],[16.2651,68.3605],[17.1803,68.3951],[17.3369,68.1981],[17.3039,68.4239],[17.9137,68.4205],[17.5471,68.5515],[16.4557,68.5123],[16.9779,68.7189],[17.6809,68.6753],[17.2387,68.7601],[17.8099,68.7489],[17.4703,68.8335],[17.8501,68.8679],[17.7097,68.9349],[17.4447,68.9161],[18.1523,69.1517],[17.9691,69.2333],[18.1709,69.3929],[18.1305,69.4625],[18.3701,69.4601],[18.4975,69.2361],[18.9965,69.2935],[18.4455,69.4445],[18.8247,69.5647],[19.0347,69.3721],[19.3381,69.3301],[19.2435,69.2347],[19.5429,69.2173],[18.9409,69.6083],[19.6945,69.5733],[19.5063,69.3979],[20.2899,69.7071],[19.9257,69.2703],[20.4231,69.5891],[20.6483,69.5157],[20.9169,69.4761],[20.4745,69.7549],[21.1285,69.8055],[21.3389,69.9093],[21.2385,70.0145],[21.4311,70.0183],[21.9823,69.7315],[22.1399,69.7449],[22.0405,69.7665],[22.0845,69.7769],[21.8823,69.8403],[22.0739,70.0309],[21.7737,70.0403],[21.9971,70.0781],[22.0647,70.1293],[21.2597,70.1771],[21.5543,70.3265],[21.8489,70.1439],[21.7551,70.2511],[21.9733,70.3331],[22.2883,70.2867],[22.2123,70.1309],[22.9533,70.2043],[22.2787,70.0397],[22.9905,70.1395],[23.1457,69.9607],[23.0597,69.9485],[23.0193,69.9229],[23.5295,70.0173],[23.1409,70.0881],[23.3809,70.1183],[23.1805,70.2175],[23.3141,70.2293],[25.8159,70.0263],[25.4505,69.7481],[23.4197,69.5089],[22.2449,69.6085],[21.2489,68.9881],[19.1089,68.6863],[18.5941,68.5551],[18.2705,68.1605],[17.3547,68.0591],[17.0013,67.7333],[16.4547,67.6415],[16.3033,67.4167],[16.4217,66.9345],[16.1881,66.6253],[15.8401,66.5839],[15.2077,66.8727],[14.6157,66.6253],[14.5423,66.3771],[15.1537,66.3563],[15.3137,66.1697],[15.1011,66.1385],[14.9269,65.2201],[13.7897,64.6727],[13.8399,64.5565],[14.3841,64.4403],[18.2369,65.8681],[20.7797,66.5115],[23.8607,67.7231],[27.3115,67.7333],[29.5311,67.2971],[29.9547,67.5329],[30.0287,67.6947],[29.3569,68.0825],[28.6967,68.1935],[28.4575,68.5319],[28.6775,68.6947],[31.0145,68.4533],[34.7091,67.6917],[35.6687,67.2893],[38.4681,67.2837],[40.6963,66.5355],[39.9941,66.2507],[38.2801,66.0451],[34.4703,66.5337],[33.2515,66.7945],[32.7985,67.0737],[32.3671,67.1539],[32.1501,67.1371],[32.9431,66.7339],[32.8009,66.7215],[33.0081,66.6849],[33.2297,66.6769],[33.5345,66.5295],[33.1877,66.5619],[32.9461,66.5201],[33.1349,66.5077],[33.2223,66.5345],[33.4075,66.4715],[33.6287,66.4837],[33.5231,66.3763],[33.6727,66.3329],[33.3829,66.3135],[34.1037,66.2511],[35.0139,65.7593],[34.6799,65.7869],[34.7983,65.5859],[34.3777,65.3783],[34.7221,65.1881],[34.7747,64.9687],[34.9457,64.7547],[35.0163,64.7441],[34.9491,64.7253],[34.9121,64.6283],[34.9681,64.6055],[34.8095,64.5389],[35.3277,64.3263],[35.8741,64.3253],[36.2759,64.0115],[37.3981,63.8031],[38.0687,64.0099],[37.9771,64.3173],[37.1521,64.3907],[36.5365,64.7141],[36.4397,64.9427],[37.0323,65.2083],[38.4087,64.8589],[38.0523,64.6411],[38.4387,64.8091],[39.7149,64.5539],[40.1823,64.5895],[40.0383,64.6625],[39.8131,64.6801],[40.2843,64.6475],[40.2917,64.6543],[40.2937,64.6625],[40.2895,64.6767],[40.2545,64.7045],[40.1119,64.7423],[40.1753,64.7565],[40.0395,64.7575],[40.1945,64.7717],[40.3487,64.7583],[40.4705,64.5357],[40.5201,64.5375],[40.3673,64.9345],[39.7181,65.3783],[39.7515,65.5509],[42.2143,66.5297],[43.5711,66.3167],[43.6975,66.2359],[43.2903,66.0897],[43.5145,65.9719],[43.3831,66.0767],[43.8581,66.1769],[44.1745,65.8747],[44.1147,66.2951],[44.4485,65.8971],[46.1075,65.7011],[48.9727,65.5841],[51.4543,65.7803],[53.5861,65.5985],[58.5021,64.0181],[60.2795,63.8067],[61.9725,64.1743],[64.7129,65.6479],[66.8715,65.8865],[78.4443,65.0509],[88.8303,64.9207],[91.1079,64.2229],[93.8769,64.3955],[108.5919,64.2729],[111.9999,64.4161],[117.6145,64.0909],[125.0293,64.1309],[127.7605,64.7981],[131.7815,65.4123],[142.9001,66.8389],[151.7217,67.3603],[152.9899,67.0601],[156.1509,67.6423],[165.1357,68.2679],[167.8459,67.9135],[169.1615,67.2367],[170.2831,66.3875],[172.0417,64.1329],[172.3097,62.1715],[171.9725,60.8391],[170.6585,60.4097],[170.3985,59.9477],[169.4211,60.5129],[168.3725,60.5989],[167.0787,60.3305],[166.2707,59.8171],[166.0861,59.8161],[166.2631,60.4689],[165.0333,60.0989],[165.2343,59.9907],[164.8569,59.7813],[164.4529,60.1081],[164.2141,59.8553],[163.9897,60.0271],[163.4775,59.8609],[163.4283,59.6245],[163.2021,59.5617],[163.3551,59.2727],[163.0839,59.2397],[163.2525,59.1273],[163.2627,59.1037],[163.2493,59.0543],[163.2253,59.0379],[163.1465,59.0323],[163.0367,59.1515],[162.9171,59.1221],[163.0837,58.9989],[162.3445,58.5875],[162.0021,58.0129],[162.3187,57.7909],[162.6933,57.9657],[163.3259,57.7205],[162.7733,57.2573],[162.7915,56.7911],[163.2413,56.7503],[163.3695,56.1851],[163.0621,56.0097],[162.6219,56.2317],[162.0919,56.0821],[161.7361,55.4073],[162.1219,54.7523],[161.7327,54.5059],[160.7911,54.5413],[160.0431,54.1643],[159.8395,53.4455],[160.0553,53.0937],[159.6169,53.2495],[158.7123,52.8777],[158.6111,53.0423],[158.4233,53.0053],[158.6447,52.8373],[158.4215,52.6429],[158.5713,52.3147],[158.2807,51.9425],[156.6655,50.8693],[156.7445,51.0815],[156.5181,51.3229],[156.4423,52.1593],[156.1033,52.8493],[155.5515,55.1925],[155.9489,56.6661],[156.9779,57.4145],[156.7869,57.7637],[158.2187,58.0177],[159.7023,58.8515],[160.5049,59.5603],[161.8375,60.1875],[161.9145,60.4229],[163.6583,60.8719],[163.5101,61.0469],[164.0195,61.3365],[163.7491,61.4575],[164.0707,61.7803],[164.1017,62.2597],[165.2439,62.4869],[164.4525,62.6857],[163.2893,62.5165],[163.1903,62.4253],[163.3883,62.3309],[163.0885,62.2247],[163.2021,62.0567],[162.9865,61.8041],[163.3413,61.6599],[163.0437,61.5107],[162.8457,61.7089],[162.3893,61.6619],[160.8017,60.7159],[160.1773,60.5715],[160.1583,60.8315],[160.3915,61.0259],[159.7995,60.9283],[159.9467,61.1361],[159.7861,61.2361],[160.3665,61.7659],[160.3315,61.9375],[159.5865,61.6531],[159.1521,61.9205],[157.0437,61.6415],[156.6845,61.5133],[156.6567,61.1957],[155.9447,60.9215],[155.9153,60.7133],[154.2315,59.8789],[154.3707,59.5775],[154.1187,59.4577],[154.9753,59.4949],[155.1753,59.1729],[154.4617,59.2167],[154.0283,59.0455],[153.3905,59.2421],[152.9141,58.9065],[152.3837,59.0179],[151.3095,58.8369],[151.0737,59.1105],[152.2879,59.2269],[151.7487,59.2961],[151.3861,59.5711],[150.7725,59.4345],[149.4245,59.7601],[149.0761,59.6445],[149.2267,59.4621],[148.7599,59.4805],[148.9991,59.3683],[148.9313,59.2341],[148.2101,59.4087],[147.4859,59.2395],[146.5019,59.4605],[146.3467,59.1989],[146.0415,59.1411],[145.7959,59.2621],[145.9145,59.4111],[145.6843,59.4217],[144.8623,59.3605],[144.7961,59.3857],[144.6693,59.3695],[144.4497,59.3663],[144.2463,59.3901],[144.3851,59.3665],[143.9041,59.3997],[143.4681,59.3209],[143.2111,59.3767],[142.4955,59.2085],[140.7853,58.3053],[140.4963,57.8233],[138.6199,56.9557],[138.1181,56.5737],[138.2255,56.4249],[135.2277,54.9025],[135.2615,54.7205],[135.7367,54.5707],[136.8389,54.6415],[136.7751,53.7691],[137.1725,53.8347],[137.2891,54.0337],[137.0619,54.1409],[137.1873,54.2147],[137.7387,54.3173],[137.3027,54.0565],[137.8613,53.9655],[137.3109,53.5329],[137.9017,53.5731],[138.5753,53.9901],[138.2579,53.5303],[138.4603,53.5207],[138.7663,53.9929],[138.6421,54.2953],[139.3417,54.1833],[139.7463,54.3089],[140.5553,53.6479],[141.4191,53.2903],[141.2001,52.9865],[140.8331,53.1213],[140.7345,53.1065],[141.2325,52.8657],[141.3127,52.6581],[141.1325,52.4047],[141.5463,52.1521],[140.9097,51.6183],[140.7915,51.4517],[140.8925,51.4247],[140.8723,51.3641],[140.6871,51.3145],[140.6801,50.9471],[140.4605,50.7067],[140.5193,50.1595],[140.6959,50.0875],[140.4075,49.8717],[140.5569,49.5601],[140.1759,48.4487],[139.2885,47.8131],[138.0581,46.1765],[135.8441,44.3625],[135.1365,43.4995],[133.9255,42.8679],[133.0501,42.6723],[132.9905,42.8207],[132.3105,42.8445],[132.3467,43.2957],[131.9571,43.0553],[131.8369,43.0755],[132.0565,43.3135],[131.8105,43.3257],[131.2215,42.5559],[130.7109,42.6851],[130.8711,42.5233],[130.7287,42.3117],[130.3857,42.3281],[129.7615,41.7605],[129.7157,40.8303],[129.2207,40.6991],[128.3225,40.0001],[127.5643,39.8387],[127.5665,39.3067],[127.5019,39.4273],[127.3345,39.4055],[127.4701,39.3429],[127.3745,39.2047],[128.3561,38.6789],[129.4269,37.0593],[129.3787,36.0209],[129.5847,36.0165],[129.1255,35.0903],[128.5895,35.2089],[128.6321,35.0641],[128.5381,35.1141],[128.3629,35.0397],[128.4987,35.0131],[128.4095,34.9889],[128.4753,34.8857],[128.4089,34.8295],[128.0443,34.9325],[128.0559,35.0807],[127.5881,34.9455],[127.7715,34.8545],[127.6455,34.6225],[127.5117,34.8897],[127.3483,34.8351],[127.5127,34.5845],[127.3377,34.4389],[127.1007,34.5059],[127.3437,34.7065],[127.2375,34.7723],[126.8875,34.4197],[126.7663,34.6125],[126.5191,34.2859],[126.5393,34.5771],[126.3827,34.5295],[126.2623,34.6929],[126.6179,34.6227],[126.3627,34.7411],[126.5977,34.7599],[126.6445,34.8129],[126.3679,34.7799],[126.4425,34.9733],[126.2451,35.1105],[126.4611,35.0679],[126.2973,35.2303],[126.6749,35.5323],[126.4575,35.6347],[126.9001,35.9085],[126.6087,35.8859],[126.4875,36.7279],[126.2847,36.5849],[126.1159,36.7691],[126.2993,36.9761],[126.2665,36.8023],[126.3497,36.7961],[126.3519,37.0069],[126.5649,36.8861],[126.4963,37.0589],[126.8369,36.8207],[127.0593,36.9913],[126.9069,36.9135],[126.7431,37.0413],[126.8465,37.1635],[126.6563,37.1515],[126.8693,37.2627],[126.5909,37.4499],[126.6921,37.4667],[126.5187,37.7619],[126.7663,37.6177],[126.6771,37.8219],[126.4087,37.9105],[126.2021,37.8719],[126.1503,37.8269],[126.1633,37.7411],[126.1321,37.7399],[126.0571,37.8717],[125.5859,38.0399],[125.7283,37.9121],[125.3415,37.6733],[125.5093,37.8919],[124.9765,37.9275],[125.2601,38.0807],[124.6545,38.1253],[124.9969,38.2189],[124.8567,38.3397],[124.9643,38.5841],[125.5621,38.6971],[125.1251,38.8677],[125.4437,39.5591],[124.7627,39.7735],[124.7449,39.6359],[124.6071,39.5851],[124.3719,40.0001],[124.0173,39.8047],[123.2867,39.8281],[123.2739,39.6891],[122.2115,39.3339],[121.8803,38.9481],[121.7059,39.0567],[121.6949,38.8597],[121.1427,38.7197],[121.0971,38.9225],[121.6521,39.0759],[121.5901,39.2629],[121.7355,39.2895],[121.7547,39.3197],[121.7589,39.3691],[121.9369,39.3991],[121.2523,39.3811],[121.5523,39.5383],[121.5521,39.6707],[121.4731,39.7921],[122.2803,40.4681],[121.8039,40.9529],[120.9711,40.8229],[120.4445,40.1927],[119.3941,39.7903],[119.2819,39.3989],[119.1889,39.3877],[118.9877,39.1909],[117.7235,39.0925],[117.5215,38.6863],[117.6621,38.4209],[118.0375,38.1271],[118.5203,38.0437],[118.8415,38.2089],[119.0773,37.7281],[118.8901,37.2877],[119.1173,37.2041],[119.7087,37.1397],[120.2997,37.5883],[120.2211,37.6829],[120.7351,37.8399],[121.5709,37.4181],[122.1175,37.5539],[122.7043,37.3879],[122.3839,37.0277],[122.5715,37.0399],[122.5141,36.8985],[122.1783,36.8455],[122.1947,37.0491],[121.6363,36.7413],[121.4437,36.8643],[121.3749,36.7037],[121.0243,36.5893],[120.7729,36.6219],[120.9737,36.5397],[120.8825,36.3735],[120.7003,36.4391],[120.7109,36.1351],[120.2817,36.0483],[120.3697,36.1665],[120.3241,36.2727],[120.1151,36.2011],[120.2933,35.9759],[119.6193,35.6107],[119.1755,34.9301],[119.7827,34.4145],[120.2885,34.3033],[120.8313,32.6177],[121.3533,32.3997],[121.3103,32.2047],[121.8815,31.7803],[121.2875,31.8861],[120.9505,31.8011],[120.8191,32.0001],[120.5219,32.0929],[120.2635,31.9469],[120.7283,31.9849],[121.8957,30.9761],[120.9047,30.3709],[120.2629,30.2947],[120.5049,30.3155],[120.5929,30.1155],[120.6783,30.0937],[121.2799,30.3123],[121.6783,29.9621],[122.0131,29.8729],[122.1309,29.8981],[121.4229,29.4661],[121.9969,29.5983],[121.9679,29.1967],[121.8011,29.1985],[121.8085,29.3785],[121.7415,29.1885],[121.6689,29.3209],[121.3957,29.1085],[121.7059,29.0169],[121.4959,28.9349],[121.6249,28.7193],[121.4423,28.6847],[121.6667,28.3439],[121.3585,28.1391],[121.2761,28.3611],[121.1713,28.3893],[120.9585,27.9851],[120.8187,27.9891],[120.6881,28.0453],[120.6431,28.0369],[120.8475,27.8729],[120.5173,27.1961],[120.0273,26.8675],[120.1373,26.7933],[120.1149,26.6307],[119.8373,26.5205],[119.8495,26.5881],[119.9887,26.6423],[120.0811,26.8011],[119.8645,26.6499],[119.8467,26.8599],[119.7239,26.7031],[119.5737,26.7933],[119.5541,26.6175],[119.8311,26.4445],[119.5705,26.4989],[119.5809,26.4211],[119.9581,26.3701],[119.5853,26.1315],[119.7117,25.9623],[119.4607,25.6549],[119.6553,25.3513],[119.5757,25.4565],[119.5213,25.4091],[119.5553,25.3815],[119.4827,25.3667],[119.4647,25.5143],[119.3661,25.5269],[119.3689,25.6075],[119.3149,25.6111],[119.1077,25.4237],[119.3723,25.2483],[119.1291,25.2717],[119.1071,25.1111],[119.0709,25.2841],[118.8791,25.2547],[118.8319,25.0801],[119.0295,24.9577],[118.7143,24.8453],[118.7465,24.9053],[118.6595,24.9771],[118.6323,24.7773],[118.7823,24.7695],[118.6529,24.5547],[118.4383,24.7217],[118.2343,24.5357],[118.1653,24.6833],[117.8737,24.4339],[118.1435,24.2679],[117.7669,23.9193],[117.7773,24.0525],[117.6459,24.0735],[117.7023,23.9563],[117.5853,23.7217],[117.5789,23.9065],[117.4121,23.9541],[117.4891,23.8317],[117.2705,23.7403],[117.2765,23.6351],[117.2421,23.6075],[116.9213,23.6629],[116.7699,23.3561],[116.5327,23.4209],[116.8015,23.2367],[116.5005,22.9463],[115.8157,22.7403],[115.6215,22.8707],[115.5681,22.6529],[115.2227,22.7817],[115.3241,22.9163],[114.8777,22.5425],[114.7761,22.8333],[114.5143,22.6993],[114.6119,22.4969],[114.3919,22.6093],[114.2729,22.5845],[114.2069,22.5273],[114.2539,22.5435],[114.2715,22.5045],[114.3015,22.4949],[114.3345,22.5031],[114.1613,22.4493],[114.1893,22.3725],[114.3983,22.4333],[114.2957,22.2535],[114.2523,22.3217],[113.9187,22.3729],[114.0491,22.5001],[113.8737,22.4721],[113.7839,22.7529],[113.6623,22.7457],[113.5313,23.0527],[113.5169,23.0469],[113.4759,23.0861],[113.4329,23.0933],[113.6165,22.7549],[113.3433,22.7983],[113.5685,22.5889],[113.4461,22.5893],[113.5657,22.1891],[113.5303,22.1805],[113.5391,22.2063],[113.5129,22.2351],[113.4535,22.2393],[113.4295,22.1809],[113.4289,22.2513],[113.2781,22.3763],[113.2661,22.0577],[113.1151,22.0751],[113.0801,22.4685],[113.0643,22.4341],[113.0007,22.5027],[112.9633,22.5047],[113.0873,22.2009],[112.9159,21.8529],[112.8331,22.0151],[112.8303,22.0193],[112.8033,22.0251],[112.5579,21.7591],[112.4207,21.8417],[112.5083,21.9483],[112.3919,22.0771],[112.3435,21.7111],[111.9267,21.8653],[112.0485,21.7773],[111.8707,21.6689],[111.7799,21.7873],[111.6645,21.7831],[111.7861,21.6189],[111.6401,21.5157],[111.0329,21.5359],[110.8593,21.3821],[110.7809,21.5105],[110.4311,21.1891],[110.5045,21.2983],[110.3797,21.4633],[110.3863,21.1571],[110.1599,21.1307],[110.1495,20.9889],[110.5211,20.4337],[109.9275,20.2285],[109.8665,20.4079],[110.0115,20.4425],[109.6639,20.9161],[109.9531,21.4845],[109.6751,21.5005],[109.5695,21.7621],[109.5363,21.5025],[109.1559,21.4017],[109.0759,21.6573],[108.9093,21.6179],[108.9079,21.7839],[108.8677,21.7541],[108.8711,21.8093],[108.7807,21.8207],[108.8637,21.6411],[108.7391,21.6075],[108.4773,21.9355],[108.4699,21.5625],[108.3577,21.7567],[108.2943,21.5443],[107.7791,21.5253],[107.3735,21.2605],[107.3915,21.1325],[103.7865,24.5005],[99.4641,27.9941],[96.7995,29.7705],[92.2401,31.3691],[89.1019,31.7837],[82.2925,32.1389],[73.5291,32.0205],[66.0685,30.3033],[62.0419,28.6453],[61.3315,28.0533],[58.6669,27.6979],[57.0167,26.8021],[56.7803,27.1401],[56.1451,27.1567],[54.6161,26.5047],[54.3133,26.7257],[53.7181,26.7041],[52.0441,27.8419],[51.4041,27.9255],[51.0339,28.8099],[50.8143,28.9225],[50.9251,29.0667],[50.6631,29.1365],[50.6375,29.4707],[50.0673,30.1975],[49.5595,29.9977],[48.9267,30.3879],[49.2171,30.3401],[49.2261,30.5121],[48.9021,30.4975],[49.0327,30.4447],[49.0145,30.4013],[48.9335,30.4149],[48.8693,30.3521],[48.9219,30.0249],[48.3447,29.9557],[48.0321,30.8439],[47.7017,30.9925],[47.7997,31.8657],[44.8649,33.7677],[44.6957,33.2305],[45.9195,32.7107],[46.8097,31.5361],[46.8269,31.1055],[46.5965,30.8617],[45.6487,30.8805],[45.0469,31.1055],[43.8363,31.9443],[43.4895,33.0079],[42.9747,33.1379],[42.3051,33.7859],[41.6143,34.1369],[40.6729,34.3213],[41.0311,34.6713],[42.2113,34.4871],[42.6475,34.2475],[42.9949,33.7133],[43.4339,33.8801],[43.6905,33.5301],[43.9759,33.4899],[43.9693,33.7305],[43.3113,34.1923],[43.2715,34.9529],[42.7715,35.2957],[42.7019,35.6437],[41.5519,35.9363],[41.5995,36.5745],[42.7885,36.7747],[42.7911,36.5017],[43.3319,36.3743],[45.0073,36.6893],[44.5761,37.1553],[43.3053,37.3013],[42.7863,37.1335],[42.7153,37.3461],[39.8243,36.4963],[38.5107,36.7139],[37.7409,36.5279],[37.7581,34.9407],[36.3227,32.5813],[35.8149,32.8061],[35.8033,33.3493],[35.9869,33.5143],[35.8353,33.4955],[35.7173,33.8613],[36.0607,34.3173],[35.9077,34.4745],[35.9721,35.2589],[35.7273,35.5843],[35.9901,36.0109],[35.7943,36.3273],[36.2187,36.6517],[36.0389,36.9305],[35.3491,36.5429],[34.6563,36.8061],[33.9587,36.2123],[33.8789,36.3137],[33.6945,36.1317],[32.8083,36.0191],[32.0261,36.5441],[31.0427,36.8575],[30.6213,36.8479],[30.4047,36.2001],[30.1875,36.3051],[29.6809,36.1215],[29.1193,36.3749],[29.0959,36.6821],[28.9291,36.7547],[28.8479,36.5903],[28.4611,36.8821],[28.2697,36.8561],[28.0347,36.5635],[28.1199,36.8077],[27.6783,36.6595],[27.3633,36.6881],[28.0345,36.7893],[28.3315,37.0505],[27.4249,37.0361],[27.2653,36.9681],[27.2545,37.1269],[27.4707,37.0839],[27.5777,37.1379],[27.6133,37.2745],[27.1907,37.3551],[27.2169,37.5887],[27.1615,37.6225],[27.0069,37.6661],[27.2399,37.7329],[27.2721,37.9663],[26.2343,38.2759],[26.2861,38.3791],[26.3827,38.3161],[26.5125,38.4199],[26.4157,38.6823],[26.6793,38.3161],[27.1685,38.4543],[26.7229,38.6533],[27.0655,38.8811],[26.6107,39.2815],[26.6719,39.2859],[26.8575,39.4451],[26.8587,39.4797],[26.9403,39.4941],[26.9525,39.5581],[26.0757,39.4753],[26.1645,39.9637],[26.7581,40.4095],[27.7693,40.3183],[27.7821,40.5361],[28.0381,40.4893],[27.9609,40.3613],[29.0599,40.3707],[29.1553,40.4453],[28.7857,40.5447],[29.9381,40.7289],[29.2661,40.8119],[29.0151,41.0287],[29.1009,41.1245],[29.0865,41.1709],[29.1575,41.2249],[31.2333,41.1041],[32.5843,41.8327],[33.3395,42.0255],[34.7169,41.9469],[34.9457,42.1019],[35.2217,42.0157],[35.0921,41.9179],[35.2943,41.7095],[35.9817,41.7361],[36.4031,41.2501],[36.8123,41.3587],[37.5155,41.0253],[37.6875,41.1349],[38.3549,40.9089],[39.4259,41.1055],[40.1825,40.9125],[41.4165,41.3889],[41.7759,41.8517],[41.4387,42.7317],[40.2949,43.1709],[38.7603,44.2703],[38.1809,44.3973],[37.7881,44.7251],[37.4883,44.6695],[37.2003,44.9817],[36.5753,45.1847],[36.9607,45.2751],[36.6247,45.3025],[36.7901,45.4361],[37.5301,45.3759],[37.9403,46.0259],[38.0955,45.9451],[38.2729,46.2669],[37.7041,46.7001],[38.5913,46.6591],[38.4109,46.8281],[39.2805,47.0171],[39.2259,47.2671],[38.0963,47.0245],[37.5657,47.0885],[36.1159,46.4863],[36.2487,46.6355],[35.9073,46.6511],[35.1745,46.1361],[34.9853,46.0759],[35.3369,46.3247],[35.3481,46.3531],[35.1981,46.4433],[34.8091,46.1655],[35.3353,45.3821],[36.3419,45.4767],[36.6367,45.3459],[36.4329,45.2753],[36.4397,45.0657],[35.5153,45.1161],[33.9557,44.3811],[33.3669,44.5793],[33.5453,44.6259],[33.5419,45.1119],[32.4805,45.3959],[33.1771,45.8071],[33.2461,45.7565],[33.4831,45.8569],[33.7641,45.9265],[33.6123,46.1459],[32.5095,46.0751],[31.7927,46.3313],[31.7023,46.2771],[31.7767,46.3321],[32.0609,46.3907],[31.7089,46.4371],[31.5079,46.5797],[32.3253,46.4645],[32.4237,46.4923],[31.9973,46.6465],[31.9751,46.8789],[31.8597,46.6283],[31.4303,46.6331],[31.5045,46.6631],[31.5497,46.7657],[30.8329,46.5483],[30.5093,46.0965],[30.2517,45.8767],[29.7277,45.5873],[29.8807,45.6781],[29.7401,45.6157],[29.6973,45.7817],[29.6409,45.8221],[29.7681,45.3337],[29.6147,44.8629],[29.0967,44.7571],[28.6561,44.3397],[28.5903,43.4923],[28.0973,43.3753],[27.9071,43.1937],[27.9071,42.7093],[27.4551,42.4815],[27.7365,42.4123],[28.2247,41.5321],[29.1133,41.2449],[28.9985,41.0193],[27.5225,40.9829],[26.1955,40.0447],[26.2191,40.3245],[26.8201,40.6537],[26.1193,40.6041],[25.9525,40.8507],[25.1413,41.0119],[24.8033,40.8527],[24.4335,40.9463],[23.7037,40.6991],[24.4049,40.1455],[23.9437,40.3641],[23.7421,40.3601],[23.7033,40.2955],[23.7841,40.1999],[24.0031,40.1149],[23.9363,39.9391],[23.6639,40.2313],[23.3469,40.2323],[23.7095,39.9095],[23.3605,39.9563],[23.3195,40.2317],[22.8995,40.3831],[22.9545,40.6377],[22.6013,40.4915],[22.5979,40.0233],[23.3533,39.1897],[23.2055,39.1003],[23.0603,39.0961],[23.0781,39.1503],[23.1027,39.1019],[23.2145,39.1529],[23.2203,39.1923],[22.9389,39.3617],[22.8229,39.2223],[23.0583,39.0207],[22.5245,38.8605],[23.1139,38.6253],[23.3147,38.6451],[23.3339,38.5027],[24.0837,38.1675],[24.0301,37.6523],[23.5309,38.0473],[22.9969,37.8821],[23.5185,37.4321],[23.2701,37.4029],[23.1699,37.2887],[23.1229,37.4515],[22.7213,37.5619],[23.1979,36.4383],[22.6277,36.8089],[22.4831,36.3879],[22.1199,37.0313],[21.9327,36.9845],[21.8831,36.7203],[21.7059,36.8199],[21.6531,37.4367],[21.1063,37.8533],[21.3713,38.2157],[21.9503,38.3323],[22.8777,37.9391],[23.2275,38.1547],[22.4167,38.4431],[21.4909,38.3011],[21.3183,38.4973],[21.1051,38.3417],[21.1011,38.5523],[20.7327,38.8555],[21.1737,38.8689],[21.1185,39.0413],[20.7309,38.9525],[19.9845,39.6899],[19.8727,40.0411],[19.4821,40.2199],[19.3027,40.4285],[19.4953,40.3575],[19.3217,40.6559],[19.5361,40.9129],[19.4009,41.4135],[19.6013,41.8139],[19.1769,41.9371],[19.0681,42.1325],[18.6847,42.3867],[18.5455,42.4183],[18.7061,42.3947],[18.7585,42.4905],[18.5123,42.4585],[18.5227,42.3945],[17.8927,42.7883],[17.0037,43.0079],[17.2789,43.0065],[17.4755,42.9107],[17.6899,42.8555],[17.7145,42.8773],[16.8851,43.3997],[15.9609,43.5027],[15.9559,43.6865],[15.8449,43.7761],[15.9999,43.8055],[15.9791,43.9053],[15.6957,43.7687],[15.2025,44.1319],[15.1079,44.2619],[15.2917,44.2457],[15.3029,44.2859],[15.2589,44.3199],[15.2723,44.3327],[15.6265,44.1461],[14.9873,44.5769],[14.8447,45.1133],[14.5435,45.3037],[14.3243,45.3507],[13.9051,44.7701],[13.4933,45.4861],[13.8091,45.6131],[13.5481,45.7973],[13.4481,45.7795],[13.5035,45.7355],[13.5479,45.7277],[13.5511,45.7233],[13.3977,45.6753],[13.3795,45.6827],[13.3667,45.7387],[13.1327,45.7709],[13.0993,45.6339],[12.4251,45.4289],[12.5983,45.5265],[12.5541,45.5719],[12.4649,45.5553],[12.1463,45.3855],[12.1613,45.2591],[12.3065,45.2307],[12.3597,45.0063],[12.5425,44.9617],[12.2667,44.8289],[12.2429,44.7227],[12.3879,44.2271],[13.6271,43.5519],[13.9515,42.7245],[14.7287,42.0937],[15.5071,41.9091],[15.3053,41.8821],[15.3411,41.8659],[16.1487,41.9111],[15.9565,41.4631],[18.0165,40.6409],[18.5135,40.1303],[18.3493,39.7895],[17.8539,40.2819],[17.1297,40.5193],[16.8979,40.4343],[16.4881,39.7787],[17.1583,39.4007],[17.2137,39.0259],[16.6173,38.8139],[16.5765,38.4241],[16.0663,37.9233],[15.6381,38.0167],[15.8477,38.6553],[16.2241,38.8557],[15.6627,40.0391],[15.3323,40.0001],[14.9017,40.2461],[14.9881,40.4129],[14.7921,40.6637],[14.3253,40.5759],[14.4567,40.7439],[14.0289,40.7929],[13.7105,41.2505],[13.0479,41.2255],[11.6461,42.2879],[11.0999,42.3931],[11.0859,42.6387],[10.4933,42.9383],[10.5197,43.2691],[10.1655,43.9613],[8.7639,44.4305],[8.0741,43.8941],[7.2435,43.7025],[6.7317,43.4161],[6.6437,43.1759],[6.1507,43.0301],[5.3537,43.2145],[5.3097,43.3677],[4.8445,43.3413],[4.8295,43.3793],[4.7407,43.4289],[4.7501,43.4735],[4.7347,43.5219],[4.7119,43.5585],[4.6811,43.5815],[4.7271,43.4415],[4.8323,43.3391],[4.0711,43.5677],[3.2255,43.2121],[2.9915,42.9623],[3.0399,42.5567],[3.3151,42.3275],[3.0391,42.1749],[3.2007,41.8983],[2.1185,41.2973],[0.9811,41.0399],[0.7075,40.8033],[0.8561,40.7237],[0.7933,40.7023],[0.6843,40.7293],[0.5919,40.7181],[0.7999,40.7001],[0.8639,40.7189],[0.8813,40.7389],[0.8877,40.7135],[-0.0442,39.9295],[-0.3247,39.4023],[-0.1369,38.9753],[0.2325,38.7377],[-0.5033,38.3305],[-0.8589,37.7193],[-0.7325,37.6013],[-1.3207,37.5591],[-1.8221,37.1655],[-2.0091,37.6559],[-2.5041,38.1267],[-2.2416,38.8373],[-2.663,39.5027],[-4.5509,40.0527],[-5.3871,39.8977],[-7.4292,38.9791],[-7.8184,38.3401],[-7.9312,37.0009],[-8.5034,37.1521],[-8.9916,37.0197],[-8.7253,37.6787],[-8.9062,38.4899],[-8.8003,38.4041],[-8.6222,38.4061],[-8.7434,38.5595],[-9.2167,38.4175],[-9.2661,38.6687],[-9.0439,38.6027],[-8.9208,38.7623],[-8.9775,38.9451],[-8.9389,38.9709],[-8.9148,39.0209],[-8.8158,39.0271],[-8.7525,39.0663],[-8.7188,39.1133],[-8.9338,39.0157],[-9.0696,38.8361],[-9.1303,38.7043],[-9.4959,38.7795],[-9.4041,39.3609],[-9.1934,39.3805],[-8.7549,40.1383],[-8.9089,40.1877],[-8.6088,40.7343],[-8.6562,40.8585],[-8.7224,40.6675],[-8.7514,40.6463],[-8.643,41.1453],[-8.8938,42.1085],[-8.6046,42.2911],[-8.8645,42.2543],[-8.6602,42.4199],[-8.9353,42.4627],[-8.8169,42.4565],[-8.7406,42.6511],[-9.0356,42.5213],[-8.8759,42.8243],[-9.2654,42.8823],[-9.206,43.1573],[-8.8365,43.3457],[-8.2051,43.2825],[-8.307,43.4441],[-8.2026,43.4585],[-8.1578,43.5055],[-8.3306,43.4571],[-8.3171,43.5661],[-7.6768,43.7917],[-7.0494,43.4813],[-6.102,43.4855],[-5.8366,43.6609],[-4.5085,43.3833],[-3.5872,43.5141],[-2.9782,43.3105],[-2.7501,43.4539],[-1.7885,43.3555],[-1.4244,43.6615],[-1.2539,44.5511],[-1.0201,44.6553],[-1.1644,44.7733],[-1.2632,44.6285],[-1.1327,45.5155],[-1.0609,45.5679],[-0.6775,45.0775],[-0.5992,45.0151],[-0.5586,45.0355],[-0.8241,45.4897],[-1.2346,45.6889],[-0.9894,45.9597],[-1.2394,46.1657],[-1.1179,46.2947],[-1.8046,46.4871],[-2.139,46.8171],[-1.9844,47.0325],[-2.2432,47.1345],[-2.0089,47.3161],[-2.4915,47.2699],[-2.4778,47.5127],[-2.8105,47.4861],[-2.9107,47.5415],[-2.7337,47.5397],[-2.6566,47.6099],[-2.706,47.6385],[-2.9738,47.6567],[-3.1096,47.4701],[-3.1365,47.7393],[-3.8514,47.7845],[-4.1015,47.9707],[-4.3661,47.7897],[-4.7385,48.0423],[-4.2941,48.1057],[-4.5577,48.1707],[-4.6331,48.2831],[-4.5561,48.3431],[-4.5182,48.2839],[-4.1894,48.3001],[-4.4616,48.3305],[-4.2869,48.4409],[-4.7747,48.3335],[-4.7661,48.5335],[-3.6014,48.6725],[-3.5437,48.8283],[-3.4002,48.8057],[-3.0781,48.8875],[-2.6922,48.4981],[-2.3252,48.6913],[-2.2271,48.5639],[-1.3589,48.6375],[-1.5722,48.7513],[-1.5476,49.2249],[-1.9396,49.7335],[-1.2685,49.7043],[-1.1415,49.3173],[-0.2292,49.2691],[0.1311,49.4043],[0.3435,49.4325],[0.4815,49.4763],[0.0691,49.5173],[0.2109,49.7175],[1.6723,50.1855],[1.5881,50.8753],[3.5115,51.4101],[3.7693,51.3431],[4.2389,51.3523],[3.4369,51.5369],[4.2975,51.4555],[3.9885,51.5909],[4.1837,51.6049],[4.1075,51.6427],[4.2855,51.6333],[4.3779,51.6567],[4.4031,51.6935],[4.2699,51.6563],[4.0025,51.7987],[3.9693,51.8021],[3.9523,51.8019],[3.9161,51.7951],[3.8699,51.7725],[3.9799,51.8445],[4.3411,51.7051],[4.5003,51.6843],[4.6405,51.7113],[4.0595,51.8395],[4.0145,51.9641],[4.6451,52.4677],[4.7367,52.9653],[5.3031,52.7095],[5.0251,52.6303],[5.0135,52.3755],[4.8423,52.4271],[4.7705,52.4307],[4.7779,52.4057],[5.1387,52.3293],[5.6615,52.6127],[5.7175,52.8401],[5.3613,52.8871],[5.6149,53.3135],[6.8149,53.4671],[6.9033,53.3535],[7.2157,53.2383],[7.0017,53.3611],[7.1029,53.5923],[7.8665,53.7179],[8.2055,53.4059],[8.2765,53.6127],[8.5569,53.5425],[8.4881,53.4797],[8.4985,53.3637],[8.5761,53.5389],[8.4853,53.6831],[8.6651,53.8935],[9.2819,53.8579],[9.5725,53.5993],[9.6917,53.5505],[9.8291,53.5343],[9.3319,53.8587],[8.9197,53.9299],[9.0215,54.0897],[8.8113,54.1769],[8.9645,54.3147],[8.5785,54.3069],[9.0501,54.4767],[8.8127,54.4747],[8.9763,54.5347],[8.7267,54.7247],[8.7115,54.6773],[8.6505,54.6439],[8.5345,54.6303],[8.7127,54.6967],[8.6123,54.8845],[8.2819,54.7473],[8.3003,54.9209],[8.4021,55.0539],[8.3727,54.8993],[8.6451,54.8963],[8.6773,55.3357],[8.3073,55.5943],[8.2395,55.5625],[8.3135,55.4683],[8.0771,55.5617],[8.1267,56.5461],[8.1717,56.6585],[8.2277,56.7037],[8.5553,56.5551],[8.2271,56.7579],[8.5895,57.1043],[9.3967,57.1551],[9.9535,57.5889],[10.6613,57.7399],[10.4357,57.5935],[10.5597,57.2243],[10.1897,56.7011],[10.9621,56.4339],[10.7041,56.1345],[10.3523,56.1905],[10.4587,56.2899],[10.2567,56.1813],[10.1971,55.8409],[10.0807,55.8875],[9.8577,55.8551],[10.0345,55.7001],[9.5445,55.7079],[9.8619,55.6281],[9.5017,55.4957],[9.6951,55.4651],[9.5157,55.2523],[9.7167,55.2389],[9.5007,55.1579],[9.4281,55.0273],[9.7825,54.9109],[9.7443,54.8403],[9.6307,54.9363],[9.4233,54.8323],[9.9601,54.7821],[10.0287,54.5529],[9.8419,54.4725],[10.1997,54.4581],[10.1317,54.3163],[11.1357,54.3903],[10.7759,53.8909],[11.4611,53.8989],[11.6913,54.1537],[12.0867,54.1839],[12.0899,54.1113],[12.1119,54.0953],[12.1521,54.0933],[12.0965,54.1779],[12.5283,54.4853],[12.9283,54.4293],[12.6965,54.4331],[12.4381,54.3805],[12.3665,54.2681],[13.0269,54.4397],[13.1065,54.2841],[13.4603,54.0881],[13.4965,54.1255],[13.7243,54.1637],[13.8227,53.8407],[14.5807,53.5823],[14.5381,53.7023],[14.7609,53.9269],[14.8017,54.0321],[14.7311,54.0247],[16.1563,54.2865],[17.2789,54.7405],[18.3319,54.8361],[18.7315,54.6837],[18.8295,54.6117],[18.4183,54.7761],[18.5841,54.4331],[18.9405,54.3417],[19.8983,54.6261],[19.2319,54.3395],[19.3731,54.2231],[20.3983,54.6737],[19.8727,54.6407],[19.9695,54.9575],[20.5487,54.9965],[21.0395,55.4009],[21.0583,56.8129],[21.4097,57.0363],[21.6959,57.5621],[22.6089,57.7617],[23.2643,57.0923],[23.6363,56.9661],[24.4089,57.2541],[24.3151,57.8719],[24.5595,58.3207],[23.7361,58.3515],[23.5011,58.5771],[23.7627,58.7625],[23.4629,58.7737],[23.4311,58.9395],[23.6379,58.9705],[23.4073,59.0187],[23.4997,59.2253],[24.0273,59.2879],[24.3633,59.4751],[24.7287,59.4577],[24.8011,59.5703],[25.4017,59.4891],[25.6979,59.6763],[27.8953,59.4095],[28.0803,59.7965],[28.3741,59.6611],[28.5005,59.8575],[28.8387,59.7847],[29.1873,60.0071],[30.1557,59.8639],[30.2467,59.9669],[28.6209,60.3523],[28.4297,60.5691],[28.4991,60.5587],[28.5821,60.4903],[28.6673,60.4589],[28.7021,60.4551],[28.6969,60.5019],[28.6913,60.5015],[28.6789,60.5195],[28.6615,60.5281],[28.6507,60.5899],[28.5531,60.6045],[28.6829,60.6139],[28.6689,60.7363],[28.4065,60.6599],[28.2421,60.5117],[27.7679,60.5825],[26.4457,60.4937],[26.4121,60.4081],[26.5421,60.3513],[26.0723,60.4361],[26.1177,60.3231],[25.9373,60.3609],[25.7903,60.2371],[25.6423,60.3093],[25.7221,60.3361],[25.6769,60.3811],[24.8469,60.2113],[24.8457,60.1675],[24.6587,60.1361],[24.4167,59.9627],[24.3127,60.0873],[23.3947,59.9231],[23.4861,59.9987],[23.4699,60.0247],[23.2325,59.8917],[23.2485,59.8437],[22.9233,59.8089],[23.1651,59.8921],[23.2335,60.0339],[23.0341,59.9093],[22.8853,59.9237],[22.8191,59.9803],[22.8197,60.0201],[22.9843,59.9703],[23.2645,60.0619],[22.8751,60.1639],[23.0403,60.3257],[22.9825,60.3317],[22.5363,60.2121],[22.6493,60.4079],[21.9007,60.5561],[21.8961,60.4819],[21.8313,60.5017],[21.7463,60.4817],[21.8299,60.5421],[21.8555,60.6503],[21.6727,60.5997],[21.6599,60.5201],[21.5849,60.4937],[21.6139,60.5213],[21.5765,60.5655],[21.4299,60.6041],[21.4475,60.7879],[21.3433,60.8863],[21.2171,60.9083],[21.4455,60.9107],[21.3017,61.0817],[21.6173,61.2273],[21.4937,61.5829],[21.7235,61.5513],[21.4269,61.9525],[21.2839,61.9937],[21.4529,62.2135],[21.0815,62.6239],[21.1767,62.7453],[21.1231,62.7945],[21.4183,62.8779],[21.4731,63.0567],[21.6921,63.0511],[21.5449,63.2647],[22.0027,63.1575],[22.3665,63.2853],[22.3755,63.3547],[22.2023,63.4537],[22.4053,63.4371],[22.2967,63.4987],[22.3243,63.5731],[22.4123,63.4719],[22.6149,63.7229],[22.8121,63.6453],[22.9371,63.7147],[22.8777,63.8019],[22.6997,63.8389],[23.4229,63.9399],[23.4073,64.0797],[23.6201,64.0449],[24.3769,64.5469],[24.5443,64.8167],[25.4905,64.9689],[25.3765,65.1033],[25.2275,65.1263],[25.3547,65.4535],[25.0499,65.6219],[24.2311,65.8251],[23.0677,65.8823],[23.2337,65.7741],[23.1287,65.7549],[23.1005,65.6997],[22.6353,65.9139],[22.6919,65.7573],[22.6197,65.8105],[22.5075,65.7845],[22.4591,65.8655],[22.3435,65.8735],[22.1993,65.7609],[22.1471,65.6127],[22.3037,65.6627],[22.4021,65.5383],[22.0791,65.6153],[22.0203,65.5977],[21.7445,65.7565],[21.8233,65.6711],[22.1505,65.5451],[22.1895,65.5505],[22.0809,65.5289],[22.0715,65.5049],[21.8569,65.5477],[21.8231,65.5319],[21.9989,65.4105],[21.5457,65.4281],[21.6431,65.3453],[21.5013,65.4031],[21.4239,65.3599],[21.7455,65.1931],[21.3087,65.3769],[21.2399,65.3343],[21.5923,65.1387],[21.0039,64.8453],[21.6147,64.4379],[21.0751,64.2285],[20.6755,63.7947],[20.5047,63.8377],[20.4051,63.6727],[20.3193,63.7853],[19.6695,63.4341],[19.4473,63.5735],[19.0447,63.1943],[18.8889,63.2981],[18.7253,63.2911],[18.7201,63.2663],[18.9077,63.2339],[18.2149,63.0143],[18.4903,63.0035],[18.5595,62.9651],[18.2123,62.8865],[18.2861,62.8271],[18.1299,62.7691],[17.9615,62.7995],[17.9123,62.9651],[17.7981,62.9859],[17.8369,63.0129],[17.7767,63.1099],[17.6959,63.1517],[17.6379,63.1717],[17.6089,63.1725],[17.9997,62.6633],[17.8657,62.6733],[17.7227,62.4335],[17.4383,62.5499],[17.3399,62.4759],[17.3957,62.3069],[17.6697,62.2315],[17.3117,61.8565],[17.4921,61.6187],[17.1249,61.7225],[17.2613,61.6575],[17.1269,61.6503],[17.1083,61.6203],[17.2481,61.6043],[17.0749,61.6123],[17.0497,61.5751],[17.2267,61.5485],[17.0569,61.5473],[17.2823,61.2809],[17.1197,61.3075],[17.1461,61.0073],[17.2477,61.0099],[17.0847,60.9005],[17.3585,60.7571],[17.1541,60.6841],[17.7415,60.4965],[18.0187,60.5907],[18.2361,60.3367],[18.6121,60.2505],[18.3151,60.3105],[18.5919,60.0505],[18.8169,59.9801],[18.8225,60.1185],[19.0919,59.8803],[18.8499,59.9469],[18.9529,59.8517],[18.7301,59.7571],[19.0943,59.7553],[18.7233,59.6819],[18.2383,59.4371],[18.3365,59.3853],[17.9675,59.4377],[18.4755,59.1703],[18.1985,59.1089],[18.0543,59.0267],[18.0185,59.0469],[17.9037,58.8517],[17.6763,59.1783],[17.5821,58.9495],[17.6341,58.8943],[17.4673,58.8889],[17.5143,58.7799],[17.0967,58.7733],[16.9441,58.6109],[16.3579,58.6637],[16.2039,58.6413],[16.9559,58.4809],[16.3133,58.4933],[16.8011,58.3613],[16.6367,58.3455],[16.8591,58.1753],[16.6199,58.2015],[16.7889,58.0787],[16.6327,57.9827],[16.8099,57.8713],[16.5943,57.9267],[16.4815,57.8915],[16.6757,57.7611],[16.4175,57.9251],[16.7419,57.7005],[16.5403,57.7287],[16.6645,57.6081],[16.5815,57.6507],[16.5207,57.5635],[16.7151,57.4887],[16.4715,57.2603],[16.4721,57.1489],[16.5857,57.0459],[16.4577,57.0315],[16.3957,56.6773],[15.8595,56.0709],[15.8347,56.1653],[15.6041,56.2029],[15.0247,56.1875],[14.3393,55.9561],[14.1967,55.7333],[14.3527,55.5133],[14.1875,55.3803],[12.8137,55.3787],[13.0673,55.6731],[12.4483,56.2935],[12.7815,56.2127],[12.6195,56.4177],[12.9385,56.5755],[12.3633,56.9173],[12.1229,57.4299],[11.9545,57.3589],[11.9713,57.3897],[11.9123,57.4375],[11.9319,57.6235],[11.7139,57.7179],[11.8317,57.7809],[11.6823,57.8535],[11.7917,57.9071],[11.7585,57.9489],[11.8213,57.9981],[11.8289,58.0269],[11.8163,58.0693],[11.8177,58.0729],[11.8053,58.0813],[11.9285,58.2227],[11.8251,58.3123],[11.9167,58.3329],[11.9201,58.3519],[11.7049,58.3405],[11.5245,58.2479],[11.7183,58.4321],[11.5831,58.4785],[11.4715,58.2747],[11.4633,58.4551],[11.2439,58.3535],[11.3507,58.4849],[11.2579,58.5217],[11.3107,58.5809],[11.2551,58.6911],[11.1635,58.7503],[11.2593,58.7231],[11.2399,58.8351],[11.1935,58.9311],[11.1187,58.9701],[11.2267,59.1343],[11.1859,59.1957],[10.8307,59.1525],[10.8127,59.3195],[10.5921,59.4295],[10.6957,59.5261],[10.5885,59.7631],[10.6663,59.8715],[10.7467,59.7115],[10.7919,59.8469],[10.7609,59.9083],[10.5379,59.8907],[10.4839,59.8381],[10.5359,59.6869],[10.6317,59.5953],[10.5143,59.5165],[10.4377,59.6827],[10.2881,59.7525],[10.2165,59.7415],[10.3877,59.6743],[10.3901,59.5281],[10.2397,59.5683],[10.5291,59.3095],[10.4257,59.2597],[10.4383,59.1627],[10.3665,59.1741],[10.4029,59.2637],[10.3749,59.2723],[10.2769,59.0401],[10.2327,59.1233],[9.8487,58.9595],[9.8527,59.0171],[9.7939,59.0913],[9.5179,59.1285],[9.7223,59.0335],[9.7531,58.9911],[9.3019,58.8877],[9.2891,58.8381],[9.4657,58.8319],[9.3539,58.7521],[9.0715,58.7559],[9.2465,58.7243],[8.9857,58.6731],[9.2311,58.6847],[8.9401,58.6171],[8.2051,58.1865],[8.2427,58.1207],[8.1953,58.1645],[8.0665,58.1145],[8.1585,58.2523],[8.0331,58.2293],[7.9585,58.0773],[7.1807,58.0581],[7.0581,57.9779],[7.1441,58.0689],[6.9969,58.0291],[6.9759,58.0359],[7.0115,58.0585],[7.0123,58.0641],[7.0151,58.0657],[7.0111,58.0735],[7.0591,58.1205],[6.8227,58.0931],[7.0503,58.1371],[6.8767,58.1961],[6.8013,58.0555],[6.5577,58.1143],[6.9149,58.2811],[6.0503,58.3737],[5.9833,58.4667],[5.6827,58.5431],[5.4889,58.7529],[5.5809,59.0373],[5.7455,58.8549],[5.8897,58.9727],[5.9737,58.9065],[6.1755,58.8363],[6.1491,58.9573],[6.6537,59.0573],[6.2671,59.0131],[6.1111,58.9471],[6.0763,58.9079],[6.0809,59.0027],[5.8881,59.0719],[6.5559,59.3187],[6.0215,59.3403],[6.6077,59.5611],[6.2729,59.5213],[6.3643,59.6421],[6.3369,59.6509],[6.2197,59.4751],[5.9771,59.3519],[6.1899,59.4879],[5.8529,59.5461],[5.6699,59.3975],[5.8865,59.3451],[5.7469,59.3431],[5.6625,59.2915],[5.6575,59.2859],[5.6641,59.2615],[5.6443,59.3203],[5.6841,59.3299],[5.6319,59.4051],[5.5139,59.2711],[5.3815,59.4211],[5.3543,59.2697],[5.3433,59.3291],[5.2165,59.5005],[5.5101,59.7335],[5.4565,59.4831],[5.5859,59.6873],[5.7905,59.6039],[6.3319,59.8467],[6.0105,59.7551],[5.6645,59.8529],[5.9875,59.9575],[6.0497,60.0761],[6.3095,60.1295],[6.0787,60.1949],[6.5835,60.4357],[6.6713,60.4037],[6.5511,60.1911],[6.5441,60.0761],[7.0377,60.5843],[6.2209,60.4695],[5.7697,59.9827],[5.7675,60.1885],[5.5815,60.1675],[5.7623,60.3927],[5.4431,60.1373],[5.3611,60.2333],[5.2487,60.2125],[5.1747,60.3687],[5.3529,60.3819],[5.2991,60.5253],[5.4651,60.4219],[5.4621,60.4525],[5.5127,60.4251],[5.5613,60.4255],[5.7329,60.4555],[5.7947,60.7289],[5.7135,60.7651],[5.2923,60.5425],[5.2087,60.6231],[5.1231,60.6515]],[[33.4307,45.8343],[33.4279,45.8329],[33.4325,45.8345],[33.4307,45.8343]],[[164.1383,59.9309],[164.1369,59.9287],[164.1423,59.9341],[164.1383,59.9309]],[[31.5661,46.7805],[31.5685,46.7811],[31.5707,46.7847],[31.5661,46.7805]],[[154.2723,59.6631],[154.2825,59.6527],[154.2813,59.6559],[154.2723,59.6631]],[[164.1683,59.9501],[164.1513,59.9399],[164.1737,59.9519],[164.1683,59.9501]],[[32.2355,46.1761],[32.2373,46.1725],[32.2433,46.1731],[32.2355,46.1761]],[[54.8059,37.5617],[54.8019,37.5527],[54.8063,37.5557],[54.8059,37.5617]],[[164.3301,60.0137],[164.3355,60.0093],[164.3403,60.0173],[164.3301,60.0137]],[[34.6853,65.7957],[34.6987,65.8007],[34.6909,65.8039],[34.6853,65.7957]],[[54.7917,37.5299],[54.7979,37.5289],[54.7979,37.5439],[54.7917,37.5299]],[[140.8811,51.4235],[140.8529,51.4157],[140.8813,51.4217],[140.8811,51.4235]],[[144.5223,59.3741],[144.5535,59.3713],[144.5901,59.3719],[144.5223,59.3741]],[[31.5933,46.8051],[31.5761,46.7897],[31.5949,46.8003],[31.5933,46.8051]],[[55.0725,37.9079],[55.0661,37.9013],[55.1103,37.9351],[55.0725,37.9079]],[[154.5343,60.0525],[154.5311,60.0395],[154.5627,60.0791],[154.5343,60.0525]],[[164.2187,59.9753],[164.2037,59.9673],[164.2679,59.9921],[164.2187,59.9753]],[[54.8191,37.6055],[54.8095,37.5857],[54.8097,37.5751],[54.8191,37.6055]],[[32.0321,67.1155],[31.9301,67.1367],[31.8849,67.1371],[32.0321,67.1155]],[[163.1977,59.1011],[163.2327,59.0503],[163.2505,59.0745],[163.1977,59.1011]],[[54.7815,37.6411],[54.8399,37.7449],[54.8567,37.7607],[54.8921,37.7657],[54.9501,37.8021],[54.7815,37.6411]],[[13.3901,45.6857],[13.4401,45.6893],[13.4659,45.7073],[13.4007,45.7253],[13.3901,45.6857]],[[40.3959,64.5403],[40.2861,64.5893],[40.1535,64.5697],[40.1781,64.5569],[40.3959,64.5403]],[[36.8525,36.4149],[36.8865,36.3487],[36.9225,36.4233],[36.8525,36.4149]],[[32.8681,66.5811],[33.0817,66.5805],[33.2683,66.6145],[33.1217,66.6459],[32.8681,66.5811]],[[55.4427,38.0861],[55.1923,37.9523],[55.5267,38.0959],[55.4427,38.0861]],[[48.5773,45.9519],[48.6755,45.7649],[48.7381,45.7895],[48.5773,45.9519]],[[44.2047,34.4987],[44.4057,34.1553],[44.4527,34.1633],[44.2047,34.4987]],[[8.1973,55.8679],[8.3829,55.9353],[8.1347,56.1189],[8.1973,55.8679]],[[35.9259,33.8477],[36.0807,33.7033],[36.1227,33.9807],[36.0569,33.9965],[35.9259,33.8477]],[[20.5311,54.9611],[21.2467,54.9503],[21.2893,55.2917],[21.1837,55.3409],[21.2473,55.4633],[21.1403,55.6823],[21.0987,55.7219],[21.0629,55.3313],[20.5311,54.9611]],[[7.8313,46.4567],[7.8637,46.2817],[8.2033,46.2567],[8.8189,46.5689],[8.8771,46.7685],[7.8313,46.4567]],[[7.6741,61.8539],[7.4607,61.6251],[7.9025,61.3301],[7.8703,60.8807],[7.0805,60.0527],[7.0311,59.5861],[7.3095,59.5417],[7.6899,59.8087],[7.7999,60.3959],[8.1857,60.7817],[8.0765,61.4941],[7.6741,61.8539]],[[12.2053,47.1541],[11.5027,47.0547],[10.7367,46.5939],[11.6011,46.7435],[12.3969,46.3941],[13.8765,46.1941],[13.8829,46.3817],[12.3731,46.7809],[12.2053,47.1541]],[[7.1309,44.2665],[7.3133,45.5421],[8.7195,46.1191],[8.5803,46.3067],[7.7171,46.1065],[6.7067,45.6049],[6.6913,44.6465],[6.9519,44.2157],[7.1309,44.2665]],[[44.4735,32.7851],[44.5007,32.1523],[45.7045,31.3489],[46.1491,31.2553],[45.8373,31.5547],[45.6509,32.2827],[44.4735,32.7851]],[[45.3721,36.1099],[44.0483,35.7259],[45.1363,34.7553],[45.4137,35.1673],[46.1303,35.3235],[46.0099,35.6713],[46.3011,35.7645],[45.7629,35.8009],[45.3721,36.1099]],[[48.4969,45.8683],[48.3921,45.5921],[48.2689,45.7473],[47.5523,45.7695],[47.6373,45.5531],[47.4911,45.7245],[47.3803,45.7447],[47.5693,45.5575],[46.6851,44.4911],[47.2271,44.2251],[47.5217,43.7769],[47.7389,43.9147],[47.4639,43.0155],[48.3845,41.9291],[49.0401,41.4141],[49.5281,40.6629],[50.3589,40.3703],[50.3635,40.1957],[50.1241,40.3583],[49.8475,40.3223],[49.4881,40.1505],[49.2809,39.5005],[49.4393,39.2739],[49.2567,39.3173],[49.2021,39.0247],[49.1005,38.9389],[49.1481,39.0933],[48.9549,39.1639],[49.0041,37.7267],[50.1995,37.3855],[50.4831,37.0231],[51.6733,36.5993],[54.0161,36.9475],[53.5767,36.8121],[54.0241,36.8067],[54.0391,36.9467],[53.8979,37.3409],[54.1331,37.3351],[53.9057,37.3509],[53.8037,37.9019],[53.9839,38.9159],[53.5415,39.3359],[53.1647,39.3479],[53.1601,39.1801],[53.1225,39.4351],[53.2643,39.6553],[53.2119,39.5187],[53.7339,39.5123],[53.4083,39.6659],[53.5759,39.9661],[52.9347,39.9905],[53.0389,39.7397],[52.6903,40.2719],[52.9187,41.0817],[53.1117,40.7679],[53.4737,40.7289],[53.5967,40.8945],[53.7465,40.6153],[54.4179,40.7037],[54.2447,40.8803],[54.7021,40.8717],[54.7339,41.1023],[54.0729,41.4755],[53.9089,42.0547],[53.6519,42.1431],[52.9467,41.9731],[52.8761,41.0489],[52.4305,41.7559],[52.4059,42.0945],[52.7383,42.7103],[51.9025,42.8419],[51.6557,43.1833],[51.2657,43.1531],[51.3159,43.4497],[50.8401,44.1931],[50.2305,44.3745],[50.3157,44.6587],[51.5703,44.5139],[50.9531,44.8619],[51.4053,45.3705],[53.2281,45.3379],[52.7331,45.5495],[53.0859,46.0073],[53.1643,46.3173],[52.9967,46.4881],[53.1943,46.7151],[52.8659,46.9521],[51.7093,46.8457],[51.5953,47.0473],[51.1901,47.1147],[50.4303,46.9011],[49.7685,46.4913],[49.8273,46.3661],[49.5659,46.3723],[49.6189,46.2701],[49.2795,46.4377],[49.1371,46.1139],[48.8135,46.0641],[48.7267,45.6263],[48.4969,45.8683]]],[[[7.9501,36.8465],[9.8651,37.3351],[9.7635,37.2245],[9.8271,37.1433],[9.8829,37.2729],[10.2789,37.1881],[10.1323,37.1477],[10.3609,36.7277],[11.0385,37.0941],[11.1357,36.8767],[10.4707,36.1559],[10.6553,35.8181],[11.0499,35.6339],[11.1613,35.2309],[10.7259,34.6511],[10.0865,34.2751],[10.0091,34.0055],[10.1853,33.8199],[10.4483,33.6303],[10.7365,33.7069],[10.7527,33.4805],[11.0527,33.6271],[11.2981,33.2797],[11.1409,33.3179],[11.1913,33.2057],[12.3135,32.8355],[13.3897,32.9005],[15.2119,32.3861],[15.4039,31.8609],[13.8909,31.6431],[13.0819,32.4757],[11.8783,32.6857],[11.7795,32.1945],[10.7011,31.8887],[8.9883,32.7481],[6.1767,32.4697],[3.8817,33.3277],[2.9453,33.3297],[-0.7278,32.3123],[-1.0238,32.2987],[-1.1637,32.6395],[-1.7072,33.0175],[-1.113,33.4955],[1.3325,34.4549],[2.8649,34.7481],[4.6549,35.4845],[4.0433,35.6899],[2.8809,35.5569],[-0.8092,34.5677],[-2.2392,33.8245],[-7.9231,29.6089],[-10.9583,28.7981],[-10.2399,29.2897],[-9.6738,30.0811],[-9.6031,30.3959],[-9.8944,30.6379],[-9.8467,31.3939],[-9.2641,32.1783],[-9.2777,32.5509],[-8.515,33.2649],[-6.8311,34.0443],[-5.8986,35.8131],[-5.2822,35.9111],[-5.2345,35.5575],[-4.4287,35.1605],[-3.338,35.1957],[-2.9635,35.4539],[-2.9161,35.1841],[-2.813,35.1163],[-2.9083,35.2563],[-1.9538,35.0795],[-1.2925,35.3623],[-0.9406,35.7337],[-0.3719,35.9147],[-0.1079,35.7949],[0.3453,36.2029],[1.3529,36.5557],[1.6253,36.2357],[2.5703,36.1925],[2.8353,36.2645],[2.6107,36.6055],[2.9049,36.8061],[4.4345,36.9159],[4.9381,36.8405],[4.6863,36.6013],[4.7549,36.4279],[5.3331,36.3745],[5.9655,36.4947],[5.9305,36.8337],[6.3645,37.0801],[6.6651,36.9567],[6.7207,36.6013],[7.0011,36.5747],[7.2295,36.6147],[7.1753,37.0857],[7.9501,36.8465]]],[[[134.1895,34.7369],[133.9377,34.4487],[133.4911,34.5127],[132.6881,34.2047],[132.3553,34.3569],[132.2283,34.2379],[132.1459,33.8287],[131.7491,34.0651],[131.2301,33.9123],[131.0439,34.0559],[130.9253,33.9061],[130.8765,33.9451],[130.9785,34.4399],[131.4183,34.4237],[132.6323,35.4307],[133.0855,35.6009],[133.4113,35.4521],[135.2295,35.7789],[135.3157,35.4489],[136.0833,35.6671],[135.9621,35.9855],[136.6903,36.7217],[136.7613,37.3633],[137.3573,37.5013],[136.8657,37.1075],[137.0635,37.1085],[136.9883,36.8731],[137.2267,36.7363],[138.5509,37.3689],[138.8299,37.7999],[139.4193,38.1495],[139.8349,38.9113],[140.0703,39.6833],[139.7037,39.9413],[140.0203,40.2445],[139.8649,40.6123],[140.2527,40.7935],[140.3431,41.2571],[140.6445,41.1805],[140.7353,40.8307],[140.8727,41.0131],[141.1283,40.8653],[141.2021,41.2697],[140.7711,41.1397],[140.9151,41.5439],[141.4743,41.4297],[141.4515,40.6399],[141.8381,40.2359],[142.0623,39.4673],[141.9245,39.1053],[141.6243,39.0037],[141.4503,38.6663],[141.5247,38.2691],[141.0863,38.3885],[140.8953,38.0401],[140.9853,37.0017],[140.5647,36.2697],[140.8807,35.7217],[140.4785,35.5555],[140.3791,35.1775],[139.9373,34.9101],[139.7649,34.9583],[139.7843,35.3117],[140.1325,35.5697],[140.1131,35.6017],[139.9983,35.6533],[139.9905,35.6855],[139.7785,35.6619],[139.6381,35.4679],[139.6831,35.1401],[139.5459,35.3041],[139.1723,35.2457],[139.1471,34.8913],[138.8479,34.6013],[138.7679,34.9649],[138.9143,35.0461],[138.7567,35.1279],[138.3677,34.9133],[138.2363,34.5947],[137.0193,34.5783],[137.3527,34.7803],[136.9795,34.9131],[136.9209,34.7031],[136.9011,35.0989],[136.7167,35.0631],[136.5315,34.6119],[136.9273,34.4463],[136.9071,34.2769],[136.3511,34.2087],[135.7633,33.4295],[135.0653,33.8817],[135.2029,34.1447],[135.0765,34.2945],[135.4615,34.6993],[134.6613,34.7911],[134.1895,34.7369]]],[[[-5.763,57.0523],[-5.7216,57.1199],[-5.5227,57.0861],[-5.3872,57.1103],[-5.6347,57.2523],[-5.5339,57.2727],[-5.4334,57.2145],[-5.3913,57.2351],[-5.4402,57.3227],[-5.5255,57.2757],[-5.734,57.2845],[-5.6809,57.3401],[-5.5328,57.3569],[-5.4403,57.4175],[-5.8254,57.3681],[-5.8454,57.5759],[-5.6493,57.5123],[-5.513,57.5405],[-5.8197,57.6397],[-5.674,57.7015],[-5.814,57.8605],[-5.6054,57.7673],[-5.5838,57.8373],[-5.6563,57.8759],[-5.613,57.9253],[-5.4708,57.8521],[-5.2181,57.8427],[-5.4063,57.9273],[-5.3595,57.9387],[-5.0735,57.8201],[-5.1766,57.9553],[-5.4582,58.0777],[-5.2406,58.1549],[-5.3093,58.1549],[-5.4067,58.2379],[-5.3775,58.2679],[-5.3097,58.2251],[-4.9433,58.2189],[-5.1826,58.3557],[-4.9912,58.4281],[-5.1281,58.4919],[-5.0124,58.6273],[-4.4817,58.4449],[-3.0266,58.6429],[-3.1099,58.3747],[-3.8523,58.0075],[-3.8539,58.1733],[-4.1689,58.1505],[-4.3144,57.9585],[-4.0155,57.9321],[-4.0212,57.8587],[-4.4016,57.9085],[-4.0534,57.8163],[-3.7826,57.8561],[-4.4673,57.4819],[-3.2896,57.7271],[-2.0097,57.7003],[-1.7754,57.4741],[-2.5465,56.5711],[-3.3608,56.3809],[-2.8191,56.4501],[-2.601,56.2739],[-3.4015,56.0101],[-3.6791,56.0477],[-3.8001,56.1103],[-3.854,56.1241],[-3.8747,56.1097],[-3.7266,56.0241],[-3.0725,55.9463],[-2.6654,56.0613],[-1.645,55.5865],[-1.2459,54.5933],[-0.596,54.4915],[-0.0819,54.1211],[-0.2038,53.9763],[0.1189,53.6605],[0.1489,53.6001],[-0.2947,53.7439],[-0.6256,53.7347],[-0.7077,53.7069],[0.1615,53.4831],[0.3395,53.1031],[0.0,52.8951],[0.3673,52.7907],[0.5389,52.9787],[0.9711,52.9827],[1.6879,52.7323],[1.5731,52.0885],[1.3151,51.9349],[1.2723,51.9951],[1.1495,52.0463],[1.2719,51.9599],[1.0519,51.9543],[1.2825,51.9497],[1.1791,51.8745],[1.2291,51.8205],[0.9629,51.8525],[0.6865,51.7311],[0.7443,51.6909],[0.9293,51.7471],[0.9245,51.5959],[0.5477,51.5501],[0.3443,51.4487],[0.6975,51.4733],[0.5407,51.4117],[0.6217,51.3773],[0.6451,51.3981],[0.6701,51.3781],[0.7243,51.4255],[0.7139,51.4141],[0.7585,51.3637],[0.8903,51.3437],[1.4247,51.3943],[1.3925,51.1613],[0.2377,50.7375],[-0.7985,50.7265],[-0.8175,50.8355],[-1.4786,50.9217],[-1.3113,50.8185],[-2.4273,50.6427],[-2.4655,50.5185],[-2.7986,50.7217],[-3.4836,50.6941],[-3.6584,50.2215],[-4.2052,50.4289],[-5.0392,50.2113],[-5.2022,49.9615],[-5.7186,50.0643],[-4.5714,50.7833],[-4.5327,51.0243],[-4.0772,51.0815],[-4.2333,51.1927],[-3.0124,51.2203],[-2.351,51.8049],[-3.34,51.3843],[-3.8371,51.6311],[-4.3042,51.5639],[-4.0815,51.6613],[-4.3474,51.8029],[-4.9254,51.6013],[-5.2562,51.7389],[-5.1054,51.8153],[-5.317,51.9085],[-4.2118,52.2655],[-3.948,52.5599],[-4.1337,52.6159],[-3.9392,52.7523],[-4.1552,52.8131],[-4.0603,52.9257],[-4.7712,52.7981],[-4.3609,53.0355],[-4.204,53.2145],[-3.3178,53.3591],[-3.2843,53.3265],[-3.0612,53.2267],[-3.2046,53.3903],[-3.0469,53.4413],[-2.9355,53.3099],[-2.7563,53.3173],[-3.1081,53.5571],[-2.8395,53.7231],[-3.0613,53.8431],[-2.7947,54.2313],[-3.1533,54.0657],[-3.641,54.5107],[-3.4036,54.8701],[-3.0602,54.9863],[-3.6025,55.0273],[-3.5998,54.8753],[-3.9865,54.7699],[-4.0536,54.8623],[-4.4579,54.9453],[-4.3863,54.6829],[-4.851,54.8709],[-4.9648,54.6661],[-5.1855,54.9769],[-4.9944,54.9157],[-4.9972,55.1407],[-4.5004,55.5665],[-4.9072,55.7007],[-4.8584,55.7611],[-4.8806,55.9441],[-4.4934,55.9285],[-4.857,55.9921],[-4.7547,56.2107],[-4.9787,55.8627],[-5.1227,56.0139],[-5.0746,55.8999],[-5.1894,55.9841],[-5.2409,55.8979],[-5.2066,55.8275],[-5.3447,55.8881],[-4.9226,56.2745],[-5.4415,56.0349],[-5.3148,55.7845],[-5.6071,55.4283],[-5.5191,55.3677],[-5.8044,55.3033],[-5.4366,55.8579],[-5.6686,55.8079],[-5.4849,56.2597],[-5.6651,56.2979],[-5.2468,56.5585],[-5.4153,56.5459],[-5.3258,56.6523],[-4.9856,56.7171],[-5.2497,56.7063],[-5.0964,56.8339],[-5.2021,56.8575],[-5.336,56.8605],[-5.1239,56.8257],[-5.6862,56.5015],[-6.0119,56.6477],[-5.8335,56.6251],[-5.5395,56.6897],[-6.2356,56.7179],[-5.7547,56.7843],[-5.8711,56.8159],[-5.8542,56.8369],[-5.7312,56.8447],[-5.6749,56.8777],[-5.927,56.8935],[-5.8255,57.0121],[-5.6352,56.9721],[-5.5093,56.9957],[-5.6224,56.9829],[-5.6729,57.0355],[-5.7457,57.0307],[-5.763,57.0523]],[[-0.2892,50.8379],[-0.2859,50.8341],[-0.2691,50.8361],[-0.2892,50.8379]],[[-4.6122,58.0375],[-4.7947,57.8679],[-4.5545,57.9131],[-4.6122,58.0375]],[[-5.1194,57.3683],[-4.8767,57.2317],[-4.7871,57.4139],[-4.8997,57.5049],[-5.1194,57.3683]],[[-3.8568,56.9921],[-3.781,56.8435],[-3.4673,56.8549],[-3.506,57.0035],[-3.8568,56.9921]],[[-4.8127,56.7063],[-4.5529,56.6145],[-4.354,56.8893],[-4.6308,56.8779],[-4.8127,56.7063]]],[[[-10.398,51.8457],[-9.7517,52.1553],[-10.4496,52.0975],[-10.4708,52.1829],[-9.7233,52.2589],[-9.9511,52.4123],[-9.6495,52.5733],[-9.4793,52.5491],[-9.0533,52.6007],[-8.9532,52.6633],[-8.7901,52.6493],[-8.7502,52.6771],[-8.6921,52.6545],[-8.6422,52.6603],[-8.6228,52.6701],[-8.958,52.7993],[-9.1637,52.6205],[-9.5847,52.6705],[-9.9411,52.5611],[-9.4984,52.7543],[-9.2817,53.1459],[-9.1514,53.1205],[-8.9668,53.1795],[-8.9293,53.1417],[-8.8824,53.2301],[-9.6156,53.2341],[-9.5559,53.3869],[-9.7752,53.2959],[-9.8389,53.4323],[-9.9013,53.4285],[-9.9601,53.3715],[-10.1883,53.4117],[-10.0512,53.6129],[-9.6941,53.5999],[-9.9072,53.7643],[-9.5467,53.8033],[-9.6295,53.8241],[-9.5636,53.8537],[-9.6015,53.8869],[-9.5664,53.8933],[-9.5778,53.9073],[-9.9453,53.8723],[-9.7956,53.9157],[-9.826,54.1139],[-9.9749,54.0671],[-9.9984,54.2331],[-10.1275,54.0983],[-10.0744,54.2839],[-9.3413,54.3319],[-9.1383,54.1429],[-9.0501,54.2995],[-8.6624,54.2757],[-8.5904,54.2143],[-8.5078,54.2229],[-8.5062,54.3271],[-8.6768,54.3675],[-8.1194,54.6545],[-8.804,54.7037],[-8.4173,54.7781],[-8.5613,54.8363],[-8.341,54.8367],[-8.277,54.8623],[-8.4615,54.9261],[-8.2878,55.1615],[-8.1391,55.1287],[-7.9848,55.2285],[-7.8557,55.1311],[-7.7896,55.2585],[-7.8167,55.2033],[-7.8075,55.1807],[-7.6953,55.1017],[-7.8003,55.2189],[-7.6359,55.2807],[-7.5193,55.1245],[-7.6856,54.9525],[-7.4552,55.0469],[-7.445,55.0523],[-7.4544,55.0763],[-7.4791,55.0925],[-7.4626,55.1397],[-7.5544,55.2013],[-7.5252,55.2831],[-7.2519,55.2827],[-7.3695,55.3879],[-6.9232,55.2375],[-7.1587,55.1489],[-7.4005,54.9409],[-6.9596,55.1951],[-6.1443,55.2285],[-5.6916,54.8083],[-5.9295,54.5993],[-5.5862,54.6799],[-5.4345,54.4885],[-5.5055,54.3333],[-5.5593,54.5353],[-5.6868,54.5849],[-5.7038,54.3519],[-5.527,54.3149],[-6.0661,54.0247],[-6.3437,54.1689],[-6.1078,54.0013],[-6.4036,54.0153],[-6.0859,53.5567],[-6.2099,53.4677],[-6.0573,53.3649],[-6.1233,53.3915],[-6.2365,53.3623],[-6.0024,52.9675],[-6.3571,52.3473],[-6.469,52.3783],[-6.5145,52.3521],[-6.3658,52.1721],[-6.7589,52.2643],[-6.9287,52.1239],[-6.9013,52.2009],[-6.9947,52.2801],[-6.9885,52.1453],[-7.6396,52.1051],[-7.589,51.9919],[-8.0307,51.8213],[-8.2602,51.7955],[-8.1768,51.8631],[-8.214,51.8673],[-8.1764,51.8845],[-8.1803,51.9095],[-8.4363,51.9051],[-8.2769,51.8005],[-8.6375,51.7411],[-8.5328,51.6097],[-9.3489,51.4715],[-9.323,51.5503],[-9.4566,51.5663],[-9.824,51.4533],[-9.4509,51.6955],[-9.5429,51.7543],[-10.1662,51.5869],[-9.5609,51.8841],[-10.398,51.8457]]],[[[141.8937,45.5053],[143.0153,44.5451],[144.3437,43.9635],[144.7943,43.9333],[145.3439,44.3379],[145.0639,43.8031],[145.3541,43.5735],[145.1925,43.6207],[145.3939,43.2953],[145.2875,43.3489],[145.2275,43.3311],[145.5115,43.2237],[145.6535,43.3885],[145.8209,43.3801],[145.5165,43.1561],[145.1527,43.1403],[144.9673,42.9787],[143.9199,42.8699],[143.4125,42.4387],[143.2485,41.9207],[141.8161,42.6077],[141.0031,42.2959],[140.4765,42.5817],[140.2935,42.2473],[141.1943,41.8005],[140.6495,41.8173],[140.0817,41.4183],[139.9839,41.6055],[140.1447,41.9261],[139.7761,42.2579],[139.8265,42.6115],[140.5217,42.9867],[140.3453,43.3305],[141.1687,43.1431],[141.4247,43.3249],[141.3313,43.7275],[141.6443,43.9479],[141.7931,44.6137],[141.5685,45.2063],[141.6489,45.4501],[141.8937,45.5053]]],[[[142.6853,54.4197],[143.0115,54.1309],[142.8797,53.8629],[143.2909,53.1303],[143.3217,52.5573],[143.1747,52.3293],[143.2937,52.5823],[143.2511,52.5937],[143.1529,52.3817],[143.1251,51.9607],[143.3151,51.7295],[143.2209,51.5215],[143.3709,51.6415],[143.7875,50.3189],[144.7517,48.6421],[144.0203,49.2587],[143.0315,49.1551],[142.5367,47.7893],[143.1181,46.8907],[143.4805,46.8261],[143.6175,46.3679],[143.4149,46.0217],[143.3075,46.5043],[142.6003,46.7115],[142.0855,45.8887],[141.8127,46.5861],[142.0585,47.0863],[141.9647,47.6087],[142.1889,47.9753],[141.8423,48.7697],[142.1371,49.5339],[142.0403,50.5515],[142.2495,51.1467],[141.6713,51.7481],[141.8243,51.7411],[141.6261,51.8875],[141.6235,52.3193],[141.9163,53.0261],[141.7573,53.3729],[142.2459,53.5321],[142.4603,53.3821],[142.6717,53.5097],[142.4827,53.6551],[142.7897,53.7029],[142.7373,53.8221],[142.5829,53.6915],[142.6835,53.9481],[142.2569,54.2937],[142.5719,54.2303],[142.6853,54.4197]],[[142.6899,53.8439],[142.6891,53.8375],[142.6925,53.8431],[142.6899,53.8439]]],[[[129.9947,33.4261],[130.7553,33.8705],[130.8713,33.9419],[130.8967,33.8831],[131.0285,33.9541],[131.1105,33.6135],[131.6703,33.6629],[131.7409,33.4667],[131.5127,33.2695],[131.9093,33.2601],[131.8073,33.1205],[132.0249,33.0535],[131.9003,32.9289],[131.9343,32.9553],[132.0905,32.9251],[131.6985,32.6067],[131.7365,32.4921],[131.4721,32.0459],[131.3469,31.3563],[131.0969,31.4579],[130.9859,31.3487],[131.1317,31.2683],[130.6621,30.9891],[130.8033,31.3257],[130.5921,31.5749],[130.7987,31.6895],[130.6493,31.7135],[130.5323,31.5195],[130.5913,31.1523],[130.1069,31.4083],[130.3359,31.5427],[130.1807,32.0901],[130.4945,32.2903],[130.6653,32.6277],[130.4557,32.6191],[130.6299,32.7703],[130.4315,33.0979],[130.2107,33.1909],[130.0821,32.8431],[130.3131,32.8729],[130.3589,32.6759],[130.1771,32.5839],[130.1885,32.7829],[129.9591,32.7605],[129.9013,32.6527],[129.7437,32.5627],[129.8755,32.7371],[129.6395,32.9275],[129.6767,33.0881],[129.7945,32.8597],[129.8523,32.8245],[130.0147,32.8381],[129.5599,33.2365],[129.6783,33.3949],[129.8697,33.2745],[129.8513,33.5507],[129.9947,33.4261]]],[[[21.6413,32.9245],[23.1111,32.6357],[23.0917,32.3415],[23.2947,32.2063],[21.6895,31.8981],[20.3189,30.5799],[20.0553,30.8471],[20.1771,31.1509],[19.9537,31.9877],[20.5757,32.5527],[21.6413,32.9245]]],[[[121.5463,25.2921],[122.0005,25.0103],[121.4075,23.1227],[120.9715,22.5533],[120.8573,21.9031],[120.7255,21.9199],[120.0475,23.0485],[120.1211,23.6063],[121.0283,25.0219],[121.5463,25.2921]]],[[[109.2925,19.9191],[110.0147,19.9287],[110.0227,19.9335],[110.0629,19.9783],[110.1233,19.9631],[110.1607,20.0061],[110.1635,20.0555],[110.3811,20.0885],[110.6141,19.9187],[110.6849,20.1565],[110.9463,19.9861],[111.0379,19.6433],[110.7917,19.6139],[110.4855,19.1697],[110.5375,18.7809],[109.5729,18.1613],[109.5677,18.2483],[108.6991,18.5001],[108.6841,19.3739],[109.3029,19.7167],[109.1573,19.7899],[109.2925,19.9191]]],[[[133.5663,34.2623],[134.6209,34.2475],[134.6233,34.2301],[134.5945,34.2143],[134.5917,34.2003],[134.6479,34.1759],[134.5627,34.0425],[134.7499,33.8401],[134.3163,33.5709],[134.1839,33.2403],[133.7487,33.5319],[133.2983,33.4009],[133.0101,32.7145],[132.6343,32.7561],[132.7251,32.9205],[132.3811,33.0169],[132.5583,33.2151],[132.4267,33.4583],[132.0275,33.3409],[132.6567,33.6963],[132.8989,34.1187],[133.1369,33.9135],[133.5213,33.9671],[133.5663,34.2623]]],[[[9.2029,41.2527],[9.5677,41.1233],[9.6627,40.9991],[9.5037,40.9161],[9.7249,40.8495],[9.8269,40.5403],[9.6257,40.2477],[9.6459,39.4669],[9.2629,39.5345],[9.3547,40.6567],[8.5213,40.5007],[9.0873,40.5267],[8.9181,39.9791],[9.0329,39.4953],[8.7123,39.3117],[9.0209,39.0069],[8.6395,38.8695],[8.3467,39.0847],[8.4813,39.0885],[8.3805,39.4619],[8.5501,39.8609],[8.3911,39.9125],[8.4851,40.3001],[8.1531,40.5761],[8.1781,40.9385],[8.5801,40.8423],[9.2029,41.2527]]],[[[12.6289,37.6045],[15.0559,37.7155],[14.9085,37.4347],[15.1791,37.1299],[15.1417,36.6819],[14.4963,36.7895],[14.2469,37.0651],[12.6289,37.6045]]],[[[34.5331,35.6783],[33.9303,35.2725],[34.0965,34.9551],[33.6959,34.9717],[33.0381,34.5635],[32.3181,34.8929],[32.2813,35.0985],[32.8547,35.1453],[32.9261,35.4025],[33.6471,35.3561],[34.5331,35.6783]]],[[[9.3677,43.0099],[9.5613,42.1895],[9.1803,41.3723],[8.6601,41.7509],[8.7993,41.9035],[8.5953,41.9695],[8.9413,42.1575],[8.5755,42.2021],[8.6907,42.2751],[8.5437,42.3777],[8.7197,42.5897],[9.2957,42.6813],[9.3677,43.0099]]],[[[23.7843,35.5529],[24.0055,35.5169],[24.1703,35.5957],[24.0729,35.4931],[24.3291,35.3539],[25.7717,35.3431],[25.8135,35.1147],[26.3069,35.3177],[26.2713,35.2133],[26.3171,35.1853],[26.1321,35.0023],[24.7385,34.9253],[24.7399,35.0821],[24.3913,35.1939],[23.5895,35.2343],[23.5957,35.6269],[23.7843,35.5529]]],[[[11.8477,55.9653],[12.6349,56.0327],[12.6031,55.7077],[12.2359,55.5371],[12.4587,55.2913],[12.0327,55.1657],[12.1855,55.1123],[12.0505,54.9597],[11.6233,55.0815],[11.8351,55.0449],[11.7253,55.1107],[11.8191,55.1313],[11.7185,55.2095],[11.2487,55.2109],[11.1539,55.5923],[10.9365,55.6729],[11.1115,55.6713],[10.8803,55.7457],[11.2683,55.7329],[11.5321,55.8743],[11.5203,55.9307],[11.3035,55.9747],[11.2889,55.9995],[11.7781,55.9771],[11.6583,55.7219],[11.8151,55.6677],[11.9407,55.9343],[12.0699,55.7679],[11.9943,55.7407],[11.9349,55.6543],[12.0845,55.6529],[12.1231,55.7297],[12.0453,55.9295],[11.8477,55.9653]]],[[[35.3091,33.4699],[35.1541,32.5891],[35.4243,32.5721],[35.4289,32.1949],[35.0969,31.8731],[34.6277,31.7943],[35.3091,33.4699]]],[[[23.3241,39.0395],[23.5917,38.7673],[24.1509,38.6577],[24.2517,38.2353],[24.5873,38.1623],[24.5571,37.9805],[24.2037,38.0923],[24.1587,38.2813],[24.0245,38.3319],[24.0523,38.3919],[23.6527,38.4027],[23.2021,38.8365],[22.8333,38.8331],[23.3241,39.0395]]],[[[3.2029,39.9527],[3.1347,39.7787],[3.4707,39.7129],[3.0655,39.2659],[2.6723,39.5583],[2.3631,39.5311],[3.2029,39.9527]]],[[[148.2681,45.2637],[148.9003,45.5063],[148.8487,45.3281],[147.6299,44.9693],[146.8405,44.4155],[147.1129,44.8207],[147.8739,45.2177],[147.9167,45.4249],[148.2681,45.2637]]],[[[29.5715,69.9045],[29.7721,69.8335],[29.4871,69.6563],[30.1141,69.6855],[30.1969,69.7717],[30.1765,69.8843],[30.3785,69.8429],[30.3219,69.6655],[30.5545,69.8099],[30.5317,69.4307],[29.5009,68.9559],[29.2511,69.0467],[29.6397,69.4757],[29.1137,69.6333],[29.5715,69.9045]]],[[[18.1117,57.5321],[19.0223,57.9179],[19.1091,57.8181],[19.0491,57.8339],[18.9637,57.7897],[18.9569,57.7243],[18.8143,57.7399],[18.7779,57.4703],[18.9451,57.4203],[18.1371,56.9061],[18.3085,57.0971],[18.1021,57.2563],[18.1117,57.5321]]],[[[9.6807,55.5165],[10.4271,55.5889],[10.5663,55.5223],[10.4945,55.5509],[10.4281,55.4409],[10.7117,55.5425],[10.5465,55.4461],[10.8597,55.2945],[10.7463,55.0693],[10.0789,55.0763],[10.1747,55.1297],[9.6807,55.5165]]],[[[22.5481,58.6343],[23.3329,58.4417],[22.3675,58.2197],[22.0005,57.9169],[22.2015,58.1447],[21.8487,58.2789],[22.0001,58.3737],[21.8321,58.5051],[22.5481,58.6343]]],[[[39.5359,35.8235],[39.1125,35.7817],[39.0795,36.1469],[39.6617,36.2043],[39.5359,35.8235]]],[[[29.5151,70.7015],[30.1953,70.6775],[30.3143,70.5901],[29.9819,70.5303],[30.6081,70.5493],[31.0653,70.2901],[30.0275,70.0747],[29.3553,70.4055],[29.5151,70.7015]]],[[[15.4581,68.8153],[15.9639,68.8959],[15.7635,68.7417],[16.0095,68.7789],[15.7735,68.6329],[15.7223,68.5353],[16.2659,68.7447],[16.0881,68.8263],[16.3431,68.8343],[16.2559,68.9237],[16.5969,68.8375],[16.6079,68.6743],[16.0925,68.5583],[15.9095,68.3847],[15.8697,68.5167],[15.6581,68.3143],[15.3193,68.3553],[15.6125,68.4891],[15.5799,68.5109],[15.5379,68.5193],[14.9785,68.2775],[15.3595,68.5041],[15.2023,68.5779],[15.6229,68.6209],[15.4581,68.8153]]],[[[164.5223,59.2319],[164.7515,59.0287],[164.6557,58.8701],[163.4073,58.5139],[163.8419,58.9951],[163.6773,59.0047],[164.5223,59.2319]],[[163.5789,58.5797],[163.5699,58.5743],[163.5879,58.5827],[163.5789,58.5797]]],[[[156.0235,50.7689],[156.1667,50.5137],[155.8899,50.2477],[155.2241,50.0533],[155.2115,50.2939],[155.6417,50.3789],[156.0235,50.7689]]],[[[-6.2569,58.5109],[-6.1665,58.3451],[-6.3819,58.2261],[-6.1574,58.2233],[-6.5814,58.0895],[-6.3901,58.0005],[-6.4643,58.0189],[-6.5873,58.0041],[-6.4546,57.9665],[-6.656,57.9197],[-6.5921,58.0533],[-6.6996,58.0587],[-6.7599,57.9953],[-6.6693,57.8841],[-6.8167,57.8817],[-6.7422,57.8275],[-6.9729,57.7303],[-7.122,57.8189],[-6.8221,57.9039],[-7.1122,57.9909],[-6.9095,58.0497],[-7.0979,58.0699],[-7.0407,58.2393],[-6.8639,58.1159],[-6.836,58.2043],[-6.8935,58.2585],[-6.7186,58.1695],[-6.8045,58.3071],[-6.2569,58.5109]]],[[[137.6351,55.1973],[137.9293,55.1419],[138.2235,55.0223],[137.7161,54.6087],[137.4763,54.8615],[137.2213,54.7737],[137.6351,55.1973]]],[[[126.7417,33.5545],[126.9483,33.4541],[126.8351,33.3027],[126.1639,33.2839],[126.7417,33.5545]]],[[[146.1275,44.5073],[146.5777,44.4521],[145.5959,43.8589],[145.5547,43.6509],[145.4329,43.7173],[146.1275,44.5073]]],[[[26.3393,39.3907],[26.6095,39.0151],[25.8323,39.1925],[25.9135,39.2965],[26.3393,39.3907]]],[[[-6.3182,57.4597],[-6.3044,57.7099],[-6.1419,57.5903],[-6.172,57.2995],[-5.6703,57.2115],[-5.8087,57.1773],[-6.0227,57.0223],[-5.8413,57.1907],[-6.3277,57.1635],[-6.3914,57.3663],[-6.7913,57.4233],[-6.586,57.4247],[-6.6369,57.6095],[-6.3182,57.4597]]],[[[150.5563,46.2101],[149.6847,45.6191],[149.4147,45.5749],[150.2187,46.1799],[150.5563,46.2101]]],[[[28.2219,36.4579],[28.0887,36.0569],[27.7559,35.8815],[27.6903,36.1565],[28.2219,36.4579]]],[[[17.0803,57.3555],[17.0825,57.1737],[16.4103,56.1929],[16.3809,56.5265],[17.0803,57.3555]]],[[[165.6879,55.2887],[166.2679,55.3141],[166.6631,54.6743],[165.6879,55.2887]]],[[[35.9691,31.1233],[35.4523,31.0423],[35.4461,31.2057],[35.8387,31.2719],[35.9691,31.1233]]],[[[11.0201,54.8921],[11.6091,54.8153],[11.7467,54.8743],[11.8641,54.6867],[11.4993,54.5973],[10.9637,54.8031],[11.1541,54.8089],[11.0201,54.8921]]],[[[128.2679,26.8631],[128.2759,26.6683],[127.8387,26.4283],[127.9217,26.2901],[127.6633,26.0789],[127.7157,26.4327],[127.9859,26.5775],[127.8857,26.7017],[128.1227,26.6559],[128.2679,26.8631]]],[[[27.6369,71.1315],[28.2421,71.0893],[28.1923,70.9587],[28.5499,70.9679],[28.2267,70.7881],[27.1025,70.9321],[27.5615,70.9611],[27.6369,71.1315]]],[[[22.0443,58.9249],[22.6627,59.0861],[23.0747,58.8389],[22.7457,58.8045],[22.5475,58.6873],[22.0443,58.9249]]],[[[121.1539,31.7843],[121.8865,31.5565],[121.8653,31.4949],[121.1539,31.7843]]],[[[13.1621,54.5611],[13.6809,54.5635],[13.5729,54.4697],[13.7673,54.3427],[13.7289,54.2763],[13.6593,54.3657],[13.1423,54.2827],[13.2731,54.4811],[13.1423,54.5471],[13.5071,54.4847],[13.1621,54.5611]]],[[[-6.2066,56.4623],[-6.2715,56.4813],[-6.2668,56.4847],[-6.2528,56.4985],[-6.2244,56.5037],[-6.1635,56.4819],[-6.1422,56.4951],[-6.3304,56.6093],[-6.1247,56.6589],[-5.9554,56.5243],[-5.801,56.5201],[-5.6499,56.4339],[-6.3285,56.2725],[-5.9837,56.3925],[-6.2138,56.3749],[-6.0013,56.4999],[-6.2066,56.4623]]],[[[138.4797,38.3265],[138.5579,38.0167],[138.2193,37.8091],[138.2429,38.0835],[138.4797,38.3265]]],[[[25.9419,38.5917],[26.1613,38.5387],[26.0181,38.1543],[25.8697,38.2473],[25.9419,38.5917]]],[[[56.0964,26.0916],[56.2073,26.2573],[56.2191,26.2025],[56.3319,26.1811],[56.3525,26.2077],[56.4087,26.2049],[56.3759,26.2407],[56.2975,26.2077],[56.3707,26.3879],[56.5017,26.3583],[56.4807,26.1279],[56.3219,26.1543],[56.4401,25.9289],[56.0964,26.0916]]],[[[20.5417,38.4703],[20.8169,38.1201],[20.7925,38.0643],[20.4491,38.2817],[20.3395,38.1817],[20.5417,38.4703]]],[[[19.8063,60.3963],[19.9263,60.4203],[19.9465,60.3557],[20.2881,60.2817],[19.9345,60.2391],[20.2427,60.0017],[19.9971,60.1081],[19.7593,60.0949],[19.6493,60.2913],[19.8391,60.2011],[19.9317,60.3195],[19.8063,60.3963]]],[[[129.6879,28.5191],[129.3825,28.1077],[129.1405,28.2473],[129.6879,28.5191]]],[[[4.0921,40.0805],[4.2799,39.8197],[3.8129,39.9207],[3.8221,40.0569],[4.0921,40.0805]]],[[[14.0483,53.9941],[13.8077,54.1721],[14.2441,53.9211],[14.7629,54.0153],[14.6931,53.9981],[14.5859,53.8037],[14.4033,53.8923],[13.8835,53.8385],[14.0483,53.9941]]],[[[-4.5721,53.2699],[-4.4339,53.4337],[-4.047,53.3141],[-4.347,53.1317],[-4.5721,53.2699]]],[[[35.2457,31.5089],[35.4199,31.8855],[35.4391,31.7027],[35.6779,31.6745],[35.2457,31.5089]]],[[[-6.1711,55.9297],[-6.0754,55.6473],[-6.3423,55.5945],[-6.2629,55.7875],[-6.5246,55.6933],[-6.1711,55.9297]]],[[[135.0099,34.6053],[134.9593,34.2673],[134.6641,34.2385],[135.0099,34.6053]]],[[[19.6331,39.7547],[19.9527,39.7803],[19.8433,39.6585],[20.1081,39.3643],[19.6331,39.7547]]],[[[14.8793,55.2355],[15.1581,55.1317],[15.1213,55.0151],[14.6847,55.0965],[14.8793,55.2355]]],[[[130.0165,32.5243],[130.2301,32.3619],[130.0107,32.1847],[130.0165,32.5243]]],[[[1.5099,39.1159],[1.6181,39.0253],[1.4067,38.8339],[1.2269,38.8737],[1.5099,39.1159]]],[[[-4.5481,54.3637],[-4.411,54.1813],[-4.7986,54.0641],[-4.5481,54.3637]]],[[[8.3019,63.4857],[8.9643,63.6609],[8.9641,63.5877],[9.2031,63.5705],[8.3019,63.4857]]],[[[22.9681,60.2823],[22.8619,60.2159],[22.7667,60.0065],[22.6837,60.0445],[22.3791,60.0157],[22.6241,60.1511],[22.4211,60.1581],[22.4747,60.2365],[22.5463,60.2005],[22.9681,60.2823]]],[[[14.7793,68.3727],[15.1897,68.4657],[15.0511,68.3787],[14.9939,68.3853],[14.7423,68.2653],[14.1981,68.1809],[14.4115,68.3985],[14.7793,68.3727]]],[[[-3.2465,59.1537],[-3.1072,59.0047],[-2.7154,58.9233],[-3.3567,58.9663],[-3.2465,59.1537]]],[[[11.7063,54.9315],[12.1701,54.8335],[11.9767,54.5627],[11.7063,54.9315]]],[[[154.8145,49.6365],[154.8227,49.2995],[154.5939,49.2911],[154.6025,49.3737],[154.8145,49.6365]]],[[[25.4355,40.0181],[25.3503,39.7827],[25.2549,39.9161],[25.0457,39.8367],[25.0379,39.9943],[25.4355,40.0181]]],[[[130.4717,30.4479],[130.6731,30.3785],[130.5883,30.2381],[130.4201,30.2673],[130.4717,30.4479]]],[[[-1.4594,60.3213],[-1.1603,60.2033],[-1.2893,59.8533],[-1.402,59.9185],[-1.2741,60.1287],[-1.3017,60.2557],[-1.7115,60.2569],[-1.6908,60.3035],[-1.4927,60.2739],[-1.4594,60.3213]]],[[[26.7421,37.8147],[27.0681,37.7175],[26.5699,37.7321],[26.7421,37.8147]]],[[[13.9153,68.3339],[14.2863,68.2887],[13.4519,68.0917],[13.5687,68.2917],[13.8381,68.2949],[13.8245,68.3105],[13.9153,68.3339]]],[[[16.1327,69.3185],[16.0993,69.1589],[15.4759,68.8743],[15.5645,69.1071],[16.1327,69.3185]]],[[[121.9757,30.1231],[122.2911,30.0603],[122.3167,29.9471],[122.0269,29.9905],[121.9757,30.1231]]],[[[129.3259,34.2961],[129.4993,34.6653],[129.4781,34.5541],[129.3915,34.3281],[129.3259,34.2961]]],[[[131.0389,30.8153],[131.0577,30.6065],[130.8823,30.3381],[130.8547,30.4547],[131.0389,30.8153]]],[[[156.3647,50.8587],[156.5103,50.7663],[156.4009,50.6257],[156.1729,50.6875],[156.3647,50.8587]]],[[[137.1709,55.1187],[137.0655,54.9101],[136.6673,54.9051],[136.8083,55.0181],[137.1709,55.1187]]],[[[151.7123,46.8011],[152.3051,47.1471],[151.8381,46.7739],[151.7123,46.8011]]],[[[-5.3555,55.5107],[-5.157,55.6775],[-5.0945,55.4473],[-5.3555,55.5107]]],[[[25.3401,37.0917],[25.6073,37.0869],[25.4401,36.9215],[25.3401,37.0917]]],[[[14.4331,45.0737],[14.5929,45.2375],[14.8219,44.9755],[14.4331,45.0737]]],[[[14.3135,45.1733],[14.4823,44.9643],[14.4939,44.6069],[14.3135,45.1733]]],[[[20.7209,37.8921],[20.9095,37.8071],[20.9935,37.7003],[20.8103,37.6537],[20.7209,37.8921]]],[[[18.9575,69.7225],[18.7621,69.6803],[18.7489,69.5603],[18.0059,69.5665],[18.9575,69.7225]]],[[[16.4389,43.3917],[16.8153,43.3533],[16.8969,43.3017],[16.5327,43.2693],[16.4389,43.3917]]],[[[128.4751,34.8759],[128.7197,35.0179],[128.7423,34.7825],[128.5789,34.6995],[128.5893,34.8419],[128.4751,34.8759]]],[[[24.7109,37.8783],[24.9567,37.9005],[24.9589,37.6885],[24.7109,37.8783]]],[[[24.5153,40.6649],[24.7895,40.7413],[24.6487,40.5785],[24.5153,40.6649]]],[[[-1.3805,50.7167],[-1.0786,50.6881],[-1.5888,50.6679],[-1.3805,50.7167]]],[[[-5.7414,56.1401],[-5.9666,55.7945],[-6.0696,55.8105],[-5.8527,55.9795],[-5.9658,56.0317],[-5.7414,56.1401]]],[[[126.3027,34.5519],[126.3395,34.4037],[126.1301,34.3547],[126.0979,34.4337],[126.3027,34.5519]]],[[[5.6435,60.6869],[5.6499,60.7061],[5.7329,60.6795],[5.7145,60.4707],[5.3459,60.5363],[5.4967,60.5259],[5.4439,60.5649],[5.5897,60.6215],[5.6435,60.6869]]],[[[128.8081,32.7709],[128.8949,32.6371],[128.7723,32.5703],[128.6039,32.6059],[128.8081,32.7709]]],[[[11.6855,58.2413],[11.8397,58.2395],[11.8339,58.1247],[11.4187,58.1295],[11.6855,58.2413]]],[[[35.7915,65.1891],[35.7361,64.9533],[35.4975,65.1181],[35.7915,65.1891]]],[[[127.8593,34.9223],[128.0663,34.8139],[128.0611,34.7047],[127.8393,34.7427],[127.8593,34.9223]]],[[[9.7055,55.0789],[9.9687,55.0069],[10.0723,54.8759],[9.7877,54.9069],[9.7055,55.0789]]],[[[27.2355,35.8075],[27.2465,35.4969],[27.1427,35.3991],[27.0579,35.6031],[27.2355,35.8075]]],[[[110.1943,20.9489],[110.5509,21.0683],[110.5245,20.9331],[110.1943,20.9489]]],[[[20.6003,38.7785],[20.7303,38.6379],[20.5499,38.5677],[20.6003,38.7785]]],[[[-7.2817,57.6445],[-7.0645,57.6459],[-7.2126,57.6423],[-7.1455,57.5149],[-7.5482,57.6043],[-7.479,57.6647],[-7.3797,57.6359],[-7.3119,57.6967],[-7.3347,57.6615],[-7.2817,57.6445]]],[[[-7.3706,57.3997],[-7.2188,57.3463],[-7.3966,57.3923],[-7.3747,57.3591],[-7.1914,57.3055],[-7.362,57.2439],[-7.3519,57.1549],[-7.2246,57.0997],[-7.3922,57.1149],[-7.4564,57.2429],[-7.4269,57.3913],[-7.3706,57.3997]]],[[[16.3733,43.1951],[16.6985,43.1633],[17.1945,43.1247],[16.6871,43.1209],[16.3733,43.1951]]],[[[167.4331,54.8631],[167.7337,54.7571],[168.1169,54.5079],[167.4331,54.8631]]],[[[126.3683,37.6073],[126.5233,37.7461],[126.5077,37.5939],[126.3683,37.6073]]],[[[27.0667,36.8471],[27.3549,36.8601],[26.9275,36.7099],[27.0667,36.8471]]],[[[14.7335,44.7043],[14.9543,44.5821],[15.2527,44.3275],[15.1041,44.3195],[14.7335,44.7043]]],[[[146.5883,43.7453],[146.9173,43.8485],[146.9133,43.8141],[146.5883,43.7453]]],[[[25.7873,40.2167],[26.0157,40.1543],[25.6685,40.1299],[25.7873,40.2167]]],[[[10.9509,55.1629],[10.7227,54.7313],[10.5927,54.8453],[10.9509,55.1629]]],[[[123.6817,24.2771],[123.7895,24.4255],[123.8153,24.3837],[123.9391,24.3573],[123.9019,24.2677],[123.6817,24.2771]]],[[[23.0999,36.2355],[22.9411,36.1627],[22.9253,36.3805],[22.9553,36.3845],[23.0999,36.2355]]],[[[16.6611,42.9167],[17.0441,42.9787],[17.2015,42.9179],[16.6611,42.9167]]],[[[26.0823,37.6409],[26.3661,37.6913],[25.9779,37.5191],[26.0823,37.6409]]],[[[129.1711,34.1019],[129.3497,34.2889],[129.2161,34.0765],[129.1711,34.1019]]],[[[133.1835,36.2081],[133.3925,36.2627],[133.3337,36.1611],[133.1835,36.2081]]],[[[128.8843,27.7135],[129.0343,27.7709],[128.9863,27.6659],[128.8843,27.7135]]],[[[22.6473,70.3959],[23.0155,70.2563],[22.3383,70.3381],[22.6473,70.3959]]],[[[23.0647,58.5943],[23.3583,58.6509],[23.4103,58.5477],[23.0647,58.5943]]],[[[5.5345,59.7911],[5.3543,59.9777],[5.5005,59.9117],[5.5345,59.7911]]],[[[119.6743,25.4789],[119.8775,25.5651],[119.7687,25.3955],[119.6743,25.4789]]],[[[3.6815,51.6927],[3.8341,51.7389],[4.1117,51.6685],[3.6815,51.6927]]],[[[124.1231,24.3529],[124.3425,24.5823],[124.2473,24.3435],[124.1231,24.3529]]],[[[130.4477,32.5233],[130.4085,32.3821],[130.2387,32.3807],[130.2197,32.4515],[130.4477,32.5233]]],[[[121.2269,39.5087],[121.5231,39.6187],[121.5261,39.5583],[121.2269,39.5087]]],[[[10.4125,42.8795],[10.4209,42.7151],[10.1003,42.7805],[10.4125,42.8795]]],[[[12.2367,55.0463],[12.5235,55.0083],[12.5565,54.9587],[12.1061,54.9029],[12.3565,54.9843],[12.2367,55.0463]]],[[[8.2189,63.3807],[7.9263,63.3819],[7.8325,63.3619],[7.7969,63.4127],[8.2189,63.3807]]],[[[24.4619,38.9673],[24.5861,38.9269],[24.6819,38.7777],[24.5369,38.7847],[24.4619,38.9673]]],[[[24.9745,37.6715],[25.2369,37.6263],[25.2505,37.5765],[25.1685,37.5321],[24.9745,37.6715]]],[[[18.5035,59.3855],[18.7159,59.3765],[18.7571,59.3331],[18.2377,59.3041],[18.4735,59.3207],[18.5035,59.3855]]],[[[5.3689,59.9891],[5.7093,60.0277],[5.6581,59.9057],[5.6063,59.9363],[5.5407,59.8957],[5.3689,59.9891]]],[[[25.1111,37.0693],[25.2795,37.0513],[25.1205,36.9969],[25.1111,37.0693]]],[[[24.5575,65.0389],[24.8311,65.0939],[25.0609,65.0423],[24.5575,65.0389]]],[[[117.4153,23.6779],[117.5317,23.7403],[117.3149,23.5751],[117.4153,23.6779]]],[[[141.1685,45.1333],[141.3087,45.2143],[141.3329,45.1467],[141.1685,45.1333]]],[[[16.0723,68.4161],[16.3777,68.5569],[16.5061,68.4723],[16.0723,68.4161]]],[[[5.2493,59.4101],[5.3323,59.2705],[5.2941,59.1411],[5.1727,59.1791],[5.2493,59.4101]]],[[[17.9479,69.4261],[18.0909,69.3655],[17.8337,69.1615],[17.8843,69.4851],[18.0635,69.4955],[17.9479,69.4261]]],[[[155.6393,50.9209],[155.4983,50.8175],[155.4479,50.8979],[155.6393,50.9209]]],[[[11.0689,54.5357],[11.3155,54.4031],[11.0099,54.4453],[11.0689,54.5357]]],[[[154.0131,48.7225],[154.1009,48.8867],[154.2289,48.9025],[154.1889,48.8351],[154.0131,48.7225]]],[[[5.1949,59.5781],[5.2527,59.8493],[5.3547,59.7109],[5.3873,59.7115],[5.3501,59.6855],[5.2967,59.6749],[5.3355,59.6959],[5.3247,59.7347],[5.2407,59.7471],[5.1949,59.5781]]],[[[25.5537,40.4121],[25.6645,40.5001],[25.6961,40.4313],[25.5537,40.4121]]],[[[150.4633,59.0487],[150.6587,59.1539],[150.7865,59.1003],[150.6023,58.9989],[150.4633,59.0487]]],[[[-1.3834,45.9511],[-1.2397,45.9861],[-1.2011,45.8241],[-1.3834,45.9511]]],[[[13.0697,68.1109],[13.1927,68.1039],[13.0527,68.0371],[13.1825,67.9799],[12.8823,67.8453],[13.0697,68.1109]]],[[[5.7761,62.3235],[6.0073,62.4271],[6.1279,62.3555],[5.9171,62.2585],[5.8153,62.2531],[5.8721,62.2799],[5.7761,62.3235]]],[[[129.1183,33.1613],[129.1871,32.9697],[129.0489,32.8141],[128.9975,32.9609],[129.1183,33.1613]]],[[[24.3273,36.6517],[24.5345,36.7737],[24.5513,36.7017],[24.3273,36.6517]]],[[[129.3461,33.1759],[129.5587,33.4037],[129.5743,33.3517],[129.4685,33.2079],[129.3983,33.1675],[129.3461,33.1759]]],[[[5.0033,60.4187],[5.1359,60.3257],[5.1635,60.1893],[4.9591,60.2573],[5.0645,60.2791],[5.0033,60.4187]]],[[[7.6469,63.0773],[7.6693,63.1223],[7.6819,63.0707],[7.6269,63.0589],[7.7355,63.0051],[7.3539,62.9881],[7.5955,63.0213],[7.5739,63.0553],[7.6469,63.0773]]],[[[12.8945,66.0237],[12.4701,65.8583],[12.3801,65.8985],[12.6057,66.0253],[12.8945,66.0237]]],[[[4.9023,53.0807],[4.7085,53.0193],[4.8591,53.1829],[4.9023,53.0807]]],[[[121.1331,28.1377],[121.2923,28.0737],[121.1541,28.0401],[121.1331,28.1377]]],[[[125.2571,24.9027],[125.3359,24.8049],[125.4689,24.7157],[125.2787,24.7241],[125.2571,24.9027]]],[[[107.4183,21.1809],[107.5403,21.1943],[107.3857,21.0449],[107.4183,21.1809]]],[[[4.8183,61.8557],[5.2365,61.8699],[5.2551,61.8389],[4.8183,61.8557]]],[[[134.1639,34.5149],[134.3565,34.4647],[134.2383,34.4121],[134.2427,34.4637],[134.1639,34.5149]]],[[[112.7039,21.7023],[112.8755,21.7757],[112.7695,21.5667],[112.7039,21.7023]]],[[[17.1781,68.8039],[17.3627,68.9265],[17.4919,68.8771],[17.1781,68.8039]]],[[[-10.1923,54.0193],[-9.9485,53.8785],[-10.2613,53.9779],[-10.1923,54.0193]]],[[[139.4109,42.1751],[139.5655,42.2475],[139.4515,42.0463],[139.4109,42.1751]]],[[[5.5297,62.2283],[5.8185,62.2287],[5.6097,62.1865],[5.5297,62.2283]]],[[[21.1975,63.3037],[21.2777,63.2969],[21.1979,63.2541],[21.1943,63.2335],[21.3205,63.2219],[21.3907,63.2795],[21.4577,63.2059],[21.1683,63.1835],[21.1975,63.3037]]],[[[8.7603,63.7739],[8.8385,63.7097],[8.2865,63.6835],[8.5835,63.6997],[8.7603,63.7739]]],[[[11.2099,57.3169],[11.0167,57.1911],[10.8695,57.2581],[11.2099,57.3169]]],[[[131.7537,42.9785],[131.9373,43.0191],[131.9087,42.9515],[131.7537,42.9785]]],[[[132.2131,33.8555],[132.3311,33.9001],[132.4785,33.9447],[132.2131,33.8555]]],[[[113.9035,22.2901],[114.0027,22.2123],[113.8453,22.1969],[113.9035,22.2901]]],[[[12.4279,66.1581],[12.5917,66.2293],[12.6283,66.1869],[12.5591,66.1265],[12.6609,66.1045],[12.3077,66.0209],[12.5695,66.1643],[12.4279,66.1581]]],[[[8.2581,63.2747],[8.5725,63.1801],[8.3601,63.1681],[8.2581,63.2747]]],[[[129.6459,33.7487],[129.8013,33.7795],[129.7207,33.6991],[129.6459,33.7487]]],[[[118.2805,24.4109],[118.4663,24.4805],[118.4513,24.4145],[118.2805,24.4109]]],[[[24.2711,37.6165],[24.4113,37.6513],[24.2783,37.5223],[24.2711,37.6165]]],[[[11.5765,58.0527],[11.6013,57.9355],[11.5123,58.0429],[11.5659,58.0655],[11.5765,58.0527]]],[[[-3.4134,58.9159],[-3.2935,58.7765],[-3.4361,58.8743],[-3.4134,58.9159]]],[[[11.7597,65.6205],[12.0369,65.6801],[12.1319,65.6935],[11.7597,65.6205]]],[[[29.8083,69.8105],[29.9521,69.8983],[30.0989,69.8159],[29.6925,69.7605],[29.8083,69.8105]]],[[[-5.1583,55.9221],[-5.0077,55.7295],[-5.2196,55.9025],[-5.1583,55.9221]]],[[[23.1525,58.9659],[23.3519,59.0319],[23.3881,58.9745],[23.1525,58.9659]]],[[[25.8495,36.8115],[26.0853,36.8987],[25.8745,36.7915],[25.7471,36.7853],[25.8495,36.8115]]],[[[-2.2522,49.1863],[-2.0276,49.2375],[-2.0324,49.1725],[-2.2522,49.1863]]],[[[4.9459,61.1385],[5.0325,61.1219],[4.9315,61.0563],[4.8999,61.1077],[4.8219,61.0599],[4.9459,61.1385]]],[[[47.7647,43.9249],[47.6717,44.0021],[47.8755,43.9855],[47.7647,43.9249]]],[[[27.5357,40.6089],[27.6419,40.6773],[27.7471,40.6411],[27.5357,40.6089]]],[[[118.0661,24.4585],[118.1971,24.5239],[118.1351,24.4235],[118.0661,24.4585]]],[[[13.4175,68.0863],[13.2639,68.0053],[13.1743,68.0491],[13.3177,68.1797],[13.4175,68.0863]]],[[[14.8155,44.1497],[15.0063,44.0881],[15.0577,44.0081],[15.2161,43.9139],[15.2243,43.8821],[14.8155,44.1497]]],[[[19.0965,57.9617],[19.3623,57.9529],[19.0517,57.9031],[19.0965,57.9617]]],[[[110.5367,21.0961],[110.5511,21.1477],[110.6165,21.2009],[110.5367,21.0961]]],[[[25.2475,36.7267],[25.4021,36.7139],[25.3899,36.6543],[25.2475,36.7267]]],[[[10.5357,55.7911],[10.6955,55.8965],[10.6255,55.7685],[10.5357,55.7911]]],[[[16.2551,68.9637],[16.5929,68.9715],[16.6387,68.8987],[16.4627,68.8837],[16.2551,68.9637]]],[[[17.0157,68.8677],[17.1801,68.7697],[16.8235,68.7281],[17.0157,68.8677]]],[[[21.7963,60.3927],[21.9515,60.3805],[22.0515,60.3557],[21.7963,60.3927]]],[[[26.9661,37.0233],[27.0399,37.0179],[27.0575,36.9483],[26.9431,36.9293],[26.9661,37.0233]]],[[[6.3729,62.4749],[6.7227,62.4913],[6.2481,62.4675],[6.3729,62.4749]]],[[[-6.4605,57.0093],[-6.2634,57.0371],[-6.2535,56.9731],[-6.4605,57.0093]]],[[[14.2869,67.2035],[14.1901,67.0103],[13.9965,67.1043],[14.0721,67.1665],[14.1703,67.1303],[14.2869,67.2035]]],[[[137.8293,54.3795],[137.8369,54.4975],[137.9573,54.4589],[137.8293,54.3795]]],[[[110.6273,21.3623],[110.7323,21.3721],[110.6429,21.2525],[110.6273,21.3623]]],[[[17.3221,42.7891],[17.3935,42.8039],[17.3783,42.7905],[17.6691,42.7367],[17.7543,42.6945],[17.3221,42.7891]]],[[[26.4061,36.5821],[26.4093,36.6397],[26.4779,36.5793],[26.3689,36.5739],[26.2971,36.5147],[26.2681,36.5971],[26.4061,36.5821]]],[[[5.0221,60.7179],[5.2293,60.5643],[4.8843,60.7323],[5.0221,60.7179]]],[[[53.0975,46.2967],[52.9603,46.2665],[53.0465,46.3675],[53.0975,46.2967]]],[[[24.3687,37.4239],[24.4847,37.3995],[24.3695,37.3065],[24.3687,37.4239]]],[[[20.6529,38.4999],[20.6785,38.3729],[20.7691,38.3207],[20.6741,38.3561],[20.6529,38.4999]]],[[[49.8295,46.3127],[49.7557,46.2529],[49.7099,46.3625],[49.8295,46.3127]]],[[[137.6651,54.5029],[137.5463,54.4027],[137.6187,54.5653],[137.6651,54.5029]]],[[[23.4193,37.9833],[23.5691,37.9471],[23.4435,37.8769],[23.4193,37.9833]]],[[[50.1129,45.0775],[50.0761,44.8593],[50.1889,44.8493],[50.0667,44.8343],[49.9815,44.9459],[50.0425,45.0569],[50.1129,45.0775]]],[[[42.6227,66.7823],[42.5943,66.6933],[42.4325,66.7587],[42.6227,66.7823]]],[[[4.9651,60.5567],[5.2191,60.4873],[5.2567,60.4097],[5.1655,60.3939],[4.9651,60.5567]]],[[[23.6135,39.2045],[23.7871,39.1303],[23.7823,39.1069],[23.6581,39.0895],[23.6135,39.2045]]],[[[35.9667,65.2117],[36.0781,65.1875],[36.3009,65.2011],[36.0659,65.1211],[35.9269,65.1405],[35.9667,65.2117]],[[35.9599,65.1697],[35.9639,65.1679],[35.9699,65.1687],[35.9599,65.1697]]],[[[12.6161,55.6989],[12.6705,55.5871],[12.5193,55.5901],[12.6161,55.6989]]],[[[16.0709,43.0083],[16.2429,43.0765],[16.2595,43.0625],[16.0709,43.0083]]],[[[8.1921,63.1675],[8.0217,63.1511],[7.9675,63.1539],[7.9465,63.1745],[7.9123,63.1791],[8.1921,63.1675]]],[[[19.6183,60.2841],[19.6793,60.1685],[19.5945,60.2195],[19.5471,60.1489],[19.6183,60.2841]]],[[[-1.563,46.2441],[-1.5133,46.2265],[-1.2553,46.1649],[-1.3219,46.1457],[-1.563,46.2441]]],[[[4.9461,60.6105],[5.1425,60.5953],[5.2517,60.5175],[5.0741,60.5371],[4.9461,60.6105]]],[[[0.7625,51.3715],[0.8923,51.4205],[0.9429,51.3735],[0.7625,51.3715]]],[[[141.0207,45.2799],[141.0699,45.4219],[141.0491,45.2717],[141.0207,45.2799]]],[[[14.6557,44.7897],[14.7609,44.8439],[14.8661,44.7079],[14.6557,44.7897]]],[[[10.2073,54.9643],[10.3729,54.8845],[10.5383,54.8465],[10.4179,54.8183],[10.2073,54.9643]]],[[[18.4091,60.3705],[18.4847,60.3639],[18.5865,60.3005],[18.4091,60.3705]]],[[[153.1847,48.1365],[153.2743,48.0345],[153.1379,48.1011],[153.1847,48.1365]]],[[[8.4689,55.0965],[8.5941,55.1909],[8.5697,55.0821],[8.4689,55.0965]]],[[[5.5779,53.4479],[5.1841,53.3451],[5.1559,53.3641],[5.5779,53.4479]]],[[[25.3113,37.4047],[25.4049,37.4959],[25.4615,37.4521],[25.3113,37.4047]]],[[[31.5115,46.3731],[31.6133,46.2545],[31.6679,46.2603],[32.1917,46.1453],[31.5843,46.2533],[31.5115,46.3731]],[[31.9269,46.1945],[31.9365,46.1921],[31.9443,46.1921],[31.9269,46.1945]]],[[[-3.214,47.2933],[-3.1515,47.3649],[-3.0553,47.3113],[-3.214,47.2933]]],[[[24.9391,37.4911],[24.8829,37.3655],[24.8781,37.5159],[24.9391,37.4911]]],[[[23.4851,37.6777],[23.4879,37.7775],[23.5651,37.7705],[23.4851,37.6777]]],[[[154.5005,49.0745],[154.5647,49.1523],[154.6009,49.1183],[154.5005,49.0745]]],[[[8.4287,54.7507],[8.5985,54.7241],[8.4001,54.7077],[8.4287,54.7507]]],[[[152.5039,47.3773],[152.4225,47.3033],[152.3881,47.3443],[152.5039,47.3773]]],[[[22.0909,60.2923],[22.3411,60.3211],[22.3625,60.2911],[22.0909,60.2923]]],[[[1.3853,38.6413],[1.4319,38.7583],[1.5823,38.6617],[1.3853,38.6413]]],[[[25.4337,36.3949],[25.4851,36.4113],[25.4919,36.3619],[25.3561,36.3567],[25.4337,36.3949]]],[[[153.0803,47.7143],[152.9811,47.7233],[153.0743,47.8083],[153.0803,47.7143]]],[[[32.5537,46.0733],[32.8663,46.0689],[33.0621,46.0247],[32.9783,46.0121],[32.5537,46.0733]]],[[[50.3297,44.9789],[50.2657,45.0367],[50.3429,45.0831],[50.3297,44.9789]]],[[[-6.9975,56.5083],[-6.7267,56.5339],[-6.9114,56.4451],[-6.9975,56.5083]]],[[[6.7169,62.7435],[6.9457,62.7219],[6.6623,62.6883],[6.7169,62.7435]]],[[[14.3685,44.5637],[14.3951,44.6879],[14.5323,44.4847],[14.4209,44.5687],[14.3685,44.5637]]],[[[14.9505,67.9549],[15.1365,67.9591],[15.3297,67.9387],[14.9505,67.9549]]],[[[24.4189,37.1275],[24.5341,37.1929],[24.5107,37.1151],[24.4189,37.1275]]],[[[-7.2433,57.4125],[-7.391,57.4253],[-7.4087,57.4753],[-7.208,57.4657],[-7.2433,57.4125]]],[[[114.1151,22.2685],[114.2369,22.2773],[114.2563,22.2065],[114.1151,22.2685]]],[[[15.4725,68.0109],[15.8729,68.0319],[15.9263,67.9979],[15.5975,67.9897],[15.4725,68.0109]]],[[[24.7035,36.9101],[24.7117,37.0245],[24.7559,36.9441],[24.7035,36.9101]]],[[[146.2057,43.4811],[146.0761,43.5133],[146.2261,43.5257],[146.2057,43.4811]]],[[[10.6255,55.0567],[10.6241,54.9469],[10.5165,55.0079],[10.6255,55.0567]]],[[[-6.6175,56.6401],[-6.5703,56.5911],[-6.7113,56.5785],[-6.6175,56.6401]]],[[[53.0833,39.0925],[53.0697,38.8997],[53.1001,38.7511],[53.0219,39.0183],[53.0417,39.0773],[53.0833,39.0925]]],[[[139.8569,33.1081],[139.7885,33.0675],[139.7553,33.1541],[139.8569,33.1081]]],[[[21.7049,60.1339],[21.8275,60.2139],[21.9509,60.1917],[21.7049,60.1339]]],[[[17.4209,62.3651],[17.5019,62.4601],[17.5393,62.3629],[17.4209,62.3651]]],[[[26.9119,35.4249],[26.9371,35.3661],[26.8553,35.3527],[26.9119,35.4249]]],[[[47.9067,45.6343],[47.9925,45.5981],[47.9545,45.5041],[47.9067,45.6343]]],[[[4.9773,62.0157],[5.1241,62.0311],[5.1571,61.9939],[5.0821,61.9213],[4.9773,62.0157]]],[[[27.3821,36.3777],[27.3593,36.4833],[27.4519,36.4019],[27.3821,36.3777]]],[[[8.4489,63.3443],[8.6203,63.3935],[8.7091,63.3457],[8.4489,63.3443]]],[[[154.4601,49.8139],[154.3551,49.7667],[154.3751,49.8251],[154.4601,49.8139]]],[[[36.0433,64.3623],[35.8735,64.3573],[35.8545,64.4059],[36.0433,64.3623]]],[[[-2.6596,49.4625],[-2.545,49.4229],[-2.6825,49.4351],[-2.6596,49.4625]]],[[[28.6201,60.2703],[28.6953,60.3203],[28.7313,60.2859],[28.6201,60.2703]]],[[[-6.0793,57.4473],[-5.994,57.3611],[-6.0706,57.3357],[-6.0793,57.4473]]],[[[23.9553,39.2931],[23.9239,39.1839],[23.8309,39.1439],[23.9553,39.2931]]],[[[15.4525,43.8923],[15.2615,44.0229],[15.3725,43.9715],[15.4525,43.8923]]],[[[7.7213,63.0857],[7.9017,63.0945],[7.7013,63.0409],[7.7213,63.0857]]],[[[6.2211,62.4563],[6.3711,62.4225],[6.0659,62.4365],[6.2211,62.4563]]],[[[16.2063,43.4145],[16.3373,43.3975],[16.4001,43.3395],[16.4007,43.3287],[16.2063,43.4145]]],[[[21.5237,60.1127],[21.6057,60.1853],[21.6955,60.1689],[21.5237,60.1127]]],[[[18.3441,59.2849],[18.5057,59.2885],[18.5277,59.2745],[18.6161,59.2497],[18.3441,59.2849]]],[[[18.0165,62.6785],[18.1581,62.7529],[18.1751,62.7271],[18.0165,62.6785]]],[[[27.7555,36.5799],[27.8749,36.6153],[27.8461,36.5359],[27.7555,36.5799]]],[[[5.9317,59.2767],[6.1061,59.2593],[5.9267,59.2335],[5.9317,59.2767]]],[[[-7.4406,57.0593],[-7.3758,56.9829],[-7.5584,56.9561],[-7.4406,57.0593]]],[[[21.4403,60.4905],[21.4269,60.5579],[21.5385,60.5281],[21.4801,60.5353],[21.4403,60.4905]]],[[[11.7813,65.1075],[11.5889,65.0405],[11.5155,65.0553],[11.5743,65.1091],[11.7813,65.1075]]],[[[5.6335,53.4703],[5.9745,53.4651],[5.6165,53.4527],[5.6335,53.4703]]],[[[8.2187,39.1503],[8.3113,39.1841],[8.2923,39.1001],[8.2187,39.1503]]],[[[8.3547,55.4627],[8.4641,55.4219],[8.4803,55.3415],[8.3547,55.4627]]],[[[26.8255,37.1155],[26.8563,37.1853],[26.8955,37.0989],[26.8255,37.1155]]],[[[11.3209,64.6907],[11.3127,64.6005],[11.1543,64.6639],[11.3209,64.6907]]],[[[8.2763,41.1097],[8.3345,41.0569],[8.2157,40.9923],[8.2763,41.1097]]],[[[149.0053,59.2111],[148.9697,59.1241],[148.9411,59.1417],[149.0053,59.2111]]],[[[6.7711,62.8103],[6.9717,62.8509],[6.9203,62.7747],[6.7711,62.8103]]],[[[12.6983,66.2495],[12.8715,66.2959],[12.8851,66.2481],[12.6983,66.2495]]],[[[15.0581,44.1585],[15.1795,44.0985],[15.2577,44.0223],[15.0581,44.1585]]],[[[-2.4253,59.2897],[-2.5151,59.2253],[-2.5363,59.2579],[-2.7078,59.1961],[-2.623,59.2941],[-2.4253,59.2897]]],[[[23.3893,37.3163],[23.5837,37.3635],[23.3687,37.2975],[23.3893,37.3163]]],[[[5.1771,60.0601],[5.3059,60.0585],[5.2629,59.9933],[5.1771,60.0601]]],[[[-3.0385,58.8203],[-2.8825,58.8229],[-2.924,58.7341],[-3.0385,58.8203]]],[[[-2.2945,46.9871],[-2.2206,47.0135],[-2.1541,46.8977],[-2.2945,46.9871]]],[[[13.8663,40.7017],[13.9383,40.7537],[13.9629,40.7193],[13.8663,40.7017]]],[[[23.3945,39.1527],[23.5151,39.1949],[23.5103,39.1631],[23.3945,39.1527]]],[[[17.6721,59.0155],[17.7217,59.0119],[17.7099,58.9013],[17.6337,58.9919],[17.6721,59.0155]]],[[[-3.0426,59.1279],[-3.079,59.2027],[-2.953,59.1803],[-3.0426,59.1279]]],[[[22.3081,60.3313],[22.4629,60.3431],[22.5245,60.3445],[22.3081,60.3313]]],[[[-3.0719,59.3333],[-2.9879,59.3167],[-2.8446,59.2485],[-3.0719,59.3333]]],[[[16.8453,42.7261],[16.7939,42.7673],[16.9411,42.7707],[16.8453,42.7261]]],[[[18.3717,59.0791],[18.5013,59.0963],[18.3653,59.0199],[18.3717,59.0791]]],[[[22.0581,63.2811],[22.2351,63.3163],[22.2499,63.3055],[22.2165,63.2749],[22.1499,63.2933],[22.1013,63.2819],[22.1567,63.2525],[22.0581,63.2811]]],[[[6.0357,60.1161],[5.9287,60.1407],[6.0617,60.1505],[6.0357,60.1161]]],[[[21.7663,70.2915],[21.6963,70.3909],[21.8141,70.3517],[21.7663,70.2915]]],[[[21.2421,63.3577],[21.3991,63.3195],[21.2371,63.3335],[21.2421,63.3577]]],[[[27.1385,36.5649],[27.1885,36.6237],[27.2169,36.5831],[27.1385,36.5649]]],[[[25.1307,36.6619],[25.0959,36.6967],[25.1795,36.7173],[25.1307,36.6619]]],[[[18.5495,59.5057],[18.6497,59.5573],[18.7633,59.5433],[18.6013,59.4947],[18.6053,59.4563],[18.5913,59.5043],[18.5495,59.5057]]],[[[5.7445,59.7831],[5.7269,59.8185],[5.8365,59.7555],[5.7403,59.7247],[5.7445,59.7831]]],[[[17.9659,62.6423],[17.9933,62.5625],[17.9485,62.5537],[17.9659,62.6423]]],[[[5.5851,59.1347],[5.7577,59.1239],[5.7839,59.0813],[5.7335,59.0735],[5.5851,59.1347]]],[[[25.7649,36.4035],[25.8603,36.3569],[25.7281,36.3653],[25.7649,36.4035]]],[[[25.5607,38.5359],[25.6221,38.5905],[25.6075,38.5397],[25.5607,38.5359]]],[[[154.0047,48.9637],[153.9211,48.9265],[153.9019,48.9701],[154.0047,48.9637]]],[[[24.9729,39.4977],[25.0561,39.5295],[24.9883,39.4659],[24.9729,39.4977]]],[[[25.9639,39.8403],[26.0523,39.8501],[26.0789,39.8013],[25.9639,39.8403]]],[[[133.0813,34.2523],[133.1005,34.3033],[133.1379,34.3127],[133.1501,34.2807],[133.0813,34.2523]]],[[[24.5257,36.8289],[24.6109,36.8329],[24.5387,36.7811],[24.5257,36.8289]]],[[[-6.2517,56.0865],[-6.1964,56.0399],[-6.2733,56.0389],[-6.2517,56.0865]]],[[[8.2241,63.1603],[8.2425,63.2375],[8.3407,63.1713],[8.2241,63.1603]]],[[[133.1565,34.3005],[133.2001,34.3345],[133.2035,34.2711],[133.1565,34.3005]]],[[[4.9515,61.3127],[5.0075,61.3781],[5.0349,61.3253],[4.9515,61.3127]]],[[[6.2453,53.4781],[6.1253,53.4707],[6.3395,53.5067],[6.2453,53.4781]]],[[[113.5107,22.2305],[113.4569,22.1651],[113.4599,22.2183],[113.5107,22.2305]]],[[[25.0649,36.9737],[25.0187,36.9883],[25.0807,37.0513],[25.0649,36.9737]]],[[[26.5279,37.2909],[26.6167,37.3387],[26.5757,37.2703],[26.5279,37.2909]]],[[[14.9611,68.2961],[14.8647,68.2283],[14.7843,68.2389],[14.8707,68.3061],[14.9611,68.2961]]],[[[8.7093,54.5615],[8.6171,54.4985],[8.5899,54.5315],[8.7093,54.5615]]],[[[5.3661,60.0891],[5.3637,59.9961],[5.3369,60.0303],[5.3661,60.0891]]],[[[22.3251,60.2355],[22.1931,60.2073],[22.3075,60.2717],[22.3251,60.2355]]],[[[5.3911,59.1639],[5.4575,59.2229],[5.4765,59.1877],[5.3911,59.1639]]],[[[22.0669,60.2183],[22.0457,60.1883],[22.0269,60.1491],[21.9481,60.1693],[22.0669,60.2183]]],[[[106.9095,20.8271],[106.9849,20.8495],[106.9557,20.7885],[106.9095,20.8271]]],[[[12.9209,66.2333],[13.0725,66.2899],[13.1861,66.2853],[12.9209,66.2333]]],[[[11.4493,54.0219],[11.4575,53.9573],[11.3787,53.9851],[11.4493,54.0219]]],[[[24.8591,36.6353],[24.9493,36.6299],[24.9551,36.5995],[24.8591,36.6353]]],[[[-4.631,53.3219],[-4.6026,53.2439],[-4.7089,53.3099],[-4.631,53.3219]]],[[[113.3275,22.2231],[113.3981,22.1883],[113.3691,22.1623],[113.3275,22.2231]]],[[[15.3301,43.7897],[15.2629,43.8725],[15.4583,43.7371],[15.3301,43.7897]]],[[[5.1015,53.3017],[4.8547,53.2225],[5.0375,53.3011],[5.1015,53.3017]]],[[[25.5777,60.3023],[25.6797,60.2401],[25.6239,60.2043],[25.5777,60.3023]]],[[[22.3183,60.2525],[22.4651,60.3065],[22.4709,60.2963],[22.3183,60.2525]]],[[[19.3277,58.3661],[19.2291,58.3379],[19.1849,58.3901],[19.3277,58.3661]]],[[[-2.6287,59.1187],[-2.5815,59.1427],[-2.542,59.0789],[-2.6895,59.0765],[-2.6287,59.1187]]],[[[22.7151,63.7787],[22.8311,63.7741],[22.6755,63.7591],[22.7151,63.7787]]],[[[10.4007,59.0515],[10.4443,59.1559],[10.4541,59.0579],[10.4007,59.0515]]],[[[18.0581,58.9639],[18.1719,59.0345],[18.2343,59.0309],[18.0581,58.9639]]],[[[21.2907,60.2191],[21.3221,60.2347],[21.3803,60.2377],[21.3389,60.2271],[21.3849,60.2043],[21.4707,60.2079],[21.4015,60.1779],[21.3171,60.1959],[21.3419,60.2067],[21.2517,60.2135],[21.2907,60.2191]]],[[[14.3699,67.4459],[14.4197,67.4239],[14.2131,67.3777],[14.3699,67.4459]]],[[[4.9755,60.8545],[5.0217,60.9175],[5.0405,60.8483],[4.9755,60.8545]]],[[[20.2173,60.0925],[20.3087,60.1111],[20.2665,60.0621],[20.2173,60.0925]]],[[[26.4763,37.5739],[26.5419,37.6219],[26.5061,37.5293],[26.4763,37.5739]]],[[[6.6677,53.6039],[6.8165,53.6039],[6.6651,53.5849],[6.6677,53.6039]]],[[[-9.831,53.1415],[-9.709,53.1443],[-9.6314,53.1087],[-9.6545,53.0915],[-9.831,53.1415]]],[[[8.3575,54.7161],[8.3461,54.6175],[8.2953,54.6689],[8.3575,54.7161]]],[[[4.6501,61.0339],[4.7499,61.0273],[4.7145,60.9863],[4.6501,61.0339]]],[[[18.9779,59.8649],[19.0129,59.8001],[18.8897,59.7911],[18.9779,59.8649]]],[[[18.1837,59.3419],[18.1229,59.3939],[18.2703,59.3749],[18.1837,59.3419]]],[[[40.2789,64.9459],[40.2289,64.9151],[40.2097,64.9925],[40.2789,64.9459]]],[[[9.0109,63.6177],[9.1017,63.6683],[9.1787,63.6529],[9.0109,63.6177]]],[[[-6.2102,56.8911],[-6.1161,56.9279],[-6.1429,56.8739],[-6.2102,56.8911]]],[[[11.0539,63.8029],[11.2373,63.8093],[11.0047,63.7535],[11.0539,63.8029]]],[[[27.5207,36.2087],[27.6067,36.2485],[27.6251,36.2273],[27.5207,36.2087]]],[[[21.2421,60.5141],[21.3173,60.5497],[21.3165,60.5181],[21.3565,60.4995],[21.2421,60.5141]]],[[[21.2919,60.5849],[21.3135,60.6699],[21.3615,60.6269],[21.3241,60.6307],[21.3235,60.5819],[21.2919,60.5849]]],[[[23.4035,59.9035],[23.6235,59.9351],[23.6597,59.9307],[23.4035,59.9035]]],[[[-2.7654,59.2521],[-2.7462,59.1471],[-2.833,59.1801],[-2.7654,59.2521]]],[[[15.1899,67.9757],[15.2553,68.0091],[15.3245,67.9673],[15.1899,67.9757]]],[[[20.3339,60.2795],[20.4389,60.2389],[20.3809,60.1933],[20.3339,60.2795]]],[[[-2.9042,59.0745],[-2.8348,59.0191],[-2.9391,59.0345],[-2.9042,59.0745]]],[[[21.9285,60.4861],[22.0755,60.4433],[21.9965,60.4239],[21.9285,60.4861]]],[[[10.9869,59.0809],[11.0833,59.0689],[10.9973,59.0267],[11.0043,59.0591],[10.9869,59.0809]]],[[[24.0203,58.1505],[23.9389,58.1145],[23.9479,58.1473],[24.0203,58.1505]]],[[[25.9977,60.2805],[25.9401,60.2697],[25.9261,60.3485],[26.0387,60.2877],[25.9977,60.2805]]],[[[8.9479,58.5059],[8.8343,58.4303],[8.7899,58.4543],[8.9479,58.5059]]],[[[22.2775,65.4761],[22.3665,65.5315],[22.3891,65.5139],[22.2775,65.4761]]],[[[21.9693,60.3157],[22.0369,60.3175],[21.8801,60.2917],[21.9693,60.3157]]],[[[13.2405,66.7519],[13.4677,66.7835],[13.4771,66.7771],[13.2405,66.7519]]],[[[5.8257,59.2013],[5.8417,59.1393],[5.7727,59.1607],[5.8257,59.2013]]],[[[-10.409,51.9137],[-10.2863,51.9299],[-10.4269,51.8835],[-10.409,51.9137]]],[[[20.1399,39.2067],[20.1887,39.2111],[20.2051,39.1845],[20.1399,39.2067]]],[[[14.7471,44.3681],[14.8083,44.4025],[14.8165,44.3455],[14.7471,44.3681]]],[[[4.8615,60.7851],[4.9631,60.7809],[4.9903,60.7325],[4.8615,60.7851]]],[[[26.7249,38.5375],[26.6993,38.4791],[26.7029,38.5471],[26.7249,38.5375]]],[[[-5.9835,57.2767],[-5.9514,57.3207],[-5.9193,57.2989],[-5.9835,57.2767]]],[[[21.7573,60.5551],[21.7365,60.4943],[21.7305,60.4645],[21.6987,60.4717],[21.7573,60.5551]]],[[[13.5759,66.8433],[13.3777,66.8153],[13.3337,66.8247],[13.5759,66.8433]]],[[[-8.3198,51.8453],[-8.3105,51.8915],[-8.2075,51.8777],[-8.3198,51.8453]]],[[[-2.3758,46.6947],[-2.3252,46.7203],[-2.2813,46.6857],[-2.3758,46.6947]]],[[[23.4859,37.5609],[23.5265,37.5229],[23.4265,37.5217],[23.4859,37.5609]]],[[[16.7939,58.3821],[16.8359,58.3585],[16.9085,58.3213],[16.8511,58.3193],[16.7939,58.3821]]],[[[6.4653,62.5133],[6.3097,62.4897],[6.1745,62.4949],[6.2565,62.5165],[6.4653,62.5133]]],[[[5.1951,60.0217],[5.1205,59.9739],[5.1005,59.9931],[5.1951,60.0217]]],[[[-9.7161,53.2367],[-9.6468,53.2783],[-9.6474,53.2323],[-9.7161,53.2367]]],[[[-1.1345,60.1223],[-1.0614,60.1703],[-1.0821,60.1117],[-1.1345,60.1223]]],[[[24.0447,39.3285],[24.0999,39.3137],[24.0685,39.2979],[24.0447,39.3285]]],[[[20.8993,38.6425],[20.8867,38.6009],[20.8753,38.5779],[20.8993,38.6425]]],[[[26.6227,39.3349],[26.6683,39.3907],[26.6891,39.3387],[26.6227,39.3349]]],[[[48.8527,45.9575],[48.9319,45.9951],[48.9415,45.9831],[48.8527,45.9575]]],[[[18.5577,59.2863],[18.7169,59.2921],[18.5489,59.2787],[18.5577,59.2863]]],[[[7.1427,53.7103],[7.3389,53.7289],[7.3451,53.7243],[7.1427,53.7103]]],[[[10.8591,42.3579],[10.9143,42.3733],[10.9209,42.3213],[10.8591,42.3579]]],[[[20.7783,60.2287],[20.8129,60.2859],[20.8515,60.2469],[20.7783,60.2287]]],[[[26.9833,60.0969],[26.9817,60.0259],[26.9453,60.1001],[26.9833,60.0969]]],[[[-5.5738,56.5031],[-5.4282,56.5655],[-5.6015,56.4655],[-5.5738,56.5031]]],[[[133.2159,34.3543],[133.2133,34.4041],[133.2435,34.3977],[133.2159,34.3543]]],[[[5.6011,62.3317],[5.7541,62.3505],[5.7405,62.3247],[5.6011,62.3317]]],[[[18.3703,58.9805],[18.2693,58.9169],[18.2311,58.9431],[18.3703,58.9805]]],[[[22.9527,65.6661],[22.9637,65.7375],[22.9875,65.6939],[22.9527,65.6661]]],[[[27.5877,40.4697],[27.6549,40.5039],[27.6691,40.4541],[27.5877,40.4697]]],[[[4.7579,61.1007],[4.7871,61.0205],[4.7305,61.0815],[4.7579,61.1007]]],[[[20.8755,63.7439],[20.9091,63.8159],[20.9541,63.7933],[20.8755,63.7439]]],[[[17.8351,58.8881],[17.8807,58.8137],[17.7973,58.8013],[17.8351,58.8881]]],[[[27.2451,35.9023],[27.1913,35.8637],[27.2317,35.9095],[27.2451,35.9023]]],[[[26.5979,60.4471],[26.5403,60.3773],[26.5057,60.4091],[26.5979,60.4471]]],[[[20.9519,63.7793],[20.8955,63.6843],[20.8655,63.6843],[20.9519,63.7793]]],[[[16.2641,68.0995],[16.3041,68.0453],[16.1691,68.0675],[16.2641,68.0995]]],[[[18.7337,60.1549],[18.7683,60.2041],[18.8143,60.1603],[18.7337,60.1549]]],[[[11.5259,56.7257],[11.5569,56.6851],[11.5155,56.7177],[11.5259,56.7257]]],[[[14.8301,44.1991],[14.8023,44.2641],[14.9097,44.2109],[14.8301,44.1991]]],[[[22.9045,60.1215],[22.9533,60.0853],[22.8441,60.0835],[22.9045,60.1215]]],[[[20.7377,38.6407],[20.7615,38.6353],[20.8121,38.5901],[20.7377,38.6407]]],[[[27.5421,40.4991],[27.5193,40.5459],[27.5525,40.5313],[27.5421,40.4991]]],[[[21.1551,62.9411],[21.2111,62.9859],[21.2219,62.9481],[21.1551,62.9411]]],[[[4.8357,60.8935],[4.8971,60.9121],[4.9293,60.8569],[4.8357,60.8935]]],[[[21.5787,70.0411],[21.7281,70.0171],[21.5465,70.0197],[21.5787,70.0411]]],[[[6.1311,62.5783],[6.1405,62.5329],[6.0993,62.5525],[6.0283,62.5353],[6.0141,62.5455],[6.1311,62.5783]]],[[[15.0451,44.2849],[15.0967,44.3093],[15.1321,44.2895],[15.0451,44.2849]]],[[[7.3989,62.6613],[7.2465,62.6501],[7.2285,62.6625],[7.3989,62.6613]]],[[[23.2967,35.8565],[23.3219,35.8877],[23.3343,35.8307],[23.2967,35.8565]]],[[[20.5331,60.0029],[20.5949,60.0553],[20.6175,60.0333],[20.5331,60.0029]]],[[[13.1565,54.4891],[13.2249,54.4671],[13.1209,54.4487],[13.1565,54.4891]]],[[[5.0935,61.3985],[5.0583,61.3453],[5.0263,61.3777],[5.0935,61.3985]]],[[[18.8963,59.6227],[19.0027,59.6309],[18.8601,59.5897],[18.8963,59.6227]]],[[[23.1299,37.2403],[23.1615,37.2703],[23.1693,37.2453],[23.1299,37.2403]]],[[[19.0233,69.6963],[18.9127,69.6881],[19.0241,69.7083],[19.0233,69.6963]]],[[[23.6933,65.7123],[23.7477,65.7397],[23.8107,65.7457],[23.6933,65.7123]]],[[[13.1055,66.4005],[12.9893,66.3911],[13.1105,66.4145],[13.1055,66.4005]]],[[[28.4567,60.3329],[28.4863,60.3655],[28.5319,60.3083],[28.4567,60.3329]]],[[[7.7691,63.1179],[7.8731,63.1169],[7.6907,63.1173],[7.7457,63.1377],[7.7691,63.1179]]],[[[24.5177,59.6065],[24.4971,59.5543],[24.4885,59.5849],[24.5177,59.6065]]],[[[16.5121,69.0417],[16.5693,68.9853],[16.4315,68.9981],[16.5121,69.0417]]],[[[22.1507,60.4051],[22.2563,60.4139],[22.2693,60.4019],[22.1507,60.4051]]],[[[21.9421,63.3345],[22.0225,63.3793],[22.0959,63.3763],[22.0167,63.3717],[21.9751,63.3319],[21.9421,63.3345]]],[[[9.4011,41.2659],[9.4367,41.2229],[9.3747,41.2223],[9.4011,41.2659]]],[[[11.4089,58.1991],[11.5095,58.2533],[11.4679,58.2037],[11.4089,58.1991]]],[[[6.6271,58.1957],[6.5775,58.2405],[6.6413,58.2175],[6.6271,58.1957]]],[[[9.8115,43.0115],[9.8223,43.0765],[9.8427,43.0527],[9.8115,43.0115]]],[[[50.3415,40.4251],[50.3383,40.4801],[50.3525,40.3875],[50.3415,40.4251]]],[[[24.1559,37.7239],[24.1087,37.6867],[24.1429,37.7567],[24.1559,37.7239]]],[[[22.9733,36.5143],[22.9875,36.4607],[22.9289,36.4731],[22.9733,36.5143]]],[[[4.9921,61.0165],[4.9453,60.9725],[4.9247,61.0087],[4.9921,61.0165]]],[[[5.8841,58.4233],[5.9805,58.4589],[5.9963,58.4163],[5.8841,58.4233]]],[[[12.9659,66.1835],[12.8527,66.1705],[12.9695,66.2023],[12.9659,66.1835]]],[[[22.3885,60.2077],[22.3391,60.1489],[22.2899,60.1475],[22.3885,60.2077]]],[[[23.8451,59.9457],[23.9061,59.9885],[23.9901,59.9849],[23.8451,59.9457]]],[[[22.2953,60.3755],[22.2117,60.3429],[22.1447,60.3539],[22.2953,60.3755]]],[[[-9.7896,51.6495],[-9.8896,51.6137],[-9.9242,51.6235],[-9.7896,51.6495]]],[[[15.4205,68.6959],[15.3227,68.6531],[15.4113,68.7363],[15.4205,68.6959]]],[[[24.6199,36.7577],[24.6515,36.7897],[24.6675,36.7609],[24.6199,36.7577]]],[[[155.5559,59.3593],[155.5037,59.3091],[155.4783,59.3173],[155.5559,59.3593]]],[[[15.5651,43.8337],[15.6461,43.7969],[15.6637,43.7669],[15.5651,43.8337]]],[[[18.5189,59.4961],[18.5837,59.4725],[18.5985,59.4357],[18.5189,59.4961]]],[[[4.9045,61.7783],[4.8463,61.7499],[4.7961,61.7929],[4.9045,61.7783]]],[[[22.7441,65.7767],[22.8247,65.7065],[22.7277,65.7271],[22.7441,65.7767]]],[[[6.0125,59.1745],[6.0703,59.2329],[6.1027,59.2281],[6.0125,59.1745]]],[[[13.0985,54.5911],[13.1409,54.6063],[13.1545,54.5837],[13.1085,54.5837],[13.0701,54.4615],[13.0985,54.5911]]],[[[7.4785,53.7215],[7.5711,53.7587],[7.6345,53.7503],[7.4785,53.7215]]],[[[50.5407,40.2863],[50.5861,40.3475],[50.6079,40.3169],[50.5407,40.2863]]],[[[15.7103,56.0709],[15.6713,56.1191],[15.7415,56.1109],[15.7103,56.0709]]],[[[12.1259,65.4393],[12.0993,65.3931],[12.0465,65.4053],[12.1701,65.4795],[12.1259,65.4393]]],[[[6.3165,62.6509],[6.2351,62.6971],[6.3619,62.6729],[6.3165,62.6509]]],[[[12.6971,66.1447],[12.7477,66.1875],[12.8065,66.1633],[12.6971,66.1447]]],[[[35.8973,65.0119],[35.9887,65.0463],[36.0157,65.0249],[35.8973,65.0119]]],[[[5.5719,59.0851],[5.6389,59.1003],[5.7071,59.0689],[5.5719,59.0851]]],[[[12.3623,65.6603],[12.3047,65.6573],[12.4535,65.7293],[12.3623,65.6603]]],[[[28.4477,60.4641],[28.5225,60.4135],[28.5363,60.3503],[28.4477,60.4641]]],[[[0.8905,51.7777],[0.9375,51.8085],[0.9957,51.8035],[0.8905,51.7777]]],[[[10.8545,59.0669],[10.9135,59.1139],[10.9229,59.0995],[10.8545,59.0669]]],[[[20.3027,59.9939],[20.3559,60.0191],[20.4637,60.0017],[20.3027,59.9939]]],[[[25.4683,36.8727],[25.4575,36.8235],[25.4199,36.8323],[25.4683,36.8727]]],[[[0.5483,51.5475],[0.5771,51.5097],[0.5223,51.5317],[0.5483,51.5475]]],[[[5.0857,60.3771],[5.1589,60.3875],[5.1591,60.3401],[5.0857,60.3771]]],[[[6.4525,62.7227],[6.4705,62.7875],[6.4997,62.7499],[6.4525,62.7227]]],[[[12.7355,55.6357],[12.7745,55.6735],[12.7875,55.6097],[12.7355,55.6357]]],[[[22.4807,60.4041],[22.3425,60.3661],[22.3111,60.3775],[22.4807,60.4041]]],[[[132.0823,33.8261],[132.1239,33.8267],[132.0393,33.7813],[132.0823,33.8261]]],[[[24.6867,37.6091],[24.7441,37.5967],[24.6553,37.6073],[24.6867,37.6091]]],[[[17.9039,42.7009],[17.8605,42.7513],[17.9301,42.7171],[17.9039,42.7009]]],[[[15.6867,43.6315],[15.6573,43.6681],[15.7321,43.6327],[15.6867,43.6315]]],[[[15.0777,44.0545],[15.1533,44.0273],[15.1661,44.0031],[15.0777,44.0545]]],[[[49.1759,46.0105],[49.1907,46.0479],[49.2095,46.0275],[49.1759,46.0105]]],[[[24.2563,38.0265],[24.2735,37.9805],[24.2321,37.9887],[24.2563,38.0265]]],[[[9.9829,64.0395],[9.9893,64.0821],[10.0475,64.0549],[9.9829,64.0395]]],[[[18.6349,63.0145],[18.6911,63.0807],[18.7183,63.0623],[18.6349,63.0145]]],[[[-0.9774,50.8381],[-0.9472,50.7813],[-1.0322,50.7915],[-0.9774,50.8381]]],[[[9.4561,41.2079],[9.4807,41.1901],[9.4361,41.1889],[9.4561,41.2079]]],[[[-8.5686,54.9803],[-8.5059,55.0079],[-8.4896,54.9781],[-8.5686,54.9803]]],[[[11.3641,54.9503],[11.4477,54.9645],[11.4721,54.9475],[11.4019,54.9199],[11.3641,54.9503]]],[[[18.8681,59.6067],[18.7607,59.5749],[18.9597,59.6679],[18.8681,59.6067]]],[[[22.3297,65.6615],[22.3197,65.7245],[22.3727,65.6731],[22.3297,65.6615]]],[[[26.7237,37.3053],[26.7955,37.3071],[26.7907,37.2791],[26.7237,37.3053]]],[[[15.2899,43.8703],[15.3167,43.8865],[15.3705,43.8213],[15.2899,43.8703]]],[[[25.2191,37.3719],[25.2273,37.4405],[25.2515,37.3787],[25.2191,37.3719]]],[[[-10.0501,53.8051],[-9.9457,53.8085],[-10.0577,53.7909],[-10.0501,53.8051]]],[[[39.9697,64.7651],[40.0385,64.7345],[39.9023,64.7243],[39.9697,64.7651]]],[[[49.8961,46.4485],[49.8373,46.4419],[49.8643,46.4703],[49.8961,46.4485]]],[[[150.8511,46.4701],[150.8673,46.4353],[150.7985,46.4501],[150.8511,46.4701]]],[[[14.9391,44.1997],[15.0355,44.1323],[14.9979,44.1377],[14.9391,44.1997]]],[[[29.7911,59.9761],[29.7277,60.0231],[29.8097,59.9883],[29.7911,59.9761]]],[[[9.8445,64.0247],[9.9007,64.0525],[9.9517,64.0145],[9.8445,64.0247]]],[[[5.6107,62.3539],[5.5341,62.3343],[5.5051,62.3657],[5.6107,62.3539]]],[[[7.6899,53.7535],[7.6997,53.7793],[7.8141,53.7761],[7.6899,53.7535]]],[[[26.2461,38.5047],[26.2297,38.5397],[26.2693,38.5201],[26.2461,38.5047]]],[[[107.9925,21.4805],[108.0225,21.4755],[107.9715,21.4345],[107.9925,21.4805]]],[[[21.4355,63.0851],[21.4303,63.0137],[21.3439,63.0415],[21.4161,63.0387],[21.4355,63.0851]]],[[[14.2281,44.6283],[14.2727,44.6903],[14.2755,44.6067],[14.2281,44.6283]]],[[[4.8263,61.6981],[4.8927,61.6607],[4.8305,61.6725],[4.8263,61.6981]]],[[[28.5709,60.5083],[28.6697,60.4749],[28.6969,60.4697],[28.6269,60.4761],[28.5709,60.5083]]],[[[13.8647,67.0663],[13.7609,67.0833],[13.8729,67.0749],[13.8647,67.0663]]],[[[11.7791,55.7845],[11.8507,55.7837],[11.8175,55.7527],[11.7791,55.7845]]],[[[5.0631,61.1627],[5.0425,61.1219],[5.0245,61.1703],[5.0631,61.1627]]],[[[27.1099,36.9553],[27.1693,36.9563],[27.1769,36.9211],[27.1099,36.9553]]],[[[25.6155,36.8979],[25.6819,36.8785],[25.6061,36.8843],[25.6155,36.8979]]],[[[25.7799,37.1253],[25.8345,37.1377],[25.8369,37.0981],[25.8021,37.0947],[25.7799,37.1253]]],[[[-5.7563,56.1717],[-5.6877,56.2021],[-5.6734,56.1729],[-5.7563,56.1717]]],[[[6.6537,62.7059],[6.5981,62.6477],[6.5799,62.6637],[6.6537,62.7059]]],[[[22.1575,65.4319],[22.2321,65.4601],[22.2465,65.4125],[22.1575,65.4319]]],[[[12.6441,66.6105],[12.6111,66.5523],[12.5971,66.5791],[12.6441,66.6105]]],[[[-5.6208,56.2513],[-5.6681,56.2245],[-5.6408,56.2737],[-5.6368,56.2585],[-5.6208,56.2513]]],[[[-6.1932,55.2613],[-6.2467,55.3141],[-6.1734,55.2999],[-6.1932,55.2613]]],[[[8.6673,63.6427],[8.8595,63.6557],[8.6827,63.6313],[8.6673,63.6427]]],[[[21.6135,60.2665],[21.6373,60.2537],[21.5557,60.2205],[21.5841,60.2731],[21.6135,60.2665]]],[[[23.9391,39.1841],[23.9863,39.1721],[23.9569,39.1697],[23.9391,39.1841]]],[[[21.6585,65.4009],[21.7795,65.3873],[21.8305,65.3517],[21.6585,65.4009]]],[[[8.4211,63.3295],[8.4827,63.3279],[8.3669,63.3133],[8.4211,63.3295]]],[[[23.2823,37.3383],[23.3621,37.3403],[23.3117,37.3215],[23.2823,37.3383]]],[[[6.1911,62.6857],[6.1779,62.6537],[6.1695,62.6683],[6.1911,62.6857]]],[[[-5.7755,55.6803],[-5.7187,55.6891],[-5.766,55.6477],[-5.7755,55.6803]]],[[[22.0477,63.2745],[22.0191,63.3297],[22.0639,63.3003],[22.0477,63.2745]]],[[[5.6135,59.8583],[5.5449,59.8625],[5.5771,59.8815],[5.6135,59.8583]]],[[[14.7031,44.3975],[14.6969,44.3561],[14.6661,44.4095],[14.7031,44.3975]]],[[[22.8547,60.0563],[22.9213,60.0491],[22.8819,60.0049],[22.8547,60.0563]]],[[[-3.2729,54.1497],[-3.1732,54.0487],[-3.2112,54.0493],[-3.2607,54.0963],[-3.2729,54.1497]]],[[[6.8787,53.6705],[7.0763,53.6879],[7.0913,53.6805],[6.8787,53.6705]]],[[[6.2087,62.5985],[6.1893,62.6387],[6.2319,62.6049],[6.2087,62.5985]]],[[[-3.497,47.6483],[-3.4168,47.6241],[-3.5083,47.6451],[-3.497,47.6483]]],[[[26.9543,37.4433],[26.9757,37.4757],[27.0087,37.4541],[26.9543,37.4433]]],[[[19.3891,39.8299],[19.3837,39.8739],[19.4367,39.8681],[19.3891,39.8299]]],[[[-7.4892,55.0859],[-7.4997,55.0497],[-7.5334,55.0737],[-7.4892,55.0859]]],[[[-7.0862,57.8915],[-7.002,57.9231],[-6.9912,57.8945],[-7.0862,57.8915]]],[[[23.9759,59.3213],[23.9947,59.3571],[24.0107,59.3199],[23.9759,59.3213]]],[[[27.8351,60.0377],[27.8427,59.9869],[27.7965,59.9977],[27.8351,60.0377]]],[[[6.1679,43.0121],[6.2469,43.0051],[6.1579,43.0065],[6.1679,43.0121]]],[[[12.0793,54.9067],[12.0677,54.9379],[12.0907,54.9227],[12.0793,54.9067]]],[[[11.0857,55.9183],[11.2155,55.8683],[11.2229,55.8561],[11.0857,55.9183]]],[[[20.4619,60.0129],[20.5247,60.0621],[20.5455,60.0605],[20.4619,60.0129]]],[[[-2.0701,60.1117],[-2.0792,60.1579],[-2.0456,60.1401],[-2.0701,60.1117]]],[[[12.8977,66.4553],[12.8413,66.4155],[12.8281,66.4427],[12.8977,66.4553]]],[[[21.6365,63.2955],[21.7001,63.3061],[21.6727,63.2511],[21.6365,63.2955]]],[[[22.5315,65.5787],[22.6593,65.5837],[22.6019,65.5543],[22.5315,65.5787]]],[[[-5.5678,56.4119],[-5.5577,56.3759],[-5.5911,56.3869],[-5.5678,56.4119]]],[[[5.4155,62.2439],[5.4775,62.2693],[5.4973,62.2369],[5.4155,62.2439]]],[[[5.1111,59.8743],[5.1003,59.8357],[5.0765,59.8665],[5.1111,59.8743]]],[[[2.9181,39.1303],[2.9727,39.1591],[2.9579,39.1259],[2.9181,39.1303]]],[[[10.3047,55.7673],[10.3237,55.7489],[10.2373,55.7551],[10.3047,55.7673]]],[[[12.4913,65.8113],[12.4515,65.7649],[12.3801,65.7465],[12.4913,65.8113]]],[[[18.7433,59.2711],[18.7961,59.3051],[18.8243,59.2927],[18.7759,59.2579],[18.7433,59.2711]]],[[[16.1079,43.4327],[16.1657,43.4581],[16.1807,43.4395],[16.1079,43.4327]]],[[[113.0113,22.4851],[112.9843,22.4801],[112.9879,22.5023],[113.0113,22.4851]]],[[[12.4997,65.8631],[12.4169,65.8195],[12.3887,65.8431],[12.4997,65.8631]]],[[[23.9205,59.3081],[23.9269,59.3459],[23.9523,59.3135],[23.9205,59.3081]]],[[[18.2413,59.0771],[18.3301,59.1087],[18.3525,59.0977],[18.2413,59.0771]]],[[[-4.9166,55.7935],[-4.9432,55.7449],[-4.9532,55.7529],[-4.9166,55.7935]]],[[[49.2171,46.0985],[49.1751,46.0891],[49.1639,46.1211],[49.2171,46.0985]]],[[[22.2893,65.4589],[22.4297,65.4475],[22.3121,65.4305],[22.2893,65.4589]]],[[[16.6657,68.9311],[16.6841,68.9745],[16.7557,68.9595],[16.6657,68.9311]]],[[[21.1709,62.8285],[21.1699,62.8643],[21.2307,62.8587],[21.1709,62.8285]]],[[[8.4757,54.4679],[8.4671,54.4283],[8.4413,54.4621],[8.4757,54.4679]]],[[[6.1409,62.4549],[6.2059,62.4839],[6.2703,62.4763],[6.1409,62.4549]]],[[[21.7541,36.7183],[21.7903,36.7463],[21.7829,36.7039],[21.7541,36.7183]]],[[[20.8031,60.3467],[20.7501,60.3459],[20.7921,60.3647],[20.8031,60.3467]]],[[[18.8939,59.4079],[18.9087,59.4497],[18.9383,59.4415],[18.8939,59.4079]]],[[[20.4571,60.0671],[20.4441,60.0219],[20.3835,60.0213],[20.4571,60.0671]]],[[[14.7651,44.9247],[14.8293,44.9097],[14.8321,44.8913],[14.7651,44.9247]]],[[[35.2225,64.3887],[35.2873,64.4035],[35.3115,64.3879],[35.2763,64.3561],[35.2225,64.3887]]],[[[17.6631,62.4163],[17.7455,62.4177],[17.7541,62.3905],[17.6631,62.4163]]],[[[23.3745,37.6981],[23.3409,37.7145],[23.3737,37.7083],[23.3745,37.6981]]],[[[36.6239,64.1947],[36.6199,64.2443],[36.6865,64.2163],[36.6239,64.1947]]],[[[4.7979,60.5981],[4.7967,60.6233],[4.8607,60.6151],[4.8437,60.5829],[4.7979,60.5981]]],[[[9.4207,63.6969],[9.4625,63.6469],[9.3741,63.6697],[9.4207,63.6969]]],[[[12.8981,66.4073],[12.9663,66.4571],[12.9377,66.3993],[12.8981,66.4073]]],[[[25.1945,35.4423],[25.2531,35.4543],[25.2465,35.4269],[25.1945,35.4423]]],[[[23.2123,57.7871],[23.2549,57.8115],[23.2711,57.7851],[23.2123,57.7871]]],[[[6.0389,62.4683],[5.9741,62.4919],[6.0523,62.4827],[6.0389,62.4683]]],[[[8.6153,63.5791],[8.5093,63.5675],[8.5017,63.5723],[8.6153,63.5791]]],[[[21.4673,70.3453],[21.3847,70.3643],[21.4367,70.3939],[21.4673,70.3453]]],[[[10.3287,42.3423],[10.2855,42.3293],[10.2911,42.3509],[10.3287,42.3423]]],[[[10.9869,58.9031],[11.0415,58.8963],[11.0593,58.8705],[10.9869,58.9031]]],[[[5.8271,59.2721],[5.8877,59.2657],[5.7883,59.2517],[5.8271,59.2721]]],[[[16.1655,68.3405],[16.1099,68.3611],[16.1763,68.3511],[16.1655,68.3405]]],[[[12.3193,65.9145],[12.3743,65.9333],[12.2373,65.8457],[12.3193,65.9145]]],[[[24.1855,39.3907],[24.1399,39.3735],[24.1805,39.4281],[24.1855,39.3907]]],[[[11.5417,54.9451],[11.5493,54.9879],[11.5701,54.9719],[11.5417,54.9451]]],[[[20.9841,59.9315],[21.0049,59.9563],[21.0095,59.9237],[20.9799,59.9247],[20.9841,59.9315]]],[[[8.9959,58.5501],[8.9077,58.5209],[8.9811,58.5843],[8.9959,58.5501]]],[[[26.4211,36.9957],[26.4619,37.0245],[26.5009,37.0001],[26.4211,36.9957]]],[[[5.6589,59.7479],[5.7191,59.7069],[5.6395,59.7329],[5.6589,59.7479]]],[[[21.7633,65.2639],[21.7953,65.2855],[21.8717,65.2483],[21.7633,65.2639]]],[[[14.1937,40.5463],[14.2579,40.5679],[14.2649,40.5585],[14.1937,40.5463]]],[[[21.6901,63.3247],[21.7341,63.3125],[21.7913,63.2787],[21.7389,63.2745],[21.6901,63.3247]]],[[[5.1209,60.1475],[5.1787,60.1049],[5.1379,60.0975],[5.1209,60.1475]]],[[[5.1007,61.5489],[5.0867,61.5765],[5.1695,61.5457],[5.1007,61.5489]]],[[[-7.1867,57.7387],[-7.1792,57.7049],[-7.2254,57.7081],[-7.1867,57.7387]]],[[[22.5069,59.9819],[22.5843,59.9647],[22.5057,59.9651],[22.5069,59.9819]]],[[[121.8369,29.1609],[121.7875,29.1677],[121.7893,29.1913],[121.8369,29.1609]]],[[[10.0771,42.6233],[10.0883,42.5731],[10.0467,42.5799],[10.0771,42.6233]]],[[[6.3265,62.7045],[6.4215,62.7147],[6.4435,62.7041],[6.3265,62.7045]]],[[[-3.1909,58.7773],[-3.1523,58.8069],[-3.1345,58.7879],[-3.1909,58.7773]]],[[[5.0625,61.4731],[5.1455,61.4971],[5.1645,61.4857],[5.0625,61.4731]]],[[[26.8811,60.4693],[26.8955,60.4231],[26.8401,60.4375],[26.8811,60.4693]]],[[[12.2839,66.1415],[12.3931,66.1729],[12.2767,66.1241],[12.2839,66.1415]]],[[[22.0993,60.3525],[22.1333,60.3785],[22.2265,60.3809],[22.0993,60.3525]]],[[[-6.6129,57.0525],[-6.5136,57.0715],[-6.4921,57.0627],[-6.6129,57.0525]]],[[[16.6607,57.5783],[16.7385,57.6201],[16.7139,57.5837],[16.6607,57.5783]]],[[[22.4179,59.8617],[22.5015,59.8647],[22.4179,59.8479],[22.4179,59.8617]]],[[[134.2871,34.7037],[134.3101,34.7291],[134.3499,34.7065],[134.2871,34.7037]]],[[[17.7415,62.2275],[17.7055,62.1877],[17.6959,62.2165],[17.7415,62.2275]]],[[[21.8787,58.3889],[21.9163,58.3865],[21.8069,58.3845],[21.8787,58.3889]]],[[[25.3589,36.4529],[25.3245,36.4237],[25.3427,36.4615],[25.3589,36.4529]]],[[[11.1899,64.4587],[11.2405,64.4957],[11.2769,64.4775],[11.1899,64.4587]]],[[[12.9391,40.9031],[12.9965,40.9329],[12.9503,40.8781],[12.9391,40.9031]]],[[[5.9185,59.1587],[5.8951,59.1143],[5.8765,59.1277],[5.9185,59.1587]]],[[[133.5219,34.4469],[133.5169,34.4769],[133.5323,34.4651],[133.5219,34.4469]]],[[[10.9631,59.0507],[10.9517,59.0255],[10.9211,59.0469],[10.9445,59.0745],[10.9409,59.0809],[10.9631,59.0507]]],[[[18.0125,62.6583],[18.0869,62.6723],[18.1161,62.6581],[18.0125,62.6583]]],[[[14.7059,68.2037],[14.7565,68.2295],[14.8257,68.2197],[14.7059,68.2037]]],[[[7.7905,62.9795],[7.8559,63.0059],[7.8811,62.9865],[7.7905,62.9795]]],[[[17.3777,61.5351],[17.4563,61.5513],[17.4711,61.5409],[17.3777,61.5351]]],[[[26.4017,37.5779],[26.4509,37.6001],[26.4583,37.5805],[26.4017,37.5779]]],[[[20.9109,59.9497],[20.9355,59.9089],[20.8573,59.9333],[20.9109,59.9497]]],[[[16.8195,57.9751],[16.7605,57.9921],[16.8301,57.9957],[16.8195,57.9751]]],[[[-10.2614,53.6247],[-10.1789,53.6207],[-10.2156,53.6099],[-10.2614,53.6247]]],[[[5.0441,61.8967],[5.0221,61.9247],[5.1221,61.8997],[5.0441,61.8967]]],[[[-7.1487,58.0095],[-7.1279,58.0381],[-7.0984,58.0115],[-7.1487,58.0095]]],[[[14.7633,44.2551],[14.7719,44.2865],[14.7989,44.2713],[14.7633,44.2551]]],[[[16.4301,56.7745],[16.4851,56.7923],[16.4837,56.7673],[16.4301,56.7745]]],[[[22.5353,58.1513],[22.4813,58.1437],[22.4923,58.1779],[22.5353,58.1513]]],[[[16.7025,57.8411],[16.7763,57.8381],[16.7977,57.8059],[16.7025,57.8411]]],[[[49.4901,46.2315],[49.4955,46.2607],[49.5185,46.2333],[49.4901,46.2315]]],[[[21.7283,36.7853],[21.6957,36.7407],[21.7037,36.7969],[21.7283,36.7853]]],[[[25.8243,60.2303],[25.8945,60.2249],[25.8055,60.1995],[25.8243,60.2303]]],[[[-5.9809,57.5171],[-5.9599,57.5795],[-5.9563,57.5689],[-5.9809,57.5171]]],[[[-6.2182,57.1561],[-6.185,57.1589],[-6.2585,57.1471],[-6.2182,57.1561]]],[[[-7.5467,56.9113],[-7.5359,56.9487],[-7.4929,56.9357],[-7.5467,56.9113]]],[[[134.6475,34.2359],[134.6317,34.1881],[134.5955,34.2035],[134.6475,34.2359]]],[[[26.1111,60.2881],[26.1155,60.2733],[26.0389,60.2933],[26.1111,60.2881]]],[[[-2.8852,58.8745],[-2.865,58.8529],[-2.9665,58.8515],[-2.8852,58.8745]]],[[[14.9057,44.4501],[14.9659,44.4029],[14.8827,44.4521],[14.9057,44.4501]]],[[[21.9683,60.1395],[21.9527,60.1125],[21.9271,60.1287],[21.9683,60.1395]]],[[[141.6367,38.8389],[141.6013,38.8697],[141.6255,38.8837],[141.6367,38.8389]]],[[[20.6869,60.1859],[20.6883,60.2319],[20.7235,60.2001],[20.6869,60.1859]]],[[[4.9027,60.9341],[4.9489,60.8879],[4.9001,60.9231],[4.9027,60.9341]]],[[[-3.0671,58.8475],[-3.0827,58.8155],[-3.1508,58.8283],[-3.1275,58.8427],[-3.0671,58.8475]]],[[[-1.3545,60.0535],[-1.3364,60.0839],[-1.3048,60.0921],[-1.3545,60.0535]]],[[[18.0041,62.7513],[18.0203,62.7867],[18.0447,62.7709],[18.0041,62.7513]]],[[[22.5931,59.9547],[22.6489,59.9657],[22.6519,59.9379],[22.5931,59.9547]]],[[[12.5761,65.8459],[12.5621,65.7979],[12.5201,65.7905],[12.5761,65.8459]]],[[[24.2589,36.8055],[24.2257,36.7905],[24.2289,36.8103],[24.2589,36.8055]]],[[[-9.6906,53.2829],[-9.6875,53.3121],[-9.6331,53.3005],[-9.6906,53.2829]]],[[[27.4781,36.9831],[27.4537,36.9725],[27.4247,37.0013],[27.4781,36.9831]]],[[[11.1377,58.8483],[11.2117,58.8411],[11.1853,58.8263],[11.1377,58.8483]]],[[[-9.6179,53.0695],[-9.574,53.1039],[-9.5649,53.0879],[-9.6179,53.0695]]],[[[25.5257,36.8409],[25.5283,36.8919],[25.5473,36.8679],[25.5257,36.8409]]],[[[12.3939,65.1101],[12.3429,65.1419],[12.4581,65.1271],[12.3939,65.1101]]],[[[14.7169,53.9793],[14.7509,53.9505],[14.7021,53.9533],[14.7169,53.9793]]],[[[6.4363,43.0289],[6.5105,43.0535],[6.4349,43.0125],[6.4363,43.0289]]],[[[-2.8718,59.3763],[-2.9146,59.3307],[-2.8863,59.3879],[-2.8718,59.3763]]],[[[21.7117,69.9467],[21.6797,69.9187],[21.6221,69.9281],[21.7117,69.9467]]],[[[24.6065,65.7039],[24.5825,65.6585],[24.5123,65.6763],[24.6065,65.7039]]],[[[28.5431,40.5593],[28.5261,40.5729],[28.5627,40.5735],[28.5431,40.5593]]],[[[19.4595,63.4335],[19.5185,63.4387],[19.5243,63.4173],[19.4595,63.4335]]],[[[5.1963,61.8827],[5.3259,61.8955],[5.3307,61.8931],[5.1963,61.8827]]],[[[133.1297,34.3321],[133.0985,34.3213],[133.1083,34.3547],[133.1297,34.3321]]],[[[18.4981,63.0349],[18.5797,63.0643],[18.5533,63.0523],[18.5287,63.0259],[18.4981,63.0349]]],[[[133.3065,34.3387],[133.3145,34.3681],[133.3491,34.3661],[133.3065,34.3387]]],[[[15.8133,68.1303],[15.8099,68.1687],[15.8365,68.1641],[15.8133,68.1303]]],[[[22.5675,65.4973],[22.5339,65.4751],[22.5097,65.5039],[22.5675,65.4973]]],[[[49.1259,45.8841],[49.1069,45.9263],[49.1507,45.8951],[49.1259,45.8841]]],[[[14.5177,44.9637],[14.5203,44.9913],[14.5535,44.9599],[14.5177,44.9637]]],[[[23.4419,59.8941],[23.4271,59.8663],[23.3613,59.8733],[23.4419,59.8941]]],[[[20.6713,60.1103],[20.6661,60.1497],[20.7015,60.1219],[20.6713,60.1103]]],[[[12.4037,45.4299],[12.3531,45.3993],[12.3889,45.4333],[12.4037,45.4299]]],[[[22.5351,60.3761],[22.4615,60.3487],[22.4399,60.3587],[22.5351,60.3761]]],[[[5.2685,61.9975],[5.2751,62.0291],[5.3233,62.0139],[5.2685,61.9975]]],[[[23.0937,70.2851],[23.0569,70.3153],[23.1997,70.2791],[23.0937,70.2851]]],[[[15.0681,67.6687],[15.0727,67.6409],[15.0189,67.6433],[15.0681,67.6687]]],[[[21.3921,61.2123],[21.4295,61.1695],[21.3401,61.1871],[21.3921,61.2123]]],[[[49.6871,46.3493],[49.6571,46.3335],[49.6549,46.3651],[49.6871,46.3493]]],[[[35.5567,64.7009],[35.5797,64.6673],[35.5085,64.6907],[35.5567,64.7009]]],[[[4.8513,61.6023],[4.8869,61.5907],[4.7869,61.5871],[4.8513,61.6023]]],[[[13.6847,66.8693],[13.6149,66.8421],[13.6105,66.8543],[13.6847,66.8693]]],[[[16.8923,58.2969],[16.8549,58.2755],[16.8417,58.3063],[16.8923,58.2969]]],[[[18.6689,59.1775],[18.7093,59.2169],[18.7609,59.2073],[18.6689,59.1775]]],[[[-7.3677,57.5039],[-7.346,57.5379],[-7.3514,57.5013],[-7.3677,57.5039]]],[[[21.2467,60.8607],[21.2043,60.8923],[21.2825,60.8871],[21.2467,60.8607]]],[[[29.6009,36.1335],[29.5697,36.1411],[29.5959,36.1571],[29.6009,36.1335]]],[[[-2.4576,59.3577],[-2.3879,59.3925],[-2.3797,59.3841],[-2.4576,59.3577]]],[[[26.2037,60.3181],[26.2043,60.3493],[26.2493,60.3241],[26.2037,60.3181]]],[[[14.0223,67.2813],[13.9155,67.2619],[14.0249,67.2841],[14.0223,67.2813]]],[[[8.5615,55.2653],[8.5609,55.2967],[8.5951,55.2925],[8.5615,55.2653]]],[[[5.0707,59.9877],[5.0929,60.0197],[5.1039,60.0113],[5.0707,59.9877]]],[[[13.0335,66.6089],[13.0265,66.6491],[13.0563,66.6455],[13.0335,66.6089]]],[[[-6.3855,56.3517],[-6.4243,56.3099],[-6.4474,56.3177],[-6.3855,56.3517]]],[[[5.7925,59.9381],[5.9265,59.9827],[5.9557,59.9773],[5.7925,59.9381]]],[[[134.1621,34.4907],[134.1561,34.4587],[134.1467,34.4705],[134.1621,34.4907]]],[[[-2.2098,49.7321],[-2.1947,49.7151],[-2.2399,49.7107],[-2.2098,49.7321]]],[[[4.8711,60.5595],[4.9169,60.5245],[4.8627,60.5181],[4.8711,60.5595]]],[[[8.9003,37.5249],[8.9579,37.5279],[8.9007,37.5185],[8.9003,37.5249]]],[[[8.6929,63.7859],[8.7459,63.7795],[8.6643,63.7637],[8.6929,63.7859]]],[[[22.9615,60.0201],[22.9311,60.0387],[22.9799,60.0393],[22.9615,60.0201]]],[[[5.6209,59.9037],[5.5723,59.8945],[5.6011,59.9239],[5.6209,59.9037]]],[[[32.4501,67.0823],[32.3427,67.0935],[32.3293,67.1043],[32.4501,67.0823]]],[[[18.5005,60.2069],[18.5521,60.2121],[18.5591,60.1885],[18.5005,60.2069]]],[[[8.2103,63.3283],[8.1291,63.2835],[8.1111,63.2843],[8.2103,63.3283]]],[[[11.5621,58.2335],[11.5493,58.2155],[11.4865,58.2117],[11.5253,58.2385],[11.5621,58.2335]]],[[[12.3875,66.0175],[12.2893,65.9841],[12.3257,66.0113],[12.3875,66.0175]]],[[[11.6535,58.0657],[11.7031,58.0967],[11.7193,58.0865],[11.6535,58.0657]]],[[[29.1495,40.8761],[29.1169,40.8713],[29.1423,40.8843],[29.1495,40.8761]]],[[[16.7073,43.0803],[16.6935,43.0999],[16.7367,43.0903],[16.7073,43.0803]]],[[[21.3097,60.3633],[21.3681,60.3665],[21.3707,60.3531],[21.3097,60.3633]]],[[[22.1641,60.4393],[22.1151,60.4107],[22.0889,60.4249],[22.1641,60.4393]]],[[[5.0863,60.1783],[5.0355,60.1665],[5.0651,60.2113],[5.0863,60.1783]]],[[[26.6661,36.3363],[26.7029,36.3413],[26.6893,36.3259],[26.6661,36.3363]]],[[[23.9211,40.3505],[23.9547,40.3163],[23.8883,40.3341],[23.9211,40.3505]]],[[[23.9177,37.4635],[23.9309,37.4869],[23.9475,37.4669],[23.9177,37.4635]]],[[[12.8063,66.5175],[12.8013,66.5499],[12.8793,66.5449],[12.8063,66.5175]]],[[[21.3965,60.7351],[21.4061,60.7587],[21.4271,60.7245],[21.3711,60.7245],[21.3965,60.7351]]],[[[8.4573,54.5513],[8.4907,54.5019],[8.4605,54.5129],[8.4573,54.5513]]],[[[143.1397,52.0233],[143.1703,51.9823],[143.1639,51.9795],[143.1397,52.0233]]],[[[15.8179,43.7011],[15.8665,43.6851],[15.8717,43.6669],[15.8179,43.7011]]],[[[4.7139,60.7515],[4.7345,60.7825],[4.7507,60.7569],[4.7139,60.7515]]],[[[21.0959,62.5643],[21.0569,62.5721],[21.0801,62.5755],[21.0959,62.5643]]],[[[4.8373,60.6379],[4.7981,60.6279],[4.7983,60.6725],[4.8373,60.6379]]],[[[4.7045,61.2887],[4.7339,61.3157],[4.7797,61.2843],[4.7045,61.2887]]],[[[141.1421,38.3229],[141.1689,38.3535],[141.1873,38.3203],[141.1421,38.3229]]],[[[4.3561,51.7351],[4.2963,51.7359],[4.2693,51.7541],[4.3561,51.7351]]],[[[6.8989,53.6257],[6.8957,53.6563],[6.9287,53.6469],[6.8989,53.6257]]],[[[22.4405,59.9679],[22.3971,59.9497],[22.4329,59.9781],[22.4405,59.9679]]],[[[21.2589,63.3905],[21.2109,63.3621],[21.1819,63.3697],[21.2589,63.3905]]],[[[21.5097,61.2181],[21.4857,61.2457],[21.5215,61.2353],[21.5097,61.2181]]],[[[21.2213,62.3887],[21.2609,62.3415],[21.2199,62.3381],[21.2213,62.3887]]],[[[27.0419,60.4641],[27.0335,60.4151],[26.9961,60.4353],[27.0419,60.4641]]],[[[5.3515,62.2079],[5.3983,62.2229],[5.4295,62.1995],[5.3515,62.2079]]],[[[12.7291,55.9091],[12.7015,55.8899],[12.6713,55.9197],[12.7291,55.9091]]],[[[21.8279,65.2035],[21.8315,65.2271],[21.8563,65.1979],[21.8279,65.2035]]],[[[27.8151,60.4721],[27.8199,60.5055],[27.8535,60.4777],[27.8151,60.4721]]],[[[131.5909,34.0135],[131.5699,33.9801],[131.5581,33.9849],[131.5909,34.0135]]],[[[5.5047,59.2305],[5.4805,59.2121],[5.4539,59.2531],[5.5047,59.2305]]],[[[16.7115,57.7825],[16.6757,57.8131],[16.7305,57.7995],[16.7115,57.7825]]],[[[27.0431,60.3779],[27.0747,60.4037],[27.0745,60.3783],[27.0431,60.3779]]],[[[21.4095,60.3709],[21.3985,60.4033],[21.4253,60.3801],[21.4095,60.3709]]],[[[13.0803,66.7063],[13.0827,66.6631],[13.0305,66.6783],[13.0803,66.7063]]],[[[-1.7222,60.3187],[-1.6728,60.3423],[-1.6698,60.3265],[-1.7222,60.3187]]],[[[10.6747,55.0311],[10.7041,55.0567],[10.7205,55.0363],[10.6747,55.0311]]],[[[12.0787,65.4649],[12.1413,65.5021],[12.1627,65.4957],[12.0787,65.4649]]],[[[-7.2356,57.7599],[-7.2138,57.7855],[-7.199,57.7735],[-7.2356,57.7599]]],[[[11.1983,55.2207],[11.1769,55.2013],[11.1755,55.2361],[11.1983,55.2207]]],[[[14.5921,44.3561],[14.6629,44.3055],[14.5837,44.3499],[14.5921,44.3561]]],[[[124.3409,39.9533],[124.2899,39.9487],[124.3449,39.9753],[124.3409,39.9533]]],[[[15.5731,56.0959],[15.5433,56.1229],[15.5801,56.1133],[15.5731,56.0959]]],[[[10.0445,55.8459],[10.0637,55.8721],[10.1221,55.8649],[10.0445,55.8459]]],[[[21.2019,62.8783],[21.2091,62.9053],[21.2293,62.8731],[21.2019,62.8783]]],[[[16.0743,68.7917],[16.0803,68.7627],[16.0569,68.7771],[16.0743,68.7917]]],[[[25.0351,60.1805],[25.1007,60.1663],[25.0163,60.1677],[25.0351,60.1805]]],[[[150.7623,46.7275],[150.7455,46.7021],[150.7309,46.7229],[150.7623,46.7275]]],[[[-1.6476,59.5523],[-1.6671,59.5093],[-1.6715,59.5197],[-1.6476,59.5523]]],[[[24.9923,59.6133],[25.0295,59.6373],[25.0441,59.6133],[24.9923,59.6133]]],[[[49.5557,45.9449],[49.5333,45.9105],[49.5377,45.9455],[49.5557,45.9449]]],[[[8.1415,53.7361],[8.1511,53.7131],[8.1201,53.7171],[8.1415,53.7361]]],[[[12.1589,65.6083],[12.1371,65.6285],[12.1863,65.6425],[12.1589,65.6083]]],[[[8.5477,54.5619],[8.5537,54.5855],[8.5781,54.5683],[8.5477,54.5619]]],[[[8.3995,58.2147],[8.3703,58.1895],[8.3393,58.2077],[8.3995,58.2147]]],[[[4.9687,60.4819],[4.9283,60.4723],[4.9373,60.4975],[4.9687,60.4819]]],[[[8.7753,58.4509],[8.7735,58.4207],[8.7305,58.4319],[8.7753,58.4509]]],[[[-7.2002,57.4795],[-7.2212,57.5007],[-7.214,57.5067],[-7.2002,57.4795]]],[[[121.6141,37.4519],[121.6039,37.4643],[121.6431,37.4791],[121.6141,37.4519]]],[[[16.6323,57.5961],[16.6707,57.5587],[16.6039,57.5887],[16.6323,57.5961]]],[[[6.1099,62.4991],[6.1467,62.5229],[6.1459,62.5039],[6.1099,62.4991]]],[[[21.6307,60.4585],[21.6481,60.4277],[21.6033,60.4053],[21.6307,60.4585]]],[[[110.1519,20.0101],[110.1011,19.9795],[110.0747,19.9835],[110.1519,20.0101]]],[[[8.4677,53.9605],[8.4507,53.9459],[8.4181,53.9269],[8.4121,53.9549],[8.4357,53.9673],[8.4677,53.9605]]],[[[-7.3067,57.0615],[-7.2691,57.0917],[-7.2845,57.0569],[-7.3067,57.0615]]],[[[9.4031,63.8231],[9.4371,63.8063],[9.3879,63.7921],[9.4031,63.8231]]],[[[20.3083,60.2217],[20.3311,60.2057],[20.2587,60.1787],[20.3083,60.2217]]],[[[9.4485,58.8587],[9.5185,58.8719],[9.5353,58.8621],[9.5157,58.8435],[9.4485,58.8587]]],[[[27.7083,36.2701],[27.7213,36.2827],[27.7033,36.2459],[27.7083,36.2701]]],[[[18.6609,62.9895],[18.6339,63.0085],[18.6725,63.0233],[18.6609,62.9895]]],[[[21.4071,60.2183],[21.4643,60.2369],[21.4743,60.2311],[21.4071,60.2183]]],[[[25.0009,36.9569],[24.9963,36.9811],[25.0321,36.9663],[25.0009,36.9569]]],[[[18.9419,59.4103],[18.9167,59.3933],[18.9139,59.4105],[18.9419,59.4103]]],[[[21.0411,62.7099],[21.0743,62.7343],[21.0773,62.7101],[21.0411,62.7099]]],[[[18.7483,59.4613],[18.6529,59.4449],[18.6907,59.4647],[18.7483,59.4613]]],[[[-9.5241,51.4253],[-9.4734,51.4577],[-9.4657,51.4525],[-9.5241,51.4253]]],[[[17.6687,58.8109],[17.6323,58.8545],[17.7185,58.8011],[17.6687,58.8109]]],[[[24.1281,39.0665],[24.1029,39.0939],[24.1179,39.1055],[24.1281,39.0665]]],[[[11.5549,58.0829],[11.5109,58.0773],[11.5211,58.0963],[11.5549,58.0829]]],[[[4.9335,61.5119],[4.9875,61.5183],[4.9909,61.5107],[4.9335,61.5119]]],[[[-5.857,56.7889],[-5.8775,56.8107],[-5.815,56.7967],[-5.857,56.7889]]],[[[15.7217,43.6765],[15.6913,43.7209],[15.7261,43.6937],[15.7217,43.6765]]],[[[8.6999,54.0587],[8.6639,54.0625],[8.6913,54.0849],[8.6999,54.0587]]],[[[26.7445,37.3685],[26.7233,37.4109],[26.7649,37.3753],[26.7445,37.3685]]],[[[11.3893,55.1873],[11.4607,55.1895],[11.4905,55.1967],[11.4687,55.1871],[11.3893,55.1873]]],[[[-6.3317,49.9131],[-6.2993,49.9387],[-6.2818,49.9247],[-6.3317,49.9131]]],[[[49.6473,40.0001],[49.6223,39.9733],[49.6247,40.0001],[49.6473,40.0001]]],[[[126.1971,37.8307],[126.1707,37.8265],[126.2155,37.8427],[126.1971,37.8307]]],[[[10.2637,55.0187],[10.3365,55.0187],[10.3507,55.0051],[10.2637,55.0187]]],[[[10.9353,59.0707],[10.8983,59.0625],[10.9513,59.0993],[10.9489,59.0897],[10.9403,59.0841],[10.9353,59.0707]]],[[[23.2023,70.1299],[23.2231,70.1511],[23.2885,70.1429],[23.2023,70.1299]]],[[[5.0711,61.2003],[5.0659,61.1731],[5.0199,61.1999],[5.0711,61.2003]]],[[[20.9387,38.6041],[20.9029,38.5433],[20.8977,38.5679],[20.9387,38.6041]]],[[[21.3893,60.2719],[21.4471,60.2897],[21.4519,60.2741],[21.3893,60.2719]]],[[[23.2599,65.7151],[23.2857,65.7445],[23.3159,65.7173],[23.2599,65.7151]]],[[[10.1447,55.0331],[10.1799,55.0477],[10.1807,55.0425],[10.1447,55.0331]]],[[[-8.8683,42.5583],[-8.8507,42.5629],[-8.8612,42.5255],[-8.8683,42.5583]]],[[[-7.6526,56.8259],[-7.6261,56.8027],[-7.6655,56.8025],[-7.6526,56.8259]]],[[[23.1191,59.9311],[23.1459,59.8943],[23.0613,59.9015],[23.1191,59.9311]]],[[[9.0699,63.6693],[9.0665,63.6875],[9.1161,63.6767],[9.0699,63.6693]]],[[[13.6165,66.8787],[13.5627,66.8847],[13.6363,66.8907],[13.6165,66.8787]]],[[[12.2711,65.9967],[12.2387,65.9583],[12.2235,65.9635],[12.2711,65.9967]]],[[[7.9769,53.7789],[7.8785,53.7933],[7.9235,53.7911],[7.9769,53.7789]]],[[[15.9907,42.9585],[16.0253,42.9815],[15.9959,42.9557],[15.9907,42.9585]]],[[[5.6161,62.3875],[5.6313,62.4043],[5.6705,62.4087],[5.6161,62.3875]]],[[[7.5277,57.9731],[7.5207,58.0045],[7.5547,57.9881],[7.5277,57.9731]]],[[[7.9633,58.0659],[8.0037,58.0915],[8.0281,58.0809],[7.9633,58.0659]]],[[[13.9065,67.1047],[13.8569,67.1301],[13.9225,67.1143],[13.9065,67.1047]]],[[[5.2549,59.8605],[5.2483,59.8901],[5.2691,59.8653],[5.2549,59.8605]]],[[[-2.913,59.1649],[-2.9424,59.1453],[-2.9443,59.1677],[-2.913,59.1649]]],[[[15.4959,56.1161],[15.4587,56.0927],[15.4521,56.1067],[15.4959,56.1161]]],[[[26.3579,38.4581],[26.3525,38.4313],[26.3287,38.4335],[26.3579,38.4581]]],[[[12.3313,45.3331],[12.2899,45.2407],[12.3047,45.2921],[12.3313,45.3331]]],[[[18.3399,59.4229],[18.3311,59.4447],[18.3647,59.4325],[18.3399,59.4229]]],[[[7.2091,62.7085],[7.3121,62.7355],[7.3503,62.7297],[7.2091,62.7085]]],[[[30.0799,69.8775],[30.0311,69.8581],[30.0177,69.8791],[30.0799,69.8775]]],[[[-10.2049,51.6091],[-10.1603,51.6087],[-10.2385,51.5873],[-10.2049,51.6091]]],[[[106.8611,20.8703],[106.8713,20.9017],[106.8725,20.8739],[106.8611,20.8703]]],[[[21.1189,63.2969],[21.1513,63.3219],[21.1789,63.3163],[21.1629,63.2941],[21.1189,63.2969]]],[[[20.8049,38.4725],[20.8225,38.5023],[20.8297,38.4981],[20.8049,38.4725]]],[[[14.7489,44.8625],[14.7497,44.8853],[14.7797,44.8605],[14.7489,44.8625]]],[[[16.5327,57.1513],[16.5703,57.1743],[16.5783,57.1599],[16.5327,57.1513]]],[[[19.8597,60.3021],[19.8139,60.2945],[19.8443,60.3161],[19.8597,60.3021]]],[[[9.8007,55.2969],[9.8245,55.3261],[9.8319,55.3069],[9.8007,55.2969]]],[[[21.5197,60.4997],[21.5721,60.5211],[21.5691,60.4997],[21.5197,60.4997]]],[[[18.0457,58.9749],[18.0357,58.9391],[18.0009,58.9405],[18.0457,58.9749]]],[[[5.3521,60.1479],[5.3553,60.1795],[5.3775,60.1713],[5.3521,60.1479]]],[[[16.3763,43.1565],[16.3509,43.1779],[16.4087,43.1589],[16.3763,43.1565]]],[[[49.2793,46.3893],[49.3035,46.3473],[49.3013,46.3435],[49.2793,46.3893]]],[[[4.8793,61.0425],[4.9025,61.0707],[4.9125,61.0511],[4.8793,61.0425]]],[[[21.4639,61.7835],[21.4853,61.8105],[21.4983,61.7949],[21.4639,61.7835]]],[[[7.3679,53.7293],[7.3969,53.7397],[7.4405,53.7255],[7.3679,53.7293]]],[[[-2.372,49.4539],[-2.3803,49.4129],[-2.3903,49.4193],[-2.372,49.4539]]],[[[31.7419,46.3835],[31.7661,46.3915],[31.7681,46.3729],[31.7419,46.3835]]],[[[9.7435,55.2497],[9.7569,55.2765],[9.7769,55.2661],[9.7435,55.2497]]],[[[22.5859,65.6211],[22.5539,65.6021],[22.5523,65.6063],[22.5859,65.6211]]],[[[22.0231,65.3847],[21.9903,65.3661],[21.9811,65.4001],[22.0231,65.3847]]],[[[20.8859,63.6727],[20.8271,63.6423],[20.8153,63.6367],[20.8859,63.6727]]],[[[25.6053,36.9323],[25.6065,36.9557],[25.6281,36.9479],[25.6053,36.9323]]],[[[22.3711,60.2209],[22.3089,60.2131],[22.3771,60.2275],[22.3711,60.2209]]],[[[-6.2605,56.0003],[-6.2263,56.0301],[-6.2094,56.0223],[-6.2605,56.0003]]],[[[21.6919,60.3601],[21.7207,60.3475],[21.6429,60.3659],[21.6919,60.3601]]],[[[22.6223,65.5225],[22.5563,65.5233],[22.5491,65.5425],[22.6223,65.5225]]],[[[11.6775,57.6837],[11.6237,57.7045],[11.6719,57.7019],[11.6775,57.6837]]],[[[-9.5265,53.0477],[-9.533,53.0697],[-9.5022,53.0595],[-9.5265,53.0477]]],[[[-10.138,53.6929],[-10.0959,53.7177],[-10.0823,53.7121],[-10.138,53.6929]]],[[[-6.6642,57.8745],[-6.6869,57.8543],[-6.703,57.8787],[-6.6642,57.8745]]],[[[21.3251,70.1251],[21.2947,70.1065],[21.2813,70.1163],[21.3251,70.1251]]],[[[6.4085,43.0239],[6.3901,43.0009],[6.3679,43.0085],[6.4085,43.0239]]],[[[29.9105,36.1873],[29.8763,36.1621],[29.8423,36.1609],[29.9105,36.1873]]],[[[-9.4367,51.4805],[-9.3963,51.4751],[-9.4471,51.4565],[-9.4367,51.4805]]],[[[118.9417,39.1423],[118.8811,39.1237],[118.9877,39.1851],[118.9417,39.1423]]],[[[13.7529,44.8937],[13.7795,44.9219],[13.7831,44.9129],[13.7529,44.8937]]],[[[5.6821,59.0449],[5.7121,59.0411],[5.7765,59.0461],[5.7087,59.0343],[5.6821,59.0449]]],[[[27.4965,37.1581],[27.5287,37.1459],[27.4927,37.1437],[27.4965,37.1581]]],[[[15.7623,56.1045],[15.7825,56.1253],[15.7837,56.1177],[15.7623,56.1045]]],[[[21.8929,60.1493],[21.8319,60.1429],[21.9123,60.1543],[21.9117,60.1483],[21.8929,60.1493]]],[[[12.8419,66.3745],[12.8623,66.3975],[12.8829,66.3879],[12.8419,66.3745]]],[[[14.6581,67.2251],[14.6885,67.2407],[14.7103,67.2323],[14.6581,67.2251]]],[[[13.0281,66.5603],[13.0345,66.5931],[13.0579,66.5749],[13.0281,66.5603]]],[[[25.4159,60.2465],[25.4795,60.2513],[25.4923,60.2463],[25.4159,60.2465]]],[[[21.2673,70.0531],[21.2221,70.0305],[21.2009,70.0393],[21.2673,70.0531]]],[[[4.8479,60.5465],[4.8367,60.5703],[4.8687,60.5785],[4.8479,60.5465]]],[[[4.7857,61.5597],[4.8681,61.5761],[4.8891,61.5693],[4.7857,61.5597]]],[[[22.1187,60.2501],[22.1217,60.2683],[22.1897,60.2617],[22.1187,60.2501]]],[[[13.9891,40.7521],[14.0309,40.7619],[13.9887,40.7427],[13.9891,40.7521]]],[[[9.7357,40.9303],[9.6987,40.8953],[9.6759,40.8973],[9.7357,40.9303]]],[[[17.2617,61.0413],[17.2121,61.0265],[17.2093,61.0297],[17.2617,61.0413]]],[[[8.1847,63.2337],[8.1975,63.2563],[8.2281,63.2451],[8.1847,63.2337]]],[[[5.0897,60.1473],[5.0475,60.1187],[5.0401,60.1345],[5.0897,60.1473]]],[[[13.0883,66.6219],[13.1243,66.6085],[13.1005,66.5845],[13.0883,66.6219]]],[[[21.8837,60.3511],[21.8807,60.3665],[21.9087,60.3597],[21.8837,60.3511]]],[[[5.9437,58.9959],[5.9397,58.9789],[5.9001,58.9911],[5.9437,58.9959]]],[[[18.1107,58.8583],[18.1549,58.8905],[18.1427,58.8693],[18.1107,58.8583]]],[[[35.1195,64.9205],[35.1255,64.9499],[35.1585,64.9259],[35.1195,64.9205]]],[[[124.3913,39.8651],[124.3683,39.8477],[124.3641,39.8719],[124.3913,39.8651]]],[[[16.8905,58.2439],[16.9007,58.2661],[16.9263,58.2791],[16.8905,58.2439]]],[[[4.8599,59.3055],[4.9073,59.3159],[4.9123,59.3035],[4.8599,59.3055]]],[[[11.5963,57.8829],[11.6007,57.8583],[11.5711,57.8675],[11.5963,57.8829]]],[[[21.2031,38.3021],[21.2153,38.3141],[21.2545,38.3059],[21.2031,38.3021]]],[[[19.3043,40.5027],[19.2925,40.4831],[19.2769,40.5155],[19.3043,40.5027]]],[[[17.2709,60.8825],[17.3177,60.8885],[17.3427,60.8789],[17.2859,60.8675],[17.2709,60.8825]]],[[[11.7069,55.2029],[11.7213,55.1739],[11.6937,55.1727],[11.7069,55.2029]]],[[[15.6459,56.1017],[15.6097,56.1039],[15.6425,56.1283],[15.6459,56.1017]]],[[[16.7941,58.0773],[16.8081,58.0459],[16.7815,58.0527],[16.7941,58.0773]]],[[[27.1455,36.6703],[27.1073,36.6645],[27.1389,36.6797],[27.1455,36.6703]]],[[[17.9417,42.6751],[17.9521,42.6971],[17.9757,42.6787],[17.9417,42.6751]]],[[[25.5245,38.5545],[25.4961,38.5325],[25.4949,38.5409],[25.5245,38.5545]]],[[[-7.1925,57.5027],[-7.1744,57.4729],[-7.2043,57.4929],[-7.1925,57.5027]]],[[[21.1661,60.6139],[21.2351,60.6027],[21.2321,60.5865],[21.1661,60.6139]]],[[[12.2225,55.0351],[12.2163,55.0591],[12.2379,55.0563],[12.2225,55.0351]]],[[[5.7341,58.9851],[5.7519,59.0143],[5.7517,58.9927],[5.7341,58.9851]]],[[[5.2487,60.8253],[5.2693,60.7917],[5.2417,60.8019],[5.2487,60.8253]]],[[[18.7197,59.4729],[18.7803,59.4869],[18.8155,59.4787],[18.7197,59.4729]]],[[[-6.2734,56.8311],[-6.225,56.8471],[-6.2183,56.8401],[-6.2734,56.8311]]],[[[139.7445,35.4803],[139.7111,35.4815],[139.7451,35.4893],[139.7445,35.4803]]],[[[17.4529,58.7247],[17.4731,58.7505],[17.4693,58.7183],[17.4529,58.7247]]],[[[11.4605,64.9591],[11.4081,64.9383],[11.3981,64.9489],[11.4605,64.9591]]],[[[5.6821,59.7427],[5.7125,59.7569],[5.7193,59.7365],[5.6821,59.7427]]],[[[11.6575,65.0621],[11.6719,65.0429],[11.6481,65.0403],[11.6575,65.0621]]],[[[7.5625,63.0711],[7.6013,63.0873],[7.6065,63.0699],[7.5625,63.0711]]],[[[16.7987,58.1101],[16.8525,58.0955],[16.8069,58.0923],[16.7987,58.1101]]],[[[11.3917,58.1477],[11.3541,58.1441],[11.4075,58.1829],[11.3917,58.1477]]],[[[128.9473,35.1137],[128.9453,35.0617],[128.9269,35.0851],[128.9473,35.1137]]],[[[23.8891,59.9899],[23.8301,59.9519],[23.8241,59.9521],[23.8605,59.9949],[23.8891,59.9899]]],[[[5.9489,59.2111],[5.9453,59.1877],[5.9215,59.2037],[5.9489,59.2111]]],[[[10.6213,54.9175],[10.6087,54.8903],[10.5923,54.9109],[10.6213,54.9175]]],[[[19.5769,39.8785],[19.5965,39.8949],[19.5963,39.8789],[19.5769,39.8785]]],[[[-0.6155,45.0303],[-0.6522,45.0793],[-0.5978,45.0205],[-0.6155,45.0303]]],[[[16.0143,68.8483],[15.9647,68.8293],[16.0379,68.8655],[16.0143,68.8483]]],[[[11.6757,57.7281],[11.7091,57.7413],[11.6947,57.7159],[11.6757,57.7281]]],[[[9.4999,58.8743],[9.4929,58.8893],[9.5575,58.9041],[9.4999,58.8743]]],[[[21.2831,64.9029],[21.2501,64.8937],[21.2493,64.9117],[21.2831,64.9029]]],[[[17.8947,58.8483],[17.9427,58.8469],[17.9363,58.8109],[17.8947,58.8483]]],[[[22.3739,59.9459],[22.3355,59.9493],[22.3747,59.9629],[22.3739,59.9459]]],[[[11.6133,57.8821],[11.6253,57.9033],[11.6425,57.8859],[11.6133,57.8821]]],[[[-6.2597,56.4967],[-6.3115,56.4833],[-6.3151,56.4987],[-6.2597,56.4967]]],[[[49.7103,46.2265],[49.7209,46.2465],[49.7359,46.2279],[49.7103,46.2265]]],[[[7.9899,63.3151],[8.0469,63.3241],[8.0589,63.3149],[7.9899,63.3151]]],[[[21.3129,60.2519],[21.4107,60.2453],[21.4349,60.2503],[21.3951,60.2393],[21.3129,60.2519]]],[[[18.6143,60.1909],[18.5997,60.2141],[18.6337,60.2011],[18.6143,60.1909]]],[[[11.1421,58.8749],[11.1769,58.8885],[11.1841,58.8739],[11.1421,58.8749]]],[[[22.6909,59.9971],[22.6595,59.9969],[22.6809,60.0353],[22.6909,59.9971]]],[[[19.1495,59.8669],[19.1175,59.8349],[19.0971,59.8413],[19.1495,59.8669]]],[[[10.5807,59.7193],[10.5775,59.6871],[10.5595,59.7195],[10.5807,59.7193]]],[[[8.8781,63.7229],[8.9045,63.7465],[8.9261,63.7383],[8.8781,63.7229]]],[[[9.4857,58.8911],[9.5033,58.9117],[9.5561,58.9081],[9.4857,58.8911]]],[[[27.1013,37.3017],[27.0813,37.2859],[27.0905,37.3059],[27.1013,37.3017]]],[[[110.2123,21.0323],[110.1953,21.0085],[110.2043,21.0407],[110.2123,21.0323]]],[[[12.3235,66.3773],[12.3487,66.3561],[12.3031,66.3615],[12.3235,66.3773]]],[[[18.4139,60.5293],[18.3825,60.5117],[18.3683,60.5213],[18.4139,60.5293]]],[[[23.3751,59.2897],[23.3987,59.2997],[23.4279,59.2791],[23.3751,59.2897]]],[[[19.0491,57.7657],[19.0259,57.7407],[19.0209,57.7841],[19.0491,57.7657]]],[[[-1.8163,55.6845],[-1.781,55.6887],[-1.7813,55.6695],[-1.8163,55.6845]]],[[[128.6437,32.6677],[128.6181,32.6531],[128.6389,32.6711],[128.6437,32.6677]]],[[[20.3401,60.3609],[20.3135,60.3293],[20.3045,60.3435],[20.3401,60.3609]]],[[[-10.5063,52.1049],[-10.5482,52.0871],[-10.5779,52.0743],[-10.5164,52.1123],[-10.5063,52.1049]]],[[[6.4859,53.5367],[6.4521,53.5553],[6.5085,53.5393],[6.4859,53.5367]]],[[[16.5059,42.7753],[16.4959,42.7541],[16.4841,42.7557],[16.5059,42.7753]]],[[[20.9469,60.3307],[20.9279,60.3115],[20.9131,60.3441],[20.9469,60.3307]]],[[[21.1553,63.3247],[21.1939,63.3485],[21.2205,63.3475],[21.1553,63.3247]]],[[[4.9261,60.3341],[4.9531,60.3599],[4.9741,60.3523],[4.9261,60.3341]]],[[[18.2299,58.9349],[18.2041,58.9095],[18.1965,58.9175],[18.2299,58.9349]]],[[[32.5317,67.0241],[32.5907,67.0151],[32.5849,66.9969],[32.5317,67.0241]]],[[[5.0079,60.7605],[4.9947,60.7809],[5.0405,60.7587],[5.0079,60.7605]]],[[[-5.5949,56.2271],[-5.6143,56.1987],[-5.6159,56.2321],[-5.5949,56.2271]]],[[[33.8083,66.3265],[33.8487,66.3513],[33.8623,66.3445],[33.8083,66.3265]]],[[[5.2531,59.9377],[5.2801,59.9527],[5.2921,59.9285],[5.2531,59.9377]]],[[[22.2843,60.1625],[22.2671,60.1315],[22.2363,60.1315],[22.2843,60.1625]]],[[[-7.9414,36.9887],[-7.9308,36.9951],[-7.9287,36.9709],[-7.9414,36.9887]]],[[[9.1039,63.5041],[9.1325,63.4865],[9.0979,63.4857],[9.1039,63.5041]]],[[[26.9169,38.4491],[26.9063,38.4443],[26.9081,38.4731],[26.9169,38.4491]]],[[[27.8311,36.6443],[27.8539,36.6665],[27.8609,36.6497],[27.8311,36.6443]]],[[[10.7809,64.5225],[10.7993,64.5429],[10.8433,64.5185],[10.7809,64.5225]]],[[[21.1041,60.4515],[21.0877,60.4807],[21.1199,60.4763],[21.1041,60.4515]]],[[[11.1483,58.9183],[11.1691,58.9041],[11.1117,58.9193],[11.1483,58.9183]]],[[[14.5341,44.4447],[14.5407,44.4619],[14.5737,44.4431],[14.5341,44.4447]]],[[[17.3179,60.8071],[17.3527,60.7897],[17.3073,60.7905],[17.3179,60.8071]]],[[[28.3871,60.0119],[28.3947,60.0399],[28.4075,60.0159],[28.3871,60.0119]]],[[[15.1525,67.6053],[15.1921,67.6209],[15.2103,67.6093],[15.1525,67.6053]]],[[[9.6151,58.8705],[9.5527,58.8353],[9.6177,58.8833],[9.6151,58.8705]]],[[[21.7859,63.4561],[21.8335,63.4467],[21.8281,63.4291],[21.7859,63.4561]]],[[[11.0709,58.9981],[11.1099,59.0243],[11.1147,59.0177],[11.0709,58.9981]]],[[[11.1575,55.1407],[11.1417,55.1609],[11.1823,55.1767],[11.1575,55.1407]]],[[[22.4007,63.6029],[22.3547,63.6093],[22.3611,63.6237],[22.4007,63.6029]]],[[[12.5857,66.0507],[12.5199,66.0345],[12.5129,66.0461],[12.5857,66.0507]]],[[[21.4875,61.6219],[21.5013,61.6429],[21.5279,61.6309],[21.4875,61.6219]]],[[[21.0939,38.3009],[21.1199,38.3051],[21.0989,38.2861],[21.0939,38.3009]]],[[[20.3541,60.3365],[20.3931,60.3489],[20.3897,60.3339],[20.3541,60.3365]]],[[[133.2793,34.3521],[133.2843,34.3317],[133.2635,34.3291],[133.2793,34.3521]]],[[[10.4223,54.9733],[10.4401,54.9691],[10.3633,54.9761],[10.4223,54.9733]]],[[[10.6783,64.5325],[10.7255,64.5379],[10.7531,64.5233],[10.7031,64.5195],[10.6783,64.5325]]],[[[26.9167,37.0207],[26.9181,37.0021],[26.8911,37.0157],[26.9167,37.0207]]],[[[9.3713,63.5891],[9.2959,63.5739],[9.3719,63.5931],[9.3713,63.5891]]],[[[12.2425,65.9927],[12.2043,66.0133],[12.2457,66.0031],[12.2425,65.9927]]],[[[22.2119,60.1625],[22.2115,60.1783],[22.2681,60.1749],[22.2119,60.1625]]],[[[-9.0814,52.6361],[-9.0468,52.6279],[-9.0677,52.6109],[-9.0814,52.6361]]],[[[20.5541,60.0907],[20.5129,60.1111],[20.5773,60.1005],[20.5541,60.0907]]],[[[-8.9847,38.8709],[-9.0135,38.8581],[-9.0028,38.8799],[-8.9847,38.8709]]],[[[33.0353,66.5167],[33.0363,66.5285],[33.1193,66.5177],[33.0353,66.5167]]],[[[6.6841,58.2149],[6.6537,58.2251],[6.6793,58.2315],[6.6841,58.2149]]],[[[24.3339,39.3637],[24.3111,39.3439],[24.3263,39.3709],[24.3339,39.3637]]],[[[4.9691,60.6315],[4.9385,60.6575],[4.9933,60.6319],[4.9691,60.6315]]],[[[24.3715,38.8519],[24.3621,38.8311],[24.3471,38.8407],[24.3715,38.8519]]],[[[7.3433,58.0197],[7.3909,57.9891],[7.3263,58.0019],[7.3433,58.0197]]],[[[-7.516,56.8839],[-7.511,56.9047],[-7.4908,56.8899],[-7.516,56.8839]]],[[[21.8133,69.9189],[21.8285,69.8835],[21.7809,69.9269],[21.8133,69.9189]]],[[[16.0847,43.4379],[16.0887,43.4591],[16.1001,43.4475],[16.0847,43.4379]]],[[[21.0683,60.5203],[21.0937,60.5351],[21.1077,60.5193],[21.0683,60.5203]]],[[[16.7129,57.7339],[16.7149,57.7661],[16.7267,57.7323],[16.7129,57.7339]]],[[[-4.6601,51.1887],[-4.6775,51.1725],[-4.6739,51.2031],[-4.6601,51.1887]]],[[[22.0841,60.2505],[22.0651,60.2289],[22.0463,60.2423],[22.0841,60.2505]]],[[[22.6085,63.7531],[22.6119,63.7817],[22.6469,63.7679],[22.6085,63.7531]]],[[[5.1857,60.3363],[5.1741,60.3029],[5.1589,60.3207],[5.1857,60.3363]]],[[[15.7505,43.6871],[15.7449,43.7115],[15.7735,43.6893],[15.7505,43.6871]]],[[[18.0493,58.9887],[18.0037,58.9763],[18.0505,58.9969],[18.0493,58.9887]]],[[[21.6463,60.1869],[21.6271,60.2039],[21.6687,60.1917],[21.6463,60.1869]]],[[[113.3323,22.2897],[113.3357,22.3107],[113.3433,22.2745],[113.3323,22.2897]]],[[[-8.6769,40.6887],[-8.716,40.6667],[-8.6805,40.6941],[-8.6769,40.6887]]],[[[21.4769,61.6699],[21.4641,61.6549],[21.4303,61.6779],[21.4769,61.6699]]],[[[23.0519,58.9123],[23.0215,58.9105],[23.0129,58.9313],[23.0519,58.9123]]],[[[20.9647,60.4529],[20.9357,60.4437],[20.9345,60.4751],[20.9647,60.4529]]],[[[11.3407,58.3539],[11.3197,58.3265],[11.3163,58.3547],[11.3407,58.3539]]],[[[16.6991,57.8285],[16.6695,57.8205],[16.6677,57.8389],[16.6991,57.8285]]],[[[-9.4858,51.7105],[-9.503,51.6827],[-9.5401,51.6841],[-9.4858,51.7105]]],[[[20.4073,60.2995],[20.3931,60.2723],[20.3795,60.3043],[20.4073,60.2995]]],[[[18.1999,58.9319],[18.1563,58.9103],[18.2191,58.9387],[18.1999,58.9319]]],[[[16.7829,69.0601],[16.7817,69.1071],[16.8155,69.0547],[16.7829,69.0601]]],[[[22.6279,65.6887],[22.6103,65.6567],[22.6009,65.6629],[22.6279,65.6887]]],[[[13.9603,67.0265],[13.9195,67.0181],[13.9631,67.0643],[13.9603,67.0265]]],[[[11.1835,58.8175],[11.1733,58.7917],[11.1593,58.8027],[11.1835,58.8175]]],[[[21.2673,60.8223],[21.2745,60.8531],[21.2839,60.8285],[21.2673,60.8223]]],[[[23.7573,65.7925],[23.8129,65.7811],[23.8425,65.7837],[23.8253,65.7725],[23.7573,65.7925]]],[[[25.4095,36.4125],[25.3907,36.3963],[25.3893,36.4179],[25.4095,36.4125]]],[[[20.2309,39.1593],[20.2439,39.1343],[20.2181,39.1553],[20.2309,39.1593]]],[[[17.6029,62.3807],[17.5857,62.4045],[17.6103,62.3953],[17.6029,62.3807]]],[[[26.2851,36.9737],[26.2811,36.9867],[26.3083,36.9901],[26.2851,36.9737]]],[[[9.3423,41.2325],[9.3423,41.2575],[9.3581,41.2433],[9.3423,41.2325]]],[[[12.6137,66.3577],[12.6205,66.3537],[12.5421,66.3229],[12.5517,66.3403],[12.6137,66.3577]]],[[[23.5933,64.1871],[23.6443,64.2181],[23.6511,64.2053],[23.6459,64.1893],[23.5933,64.1871]]],[[[142.5635,54.2841],[142.5725,54.3045],[142.5847,54.2897],[142.5635,54.2841]]],[[[20.7247,38.5593],[20.7051,38.5481],[20.7151,38.5693],[20.7247,38.5593]]],[[[27.1539,37.5823],[27.1805,37.5681],[27.1839,37.5599],[27.1539,37.5823]]],[[[18.3887,59.3979],[18.4227,59.4053],[18.4485,59.3977],[18.3887,59.3979]]],[[[19.6285,60.3643],[19.5871,60.3533],[19.6255,60.3671],[19.6285,60.3643]]],[[[16.8279,58.4107],[16.7855,58.3893],[16.7847,58.3981],[16.8279,58.4107]]],[[[28.5303,60.6507],[28.5409,60.6189],[28.5159,60.6479],[28.5303,60.6507]]],[[[8.9139,63.4385],[8.9377,63.4585],[8.9495,63.4447],[8.9139,63.4385]]],[[[-2.9518,47.3753],[-2.9795,47.3991],[-2.9391,47.3927],[-2.9518,47.3753]]],[[[20.9781,60.3053],[21.0001,60.3339],[21.0001,60.2981],[20.9781,60.3053]]],[[[8.6243,63.7861],[8.6913,63.8059],[8.7131,63.8019],[8.6243,63.7861]]],[[[19.8889,60.3213],[19.8785,60.2857],[19.8571,60.3101],[19.8889,60.3213]]],[[[18.3627,59.3885],[18.3971,59.3893],[18.4413,59.3663],[18.3627,59.3885]]],[[[134.2335,34.6667],[134.2595,34.6845],[134.2805,34.6797],[134.2335,34.6667]]],[[[-0.6756,45.1485],[-0.6865,45.1451],[-0.6917,45.1791],[-0.6756,45.1485]]],[[[10.3625,59.1335],[10.3469,59.1635],[10.3665,59.1577],[10.3625,59.1335]]],[[[8.0349,63.2881],[8.1109,63.3079],[8.1127,63.3051],[8.0349,63.2881]]],[[[10.8325,64.5677],[10.8323,64.5859],[10.8423,64.5797],[10.8325,64.5677]]],[[[9.7155,55.4883],[9.6917,55.4783],[9.6801,55.5023],[9.7155,55.4883]]],[[[4.7421,61.2089],[4.7831,61.2105],[4.7921,61.1935],[4.7421,61.2089]]],[[[5.8405,59.1015],[5.8533,59.1155],[5.8595,59.1079],[5.8405,59.1015]]],[[[24.5051,38.8221],[24.4849,38.8183],[24.5083,38.8391],[24.5051,38.8221]]],[[[1.2243,51.8767],[1.2505,51.8865],[1.2607,51.8673],[1.2243,51.8767]]],[[[14.4109,53.8611],[14.3865,53.8347],[14.3823,53.8349],[14.4109,53.8611]]],[[[-7.2282,57.3955],[-7.1913,57.4139],[-7.1836,57.4059],[-7.2282,57.3955]]],[[[36.5441,45.2761],[36.5539,45.2559],[36.5173,45.2865],[36.5441,45.2761]]],[[[126.3733,34.6877],[126.3449,34.6867],[126.3645,34.6967],[126.3733,34.6877]]],[[[16.9301,58.1795],[16.9447,58.1993],[16.9585,58.1853],[16.9301,58.1795]]],[[[23.7917,40.2347],[23.7797,40.2129],[23.7783,40.2307],[23.7917,40.2347]]],[[[5.5145,62.3389],[5.4913,62.3207],[5.4815,62.3367],[5.5145,62.3389]]],[[[7.9053,63.3517],[7.8697,63.3329],[7.8489,63.3469],[7.9053,63.3517]]],[[[25.2589,37.3707],[25.2803,37.4131],[25.2757,37.3799],[25.2589,37.3707]]],[[[35.6441,64.6405],[35.7157,64.6171],[35.6481,64.6279],[35.6441,64.6405]]],[[[11.4899,58.0051],[11.5057,58.0375],[11.5249,58.0093],[11.4899,58.0051]]],[[[5.6077,60.6607],[5.5857,60.6661],[5.5757,60.6897],[5.6077,60.6607]]],[[[23.3615,59.8921],[23.3659,59.9109],[23.4017,59.8943],[23.3615,59.8921]]],[[[18.6395,59.3951],[18.6653,59.4017],[18.7091,59.4001],[18.6395,59.3951]]],[[[30.1559,69.7813],[30.1113,69.7947],[30.1723,69.7827],[30.1559,69.7813]]],[[[18.8997,59.6625],[18.8937,59.6807],[18.9181,59.6689],[18.8997,59.6625]]],[[[18.8417,59.5551],[18.7799,59.5403],[18.7689,59.5441],[18.8417,59.5551]]],[[[127.7385,34.9327],[127.7513,34.9565],[127.7621,34.9429],[127.7385,34.9327]]],[[[22.1425,60.1747],[22.0967,60.1701],[22.1559,60.1927],[22.1425,60.1747]]],[[[21.0417,60.4055],[21.0689,60.4193],[21.0691,60.4015],[21.0417,60.4055]]],[[[21.7807,65.3193],[21.7697,65.3371],[21.8233,65.3193],[21.7807,65.3193]]],[[[11.3067,64.7963],[11.2433,64.7869],[11.3075,64.8043],[11.3067,64.7963]]],[[[8.5081,63.2647],[8.5285,63.2339],[8.4899,63.2521],[8.5081,63.2647]]],[[[25.5805,36.9123],[25.5561,36.9045],[25.5985,36.9243],[25.5805,36.9123]]],[[[5.6561,62.3617],[5.6361,62.3807],[5.6825,62.3745],[5.6561,62.3617]]],[[[19.5035,60.2309],[19.5349,60.2611],[19.5437,60.2343],[19.5035,60.2309]]],[[[21.1793,62.3713],[21.2045,62.4217],[21.2127,62.4111],[21.1793,62.3713]]],[[[14.9193,44.1533],[14.9203,44.1643],[14.9463,44.1475],[14.9193,44.1533]]],[[[5.6263,59.3407],[5.6413,59.3693],[5.6529,59.3511],[5.6263,59.3407]]],[[[22.3853,59.9963],[22.3599,59.9643],[22.3399,59.9651],[22.3853,59.9963]]],[[[14.7881,44.7363],[14.8373,44.6913],[14.7711,44.7421],[14.7881,44.7363]]],[[[12.9137,66.5765],[12.9063,66.6027],[12.9357,66.5959],[12.9137,66.5765]]],[[[-2.8422,47.6025],[-2.8279,47.5879],[-2.8622,47.5611],[-2.8422,47.6025]]],[[[-8.9135,42.3971],[-8.9435,42.3681],[-8.9161,42.4011],[-8.9135,42.3971]]],[[[21.2117,60.8415],[21.2187,60.8643],[21.2391,60.8521],[21.2117,60.8415]]],[[[14.8255,44.8287],[14.8335,44.8511],[14.8381,44.8435],[14.8255,44.8287]]],[[[132.5369,33.2247],[132.5127,33.2237],[132.5217,33.2371],[132.5369,33.2247]]],[[[8.8545,63.7821],[8.8945,63.7821],[8.8297,63.7697],[8.8545,63.7821]]],[[[-3.3025,58.9247],[-3.2744,58.9373],[-3.2683,58.9261],[-3.3025,58.9247]]],[[[-9.3602,51.5165],[-9.3838,51.4917],[-9.3966,51.5063],[-9.3602,51.5165]]],[[[21.3853,60.2657],[21.4357,60.2637],[21.3659,60.2555],[21.3853,60.2657]]],[[[4.8351,61.3323],[4.8465,61.3585],[4.8635,61.3527],[4.8351,61.3323]]],[[[21.7237,63.4515],[21.7545,63.4313],[21.7149,63.4383],[21.7237,63.4515]]],[[[24.1461,58.2347],[24.1285,58.2073],[24.0975,58.2057],[24.1461,58.2347]]],[[[-0.7129,45.1915],[-0.6996,45.2057],[-0.7016,45.1787],[-0.7129,45.1915]]],[[[17.4967,58.7397],[17.4989,58.7635],[17.5161,58.7445],[17.4967,58.7397]]],[[[11.6651,55.1631],[11.6799,55.1805],[11.7151,55.1455],[11.6651,55.1631]]],[[[12.3855,45.4535],[12.4059,45.4571],[12.4291,45.4733],[12.4189,45.4555],[12.3855,45.4535]]],[[[-9.0425,38.8439],[-9.0656,38.8315],[-9.034,38.8641],[-9.0425,38.8439]]],[[[10.8095,37.1445],[10.7975,37.1225],[10.7953,37.1317],[10.8095,37.1445]]],[[[12.9771,54.4353],[13.0609,54.4545],[13.0401,54.4415],[12.9771,54.4353]]],[[[18.9617,59.3985],[18.9655,59.4247],[18.9889,59.4121],[18.9617,59.3985]]],[[[18.8329,69.6709],[18.8121,69.6477],[18.7773,69.6623],[18.8329,69.6709]]],[[[26.7637,60.3707],[26.7699,60.3493],[26.7463,60.3605],[26.7637,60.3707]]],[[[9.0801,58.5971],[9.0515,58.5785],[9.0309,58.5835],[9.0801,58.5971]]],[[[4.8345,60.9737],[4.8377,60.9941],[4.8683,60.9847],[4.8345,60.9737]]],[[[106.6969,21.0079],[106.6967,21.0221],[106.7037,21.0105],[106.6969,21.0079]]],[[[19.1919,59.7685],[19.1933,59.7929],[19.2069,59.7907],[19.1919,59.7685]]],[[[28.9199,36.6567],[28.9197,36.6843],[28.9397,36.6737],[28.9199,36.6567]]],[[[36.7881,64.0425],[36.7557,64.0199],[36.7601,64.0607],[36.7881,64.0425]]],[[[113.5805,22.5699],[113.5599,22.5713],[113.5539,22.5733],[113.5805,22.5699]]],[[[35.0291,64.4907],[35.0011,64.4785],[34.9689,64.4881],[35.0291,64.4907]]],[[[12.4905,45.5021],[12.5235,45.4911],[12.4851,45.4901],[12.4905,45.5021]]],[[[40.0865,64.6163],[40.1019,64.6299],[40.1235,64.6059],[40.0865,64.6163]]],[[[21.3563,60.6181],[21.3583,60.5879],[21.3285,60.6193],[21.3563,60.6181]]],[[[14.7015,44.2747],[14.7093,44.2889],[14.7239,44.2755],[14.7015,44.2747]]],[[[5.8333,58.9647],[5.8261,58.9425],[5.8015,58.9583],[5.8333,58.9647]]],[[[20.7593,63.5923],[20.7901,63.6201],[20.7983,63.6105],[20.7593,63.5923]]],[[[12.3665,65.1957],[12.3431,65.1755],[12.3283,65.1959],[12.3665,65.1957]]],[[[40.0021,64.7225],[40.0017,64.7013],[39.9779,64.7155],[40.0021,64.7225]]],[[[109.0723,21.6001],[109.0639,21.6147],[109.0691,21.6199],[109.0723,21.6001]]],[[[-1.0353,60.1315],[-1.0219,60.1519],[-1.0161,60.1397],[-1.0353,60.1315]]],[[[26.1485,36.5417],[26.1319,36.5527],[26.1495,36.5627],[26.1485,36.5417]]],[[[15.4287,56.1469],[15.4591,56.1543],[15.4719,56.1251],[15.4287,56.1469]]],[[[21.3589,60.7447],[21.3537,60.7671],[21.3807,60.7519],[21.3589,60.7447]]],[[[10.4629,55.9533],[10.4201,55.9515],[10.4087,55.9609],[10.4629,55.9533]]],[[[17.3059,61.5557],[17.2703,61.5707],[17.3107,61.5589],[17.3059,61.5557]]],[[[12.2269,65.4631],[12.1837,65.4517],[12.2203,65.4807],[12.2269,65.4631]]],[[[22.6719,65.5449],[22.6753,65.5655],[22.7039,65.5457],[22.6719,65.5449]]],[[[7.9219,63.1603],[7.9293,63.1751],[7.9539,63.1633],[7.9219,63.1603]]],[[[6.0073,58.9871],[5.9717,58.9787],[5.9767,58.9893],[6.0073,58.9871]]],[[[-5.6209,57.8239],[-5.6244,57.8407],[-5.6007,57.8273],[-5.6209,57.8239]]],[[[11.2247,58.6457],[11.2337,58.6717],[11.2449,58.6613],[11.2247,58.6457]]],[[[21.6297,60.2889],[21.6475,60.3019],[21.6921,60.2843],[21.6297,60.2889]]],[[[27.4255,60.4597],[27.4049,60.4501],[27.3785,60.4725],[27.4255,60.4597]]],[[[11.2437,58.5313],[11.2485,58.5627],[11.2667,58.5339],[11.2437,58.5313]]],[[[-9.7336,53.2519],[-9.723,53.2313],[-9.7614,53.2325],[-9.7336,53.2519]]],[[[22.1583,60.2299],[22.1415,60.2449],[22.1753,60.2441],[22.1583,60.2299]]],[[[20.4293,60.1765],[20.4045,60.1521],[20.4001,60.1627],[20.4293,60.1765]]],[[[24.8793,60.1453],[24.8975,60.1659],[24.8997,60.1525],[24.8793,60.1453]]],[[[12.5609,56.4231],[12.5631,56.4493],[12.5843,56.4337],[12.5609,56.4231]]],[[[10.1043,55.8287],[10.0729,55.8217],[10.0615,55.8351],[10.1043,55.8287]]],[[[15.7525,43.0237],[15.7229,43.0243],[15.7631,43.0333],[15.7525,43.0237]]],[[[-3.1244,58.6963],[-3.1115,58.6719],[-3.1421,58.6685],[-3.1244,58.6963]]],[[[-4.029,48.7413],[-4.0168,48.7559],[-3.9952,48.7451],[-4.029,48.7413]]],[[[19.8133,60.4175],[19.7903,60.3833],[19.7709,60.3985],[19.8133,60.4175]]],[[[16.5895,57.1005],[16.6499,57.0993],[16.6513,57.0945],[16.5895,57.1005]]],[[[22.2113,60.2371],[22.1811,60.2193],[22.1759,60.2237],[22.2113,60.2371]]],[[[25.9021,36.8831],[25.9241,36.8919],[25.9335,36.8859],[25.9021,36.8831]]],[[[24.7885,59.5927],[24.7601,59.5743],[24.7407,59.5861],[24.7885,59.5927]]],[[[35.7541,64.3735],[35.7261,64.3941],[35.7683,64.3839],[35.7541,64.3735]]],[[[-5.4212,58.0077],[-5.3819,58.0103],[-5.3809,58.0065],[-5.4212,58.0077]]],[[[25.0877,60.1501],[25.0687,60.1393],[25.0371,60.1405],[25.0607,60.1561],[25.0877,60.1501]]],[[[22.5059,59.9507],[22.5079,59.9209],[22.4927,59.9341],[22.5059,59.9507]]],[[[-8.2207,55.2571],[-8.1951,55.2663],[-8.1963,55.2603],[-8.2207,55.2571]]],[[[8.5195,53.9227],[8.4865,53.9185],[8.4897,53.9287],[8.5195,53.9227]]],[[[33.7857,36.1989],[33.7635,36.1759],[33.7607,36.1801],[33.7857,36.1989]]],[[[-8.6766,40.7041],[-8.7061,40.6955],[-8.6815,40.7101],[-8.6766,40.7041]]],[[[-2.9515,59.1211],[-2.9688,59.1131],[-3.0177,59.1149],[-2.9515,59.1211]]],[[[16.9689,68.4949],[16.9079,68.4789],[16.9045,68.4799],[16.9689,68.4949]]],[[[3.9515,51.7771],[3.9345,51.7901],[3.9691,51.7751],[3.9515,51.7771]]],[[[6.0453,62.5005],[6.0743,62.5173],[6.0761,62.5065],[6.0453,62.5005]]],[[[27.2027,59.8561],[27.1793,59.8455],[27.1795,59.8595],[27.2027,59.8561]]],[[[18.5263,60.1897],[18.5099,60.1747],[18.4879,60.1835],[18.5263,60.1897]]],[[[16.9679,58.4849],[17.0045,58.4991],[17.0079,58.4967],[16.9679,58.4849]]],[[[22.0563,60.3991],[22.0501,60.4181],[22.0783,60.4169],[22.0563,60.3991]]],[[[9.4637,63.8285],[9.5103,63.8347],[9.5129,63.8319],[9.4637,63.8285]]],[[[20.1285,60.3999],[20.1035,60.3799],[20.0865,60.3881],[20.1285,60.3999]]],[[[21.1549,60.7875],[21.1567,60.8079],[21.1865,60.7845],[21.1549,60.7875]]],[[[8.3925,63.5713],[8.4071,63.5947],[8.4221,63.5879],[8.3925,63.5713]]],[[[139.7663,35.5063],[139.7539,35.4907],[139.7479,35.4955],[139.7663,35.5063]]],[[[19.5223,39.7633],[19.5333,39.7719],[19.5345,39.7595],[19.5223,39.7633]]],[[[9.7343,40.8653],[9.7177,40.8817],[9.7443,40.8781],[9.7343,40.8653]]],[[[19.0865,59.5807],[19.0557,59.5709],[19.0339,59.5789],[19.0865,59.5807]]],[[[16.9259,58.5105],[16.9139,58.5313],[16.9455,58.5121],[16.9259,58.5105]]],[[[143.2755,52.5765],[143.2549,52.5757],[143.2753,52.5837],[143.2755,52.5765]]],[[[15.7875,56.0935],[15.7757,56.0711],[15.7535,56.0697],[15.7875,56.0935]]],[[[21.1975,63.0237],[21.2013,62.9935],[21.1793,63.0145],[21.1975,63.0237]]],[[[15.0503,44.0277],[15.0719,44.0283],[15.0837,44.0109],[15.0503,44.0277]]],[[[16.6745,57.8711],[16.6607,57.8485],[16.6469,57.8813],[16.6745,57.8711]]],[[[-9.9,53.4179],[-9.8902,53.3959],[-9.8984,53.3795],[-9.9126,53.4127],[-9.9,53.4179]]],[[[12.3979,66.1449],[12.3617,66.1493],[12.4019,66.1501],[12.3979,66.1449]]],[[[-2.8078,47.5775],[-2.7917,47.6011],[-2.7753,47.5893],[-2.8078,47.5775]]],[[[22.1303,65.5065],[22.0943,65.4941],[22.0817,65.5167],[22.1303,65.5065]]],[[[12.5937,66.3627],[12.5187,66.3335],[12.6023,66.3713],[12.5937,66.3627]]],[[[24.6215,38.7477],[24.6083,38.7661],[24.6281,38.7559],[24.6215,38.7477]]],[[[25.9371,60.2177],[25.9253,60.2335],[25.9555,60.2289],[25.9371,60.2177]]],[[[11.6577,57.7237],[11.6463,57.7057],[11.6359,57.7227],[11.6577,57.7237]]],[[[17.8373,42.7417],[17.8347,42.7293],[17.7933,42.7549],[17.8373,42.7417]]],[[[21.9111,65.1813],[21.8795,65.2035],[21.9573,65.1827],[21.9111,65.1813]]],[[[19.8203,60.3549],[19.7957,60.3357],[19.8043,60.3595],[19.8203,60.3549]]],[[[22.9455,70.3509],[22.8903,70.3891],[22.9567,70.3507],[22.9455,70.3509]]],[[[21.6675,36.9191],[21.6671,36.9499],[21.6749,36.9155],[21.6675,36.9191]]],[[[12.6849,54.4175],[12.6985,54.4307],[12.7345,54.4199],[12.6849,54.4175]]],[[[-5.3139,51.7377],[-5.2762,51.7431],[-5.2724,51.7391],[-5.3139,51.7377]]],[[[26.5583,37.6117],[26.5667,37.5971],[26.5359,37.5923],[26.5583,37.6117]]],[[[25.3601,65.1019],[25.3309,65.0823],[25.2979,65.0931],[25.3601,65.1019]]],[[[22.8031,65.5501],[22.8075,65.5683],[22.8201,65.5539],[22.8031,65.5501]]],[[[21.6525,60.3357],[21.7195,60.3305],[21.7255,60.3277],[21.6525,60.3357]]],[[[13.4329,66.7871],[13.4339,66.8019],[13.4683,66.7943],[13.4329,66.7871]]],[[[9.7599,53.5549],[9.7715,53.5607],[9.7879,53.5547],[9.7599,53.5549]]],[[[14.2897,44.5053],[14.3055,44.5107],[14.3131,44.5099],[14.2897,44.5053]]],[[[11.7947,57.6175],[11.7807,57.5989],[11.7589,57.6165],[11.7947,57.6175]]],[[[-5.1939,58.3753],[-5.1825,58.3915],[-5.1666,58.3839],[-5.1939,58.3753]]],[[[10.1953,55.6425],[10.1825,55.6081],[10.1647,55.6495],[10.1953,55.6425]]],[[[18.5213,59.0369],[18.5415,59.0597],[18.5465,59.0401],[18.5213,59.0369]]],[[[11.6559,57.8865],[11.6407,57.9081],[11.6695,57.9053],[11.6559,57.8865]]],[[[13.4577,66.8749],[13.4315,66.8883],[13.4797,66.8849],[13.4577,66.8749]]],[[[20.9367,59.9173],[20.9291,59.9351],[20.9725,59.9291],[20.9367,59.9173]]],[[[18.8923,63.2687],[18.8877,63.2433],[18.8683,63.2545],[18.8923,63.2687]]],[[[-6.3388,49.9427],[-6.3371,49.9661],[-6.3271,49.9473],[-6.3388,49.9427]]],[[[26.5865,39.3751],[26.6025,39.3975],[26.5927,39.3735],[26.5865,39.3751]]],[[[20.4545,60.0825],[20.4939,60.0929],[20.5191,60.0827],[20.4545,60.0825]]],[[[18.2289,62.7687],[18.2277,62.7815],[18.2535,62.7847],[18.2289,62.7687]]],[[[13.4531,66.9349],[13.4343,66.9117],[13.4255,66.9241],[13.4531,66.9349]]],[[[15.6759,43.6953],[15.6791,43.6813],[15.6467,43.7055],[15.6759,43.6953]]],[[[26.1895,35.3441],[26.1759,35.3533],[26.1935,35.3521],[26.1895,35.3441]]],[[[12.1397,65.5155],[12.0833,65.4911],[12.1551,65.5339],[12.1397,65.5155]]],[[[24.2971,38.0375],[24.2837,38.0185],[24.2849,38.0383],[24.2971,38.0375]]],[[[10.7685,59.2225],[10.7841,59.1901],[10.7607,59.2135],[10.7685,59.2225]]],[[[19.7253,60.3913],[19.7265,60.3659],[19.7185,60.3777],[19.7253,60.3913]]],[[[3.9847,51.7539],[4.0165,51.7353],[4.0173,51.7273],[3.9847,51.7539]]],[[[21.5009,65.3361],[21.5121,65.3551],[21.5315,65.3385],[21.5009,65.3361]]],[[[21.0859,60.3649],[21.0871,60.3385],[21.0649,60.3655],[21.0859,60.3649]]],[[[23.2459,65.7553],[23.2023,65.7455],[23.1921,65.7545],[23.2459,65.7553]]],[[[4.7957,61.6587],[4.7893,61.6351],[4.7763,61.6467],[4.7957,61.6587]]],[[[17.3255,60.6951],[17.3423,60.6755],[17.3025,60.6771],[17.3255,60.6951]]],[[[36.8263,65.2047],[36.7781,65.1951],[36.8287,65.2095],[36.8263,65.2047]]],[[[9.0215,58.5807],[9.0031,58.5811],[9.0373,58.5947],[9.0215,58.5807]]],[[[19.9967,60.0109],[20.0281,60.0213],[20.0381,60.0141],[19.9967,60.0109]]],[[[19.1289,59.7457],[19.1213,59.7655],[19.1625,59.7551],[19.1289,59.7457]]],[[[17.3297,61.1749],[17.3287,61.1473],[17.3111,61.1643],[17.3297,61.1749]]],[[[9.0993,58.6117],[9.0593,58.6063],[9.1259,58.6231],[9.0993,58.6117]]],[[[15.7703,43.7095],[15.7593,43.7341],[15.7807,43.7161],[15.7703,43.7095]]],[[[21.7961,60.3827],[21.7611,60.3681],[21.7317,60.3785],[21.7961,60.3827]]],[[[106.7235,20.9947],[106.7091,20.9857],[106.6925,20.9927],[106.7235,20.9947]]],[[[12.2837,65.9621],[12.2093,65.9363],[12.2063,65.9381],[12.2837,65.9621]]],[[[11.4811,54.8841],[11.4953,54.9009],[11.5209,54.8885],[11.4811,54.8841]]],[[[4.7641,61.3123],[4.7607,61.3289],[4.7923,61.3197],[4.7641,61.3123]]],[[[13.9943,67.1453],[13.9439,67.1271],[13.9385,67.1275],[13.9671,67.1613],[13.9943,67.1453]]],[[[23.2723,70.2443],[23.2751,70.2599],[23.3381,70.2441],[23.2723,70.2443]]],[[[5.6397,59.0345],[5.6293,59.0551],[5.6661,59.0447],[5.6397,59.0345]]],[[[26.5955,39.3079],[26.5813,39.2819],[26.5793,39.2841],[26.5955,39.3079]]],[[[21.4629,61.3437],[21.4917,61.3571],[21.5107,61.3451],[21.4629,61.3437]]],[[[18.6889,63.1503],[18.6931,63.1327],[18.6601,63.1525],[18.6889,63.1503]]],[[[21.4319,61.1949],[21.4269,61.2105],[21.4645,61.1973],[21.4319,61.1949]]],[[[-2.9737,59.0737],[-2.9677,59.0917],[-2.9499,59.0787],[-2.9737,59.0737]]],[[[18.7663,60.1283],[18.7893,60.1439],[18.7917,60.1283],[18.7663,60.1283]]],[[[5.3907,59.0605],[5.4277,59.0771],[5.4331,59.0711],[5.3907,59.0605]]],[[[21.5793,59.8267],[21.6031,59.8365],[21.6561,59.8399],[21.5793,59.8267]]],[[[21.4889,63.1467],[21.4927,63.1599],[21.5421,63.1381],[21.4889,63.1467]]],[[[-8.4164,55.0147],[-8.4242,55.0505],[-8.4121,55.0293],[-8.4164,55.0147]]],[[[15.6573,38.2693],[15.6295,38.2573],[15.6323,38.2737],[15.6573,38.2693]]],[[[12.4815,45.5005],[12.4551,45.4753],[12.4479,45.4789],[12.4815,45.5005]]],[[[29.0865,40.8729],[29.1061,40.8913],[29.1111,40.8803],[29.0865,40.8729]]],[[[21.5041,60.1053],[21.4953,60.1193],[21.5163,60.1115],[21.5041,60.1053]]],[[[29.5939,44.8155],[29.5485,44.7941],[29.5409,44.7977],[29.5939,44.8155]]],[[[5.9911,58.9177],[5.9951,58.9349],[6.0315,58.9087],[5.9911,58.9177]]],[[[140.1105,35.5883],[140.0967,35.5731],[140.0931,35.5879],[140.1105,35.5883]]],[[[10.7061,59.2275],[10.6907,59.2421],[10.7073,59.2491],[10.7061,59.2275]]],[[[26.8649,35.4387],[26.8769,35.4493],[26.8821,35.4397],[26.8649,35.4387]]],[[[21.6057,65.0911],[21.5699,65.1027],[21.6093,65.0959],[21.6057,65.0911]]],[[[5.0827,59.9075],[5.0561,59.8881],[5.0527,59.8915],[5.0827,59.9075]]],[[[12.9999,66.6483],[12.9995,66.6613],[13.0273,66.6569],[12.9999,66.6483]]],[[[21.6803,65.1505],[21.6673,65.1355],[21.6591,65.1517],[21.6803,65.1505]]],[[[17.9161,69.5253],[17.8801,69.5057],[17.9091,69.5383],[17.9161,69.5253]]],[[[-1.2907,60.1071],[-1.3062,60.1237],[-1.2831,60.1279],[-1.2907,60.1071]]],[[[21.7917,60.2569],[21.7549,60.2473],[21.7485,60.2509],[21.7917,60.2569]]],[[[23.0687,39.1553],[23.0903,39.1737],[23.0955,39.1701],[23.0687,39.1553]]],[[[23.7621,59.9441],[23.7607,59.9271],[23.7545,59.9291],[23.7621,59.9441]]],[[[20.3821,69.6629],[20.3519,69.6753],[20.3869,69.6743],[20.3821,69.6629]]],[[[16.6825,68.8783],[16.6751,68.8605],[16.6649,68.8629],[16.6825,68.8783]]],[[[11.7277,65.6829],[11.7375,65.6645],[11.7137,65.6749],[11.7277,65.6829]]],[[[23.7613,65.5605],[23.7529,65.5821],[23.7799,65.5681],[23.7613,65.5605]]],[[[21.7257,60.4259],[21.6937,60.4221],[21.7143,60.4433],[21.7257,60.4259]]],[[[17.4927,58.7073],[17.4811,58.7275],[17.4993,58.7181],[17.4927,58.7073]]],[[[25.2307,65.1035],[25.1951,65.0943],[25.1885,65.0975],[25.2307,65.1035]]],[[[17.5581,61.7317],[17.5401,61.7115],[17.5225,61.7253],[17.5581,61.7317]]],[[[22.4465,59.9639],[22.4685,59.9753],[22.4699,59.9631],[22.4465,59.9639]]],[[[49.1179,45.9647],[49.0989,45.9563],[49.0989,45.9705],[49.1179,45.9647]]],[[[-4.9404,55.7363],[-4.9509,55.7129],[-4.9677,55.7199],[-4.9404,55.7363]]],[[[18.6693,60.2493],[18.6757,60.2753],[18.6791,60.2557],[18.6693,60.2493]]],[[[11.7805,57.6563],[11.7709,57.6349],[11.7621,57.6473],[11.7805,57.6563]]],[[[-5.3509,51.8795],[-5.3352,51.8583],[-5.3531,51.8629],[-5.3509,51.8795]]],[[[23.3111,32.2083],[23.3205,32.2203],[23.3455,32.2127],[23.3111,32.2083]]],[[[9.9091,43.4403],[9.8877,43.4273],[9.8943,43.4387],[9.9091,43.4403]]],[[[-3.1637,58.8549],[-3.1735,58.8353],[-3.1834,58.8485],[-3.1637,58.8549]]],[[[15.2633,68.3241],[15.3063,68.3203],[15.2531,68.3077],[15.2633,68.3241]]],[[[15.2091,43.9279],[15.2005,43.9481],[15.2283,43.9219],[15.2091,43.9279]]],[[[15.1545,68.4797],[15.1813,68.4947],[15.1997,68.4869],[15.1545,68.4797]]],[[[21.5773,60.3017],[21.5567,60.2881],[21.5507,60.3017],[21.5773,60.3017]]],[[[31.0973,70.3715],[31.0691,70.3783],[31.0623,70.4035],[31.0973,70.3715]]],[[[22.3071,59.8027],[22.3265,59.8257],[22.3417,59.8053],[22.3071,59.8027]]],[[[38.3331,46.7683],[38.3451,46.7507],[38.3211,46.7555],[38.3331,46.7683]]],[[[20.7339,60.2199],[20.7413,60.2511],[20.7563,60.2267],[20.7339,60.2199]]],[[[27.8323,60.5039],[27.8395,60.5241],[27.8465,60.5185],[27.8323,60.5039]]],[[[-1.5965,60.1907],[-1.5759,60.2039],[-1.5776,60.1943],[-1.5965,60.1907]]],[[[-8.9941,38.9145],[-9.0062,38.8881],[-9.0022,38.9199],[-8.9941,38.9145]]],[[[15.0393,44.1469],[15.0269,44.1673],[15.0543,44.1435],[15.0393,44.1469]]],[[[21.6359,60.0981],[21.6841,60.1075],[21.6867,60.0979],[21.6359,60.0981]]],[[[28.6095,60.5529],[28.6019,60.5257],[28.5937,60.5549],[28.6095,60.5529]]],[[[5.1025,52.4519],[5.1067,52.4697],[5.1423,52.4641],[5.1025,52.4519]]],[[[12.2025,57.1119],[12.2227,57.1261],[12.2331,57.1105],[12.2025,57.1119]]],[[[25.6837,60.2095],[25.6713,60.2325],[25.6919,60.2157],[25.6837,60.2095]]],[[[-1.171,44.7053],[-1.1892,44.6941],[-1.1935,44.7033],[-1.171,44.7053]]],[[[5.1773,60.8401],[5.1591,60.8173],[5.1587,60.8347],[5.1773,60.8401]]],[[[23.9581,37.6575],[23.9447,37.6447],[23.9365,37.6511],[23.9581,37.6575]]],[[[-7.4368,57.6637],[-7.3902,57.6733],[-7.3761,57.6681],[-7.3929,57.6573],[-7.4368,57.6637]]],[[[-6.019,53.4843],[-6.0318,53.4999],[-6.0024,53.4949],[-6.019,53.4843]]],[[[21.9573,63.2957],[21.9445,63.2759],[21.9301,63.2879],[21.9573,63.2957]]],[[[4.9535,61.2461],[4.9723,61.2621],[4.9909,61.2491],[4.9535,61.2461]]],[[[23.3745,58.5095],[23.3791,58.5283],[23.3967,58.5135],[23.3745,58.5095]]],[[[128.5403,34.8197],[128.5341,34.7977],[128.5287,34.8001],[128.5403,34.8197]]],[[[8.3317,63.4391],[8.3193,63.4577],[8.3437,63.4527],[8.3317,63.4391]]],[[[11.0451,35.8115],[11.0345,35.7965],[11.0257,35.8003],[11.0451,35.8115]]],[[[11.0979,42.2439],[11.1109,42.2641],[11.1111,42.2403],[11.0979,42.2439]]],[[[21.4989,60.3741],[21.4717,60.3881],[21.4983,60.3885],[21.4989,60.3741]]],[[[16.7135,68.8979],[16.6757,68.8821],[16.6685,68.8849],[16.7135,68.8979]]],[[[17.9997,57.2811],[17.9657,57.2761],[17.9631,57.2841],[17.9997,57.2811]]],[[[11.7991,58.0939],[11.7769,58.0847],[11.7705,58.1097],[11.7991,58.0939]]],[[[4.9523,60.9681],[4.9461,60.9531],[4.9343,60.9631],[4.9523,60.9681]]],[[[9.5287,53.6691],[9.5311,53.6893],[9.5321,53.6701],[9.5287,53.6691]]],[[[21.3889,70.3165],[21.3511,70.3047],[21.3417,70.3163],[21.3889,70.3165]]],[[[15.4825,42.1043],[15.4891,42.1269],[15.4967,42.1231],[15.4825,42.1043]]],[[[-6.7297,57.9869],[-6.7237,58.0079],[-6.7157,57.9935],[-6.7297,57.9869]]],[[[22.6071,63.7889],[22.6049,63.8183],[22.6303,63.8063],[22.6071,63.7889]]],[[[21.3885,60.4213],[21.3805,60.4429],[21.3893,60.4403],[21.3885,60.4213]]],[[[49.4569,39.9399],[49.4933,39.9437],[49.4507,39.9339],[49.4569,39.9399]]],[[[23.0337,58.6289],[23.0305,58.6495],[23.0467,58.6289],[23.0337,58.6289]]],[[[140.8769,53.0787],[140.9209,53.0731],[140.9313,53.0591],[140.8769,53.0787]]],[[[22.4041,59.8629],[22.4029,59.8405],[22.3655,59.8491],[22.4041,59.8629]]],[[[20.7407,60.2791],[20.7513,60.3027],[20.7707,60.2957],[20.7407,60.2791]]],[[[22.8111,70.4131],[22.8403,70.4167],[22.8821,70.3943],[22.8111,70.4131]]],[[[23.3755,59.9323],[23.3683,59.9143],[23.3609,59.9249],[23.3755,59.9323]]],[[[17.3659,61.6307],[17.3873,61.6361],[17.3949,61.6219],[17.3659,61.6307]]],[[[14.3497,67.3049],[14.3065,67.2821],[14.2843,67.2877],[14.3497,67.3049]]],[[[23.7851,65.6355],[23.7863,65.6589],[23.8101,65.6375],[23.7851,65.6355]]],[[[23.5245,65.7201],[23.4865,65.7251],[23.4937,65.7427],[23.5245,65.7201]]],[[[21.0795,63.4127],[21.0719,63.4323],[21.0979,63.4243],[21.0795,63.4127]]],[[[21.5517,60.5521],[21.5449,60.5333],[21.5317,60.5515],[21.5517,60.5521]]],[[[-9.8964,53.9913],[-9.9121,54.0051],[-9.8871,54.0075],[-9.8964,53.9913]]],[[[-6.1212,53.3831],[-6.1809,53.3607],[-6.1628,53.3745],[-6.1212,53.3831]]],[[[22.4245,65.3657],[22.4189,65.3771],[22.4511,65.3735],[22.4245,65.3657]]],[[[5.8639,62.2363],[5.8853,62.2487],[5.9171,62.2525],[5.8801,62.2333],[5.8639,62.2363]]],[[[5.1179,59.8767],[5.1165,59.8973],[5.1259,59.8801],[5.1179,59.8767]]],[[[22.1295,60.1573],[22.1113,60.1373],[22.1083,60.1461],[22.1295,60.1573]]],[[[26.7369,60.4089],[26.7419,60.4381],[26.7597,60.4285],[26.7369,60.4089]]],[[[14.8485,44.4765],[14.8565,44.4861],[14.8717,44.4689],[14.8485,44.4765]]],[[[46.8119,44.4927],[46.8191,44.5105],[46.8357,44.5021],[46.8119,44.4927]]],[[[15.3473,43.7629],[15.3251,43.7797],[15.3555,43.7643],[15.3473,43.7629]]],[[[13.9175,67.4027],[13.8633,67.3889],[13.9233,67.4083],[13.9175,67.4027]]],[[[33.8283,66.3093],[33.8307,66.3185],[33.8797,66.3083],[33.8283,66.3093]]],[[[21.9371,60.1701],[21.9181,60.1687],[21.9477,60.1809],[21.9371,60.1701]]],[[[4.8445,61.2223],[4.8401,61.1989],[4.8233,61.2139],[4.8445,61.2223]]],[[[22.4281,63.5797],[22.4551,63.5437],[22.4201,63.5763],[22.4281,63.5797]]],[[[-9.8584,53.9923],[-9.8755,53.9737],[-9.8712,53.9971],[-9.8584,53.9923]]],[[[113.3215,22.3049],[113.3235,22.3241],[113.3285,22.2939],[113.3215,22.3049]]],[[[16.6529,58.4221],[16.6771,58.4291],[16.6929,58.4163],[16.6529,58.4221]]],[[[15.4627,67.9957],[15.4777,67.9825],[15.4411,67.9839],[15.4627,67.9957]]],[[[8.4555,54.5845],[8.4435,54.5663],[8.4409,54.5793],[8.4555,54.5845]]],[[[-5.8505,57.3417],[-5.837,57.3537],[-5.8222,57.3403],[-5.8505,57.3417]]],[[[25.5449,60.2461],[25.5211,60.2397],[25.5405,60.2611],[25.5449,60.2461]]],[[[21.7817,59.9691],[21.7561,59.9503],[21.7603,59.9677],[21.7817,59.9691]]],[[[10.2829,64.2703],[10.3051,64.2563],[10.2767,64.2491],[10.2829,64.2703]]],[[[19.0441,57.8061],[19.0583,57.7877],[19.0365,57.7993],[19.0441,57.8061]]],[[[-5.1571,55.7785],[-5.1595,55.8059],[-5.1465,55.7845],[-5.1571,55.7785]]],[[[22.0305,60.1399],[22.0209,60.1315],[21.9837,60.1381],[22.0305,60.1399]]],[[[-10.2102,54.1299],[-10.1888,54.1411],[-10.1877,54.1335],[-10.2102,54.1299]]],[[[22.0719,38.3607],[22.0821,38.3721],[22.0895,38.3597],[22.0719,38.3607]]],[[[9.5575,55.1125],[9.5561,55.1323],[9.5765,55.1175],[9.5575,55.1125]]],[[[22.4273,65.7205],[22.4329,65.7021],[22.3947,65.7137],[22.4273,65.7205]]],[[[-9.8752,53.3069],[-9.8453,53.3037],[-9.8407,53.2933],[-9.8752,53.3069]]],[[[26.3051,60.3353],[26.2685,60.3605],[26.3089,60.3385],[26.3051,60.3353]]],[[[4.9089,60.5081],[4.9277,60.5097],[4.9277,60.4899],[4.9089,60.5081]]],[[[33.7823,66.4201],[33.8007,66.4085],[33.7221,66.4165],[33.7823,66.4201]]],[[[22.6197,65.6369],[22.6385,65.6487],[22.6599,65.6347],[22.6197,65.6369]]],[[[16.6503,68.7421],[16.6323,68.7179],[16.6267,68.7199],[16.6503,68.7421]]],[[[21.6507,60.4811],[21.6607,60.4615],[21.6453,60.4675],[21.6507,60.4811]]],[[[6.6155,53.5487],[6.5705,53.5435],[6.5855,53.5511],[6.6155,53.5487]]],[[[49.5727,46.2317],[49.5569,46.2197],[49.5501,46.2275],[49.5727,46.2317]]],[[[11.3625,64.9391],[11.3323,64.9427],[11.3723,64.9467],[11.3625,64.9391]]],[[[-7.5967,56.8513],[-7.5768,56.8645],[-7.5571,56.8591],[-7.5967,56.8513]]],[[[24.1677,38.1625],[24.1785,38.1803],[24.1717,38.1617],[24.1677,38.1625]]],[[[18.6295,63.0571],[18.6335,63.0813],[18.6419,63.0765],[18.6295,63.0571]]],[[[-0.7566,37.7751],[-0.7299,37.7449],[-0.7428,37.7475],[-0.7566,37.7751]]],[[[-7.388,57.0633],[-7.3899,57.0443],[-7.4,57.0493],[-7.388,57.0633]]],[[[10.4687,55.0143],[10.4921,55.0061],[10.4633,54.9977],[10.4687,55.0143]]],[[[21.6545,60.3753],[21.6955,60.3733],[21.7015,60.3655],[21.6545,60.3753]]],[[[21.5633,37.0615],[21.5419,37.0595],[21.5609,37.0695],[21.5633,37.0615]]],[[[5.0659,60.6961],[5.0893,60.6851],[5.1111,60.6741],[5.0659,60.6961]]],[[[11.1449,59.1175],[11.1275,59.1005],[11.1147,59.1103],[11.1449,59.1175]]],[[[13.1907,45.7087],[13.2075,45.7203],[13.2465,45.7187],[13.1907,45.7087]]],[[[4.8151,60.9311],[4.8115,60.9109],[4.7911,60.9309],[4.8151,60.9311]]],[[[2.3365,39.5939],[2.3175,39.5725],[2.3045,39.5717],[2.3365,39.5939]]],[[[18.6101,60.2689],[18.6185,60.2841],[18.6397,60.2673],[18.6101,60.2689]]],[[[121.7391,39.3313],[121.7421,39.3135],[121.7223,39.3321],[121.7391,39.3313]]],[[[114.3067,22.5179],[114.2979,22.5013],[114.2907,22.5095],[114.3067,22.5179]]],[[[-6.2906,49.9591],[-6.3009,49.9763],[-6.2682,49.9647],[-6.2906,49.9591]]],[[[18.9407,63.2131],[18.9279,63.2319],[18.9491,63.2249],[18.9407,63.2131]]],[[[21.6659,63.3787],[21.6485,63.3927],[21.6933,63.3905],[21.6659,63.3787]]],[[[26.2947,38.5047],[26.2801,38.4997],[26.2755,38.5229],[26.2947,38.5047]]],[[[-7.2744,57.7177],[-7.297,57.7055],[-7.3012,57.7179],[-7.2744,57.7177]]],[[[20.3379,60.0653],[20.3609,60.0831],[20.3587,60.0685],[20.3379,60.0653]]],[[[9.4103,41.2113],[9.4141,41.1937],[9.3967,41.1993],[9.4103,41.2113]]],[[[-5.7093,56.2161],[-5.6964,56.2247],[-5.6872,56.2073],[-5.7093,56.2161]]],[[[21.5197,61.5915],[21.4765,61.5947],[21.5283,61.5967],[21.5197,61.5915]]],[[[49.3041,46.1833],[49.3151,46.1995],[49.3169,46.1715],[49.3041,46.1833]]],[[[23.9833,65.6819],[23.9913,65.6961],[24.0007,65.6873],[23.9833,65.6819]]],[[[25.8775,60.2071],[25.8947,60.2189],[25.9163,60.2085],[25.8775,60.2071]]],[[[-4.8124,54.0451],[-4.8199,54.0611],[-4.8032,54.0619],[-4.8124,54.0451]]],[[[16.4809,56.9595],[16.4803,56.9809],[16.4939,56.9675],[16.4809,56.9595]]],[[[18.1683,59.0453],[18.1703,59.0617],[18.1951,59.0497],[18.1683,59.0453]]],[[[11.2875,55.7975],[11.3071,55.7809],[11.3079,55.7695],[11.2875,55.7975]]],[[[11.1173,64.7397],[11.1255,64.7517],[11.1627,64.7499],[11.1173,64.7397]]],[[[10.0013,64.1729],[10.0193,64.1967],[10.0441,64.1883],[10.0013,64.1729]]],[[[10.8959,64.5251],[10.8769,64.5119],[10.8531,64.5227],[10.8695,64.5321],[10.8959,64.5251]]],[[[21.4199,60.4289],[21.4417,60.4207],[21.4125,60.4123],[21.4199,60.4289]]],[[[18.8895,59.3437],[18.9137,59.3585],[18.9317,59.3525],[18.8895,59.3437]]],[[[24.9499,65.6207],[24.9551,65.5937],[24.9361,65.6225],[24.9499,65.6207]]],[[[-10.3026,53.6051],[-10.2907,53.6223],[-10.2642,53.6085],[-10.3026,53.6051]]],[[[24.5353,65.7175],[24.5181,65.7301],[24.5349,65.7265],[24.5353,65.7175]]],[[[23.2051,63.9353],[23.2005,63.9559],[23.2235,63.9385],[23.2051,63.9353]]],[[[5.1361,61.5721],[5.1463,61.5819],[5.1581,61.5731],[5.1361,61.5721]]],[[[28.0075,60.0271],[28.0285,60.0299],[28.0611,60.0215],[28.0075,60.0271]]],[[[133.1591,34.3709],[133.1697,34.3885],[133.1751,34.3699],[133.1591,34.3709]]],[[[139.7029,35.4651],[139.6819,35.4665],[139.7031,35.4703],[139.7029,35.4651]]],[[[21.7565,59.9089],[21.7637,59.9251],[21.7817,59.9157],[21.7565,59.9089]]],[[[12.0397,66.0673],[12.0475,66.0581],[11.9977,66.0427],[12.0209,66.0645],[12.0397,66.0673]]],[[[25.5521,60.2089],[25.5299,60.1937],[25.5293,60.2155],[25.5521,60.2089]]],[[[11.1349,58.7621],[11.1469,58.7753],[11.1609,58.7685],[11.1349,58.7621]]],[[[-5.2644,58.2691],[-5.2448,58.2551],[-5.2818,58.2625],[-5.2644,58.2691]]],[[[10.6989,64.5403],[10.6799,64.5561],[10.7065,64.5521],[10.6989,64.5403]]],[[[5.2317,59.9089],[5.2381,59.9193],[5.2563,59.9003],[5.2317,59.9089]]],[[[15.7949,43.7211],[15.7935,43.7395],[15.8045,43.7253],[15.7949,43.7211]]],[[[8.8283,54.5483],[8.8125,54.5613],[8.8409,54.5577],[8.8283,54.5483]]],[[[21.5731,60.5271],[21.5815,60.5405],[21.5993,60.5277],[21.5731,60.5271]]],[[[3.7135,51.6439],[3.6899,51.6239],[3.6855,51.6171],[3.6883,51.6261],[3.7135,51.6439]]],[[[22.5575,63.7653],[22.5717,63.7621],[22.5551,63.7493],[22.5575,63.7653]]],[[[12.4697,45.5243],[12.4963,45.5369],[12.4795,45.5159],[12.4697,45.5243]]],[[[10.5247,59.8767],[10.5527,59.8731],[10.5253,59.8611],[10.5247,59.8767]]],[[[21.3781,60.5195],[21.3683,60.4993],[21.3499,60.5131],[21.3781,60.5195]]],[[[-5.0781,55.5393],[-5.0696,55.5177],[-5.089,55.5393],[-5.0781,55.5393]]],[[[26.1177,60.3711],[26.1255,60.3897],[26.1275,60.3733],[26.1177,60.3711]]],[[[11.7847,57.5653],[11.7937,57.5887],[11.7997,57.5677],[11.7847,57.5653]]],[[[10.5163,59.3757],[10.5423,59.3801],[10.5363,59.3643],[10.5163,59.3757]]],[[[22.0129,60.2963],[21.9871,60.2809],[21.9771,60.2839],[22.0129,60.2963]]],[[[14.6493,67.8087],[14.6769,67.8227],[14.7065,67.8235],[14.6493,67.8087]]],[[[15.3083,43.9187],[15.3049,43.9309],[15.3159,43.9207],[15.3083,43.9187]]],[[[14.0203,67.1669],[13.9849,67.1547],[13.9835,67.1667],[14.0203,67.1669]]],[[[22.4825,59.9359],[22.4643,59.9241],[22.4591,59.9411],[22.4825,59.9359]]],[[[22.7213,65.5153],[22.7201,65.5293],[22.7373,65.5171],[22.7213,65.5153]]],[[[12.3031,66.0429],[12.2745,66.0227],[12.2739,66.0391],[12.3031,66.0429]]],[[[18.6345,60.2347],[18.6591,60.2057],[18.6271,60.2275],[18.6345,60.2347]]],[[[9.8387,63.8863],[9.8717,63.9087],[9.8779,63.8987],[9.8387,63.8863]]],[[[9.5523,63.6561],[9.5281,63.6415],[9.5035,63.6475],[9.5523,63.6561]]],[[[21.3993,62.9559],[21.3747,62.9319],[21.3615,62.9433],[21.3993,62.9559]]],[[[4.7573,61.5699],[4.7703,61.5553],[4.7349,61.5565],[4.7573,61.5699]]],[[[21.5111,60.2543],[21.5355,60.2335],[21.5007,60.2367],[21.5111,60.2543]]],[[[28.4401,60.6075],[28.4645,60.5947],[28.4797,60.5867],[28.4429,60.5955],[28.4401,60.6075]]],[[[17.2085,61.6307],[17.2015,61.6449],[17.2437,61.6439],[17.2085,61.6307]]],[[[22.7499,65.4929],[22.7131,65.4719],[22.7125,65.4757],[22.7499,65.4929]]],[[[5.3145,62.0429],[5.3179,62.0559],[5.3269,62.0443],[5.3145,62.0429]]],[[[-8.7472,38.5233],[-8.7547,38.5199],[-8.7542,38.5243],[-8.7472,38.5233]]],[[[9.9403,63.9253],[9.9413,63.9423],[9.9539,63.9367],[9.9403,63.9253]]],[[[11.4245,58.1549],[11.4217,58.1741],[11.4589,58.1715],[11.4245,58.1549]]],[[[-2.7468,59.2329],[-2.7434,59.2499],[-2.7239,59.2317],[-2.7468,59.2329]]],[[[5.1253,60.6939],[5.1013,60.6943],[5.0933,60.7021],[5.1253,60.6939]]],[[[20.5973,60.1007],[20.6067,60.0839],[20.5787,60.0907],[20.5973,60.1007]]],[[[29.7573,36.1251],[29.7597,36.1333],[29.7679,36.1265],[29.7573,36.1251]]],[[[20.4313,60.3071],[20.4579,60.2993],[20.4267,60.2955],[20.4313,60.3071]]],[[[14.7135,68.1695],[14.6691,68.1597],[14.6599,68.1667],[14.7135,68.1695]]],[[[15.4861,43.8599],[15.5027,43.8665],[15.5179,43.8519],[15.4861,43.8599]]],[[[122.3007,29.9405],[122.2971,29.9225],[122.2857,29.9323],[122.3007,29.9405]]],[[[-10.1567,53.5403],[-10.1729,53.5263],[-10.1812,53.5377],[-10.1567,53.5403]]],[[[20.8829,60.3423],[20.8859,60.3653],[20.8863,60.3417],[20.8829,60.3423]]],[[[-1.1798,60.2391],[-1.1787,60.2559],[-1.1509,60.2491],[-1.1798,60.2391]]],[[[21.8451,60.2837],[21.8417,60.2947],[21.8593,60.2947],[21.8451,60.2837]]],[[[4.9769,60.5781],[4.9551,60.5631],[4.9443,60.5757],[4.9769,60.5781]]],[[[-9.8642,52.2959],[-9.8777,52.2837],[-9.8893,52.3039],[-9.8642,52.2959]]],[[[5.7281,59.9267],[5.7025,59.9263],[5.7187,59.9417],[5.7281,59.9267]]],[[[19.7705,60.3633],[19.7393,60.3543],[19.7757,60.3689],[19.7705,60.3633]]],[[[21.4755,60.1315],[21.4645,60.1451],[21.4855,60.1421],[21.4755,60.1315]]],[[[5.2715,59.7251],[5.2493,59.7115],[5.2689,59.7265],[5.2715,59.7251]]],[[[22.8297,63.7149],[22.8247,63.7299],[22.8493,63.7269],[22.8297,63.7149]]],[[[11.7511,56.1873],[11.7235,56.1817],[11.7143,56.1867],[11.7511,56.1873]]],[[[112.4647,21.9365],[112.4657,21.9485],[112.4805,21.9455],[112.4647,21.9365]]],[[[5.4069,59.2715],[5.4029,59.2899],[5.4219,59.2731],[5.4069,59.2715]]],[[[12.5193,66.3741],[12.5399,66.3915],[12.5693,66.3887],[12.5193,66.3741]]],[[[20.5203,60.2757],[20.5175,60.2981],[20.5319,60.2849],[20.5203,60.2757]]],[[[13.2103,66.8011],[13.2259,66.8155],[13.2297,66.8069],[13.2103,66.8011]]],[[[23.3387,59.8881],[23.2875,59.8871],[23.2855,59.8891],[23.3387,59.8881]]],[[[21.0985,62.6757],[21.0843,62.6933],[21.1161,62.6881],[21.0985,62.6757]]],[[[32.7009,67.0869],[32.6803,67.0731],[32.6773,67.0803],[32.7009,67.0869]]],[[[21.2497,60.1925],[21.2391,60.2023],[21.2639,60.1967],[21.2497,60.1925]]],[[[22.0779,65.4073],[22.0595,65.3969],[22.0369,65.4039],[22.0779,65.4073]]],[[[-1.9885,50.6927],[-1.9645,50.7001],[-1.9622,50.6935],[-1.9885,50.6927]]],[[[18.7981,63.1349],[18.8193,63.1503],[18.8309,63.1425],[18.7981,63.1349]]],[[[13.8931,67.4101],[13.8555,67.4035],[13.9077,67.4211],[13.8931,67.4101]]],[[[11.5981,58.3767],[11.5879,58.3857],[11.5997,58.3921],[11.5981,58.3767]]],[[[18.8811,59.4083],[18.8583,59.3943],[18.8617,59.4087],[18.8811,59.4083]]],[[[8.7381,54.6479],[8.7275,54.6325],[8.7135,54.6377],[8.7381,54.6479]]],[[[11.6075,57.7741],[11.6113,57.7951],[11.6315,57.7745],[11.6075,57.7741]]],[[[23.4623,36.9143],[23.4563,36.9375],[23.4699,36.9111],[23.4623,36.9143]]],[[[11.2121,58.8107],[11.2157,58.8283],[11.2213,58.8127],[11.2121,58.8107]]],[[[17.9903,42.6731],[18.0099,42.6801],[18.0167,42.6625],[17.9903,42.6731]]],[[[22.7009,65.4941],[22.6921,65.5091],[22.7203,65.4945],[22.7009,65.4941]]],[[[-2.8586,47.3381],[-2.8805,47.3429],[-2.8563,47.3437],[-2.8586,47.3381]]],[[[19.5005,60.2553],[19.4803,60.2437],[19.4965,60.2653],[19.5005,60.2553]]],[[[12.9333,66.4789],[12.9279,66.4927],[12.9637,66.4917],[12.9333,66.4789]]],[[[27.5099,40.5613],[27.4733,40.5489],[27.4781,40.5583],[27.5099,40.5613]]],[[[11.2431,58.6211],[11.2479,58.6459],[11.2511,58.6397],[11.2431,58.6211]]],[[[21.3063,38.3051],[21.3195,38.3175],[21.3267,38.3127],[21.3063,38.3051]]],[[[21.5539,61.7111],[21.5355,61.7067],[21.5121,61.7255],[21.5539,61.7111]]],[[[21.2805,60.8185],[21.2773,60.8043],[21.2499,60.8063],[21.2805,60.8185]]],[[[22.3629,59.9239],[22.3513,59.9271],[22.3843,59.9371],[22.3629,59.9239]]],[[[-8.8933,42.2439],[-8.9089,42.2507],[-8.9043,42.2549],[-8.8933,42.2439]]],[[[0.6649,51.4015],[0.6843,51.4137],[0.6899,51.4001],[0.6649,51.4015]]],[[[22.5161,65.3983],[22.5199,65.4155],[22.5419,65.4015],[22.5161,65.3983]]],[[[17.5505,62.4397],[17.5535,62.4257],[17.5373,62.4355],[17.5505,62.4397]]],[[[-8.1634,55.1447],[-8.1521,55.1641],[-8.1314,55.1585],[-8.1634,55.1447]]],[[[12.1833,57.1523],[12.1761,57.1675],[12.1961,57.1643],[12.1833,57.1523]]],[[[10.3903,64.3365],[10.4147,64.3433],[10.4345,64.3331],[10.3903,64.3365]]],[[[145.1195,43.0513],[145.0981,43.0431],[145.0937,43.0489],[145.1195,43.0513]]],[[[20.8727,60.2525],[20.8553,60.2505],[20.8627,60.2615],[20.8727,60.2525]]],[[[13.7811,67.1533],[13.7725,67.1675],[13.8083,67.1639],[13.7811,67.1533]]],[[[20.6339,60.3959],[20.6259,60.4147],[20.6419,60.4007],[20.6339,60.3959]]],[[[21.0497,60.5489],[21.0421,60.5601],[21.0773,60.5571],[21.0497,60.5489]]],[[[22.9753,37.4309],[22.9847,37.4423],[22.9935,37.4371],[22.9753,37.4309]]],[[[-7.6133,56.7873],[-7.638,56.7813],[-7.6579,56.7889],[-7.6133,56.7873]]],[[[15.3673,43.7477],[15.3791,43.7609],[15.3811,43.7587],[15.3673,43.7477]]],[[[34.8149,64.9745],[34.8363,64.9919],[34.8439,64.9849],[34.8149,64.9745]]],[[[18.9051,59.3311],[18.8983,59.3427],[18.9133,59.3395],[18.9051,59.3311]]],[[[26.7771,38.4439],[26.7593,38.4443],[26.7641,38.4553],[26.7771,38.4439]]],[[[21.0363,38.3539],[21.0341,38.3699],[21.0451,38.3521],[21.0363,38.3539]]],[[[-6.3659,56.2881],[-6.3789,56.3039],[-6.3594,56.3007],[-6.3659,56.2881]]],[[[11.1583,58.7913],[11.1307,58.7867],[11.1333,58.7951],[11.1583,58.7913]]],[[[18.9941,57.4301],[18.9931,57.4463],[19.0017,57.4353],[18.9941,57.4301]]],[[[16.5525,57.0229],[16.5271,57.0189],[16.5253,57.0289],[16.5525,57.0229]]],[[[23.0967,65.6737],[23.0765,65.6643],[23.0645,65.6727],[23.0967,65.6737]]],[[[-7.5995,57.5245],[-7.6241,57.5211],[-7.6029,57.5369],[-7.5995,57.5245]]],[[[22.8077,65.5207],[22.8101,65.5439],[22.8165,65.5215],[22.8077,65.5207]]],[[[9.7253,63.8673],[9.7049,63.8623],[9.7651,63.8783],[9.7253,63.8673]]],[[[-5.8761,56.6649],[-5.9009,56.6647],[-5.8767,56.6697],[-5.8761,56.6649]]],[[[10.5849,59.8753],[10.5739,59.8599],[10.5669,59.8721],[10.5849,59.8753]]],[[[17.9905,58.8973],[17.9755,58.9027],[17.9923,58.9067],[17.9905,58.8973]]],[[[12.9529,66.6947],[12.9507,66.6795],[12.9283,66.6833],[12.9529,66.6947]]],[[[21.0001,60.4323],[21.0001,60.4061],[20.9815,60.4189],[21.0001,60.4323]]],[[[6.9155,62.6735],[6.8727,62.6697],[6.9267,62.6787],[6.9155,62.6735]]],[[[24.1089,38.2387],[24.1003,38.2191],[24.1053,38.2397],[24.1089,38.2387]]],[[[9.8039,37.2297],[9.7881,37.2189],[9.8061,37.2391],[9.8039,37.2297]]],[[[18.2291,59.0805],[18.2171,59.0679],[18.2035,59.0705],[18.2291,59.0805]]],[[[14.5541,67.3743],[14.5145,67.3675],[14.5629,67.3799],[14.5541,67.3743]]],[[[20.5725,60.1573],[20.6011,60.1697],[20.6173,60.1633],[20.5725,60.1573]]],[[[134.8599,34.6983],[134.8479,34.7091],[134.8679,34.7063],[134.8599,34.6983]]],[[[4.9903,60.7499],[5.0079,60.7509],[5.0169,60.7423],[4.9903,60.7499]]],[[[9.7029,55.3535],[9.7051,55.3667],[9.7237,55.3585],[9.7029,55.3535]]],[[[14.6525,67.5577],[14.6789,67.5687],[14.7129,67.5649],[14.6845,67.5577],[14.6525,67.5577]]],[[[23.1495,58.8317],[23.1221,58.8283],[23.1197,58.8405],[23.1495,58.8317]]],[[[27.9053,60.0093],[27.8879,60.0113],[27.8949,60.0159],[27.9053,60.0093]]],[[[21.7473,60.5737],[21.7339,60.5539],[21.7299,60.5647],[21.7473,60.5737]]],[[[26.8085,38.9193],[26.8265,38.9237],[26.8231,38.9141],[26.8085,38.9193]]],[[[24.5907,37.2535],[24.6019,37.2637],[24.6157,37.2555],[24.5907,37.2535]]],[[[19.1037,59.7775],[19.1063,59.7925],[19.1093,59.7897],[19.1037,59.7775]]],[[[22.0205,65.4939],[21.9927,65.5081],[22.0285,65.5075],[22.0205,65.4939]]],[[[17.5385,61.9589],[17.5097,61.9561],[17.5041,61.9645],[17.5385,61.9589]]],[[[21.0537,60.2933],[21.0595,60.3111],[21.0753,60.2981],[21.0617,60.2919],[21.0537,60.2933]]],[[[15.6523,56.1715],[15.6425,56.1543],[15.6385,56.1659],[15.6523,56.1715]]],[[[108.6387,19.2985],[108.6291,19.2573],[108.6245,19.2713],[108.6387,19.2985]]],[[[22.3759,59.9089],[22.3553,59.9099],[22.3885,59.9217],[22.3759,59.9089]]],[[[10.6255,63.5773],[10.5919,63.5693],[10.6449,63.5887],[10.6255,63.5773]]],[[[20.0791,60.4201],[20.0605,60.4369],[20.0827,60.4363],[20.0791,60.4201]]],[[[21.4401,61.6121],[21.4373,61.6259],[21.4525,61.6153],[21.4401,61.6121]]],[[[22.4369,59.9883],[22.4247,59.9969],[22.4331,59.9971],[22.4369,59.9883]]],[[[24.5981,60.0475],[24.6019,60.0603],[24.6243,60.0541],[24.5981,60.0475]]],[[[21.0679,60.4387],[21.0429,60.4295],[21.0273,60.4373],[21.0679,60.4387]]],[[[49.2261,46.1629],[49.2257,46.1825],[49.2483,46.1777],[49.2261,46.1629]]],[[[18.5691,59.4089],[18.5751,59.4221],[18.5969,59.4087],[18.5691,59.4089]]],[[[5.1335,59.7523],[5.1233,59.7291],[5.1133,59.7315],[5.1335,59.7523]]],[[[5.2625,60.5315],[5.2717,60.5451],[5.2731,60.5369],[5.2625,60.5315]]],[[[118.0721,24.4475],[118.0565,24.4433],[118.0565,24.4505],[118.0721,24.4475]]],[[[22.3231,60.1281],[22.3115,60.1427],[22.3403,60.1425],[22.3231,60.1281]]],[[[4.7933,61.1501],[4.7795,61.1279],[4.7653,61.1327],[4.7933,61.1501]]],[[[9.1503,63.6801],[9.1749,63.6707],[9.1303,63.6703],[9.1503,63.6801]]],[[[-4.787,52.7575],[-4.799,52.7671],[-4.7829,52.7697],[-4.787,52.7575]]],[[[12.1063,54.9583],[12.0781,54.9455],[12.0663,54.9499],[12.1063,54.9583]]],[[[19.7761,60.4089],[19.7667,60.4267],[19.7833,60.4257],[19.7761,60.4089]]],[[[23.8963,36.8461],[23.8857,36.8389],[23.8855,36.8511],[23.8963,36.8461]]],[[[119.6953,25.4589],[119.6815,25.4539],[119.6879,25.4621],[119.6953,25.4589]]],[[[22.4039,59.8059],[22.3961,59.8237],[22.4163,59.8185],[22.4039,59.8059]]],[[[21.0919,60.4869],[21.0841,60.4987],[21.1079,60.4905],[21.0919,60.4869]]],[[[17.7201,58.8395],[17.7207,58.8607],[17.7329,58.8409],[17.7201,58.8395]]],[[[-10.242,54.1093],[-10.2166,54.1283],[-10.2102,54.1273],[-10.242,54.1093]]],[[[21.9623,60.2481],[21.9585,60.2325],[21.9531,60.2451],[21.9623,60.2481]]],[[[-7.4298,57.5573],[-7.4276,57.5701],[-7.4036,57.5539],[-7.4298,57.5573]]],[[[15.4907,43.6965],[15.4697,43.7143],[15.5169,43.6911],[15.4907,43.6965]]],[[[11.3697,55.0407],[11.3475,55.0237],[11.3447,55.0271],[11.3697,55.0407]]],[[[21.0189,38.4747],[21.0171,38.4913],[21.0317,38.4739],[21.0189,38.4747]]],[[[18.9333,59.2781],[18.9325,59.2907],[18.9441,59.2801],[18.9333,59.2781]]],[[[20.4001,60.3283],[20.4037,60.3439],[20.4309,60.3397],[20.4001,60.3283]]],[[[5.3657,60.1331],[5.3647,60.1469],[5.3877,60.1447],[5.3657,60.1331]]],[[[21.8933,60.3327],[21.9023,60.3375],[21.9135,60.3329],[21.8933,60.3327]]],[[[5.0739,59.8051],[5.0775,59.8279],[5.0911,59.8163],[5.0739,59.8051]]],[[[21.0255,60.7245],[21.0099,60.7229],[21.0411,60.7333],[21.0255,60.7245]]],[[[13.9551,67.4211],[13.9827,67.4357],[13.9831,67.4279],[13.9551,67.4211]]],[[[18.7923,59.6579],[18.7813,59.6399],[18.7739,59.6491],[18.7923,59.6579]]],[[[119.0799,39.2449],[119.0525,39.2339],[119.0823,39.2527],[119.0799,39.2449]]],[[[19.7177,60.3697],[19.7015,60.3623],[19.7049,60.3791],[19.7177,60.3697]]],[[[23.1661,37.2345],[23.1637,37.2247],[23.1617,37.2315],[23.1661,37.2345]]],[[[13.3187,45.6985],[13.3207,45.7149],[13.3261,45.7009],[13.3187,45.6985]]],[[[10.4825,55.4849],[10.4611,55.4653],[10.4579,55.4735],[10.4825,55.4849]]],[[[16.5831,57.8585],[16.5769,57.8739],[16.5911,57.8653],[16.5831,57.8585]]],[[[20.0023,60.4017],[20.0043,60.3755],[19.9847,60.3933],[20.0023,60.4017]]],[[[21.0447,60.8351],[21.0357,60.8477],[21.0509,60.8367],[21.0447,60.8351]]],[[[5.1135,60.0833],[5.1103,60.1063],[5.1195,60.0839],[5.1135,60.0833]]],[[[-6.5176,57.3329],[-6.4986,57.3475],[-6.4911,57.3433],[-6.5176,57.3329]]],[[[16.6163,57.8779],[16.6183,57.8603],[16.5981,57.8723],[16.6163,57.8779]]],[[[21.5301,60.2841],[21.5375,60.3021],[21.5487,60.2895],[21.5301,60.2841]]],[[[27.1005,37.0575],[27.0899,37.0685],[27.1051,37.0585],[27.1005,37.0575]]],[[[25.2181,59.5707],[25.2347,59.5785],[25.2441,59.5647],[25.2181,59.5707]]],[[[23.0317,65.6615],[23.0359,65.6753],[23.0363,65.6659],[23.0317,65.6615]]],[[[20.0455,60.4183],[20.0483,60.4365],[20.0537,60.4225],[20.0455,60.4183]]],[[[4.9785,60.3311],[4.9735,60.3183],[4.9525,60.3293],[4.9785,60.3311]]],[[[23.6669,59.9333],[23.6737,59.9213],[23.6379,59.9175],[23.6669,59.9333]]],[[[13.0115,66.6807],[12.9783,66.6661],[12.9773,66.6685],[13.0115,66.6807]]],[[[-1.4848,60.3143],[-1.4945,60.3323],[-1.4578,60.3235],[-1.4848,60.3143]]],[[[23.1057,38.6837],[23.0895,38.6699],[23.0995,38.6873],[23.1057,38.6837]]],[[[6.2449,62.5499],[6.2481,62.5725],[6.2651,62.5719],[6.2449,62.5499]]],[[[49.6075,46.3117],[49.6091,46.3223],[49.6257,46.3035],[49.6075,46.3117]]],[[[16.7063,57.5085],[16.7003,57.5239],[16.7239,57.5063],[16.7063,57.5085]]],[[[22.0401,63.3435],[22.0133,63.3437],[22.0203,63.3583],[22.0401,63.3435]]],[[[15.2505,43.8193],[15.2613,43.8253],[15.2637,43.8221],[15.2505,43.8193]]],[[[5.1729,60.2311],[5.1915,60.2407],[5.1951,60.2363],[5.1729,60.2311]]],[[[23.0149,58.7943],[22.9985,58.8189],[23.0183,58.7977],[23.0149,58.7943]]],[[[-5.4645,57.8953],[-5.4696,57.8789],[-5.4795,57.8963],[-5.4645,57.8953]]],[[[20.7713,60.4031],[20.7917,60.3949],[20.7973,60.3843],[20.7713,60.4031]]],[[[20.3133,60.1423],[20.3069,60.1603],[20.3287,60.1489],[20.3133,60.1423]]],[[[5.2035,62.0081],[5.1919,62.0205],[5.2137,62.0211],[5.2035,62.0081]]],[[[12.2877,65.9251],[12.2773,65.9297],[12.3033,65.9309],[12.2877,65.9251]]],[[[6.0505,53.4469],[6.0621,53.4627],[6.0683,53.4577],[6.0505,53.4469]]],[[[21.1851,60.5725],[21.1633,60.5667],[21.1657,60.5801],[21.1851,60.5725]]],[[[120.0043,26.7165],[120.0055,26.7261],[120.0203,26.7211],[120.0043,26.7165]]],[[[16.9335,58.2521],[16.9117,58.2487],[16.9433,58.2605],[16.9335,58.2521]]],[[[127.7189,34.9331],[127.7281,34.9427],[127.7265,34.9247],[127.7189,34.9331]]],[[[7.4583,63.0717],[7.5033,63.0695],[7.4711,63.0647],[7.4583,63.0717]]],[[[18.8697,59.3009],[18.8367,59.3039],[18.8239,59.3049],[18.8373,59.3101],[18.8697,59.3009]]],[[[23.4251,58.6423],[23.4423,58.6273],[23.4177,58.6357],[23.4251,58.6423]]],[[[-4.6906,51.6349],[-4.6883,51.6465],[-4.6805,51.6425],[-4.6906,51.6349]]],[[[11.1373,58.8747],[11.1235,58.8643],[11.1169,58.8807],[11.1373,58.8747]]],[[[-9.0205,52.7161],[-9.0539,52.7113],[-9.0136,52.7209],[-9.0205,52.7161]]],[[[21.9543,60.2049],[21.9399,60.2003],[21.9155,60.2049],[21.9543,60.2049]]],[[[9.3137,63.6417],[9.3365,63.6555],[9.3479,63.6523],[9.3137,63.6417]]],[[[8.5421,63.1579],[8.5505,63.1487],[8.5041,63.1487],[8.5421,63.1579]]],[[[20.0635,60.3769],[20.0551,60.3907],[20.0689,60.3813],[20.0635,60.3769]]],[[[10.7205,64.5013],[10.7367,64.5121],[10.7429,64.5089],[10.7205,64.5013]]],[[[5.1465,61.6115],[5.1395,61.6199],[5.1741,61.6151],[5.1465,61.6115]]],[[[-9.6411,53.3255],[-9.6263,53.3119],[-9.6574,53.3131],[-9.6411,53.3255]]],[[[-3.0313,35.9529],[-3.0443,35.9437],[-3.0365,35.9533],[-3.0313,35.9529]]],[[[25.6869,36.6183],[25.6821,36.6347],[25.6979,36.6261],[25.6869,36.6183]]],[[[40.1807,64.7789],[40.1307,64.7715],[40.1163,64.7729],[40.1807,64.7789]]],[[[10.8837,64.6161],[10.8687,64.6001],[10.8669,64.6089],[10.8837,64.6161]]],[[[11.6937,57.9223],[11.7187,57.9303],[11.7281,57.9265],[11.6937,57.9223]]],[[[12.3559,65.8663],[12.3309,65.8433],[12.3559,65.8679],[12.3559,65.8663]]],[[[12.0199,65.3935],[12.0079,65.4077],[12.0377,65.4027],[12.0199,65.3935]]],[[[12.5327,45.5325],[12.5573,45.5419],[12.5583,45.5287],[12.5327,45.5325]]],[[[27.8669,36.5249],[27.8471,36.5233],[27.8539,36.5329],[27.8669,36.5249]]],[[[26.4051,36.0807],[26.3969,36.0713],[26.3893,36.0843],[26.4051,36.0807]]],[[[22.3813,59.8911],[22.3755,59.9019],[22.4045,59.8993],[22.3813,59.8911]]],[[[20.3613,60.1711],[20.3523,60.1539],[20.3299,60.1603],[20.3613,60.1711]]],[[[10.8911,59.0319],[10.8843,59.0509],[10.9029,59.0375],[10.8911,59.0319]]],[[[-7.0801,57.7541],[-7.0804,57.7753],[-7.0754,57.7531],[-7.0801,57.7541]]],[[[22.7703,63.8753],[22.7499,63.8653],[22.7507,63.8735],[22.7703,63.8753]]],[[[10.6561,64.4733],[10.6727,64.4829],[10.6779,64.4703],[10.6561,64.4733]]],[[[14.2999,44.7673],[14.3159,44.7901],[14.3057,44.7633],[14.2999,44.7673]]],[[[19.9941,60.0509],[19.9689,60.0359],[19.9631,60.0381],[19.9941,60.0509]]],[[[5.2389,59.6731],[5.2595,59.6767],[5.2567,59.6673],[5.2389,59.6731]]],[[[6.8765,58.0583],[6.8611,58.0785],[6.8941,58.0731],[6.8765,58.0583]]],[[[26.4827,36.5335],[26.4661,36.5273],[26.4665,36.5429],[26.4827,36.5335]]],[[[-6.3571,57.9037],[-6.3561,57.8843],[-6.3856,57.9029],[-6.3571,57.9037]]],[[[21.2183,62.3937],[21.1953,62.3725],[21.2141,62.3957],[21.2183,62.3937]]],[[[22.8171,65.7385],[22.8437,65.7433],[22.8481,65.7255],[22.8171,65.7385]]],[[[18.7123,59.4299],[18.7263,59.4405],[18.7395,59.4351],[18.7123,59.4299]]],[[[-8.3761,55.0851],[-8.3653,55.0975],[-8.3543,55.0863],[-8.3761,55.0851]]],[[[16.6355,57.5617],[16.6105,57.5597],[16.6071,57.5635],[16.6355,57.5617]]],[[[21.3115,60.7195],[21.3069,60.7091],[21.2899,60.7127],[21.3115,60.7195]]],[[[-5.6418,54.5209],[-5.6256,54.5109],[-5.6208,54.5103],[-5.6505,54.4999],[-5.6418,54.5209]]],[[[-5.9525,56.6629],[-5.9312,56.6731],[-5.9123,56.6627],[-5.9436,56.6609],[-5.9525,56.6629]]],[[[11.7541,58.0831],[11.7531,58.1037],[11.7603,58.0963],[11.7541,58.0831]]],[[[-9.1584,54.2175],[-9.1542,54.2183],[-9.1418,54.2005],[-9.1584,54.2175]]],[[[22.6101,65.7731],[22.6369,65.7889],[22.6379,65.7839],[22.6101,65.7731]]],[[[10.3605,64.3231],[10.3573,64.3389],[10.3835,64.3239],[10.3605,64.3231]]],[[[18.6343,60.2851],[18.6519,60.2903],[18.6589,60.2827],[18.6343,60.2851]]],[[[134.2579,34.6891],[134.2649,34.7033],[134.2745,34.6949],[134.2579,34.6891]]],[[[26.9805,36.5035],[26.9615,36.4979],[26.9811,36.5079],[26.9805,36.5035]]],[[[19.1329,59.8025],[19.1275,59.8135],[19.1555,59.8165],[19.1329,59.8025]]],[[[12.0759,55.7297],[12.0855,55.7453],[12.1021,55.7285],[12.0759,55.7297]]],[[[11.8903,54.9797],[11.8925,54.9949],[11.9017,54.9757],[11.8903,54.9797]]],[[[27.5897,40.5077],[27.5803,40.5241],[27.5893,40.5281],[27.5897,40.5077]]],[[[5.4823,59.2649],[5.4649,59.2599],[5.4623,59.2723],[5.4823,59.2649]]],[[[25.3701,60.2369],[25.3529,60.2293],[25.3355,60.2405],[25.3701,60.2369]]],[[[25.1231,60.1541],[25.1237,60.1629],[25.1459,60.1587],[25.1231,60.1541]]],[[[10.8925,64.5531],[10.9013,64.5625],[10.9277,64.5505],[10.8925,64.5531]]],[[[9.8255,59.0085],[9.8289,59.0251],[9.8307,59.0121],[9.8255,59.0085]]],[[[21.2993,60.5801],[21.3213,60.5565],[21.2931,60.5789],[21.2993,60.5801]]],[[[40.2391,64.5557],[40.2711,64.5641],[40.2765,64.5591],[40.2391,64.5557]]],[[[5.0895,60.9709],[5.0697,60.9677],[5.0449,60.9767],[5.0895,60.9709]]],[[[18.8937,63.1803],[18.8835,63.1863],[18.9069,63.1825],[18.8937,63.1803]]],[[[-9.4509,51.5015],[-9.4363,51.4911],[-9.4598,51.4935],[-9.4509,51.5015]]],[[[6.5491,62.6539],[6.5291,62.6385],[6.5251,62.6393],[6.5491,62.6539]]],[[[25.2543,60.2339],[25.2387,60.2239],[25.2225,60.2275],[25.2543,60.2339]]],[[[-5.2079,57.9487],[-5.221,57.9363],[-5.2361,57.9485],[-5.2079,57.9487]]],[[[17.6655,58.9197],[17.6551,58.9435],[17.6689,58.9203],[17.6655,58.9197]]],[[[29.6455,36.1093],[29.6281,36.1013],[29.6457,36.1157],[29.6455,36.1093]]],[[[23.5525,65.7409],[23.5605,65.7203],[23.5391,65.7411],[23.5525,65.7409]]],[[[-5.4309,58.0381],[-5.441,58.0523],[-5.424,58.0481],[-5.4309,58.0381]]],[[[21.6011,60.0997],[21.6235,60.0879],[21.5927,60.0895],[21.6011,60.0997]]],[[[21.7395,60.1205],[21.7533,60.1103],[21.7137,60.1131],[21.7395,60.1205]]],[[[5.5169,58.9247],[5.5049,58.9109],[5.4961,58.9185],[5.5169,58.9247]]],[[[16.7925,58.2749],[16.7965,58.2887],[16.8105,58.2761],[16.7925,58.2749]]],[[[-6.4923,57.0503],[-6.4983,57.0563],[-6.4732,57.0447],[-6.4923,57.0503]]],[[[24.0049,60.0197],[24.0003,60.0101],[23.9745,60.0147],[24.0049,60.0197]]],[[[-6.4481,57.9979],[-6.4278,58.0075],[-6.4181,57.9981],[-6.4481,57.9979]]],[[[7.0383,43.5307],[7.0553,43.5203],[7.0305,43.5283],[7.0383,43.5307]]],[[[16.8849,58.3445],[16.8887,58.3589],[16.9027,58.3561],[16.8849,58.3445]]],[[[25.8377,36.2771],[25.8305,36.2635],[25.8211,36.2743],[25.8377,36.2771]]],[[[22.0819,60.1723],[22.0837,60.1811],[22.1117,60.1831],[22.0819,60.1723]]],[[[17.8857,62.9055],[17.8855,62.8915],[17.8777,62.8987],[17.8857,62.9055]]],[[[10.1691,64.1797],[10.1699,64.1657],[10.1657,64.1771],[10.1691,64.1797]]],[[[21.3035,60.7757],[21.2945,60.7615],[21.2779,60.7703],[21.3035,60.7757]]],[[[13.5137,45.7501],[13.5525,45.7323],[13.5517,45.7303],[13.5207,45.7377],[13.5137,45.7501]]],[[[24.8337,65.3791],[24.8213,65.3881],[24.8601,65.3865],[24.8337,65.3791]]],[[[18.8599,63.1639],[18.8413,63.1531],[18.8387,63.1547],[18.8599,63.1639]]],[[[26.4355,60.3615],[26.4295,60.3445],[26.4175,60.3533],[26.4355,60.3615]]],[[[21.3935,63.0023],[21.4041,63.0141],[21.4131,63.0043],[21.3935,63.0023]]],[[[21.4885,60.1227],[21.4683,60.1205],[21.5085,60.1379],[21.4885,60.1227]]],[[[-8.902,42.1963],[-8.8895,42.2037],[-8.8869,42.1961],[-8.902,42.1963]]],[[[27.2191,37.0141],[27.2121,36.9977],[27.2057,37.0015],[27.2191,37.0141]]],[[[4.9595,61.2665],[4.9695,61.2793],[4.9725,61.2663],[4.9595,61.2665]]],[[[5.0955,59.4479],[5.0851,59.4331],[5.0723,59.4417],[5.0955,59.4479]]],[[[-9.0194,53.2151],[-9.0218,53.2279],[-9.0062,53.2249],[-9.0194,53.2151]]],[[[5.8227,59.0559],[5.8203,59.0421],[5.8137,59.0531],[5.8227,59.0559]]],[[[17.8769,58.7697],[17.8719,58.7541],[17.8705,58.7729],[17.8769,58.7697]]],[[[18.8437,59.6501],[18.8371,59.6609],[18.8609,59.6553],[18.8437,59.6501]]],[[[20.8079,63.1259],[20.8149,63.1097],[20.7917,63.1103],[20.8079,63.1259]]],[[[119.5609,25.4141],[119.5353,25.4135],[119.5609,25.4173],[119.5609,25.4141]]],[[[9.3613,41.3005],[9.3749,41.3149],[9.3837,41.3009],[9.3673,41.2943],[9.3613,41.3005]]],[[[-9.9519,53.8741],[-9.9554,53.8619],[-9.9671,53.8749],[-9.9519,53.8741]]],[[[17.5951,58.8821],[17.5783,58.8755],[17.5667,58.8873],[17.5951,58.8821]]],[[[-9.065,53.1625],[-9.0848,53.1657],[-9.0559,53.1639],[-9.065,53.1625]]],[[[15.0123,68.3657],[15.0265,68.3517],[15.0139,68.3539],[15.0123,68.3657]]],[[[5.3807,53.0735],[5.3737,53.0629],[5.3657,53.0767],[5.3807,53.0735]]],[[[23.2513,65.7935],[23.2273,65.7883],[23.2101,65.7957],[23.2513,65.7935]]],[[[22.4529,65.6039],[22.4297,65.6255],[22.4701,65.6043],[22.4529,65.6039]]],[[[22.7595,65.5555],[22.7733,65.5411],[22.7425,65.5535],[22.7595,65.5555]]],[[[17.2211,61.5721],[17.1963,61.5801],[17.2233,61.5737],[17.2211,61.5721]]],[[[1.4801,38.8039],[1.4711,38.7985],[1.4759,38.8091],[1.4801,38.8039]]],[[[25.1929,65.1101],[25.1437,65.0991],[25.1395,65.1021],[25.1929,65.1101]]],[[[49.9073,40.2899],[49.9017,40.2979],[49.9305,40.2943],[49.9073,40.2899]]],[[[2.9673,39.1921],[2.9609,39.1777],[2.9517,39.1833],[2.9673,39.1921]]],[[[121.8075,40.9313],[121.7939,40.9321],[121.8083,40.9437],[121.8075,40.9313]]],[[[23.1119,38.6369],[23.1199,38.6501],[23.1257,38.6477],[23.1119,38.6369]]],[[[-2.8412,59.2159],[-2.8218,59.2127],[-2.8285,59.2057],[-2.8412,59.2159]]],[[[22.7745,65.6565],[22.7905,65.6687],[22.7989,65.6527],[22.7745,65.6565]]],[[[21.9811,69.7935],[21.9779,69.8071],[22.0115,69.7919],[21.9811,69.7935]]],[[[18.8893,59.3075],[18.8915,59.3173],[18.9119,59.3143],[18.8893,59.3075]]],[[[21.2395,60.6261],[21.2325,60.6097],[21.2207,60.6277],[21.2395,60.6261]]],[[[-7.6722,57.5201],[-7.6473,57.5365],[-7.6303,57.5237],[-7.6722,57.5201]]],[[[10.2549,64.2637],[10.2461,64.2461],[10.2365,64.2597],[10.2549,64.2637]]],[[[-5.3882,56.5903],[-5.4033,56.5963],[-5.3844,56.5991],[-5.3882,56.5903]]],[[[22.7281,60.0103],[22.7435,59.9971],[22.7251,59.9971],[22.7281,60.0103]]],[[[13.4327,40.8073],[13.4151,40.7879],[13.4103,40.7879],[13.4327,40.8073]]],[[[35.1513,64.9431],[35.1689,64.9543],[35.1741,64.9449],[35.1513,64.9431]]],[[[22.8097,60.0381],[22.8233,60.0459],[22.8225,60.0327],[22.8097,60.0381]]],[[[21.3071,60.8213],[21.3093,60.8389],[21.3193,60.8337],[21.3071,60.8213]]],[[[5.3659,59.7411],[5.3675,59.7239],[5.3511,59.7369],[5.3659,59.7411]]],[[[128.9957,32.9517],[128.9807,32.9485],[128.9923,32.9573],[128.9957,32.9517]]],[[[-2.9984,48.8519],[-3.0165,48.8421],[-3.0178,48.8549],[-2.9984,48.8519]]],[[[18.6461,59.1733],[18.6579,59.1903],[18.6733,59.1887],[18.6461,59.1733]]],[[[21.4757,61.3903],[21.4939,61.3929],[21.4991,61.3895],[21.4757,61.3903]]],[[[9.3533,41.2829],[9.3503,41.2921],[9.3589,41.2875],[9.3533,41.2829]]],[[[16.9183,58.2145],[16.9359,58.2267],[16.9527,58.2239],[16.9183,58.2145]]],[[[18.7325,59.6171],[18.7185,59.6011],[18.7127,59.6073],[18.7325,59.6171]]],[[[-7.0815,57.7361],[-7.0866,57.7505],[-7.0636,57.7361],[-7.0815,57.7361]]],[[[-3.5876,48.8005],[-3.5731,48.8119],[-3.5669,48.8067],[-3.5876,48.8005]]],[[[5.0923,61.6329],[5.0807,61.6233],[5.0731,61.6301],[5.0923,61.6329]]],[[[11.7227,65.1421],[11.6877,65.1271],[11.6829,65.1281],[11.7227,65.1421]]],[[[21.4899,60.2915],[21.4833,60.2991],[21.5027,60.2965],[21.4899,60.2915]]],[[[20.5839,63.7483],[20.5903,63.7281],[20.5681,63.7379],[20.5839,63.7483]]],[[[10.6931,54.9481],[10.7041,54.9547],[10.7055,54.9483],[10.6931,54.9481]]],[[[21.3091,60.1683],[21.3079,60.1503],[21.3009,60.1503],[21.3091,60.1683]]],[[[26.7903,37.2103],[26.7683,37.2035],[26.7883,37.2123],[26.7903,37.2103]]],[[[-8.5812,54.3061],[-8.5959,54.2919],[-8.5995,54.3051],[-8.5812,54.3061]]],[[[24.9705,36.9511],[24.9587,36.9557],[24.9709,36.9627],[24.9705,36.9511]]],[[[10.7285,64.4765],[10.7117,64.4907],[10.7475,64.4787],[10.7285,64.4765]]],[[[12.3301,65.8373],[12.3241,65.8143],[12.3163,65.8183],[12.3301,65.8373]]],[[[21.4197,63.2829],[21.4249,63.2929],[21.4365,63.2887],[21.4197,63.2829]]],[[[22.7705,63.7117],[22.7469,63.7041],[22.7415,63.7131],[22.7705,63.7117]]],[[[32.9269,66.7839],[32.9311,66.7703],[32.9065,66.7801],[32.9269,66.7839]]],[[[22.1309,65.4175],[22.1189,65.4399],[22.1377,65.4303],[22.1309,65.4175]]],[[[11.8197,57.6071],[11.8159,57.5957],[11.7943,57.5977],[11.8001,57.6061],[11.8197,57.6071]]],[[[109.0621,21.6277],[109.0333,21.6077],[109.0457,21.6211],[109.0621,21.6277]]],[[[21.3827,63.1587],[21.4021,63.1625],[21.4049,63.1581],[21.3827,63.1587]]],[[[27.4351,60.4121],[27.4175,60.4073],[27.4315,60.4187],[27.4351,60.4121]]],[[[-10.2384,51.7387],[-10.2505,51.7279],[-10.2645,51.7303],[-10.2384,51.7387]]],[[[26.3521,35.2765],[26.3381,35.2733],[26.3365,35.2847],[26.3521,35.2765]]],[[[1.4161,38.7845],[1.4217,38.7975],[1.4279,38.7759],[1.4161,38.7845]]],[[[27.3571,60.4855],[27.3763,60.4967],[27.3877,60.4901],[27.3571,60.4855]]],[[[21.2567,60.8235],[21.2403,60.8167],[21.2367,60.8347],[21.2567,60.8235]]],[[[21.2211,60.2463],[21.2339,60.2363],[21.2225,60.2369],[21.2211,60.2463]]],[[[18.8153,59.4565],[18.7823,59.4423],[18.7805,59.4441],[18.8153,59.4565]]],[[[12.8757,66.3739],[12.8797,66.3637],[12.8605,66.3645],[12.8757,66.3739]]],[[[18.0805,57.3113],[18.0667,57.3009],[18.0625,57.3117],[18.0805,57.3113]]],[[[14.8419,56.0131],[14.8367,56.0001],[14.8307,56.0029],[14.8419,56.0131]]],[[[22.2587,60.3785],[22.2709,60.3891],[22.2795,60.3831],[22.2587,60.3785]]],[[[5.7975,59.2301],[5.8349,59.2291],[5.8347,59.2207],[5.7975,59.2301]]],[[[-5.5669,55.2837],[-5.5838,55.2773],[-5.5976,55.2803],[-5.5669,55.2837]]],[[[12.8597,40.9477],[12.8469,40.9263],[12.8565,40.9507],[12.8597,40.9477]]],[[[12.1977,45.3251],[12.1951,45.3127],[12.2071,45.3333],[12.1977,45.3251]]],[[[26.7123,37.3575],[26.7063,37.3723],[26.7187,37.3659],[26.7123,37.3575]]],[[[18.5287,59.1217],[18.5089,59.1047],[18.4997,59.1097],[18.5287,59.1217]]],[[[13.5489,54.3249],[13.5189,54.3163],[13.5467,54.3333],[13.5489,54.3249]]],[[[-2.4551,49.4877],[-2.4593,49.4681],[-2.4646,49.4853],[-2.4551,49.4877]]],[[[7.1807,62.7125],[7.1645,62.7195],[7.1825,62.7145],[7.1807,62.7125]]],[[[5.9753,59.3429],[5.9571,59.3303],[5.9515,59.3377],[5.9753,59.3429]]],[[[8.2577,63.4897],[8.2491,63.5043],[8.2713,63.4967],[8.2577,63.4897]]],[[[14.5949,67.7297],[14.5679,67.7271],[14.6019,67.7413],[14.5949,67.7297]]],[[[4.9469,61.7791],[4.9197,61.7753],[4.9497,61.7849],[4.9469,61.7791]]],[[[21.5045,60.1641],[21.4905,60.1753],[21.5089,60.1697],[21.5045,60.1641]]],[[[13.3981,66.9183],[13.4101,66.9071],[13.3849,66.9083],[13.3981,66.9183]]],[[[20.8079,38.5783],[20.8071,38.5883],[20.8111,38.5801],[20.8079,38.5783]]],[[[16.7207,57.4407],[16.7115,57.4497],[16.7321,57.4481],[16.7207,57.4407]]],[[[24.6539,60.1001],[24.6335,60.0885],[24.6197,60.0937],[24.6539,60.1001]]],[[[25.4891,37.4607],[25.4837,37.4413],[25.4775,37.4485],[25.4891,37.4607]]],[[[19.7023,60.3151],[19.7273,60.3287],[19.7347,60.3157],[19.7023,60.3151]]],[[[22.4291,63.5265],[22.4401,63.5395],[22.4425,63.5179],[22.4291,63.5265]]],[[[-9.0056,42.4655],[-9.0052,42.4819],[-8.9947,42.4691],[-9.0056,42.4655]]],[[[49.5773,46.1261],[49.5807,46.1363],[49.5823,46.1245],[49.5773,46.1261]]],[[[5.6859,59.9327],[5.6805,59.9099],[5.6703,59.9337],[5.6859,59.9327]]],[[[17.1529,40.4461],[17.1601,40.4603],[17.1625,40.4509],[17.1529,40.4461]]],[[[12.4237,66.0137],[12.4039,65.9997],[12.3851,66.0041],[12.4237,66.0137]]],[[[21.3809,62.9053],[21.3823,62.8851],[21.3749,62.8897],[21.3809,62.9053]]],[[[28.9355,36.7255],[28.9535,36.7263],[28.9443,36.7187],[28.9355,36.7255]]],[[[32.5635,67.0481],[32.5887,67.0385],[32.5583,67.0399],[32.5635,67.0481]]],[[[24.3465,59.9909],[24.3567,59.9993],[24.3883,59.9955],[24.3465,59.9909]]],[[[25.1477,40.0311],[25.1355,40.0223],[25.1285,40.0257],[25.1477,40.0311]]],[[[18.7569,69.5523],[18.7111,69.5451],[18.6979,69.5489],[18.7569,69.5523]]],[[[26.1897,35.3329],[26.1691,35.3267],[26.1599,35.3303],[26.1897,35.3329]]],[[[13.4153,54.1757],[13.4175,54.1597],[13.3981,54.1797],[13.4153,54.1757]]],[[[5.1393,59.8845],[5.1461,59.8971],[5.1543,59.8855],[5.1393,59.8845]]],[[[21.6661,65.3429],[21.6597,65.3539],[21.6909,65.3409],[21.6661,65.3429]]],[[[5.4825,62.2205],[5.4645,62.2119],[5.4551,62.2237],[5.4825,62.2205]]],[[[5.1525,53.3035],[5.1281,53.2977],[5.1521,53.3087],[5.1525,53.3035]]],[[[16.7505,58.4071],[16.7389,58.3947],[16.7345,58.4087],[16.7505,58.4071]]],[[[28.0337,36.7209],[28.0157,36.7191],[28.0345,36.7275],[28.0337,36.7209]]],[[[18.4797,60.3045],[18.4665,60.3145],[18.4977,60.3043],[18.4797,60.3045]]],[[[26.5227,60.3613],[26.5343,60.3727],[26.5389,60.3665],[26.5227,60.3613]]],[[[-4.3474,58.5507],[-4.353,58.5635],[-4.3325,58.5589],[-4.3474,58.5507]]],[[[11.4699,58.0599],[11.4799,58.0711],[11.4801,58.0591],[11.4699,58.0599]]],[[[-6.3629,49.9649],[-6.3639,49.9455],[-6.3676,49.9491],[-6.3629,49.9649]]],[[[12.3149,65.2211],[12.3151,65.2017],[12.3091,65.2027],[12.3149,65.2211]]],[[[22.0099,63.2105],[22.0021,63.2213],[22.0203,63.2153],[22.0099,63.2105]]],[[[19.0337,59.6465],[19.0505,59.6581],[19.0615,59.6451],[19.0337,59.6465]]],[[[27.0365,36.5851],[27.0443,36.5913],[27.0467,36.5799],[27.0365,36.5851]]],[[[22.1845,59.8749],[22.1869,59.8665],[22.1799,59.8679],[22.1845,59.8749]]],[[[21.5455,60.2447],[21.5471,60.2565],[21.5527,60.2529],[21.5455,60.2447]]],[[[26.1211,60.3395],[26.1133,60.3581],[26.1329,60.3593],[26.1211,60.3395]]],[[[129.9897,32.7429],[129.9735,32.7413],[129.9705,32.7503],[129.9897,32.7429]]],[[[6.3403,62.4333],[6.3363,62.4467],[6.3447,62.4341],[6.3403,62.4333]]],[[[22.3611,60.0113],[22.3575,60.0291],[22.3707,60.0231],[22.3611,60.0113]]],[[[17.3355,61.5669],[17.3271,61.5519],[17.3221,61.5651],[17.3355,61.5669]]],[[[13.4143,66.9379],[13.4209,66.9283],[13.4041,66.9307],[13.4143,66.9379]]],[[[12.2333,45.3289],[12.2225,45.3143],[12.2097,45.3201],[12.2333,45.3289]]],[[[5.9009,59.2413],[5.8901,59.2267],[5.8803,59.2409],[5.9009,59.2413]]],[[[25.4591,60.1753],[25.4579,60.1855],[25.4761,60.1837],[25.4591,60.1753]]],[[[16.7077,57.8605],[16.6873,57.8563],[16.6879,57.8691],[16.7077,57.8605]]],[[[11.5319,64.8063],[11.5155,64.7979],[11.4933,64.7987],[11.5319,64.8063]]],[[[18.8633,59.5055],[18.8609,59.5143],[18.8765,59.5119],[18.8633,59.5055]]],[[[22.6573,63.8197],[22.6379,63.8111],[22.6423,63.8319],[22.6573,63.8197]]],[[[18.9177,63.2041],[18.9089,63.1945],[18.8873,63.1929],[18.9177,63.2041]]],[[[22.4833,65.3845],[22.4785,65.3747],[22.4593,65.3901],[22.4833,65.3845]]],[[[16.8937,58.1821],[16.9017,58.1995],[16.9059,58.1897],[16.8937,58.1821]]],[[[25.8855,36.2665],[25.8785,36.2739],[25.8997,36.2751],[25.8855,36.2665]]],[[[-9.572,51.4945],[-9.5412,51.5089],[-9.5388,51.5075],[-9.572,51.4945]]],[[[10.4983,54.9269],[10.5037,54.9397],[10.5261,54.9243],[10.4983,54.9269]]],[[[4.8163,61.1357],[4.8107,61.1289],[4.8001,61.1419],[4.8163,61.1357]]],[[[6.6025,62.8127],[6.5865,62.8287],[6.6093,62.8233],[6.6025,62.8127]]],[[[16.5017,69.0539],[16.4781,69.0417],[16.4691,69.0489],[16.5017,69.0539]]],[[[112.8351,21.9783],[112.8227,21.9723],[112.8329,21.9805],[112.8351,21.9783]]],[[[-9.3434,51.5295],[-9.3642,51.5185],[-9.3716,51.5243],[-9.3434,51.5295]]],[[[22.9175,37.5019],[22.9159,37.4941],[22.9117,37.4977],[22.9175,37.5019]]],[[[4.8683,60.9365],[4.8743,60.9487],[4.8873,60.9407],[4.8683,60.9365]]],[[[21.2151,60.5071],[21.2079,60.5187],[21.2357,60.5103],[21.2151,60.5071]]],[[[25.2135,36.2489],[25.1979,36.2497],[25.2055,36.2611],[25.2135,36.2489]]],[[[12.3527,65.2439],[12.3191,65.2409],[12.3667,65.2503],[12.3527,65.2439]]],[[[20.7341,60.1607],[20.7431,60.1773],[20.7493,60.1667],[20.7341,60.1607]]],[[[29.0559,36.6645],[29.0461,36.6523],[29.0433,36.6587],[29.0559,36.6645]]],[[[11.8013,58.0749],[11.8163,58.0693],[11.8075,58.0555],[11.8013,58.0749]]],[[[10.1071,55.1307],[10.1061,55.1367],[10.1147,55.1341],[10.1071,55.1307]]],[[[24.6241,65.7029],[24.6227,65.6867],[24.6071,65.6979],[24.6241,65.7029]]],[[[9.8557,44.0555],[9.8469,44.0405],[9.8423,44.0503],[9.8557,44.0555]]],[[[-1.1951,59.9921],[-1.1926,60.0047],[-1.1697,59.9945],[-1.1951,59.9921]]],[[[10.2499,55.0617],[10.2483,55.0703],[10.2703,55.0549],[10.2499,55.0617]]],[[[20.8209,60.0753],[20.8167,60.0613],[20.7967,60.0671],[20.8209,60.0753]]],[[[20.3147,60.0749],[20.3143,60.0881],[20.3275,60.0823],[20.3147,60.0749]]],[[[20.8565,62.9805],[20.8511,62.9639],[20.8439,62.9679],[20.8565,62.9805]]],[[[15.8121,56.0241],[15.7861,56.0151],[15.8101,56.0299],[15.8121,56.0241]]],[[[9.3781,63.7917],[9.3597,63.7885],[9.3819,63.8059],[9.3781,63.7917]]],[[[12.2231,45.3605],[12.2201,45.3705],[12.2289,45.3489],[12.2231,45.3605]]],[[[5.8223,59.0783],[5.8133,59.0901],[5.8261,59.0843],[5.8223,59.0783]]],[[[21.1783,60.8073],[21.1669,60.8221],[21.1797,60.8111],[21.1783,60.8073]]],[[[21.1301,62.8301],[21.1033,62.8387],[21.1339,62.8321],[21.1301,62.8301]]],[[[20.1409,60.3791],[20.1175,60.3771],[20.1423,60.3877],[20.1409,60.3791]]],[[[21.7177,60.3043],[21.7261,60.2923],[21.7067,60.2985],[21.7177,60.3043]]],[[[-8.4488,55.0621],[-8.4552,55.0493],[-8.4647,55.0587],[-8.4488,55.0621]]],[[[9.8151,63.9029],[9.7843,63.8881],[9.7827,63.8901],[9.8151,63.9029]]],[[[35.0103,64.7027],[34.9871,64.7103],[35.0135,64.7107],[35.0103,64.7027]]],[[[10.7507,59.3069],[10.7289,59.3045],[10.7489,59.3175],[10.7507,59.3069]]],[[[7.4361,63.0597],[7.4473,63.0701],[7.4549,63.0669],[7.4361,63.0597]]],[[[14.9703,56.1187],[14.9821,56.1065],[14.9625,56.1141],[14.9703,56.1187]]],[[[22.8231,60.0727],[22.8155,60.0605],[22.7993,60.0675],[22.8231,60.0727]]],[[[-7.3463,57.0215],[-7.3272,57.0099],[-7.3615,57.0165],[-7.3463,57.0215]]],[[[9.5937,53.5917],[9.5953,53.5995],[9.6099,53.5895],[9.5937,53.5917]]],[[[26.0727,39.9361],[26.0765,39.9417],[26.0797,39.9379],[26.0727,39.9361]]],[[[9.0741,63.9771],[9.0831,63.9897],[9.0873,63.9879],[9.0741,63.9771]]],[[[21.3637,61.4837],[21.3499,61.4731],[21.3447,61.4799],[21.3637,61.4837]]],[[[119.1983,39.3621],[119.1819,39.3561],[119.1979,39.3649],[119.1983,39.3621]]],[[[36.4365,64.3343],[36.4287,64.3473],[36.4513,64.3419],[36.4365,64.3343]]],[[[26.8061,37.6305],[26.7901,37.6311],[26.7883,37.6361],[26.8061,37.6305]]],[[[4.8895,60.5119],[4.8823,60.4961],[4.8691,60.5091],[4.8895,60.5119]]],[[[23.4345,37.6887],[23.4253,37.6899],[23.4473,37.6945],[23.4345,37.6887]]],[[[18.3355,59.4045],[18.3511,59.4101],[18.3659,59.4071],[18.3355,59.4045]]],[[[21.5121,60.5241],[21.4947,60.5167],[21.4861,60.5205],[21.5121,60.5241]]],[[[21.4161,60.6275],[21.4171,60.6427],[21.4221,60.6275],[21.4161,60.6275]]],[[[20.4251,60.1823],[20.4001,60.1711],[20.4217,60.1871],[20.4251,60.1823]]],[[[24.9867,65.5901],[24.9717,65.6119],[24.9919,65.5927],[24.9867,65.5901]]],[[[11.7305,55.1367],[11.7155,55.1383],[11.7229,55.1469],[11.7305,55.1367]]],[[[23.6979,59.9271],[23.7163,59.9367],[23.7243,59.9253],[23.6979,59.9271]]],[[[22.6457,63.8043],[22.6585,63.7817],[22.6341,63.7975],[22.6457,63.8043]]],[[[21.5749,63.1009],[21.5563,63.0831],[21.5539,63.0855],[21.5749,63.1009]]],[[[18.8677,57.7129],[18.8573,57.7013],[18.8537,57.7137],[18.8677,57.7129]]],[[[34.9019,64.9035],[34.8875,64.9171],[34.9209,64.9077],[34.9019,64.9035]]],[[[20.5651,60.0771],[20.5681,60.0873],[20.5711,60.0821],[20.5651,60.0771]]],[[[27.8871,60.4661],[27.8611,60.4627],[27.8607,60.4711],[27.8871,60.4661]]],[[[23.0821,58.8235],[23.0653,58.8097],[23.0693,58.8287],[23.0821,58.8235]]],[[[22.7165,65.6689],[22.7153,65.6815],[22.7237,65.6717],[22.7165,65.6689]]],[[[-5.5356,54.6731],[-5.5382,54.6849],[-5.5229,54.6747],[-5.5356,54.6731]]],[[[21.2701,60.2039],[21.3171,60.1959],[21.2647,60.2025],[21.2701,60.2039]]],[[[21.2583,60.7571],[21.2693,60.7657],[21.2851,60.7599],[21.2583,60.7571]]],[[[4.8597,61.2075],[4.8703,61.2137],[4.8771,61.2017],[4.8597,61.2075]]],[[[11.7487,64.7807],[11.7567,64.7915],[11.7735,64.7797],[11.7487,64.7807]]],[[[11.0475,59.0061],[11.0515,58.9883],[11.0355,58.9945],[11.0475,59.0061]]],[[[-2.5755,59.2245],[-2.5872,59.2383],[-2.576,59.2371],[-2.5755,59.2245]]],[[[25.8453,39.2287],[25.8301,39.2213],[25.8421,39.2317],[25.8453,39.2287]]],[[[106.6961,21.0003],[106.6793,20.9971],[106.6783,21.0057],[106.6961,21.0003]]],[[[12.1327,54.9837],[12.1205,54.9695],[12.1067,54.9673],[12.1327,54.9837]]],[[[35.6639,64.9729],[35.6549,64.9639],[35.6467,64.9681],[35.6639,64.9729]]],[[[16.5313,69.0537],[16.5151,69.0685],[16.5401,69.0637],[16.5313,69.0537]]],[[[15.5221,42.1385],[15.5033,42.1331],[15.5107,42.1449],[15.5221,42.1385]]],[[[26.8281,35.8843],[26.8319,35.8987],[26.8325,35.8855],[26.8281,35.8843]]],[[[-0.7129,45.2323],[-0.7109,45.2501],[-0.711,45.2299],[-0.7129,45.2323]]],[[[19.0393,59.6431],[19.0273,59.6269],[19.0245,59.6365],[19.0393,59.6431]]],[[[16.7177,57.9803],[16.7069,57.9935],[16.7217,57.9863],[16.7177,57.9803]]],[[[16.8231,58.0083],[16.8063,58.0057],[16.7917,58.0163],[16.8231,58.0083]]],[[[32.6203,67.0321],[32.6213,67.0177],[32.6115,67.0265],[32.6203,67.0321]]],[[[8.5537,63.6159],[8.5611,63.6255],[8.5833,63.6227],[8.5537,63.6159]]],[[[-5.7595,56.2451],[-5.7776,56.2475],[-5.7557,56.2521],[-5.7595,56.2451]]],[[[21.4985,61.2885],[21.4883,61.2999],[21.5057,61.2907],[21.4985,61.2885]]],[[[11.7365,57.6401],[11.7493,57.6527],[11.7587,57.6491],[11.7365,57.6401]]],[[[28.0487,36.7255],[28.0637,36.7357],[28.0661,36.7313],[28.0487,36.7255]]],[[[33.4249,66.4795],[33.4005,66.4897],[33.4297,66.4813],[33.4249,66.4795]]],[[[29.5031,36.1547],[29.4933,36.1619],[29.5133,36.1571],[29.5031,36.1547]]],[[[5.0967,59.8985],[5.1093,59.9113],[5.1177,59.9061],[5.0967,59.8985]]],[[[22.4699,65.8027],[22.4749,65.8191],[22.4895,65.7951],[22.4699,65.8027]]],[[[8.4221,63.5707],[8.4223,63.5813],[8.4441,63.5773],[8.4221,63.5707]]],[[[-5.8655,57.2707],[-5.8583,57.2841],[-5.8498,57.2753],[-5.8655,57.2707]]],[[[134.8809,34.6865],[134.8737,34.6969],[134.8831,34.6933],[134.8809,34.6865]]],[[[27.4623,36.3735],[27.4543,36.3575],[27.4511,36.3599],[27.4623,36.3735]]],[[[22.7737,63.9145],[22.7655,63.9271],[22.7753,63.9171],[22.7737,63.9145]]],[[[-5.4328,58.0187],[-5.4482,58.0053],[-5.4565,58.0143],[-5.4328,58.0187]]],[[[9.3483,41.3115],[9.3613,41.3005],[9.3395,41.3017],[9.3483,41.3115]]],[[[12.1229,57.2919],[12.1337,57.3039],[12.1377,57.2963],[12.1229,57.2919]]],[[[19.7055,60.3407],[19.6981,60.3273],[19.6877,60.3401],[19.7055,60.3407]]],[[[25.1191,36.9709],[25.1181,36.9827],[25.1243,36.9735],[25.1191,36.9709]]],[[[22.5947,59.9019],[22.6021,59.9091],[22.6227,59.9037],[22.5947,59.9019]]],[[[23.5075,39.1215],[23.4979,39.1343],[23.4997,39.1357],[23.5075,39.1215]]],[[[23.4565,58.5477],[23.4269,58.5437],[23.4385,58.5537],[23.4565,58.5477]]],[[[21.4407,61.6375],[21.4143,61.6361],[21.4073,61.6469],[21.4407,61.6375]]],[[[20.2453,60.4623],[20.2341,60.4479],[20.2261,60.4571],[20.2453,60.4623]]],[[[22.9529,59.7797],[22.9517,59.7677],[22.9397,59.7747],[22.9529,59.7797]]],[[[18.6609,59.1719],[18.6309,59.1569],[18.6291,59.1593],[18.6609,59.1719]]],[[[11.5925,58.0923],[11.5765,58.0901],[11.5911,58.1043],[11.5925,58.0923]]],[[[12.8595,66.5715],[12.8529,66.5543],[12.8455,66.5685],[12.8595,66.5715]]],[[[-8.4441,54.9535],[-8.4456,54.9659],[-8.4372,54.9595],[-8.4441,54.9535]]],[[[22.6815,63.7725],[22.6595,63.7755],[22.6777,63.7815],[22.6815,63.7725]]],[[[25.0163,36.6395],[25.0097,36.6271],[25.0069,36.6277],[25.0163,36.6395]]],[[[19.8943,63.4775],[19.9043,63.4937],[19.9141,63.4867],[19.8943,63.4775]]],[[[3.9669,51.7491],[3.9413,51.7413],[3.9371,51.7449],[3.9669,51.7491]]],[[[25.8737,35.1965],[25.8581,35.1883],[25.8721,35.1993],[25.8737,35.1965]]],[[[27.7945,60.4427],[27.7897,60.4575],[27.8075,60.4487],[27.7945,60.4427]]],[[[16.5995,57.8559],[16.5791,57.8489],[16.5961,57.8595],[16.5995,57.8559]]],[[[-5.6114,56.2679],[-5.6184,56.2537],[-5.6276,56.2557],[-5.6114,56.2679]]],[[[40.4845,64.5979],[40.4789,64.5849],[40.4685,64.6017],[40.4845,64.5979]]],[[[19.1317,59.7781],[19.1537,59.7841],[19.1561,59.7775],[19.1317,59.7781]]],[[[22.8019,63.9233],[22.8081,63.9123],[22.7913,63.9137],[22.8019,63.9233]]],[[[21.3131,60.3243],[21.2903,60.3213],[21.2891,60.3305],[21.3131,60.3243]]],[[[21.3399,60.0803],[21.3273,60.0715],[21.3197,60.0773],[21.3399,60.0803]]],[[[25.0455,65.6167],[25.0297,65.6067],[25.0277,65.6141],[25.0455,65.6167]]],[[[22.5791,59.9553],[22.5631,59.9435],[22.5555,59.9469],[22.5791,59.9553]]],[[[25.0155,65.4083],[24.9883,65.4099],[24.9953,65.4213],[25.0155,65.4083]]],[[[-2.9914,48.8675],[-3.0025,48.8559],[-3.0174,48.8599],[-2.9914,48.8675]]],[[[18.6597,60.1815],[18.6629,60.1921],[18.6697,60.1829],[18.6597,60.1815]]],[[[25.9919,60.2651],[25.9977,60.2805],[26.0053,60.2675],[25.9919,60.2651]]],[[[-5.7954,57.7377],[-5.8111,57.7281],[-5.8255,57.7349],[-5.7954,57.7377]]],[[[21.8059,65.3831],[21.8403,65.3829],[21.8411,65.3797],[21.8059,65.3831]]],[[[20.4047,60.0439],[20.3717,60.0361],[20.3881,60.0471],[20.4047,60.0439]]],[[[11.7431,57.9443],[11.7253,57.9409],[11.7225,57.9521],[11.7431,57.9443]]],[[[18.6921,60.2627],[18.6875,60.2447],[18.6797,60.2491],[18.6921,60.2627]]],[[[18.7903,59.5657],[18.8113,59.5727],[18.8201,59.5693],[18.8095,59.5629],[18.7903,59.5657]]],[[[16.3761,68.2077],[16.3419,68.1991],[16.3235,68.2011],[16.3761,68.2077]]],[[[4.6739,61.3033],[4.6927,61.2911],[4.6667,61.2983],[4.6739,61.3033]]],[[[4.8611,61.1831],[4.8785,61.1871],[4.8825,61.1761],[4.8611,61.1831]]],[[[23.4249,65.7463],[23.4295,65.7629],[23.4385,65.7495],[23.4249,65.7463]]],[[[26.9957,60.4155],[26.9781,60.4161],[26.9859,60.4277],[26.9957,60.4155]]],[[[12.8909,66.4967],[12.8957,66.4851],[12.8729,66.4871],[12.8909,66.4967]]],[[[23.5857,59.8307],[23.5623,59.8233],[23.5557,59.8255],[23.5857,59.8307]]],[[[4.9121,60.4427],[4.9199,60.4527],[4.9249,60.4331],[4.9121,60.4427]]],[[[36.4053,64.3011],[36.3997,64.3141],[36.4163,64.3009],[36.4053,64.3011]]],[[[21.7247,60.4195],[21.7185,60.4055],[21.7099,60.4059],[21.7247,60.4195]]],[[[21.0705,60.5021],[21.0517,60.4963],[21.0461,60.5029],[21.0705,60.5021]]],[[[21.9515,65.5083],[21.9651,65.5135],[21.9663,65.5089],[21.9515,65.5083]]],[[[4.8391,61.6249],[4.8481,61.6375],[4.8517,61.6167],[4.8391,61.6249]]],[[[20.9673,60.4813],[20.9455,60.4793],[20.9471,60.4889],[20.9673,60.4813]]],[[[5.2821,59.6879],[5.3061,59.6989],[5.3095,59.6943],[5.2821,59.6879]]],[[[22.7947,63.8901],[22.7763,63.8803],[22.7757,63.8835],[22.7947,63.8901]]],[[[5.6709,59.0587],[5.6727,59.0445],[5.6441,59.0563],[5.6709,59.0587]]],[[[16.9789,58.4255],[16.9639,58.4255],[16.9845,58.4277],[16.9789,58.4255]]],[[[14.3147,44.5733],[14.3123,44.5829],[14.3195,44.5739],[14.3147,44.5733]]],[[[21.6813,60.5173],[21.6847,60.5027],[21.6725,60.5079],[21.6813,60.5173]]],[[[7.4475,62.6741],[7.4189,62.6647],[7.4127,62.6669],[7.4475,62.6741]]],[[[-6.0308,57.4791],[-6.0377,57.4937],[-6.0265,57.4971],[-6.0308,57.4791]]],[[[27.8797,60.4713],[27.8927,60.4851],[27.8971,60.4809],[27.8797,60.4713]]],[[[25.0167,60.1819],[24.9911,60.1807],[25.0209,60.1851],[25.0167,60.1819]]],[[[9.1037,63.5197],[9.0639,63.5125],[9.1113,63.5217],[9.1037,63.5197]]],[[[18.8239,59.3917],[18.8321,59.4033],[18.8409,59.3933],[18.8239,59.3917]]],[[[16.6987,57.5755],[16.6799,57.5637],[16.6717,57.5699],[16.6987,57.5755]]],[[[14.5491,44.4959],[14.5557,44.5047],[14.5555,44.4951],[14.5491,44.4959]]],[[[-7.1332,58.0751],[-7.1191,58.0849],[-7.1164,58.0747],[-7.1332,58.0751]]],[[[16.7369,57.6727],[16.7367,57.6813],[16.7491,57.6739],[16.7369,57.6727]]],[[[134.6999,33.9385],[134.6993,33.9301],[134.6843,33.9337],[134.6999,33.9385]]],[[[16.3435,58.6407],[16.3329,58.6493],[16.3539,58.6455],[16.3435,58.6407]]],[[[-1.125,35.7429],[-1.1323,35.7277],[-1.1393,35.7325],[-1.125,35.7429]]],[[[-5.5068,57.9679],[-5.5163,57.9543],[-5.5226,57.9609],[-5.5068,57.9679]]],[[[6.6657,62.7801],[6.6375,62.7825],[6.6705,62.7845],[6.6657,62.7801]]],[[[25.8011,59.6773],[25.7981,59.6873],[25.8235,59.6773],[25.8011,59.6773]]],[[[17.1887,61.5843],[17.1843,61.5959],[17.2163,61.5897],[17.1887,61.5843]]],[[[21.2895,63.2479],[21.2883,63.2583],[21.3055,63.2513],[21.2895,63.2479]]],[[[0.7671,51.7219],[0.7709,51.7303],[0.7803,51.7251],[0.7671,51.7219]]],[[[23.8259,65.6557],[23.8337,65.6677],[23.8407,65.6523],[23.8259,65.6557]]],[[[22.6585,63.7939],[22.6725,63.8025],[22.6641,63.7879],[22.6585,63.7939]]],[[[8.6525,63.8613],[8.6705,63.8747],[8.6759,63.8727],[8.6525,63.8613]]],[[[10.4573,59.2235],[10.4609,59.2317],[10.4633,59.2249],[10.4573,59.2235]]],[[[49.9925,40.3083],[49.9911,40.3137],[50.0183,40.3091],[49.9925,40.3083]]],[[[-9.1054,52.6305],[-9.1085,52.6191],[-9.1217,52.6257],[-9.1054,52.6305]]],[[[23.8351,59.9461],[23.8143,59.9339],[23.8121,59.9365],[23.8351,59.9461]]],[[[21.8879,65.3443],[21.9047,65.3517],[21.9147,65.3431],[21.8879,65.3443]]],[[[22.3019,65.5439],[22.2757,65.5621],[22.3129,65.5483],[22.3019,65.5439]]],[[[22.6307,65.4601],[22.6141,65.4489],[22.6153,65.4633],[22.6307,65.4601]]],[[[21.3461,60.7341],[21.3417,60.7219],[21.3289,60.7283],[21.3461,60.7341]]],[[[13.2349,68.0127],[13.2159,67.9947],[13.2243,68.0149],[13.2349,68.0127]]],[[[20.9633,60.4225],[20.9719,60.4355],[20.9739,60.4251],[20.9633,60.4225]]],[[[32.2995,46.5151],[32.2991,46.5085],[32.2961,46.5119],[32.2995,46.5151]]],[[[21.8019,59.9253],[21.7841,59.9255],[21.7997,59.9357],[21.8019,59.9253]]],[[[12.9303,54.4347],[12.9475,54.4443],[12.9637,54.4399],[12.9303,54.4347]]],[[[23.2877,37.2757],[23.2743,37.2647],[23.2795,37.2767],[23.2877,37.2757]]],[[[21.1675,60.8591],[21.1661,60.8739],[21.1763,60.8655],[21.1675,60.8591]]],[[[24.1281,65.8063],[24.0999,65.8005],[24.1315,65.8089],[24.1281,65.8063]]],[[[18.3381,59.0391],[18.3441,59.0543],[18.3555,59.0453],[18.3381,59.0391]]],[[[17.3755,60.7143],[17.3443,60.7127],[17.3755,60.7161],[17.3755,60.7143]]],[[[26.3871,38.4255],[26.3757,38.4331],[26.3871,38.4383],[26.3871,38.4255]]],[[[106.7841,20.9805],[106.7775,20.9901],[106.7877,20.9861],[106.7841,20.9805]]],[[[8.0239,63.2183],[7.9731,63.2101],[7.9959,63.2189],[8.0239,63.2183]]],[[[9.7691,63.9379],[9.7557,63.9343],[9.7607,63.9403],[9.7691,63.9379]]],[[[23.7643,65.6025],[23.7423,65.5923],[23.7673,65.6061],[23.7643,65.6025]]],[[[12.2087,45.3783],[12.2047,45.3651],[12.1947,45.3731],[12.2087,45.3783]]],[[[4.8239,60.9493],[4.8111,60.9569],[4.8313,60.9547],[4.8239,60.9493]]],[[[-1.1762,46.0097],[-1.1686,46.0259],[-1.1591,46.0211],[-1.1762,46.0097]]],[[[5.1975,59.8881],[5.2033,59.8991],[5.2061,59.8883],[5.1975,59.8881]]],[[[8.6575,63.6365],[8.6415,63.6249],[8.6221,63.6301],[8.6575,63.6365]]],[[[-5.5412,56.1609],[-5.544,56.1667],[-5.5291,56.1707],[-5.5412,56.1609]]],[[[110.0157,19.9335],[110.0029,19.9365],[110.0213,19.9421],[110.0157,19.9335]]],[[[26.2289,36.5471],[26.2263,36.5611],[26.2341,36.5553],[26.2289,36.5471]]],[[[24.5945,35.0161],[24.5813,35.0093],[24.5763,35.0125],[24.5945,35.0161]]],[[[21.9763,60.2187],[21.9813,60.2283],[21.9951,60.2223],[21.9763,60.2187]]],[[[23.2703,65.7523],[23.2723,65.7653],[23.2797,65.7527],[23.2703,65.7523]]],[[[1.6477,39.0409],[1.6453,39.0311],[1.6351,39.0431],[1.6477,39.0409]]],[[[21.3997,60.4341],[21.4057,60.4457],[21.4145,60.4333],[21.3997,60.4341]]],[[[35.0289,64.7591],[35.0169,64.7693],[35.0369,64.7701],[35.0289,64.7591]]],[[[27.0755,36.5665],[27.0661,36.5715],[27.0853,36.5715],[27.0755,36.5665]]],[[[10.7903,55.5113],[10.7913,55.5215],[10.8069,55.5155],[10.7903,55.5113]]],[[[21.4935,61.7687],[21.4847,61.7803],[21.4989,61.7715],[21.4935,61.7687]]],[[[14.3577,67.2889],[14.3237,67.2839],[14.3657,67.2953],[14.3577,67.2889]]],[[[11.3579,54.9557],[11.3591,54.9671],[11.3713,54.9587],[11.3579,54.9557]]],[[[22.9759,65.6557],[22.9745,65.6427],[22.9653,65.6531],[22.9759,65.6557]]],[[[28.6047,60.6635],[28.5817,60.6669],[28.6145,60.6721],[28.6047,60.6635]]],[[[18.6709,59.5591],[18.6775,59.5683],[18.6899,59.5665],[18.6709,59.5591]]],[[[4.8093,60.9415],[4.8189,60.9355],[4.8041,60.9391],[4.8093,60.9415]]],[[[0.6691,51.4159],[0.6707,51.4249],[0.6837,51.4193],[0.6691,51.4159]]],[[[24.2367,60.0181],[24.2083,60.0057],[24.1997,60.0087],[24.2367,60.0181]]],[[[10.1115,59.0173],[10.0945,59.0079],[10.0941,59.0111],[10.1115,59.0173]]],[[[11.6909,57.8771],[11.6833,57.8617],[11.6807,57.8635],[11.6909,57.8771]]],[[[12.2155,45.3277],[12.2057,45.3415],[12.2273,45.3345],[12.2155,45.3277]]],[[[23.7279,40.0623],[23.7303,40.0717],[23.7427,40.0651],[23.7279,40.0623]]],[[[22.4875,65.6263],[22.4875,65.6377],[22.5047,65.6265],[22.4875,65.6263]]],[[[20.8551,60.3995],[20.8595,60.4141],[20.8679,60.4015],[20.8551,60.3995]]],[[[-5.4023,56.5415],[-5.4073,56.5335],[-5.4307,56.5317],[-5.4023,56.5415]]],[[[11.0273,54.8481],[11.0181,54.8407],[11.0193,54.8515],[11.0273,54.8481]]],[[[22.3917,60.1253],[22.3889,60.1131],[22.3797,60.1239],[22.3917,60.1253]]],[[[21.2787,38.3169],[21.2735,38.3069],[21.2703,38.3081],[21.2787,38.3169]]],[[[-10.3119,51.9443],[-10.2875,51.9429],[-10.3145,51.9381],[-10.3119,51.9443]]],[[[20.9955,38.3633],[20.9933,38.3779],[21.0027,38.3679],[20.9955,38.3633]]],[[[12.5049,66.1497],[12.4887,66.1325],[12.4723,66.1401],[12.5049,66.1497]]],[[[21.1691,60.3159],[21.1629,60.3339],[21.1731,60.3181],[21.1691,60.3159]]],[[[22.5863,58.1923],[22.5883,58.2069],[22.6003,58.2007],[22.5863,58.1923]]],[[[30.4089,36.1833],[30.4089,36.1675],[30.4061,36.1653],[30.4089,36.1833]]],[[[106.7261,21.0113],[106.7165,21.0061],[106.7157,21.0127],[106.7261,21.0113]]],[[[5.0893,60.0763],[5.0967,60.0631],[5.0777,60.0703],[5.0893,60.0763]]],[[[10.4745,59.0795],[10.4679,59.0621],[10.4613,59.0815],[10.4745,59.0795]]],[[[28.9045,36.6559],[28.9079,36.6627],[28.9083,36.6555],[28.9045,36.6559]]],[[[11.4897,58.1921],[11.4911,58.2051],[11.5063,58.1989],[11.4897,58.1921]]],[[[6.5941,62.5147],[6.5747,62.5091],[6.5587,62.5135],[6.5941,62.5147]]],[[[126.1581,37.8163],[126.1603,37.8311],[126.1661,37.8323],[126.1581,37.8163]]],[[[35.4621,64.3933],[35.4521,64.4049],[35.4653,64.4031],[35.4621,64.3933]]],[[[1.2411,51.8925],[1.2269,51.8887],[1.2245,51.9033],[1.2411,51.8925]]],[[[-6.3453,49.8859],[-6.3529,49.9003],[-6.341,49.8903],[-6.3453,49.8859]]],[[[20.8309,60.2219],[20.8283,60.2375],[20.8453,60.2293],[20.8309,60.2219]]],[[[24.2829,65.6977],[24.2875,65.6855],[24.2673,65.6969],[24.2829,65.6977]]],[[[8.3875,63.5413],[8.3603,63.5315],[8.3611,63.5407],[8.3875,63.5413]]],[[[5.1937,59.9295],[5.1949,59.9431],[5.2043,59.9371],[5.1937,59.9295]]],[[[6.5071,62.7933],[6.4931,62.8025],[6.5175,62.8001],[6.5071,62.7933]]],[[[5.2113,60.2379],[5.2149,60.2515],[5.2223,60.2415],[5.2113,60.2379]]],[[[12.6365,66.3781],[12.6293,66.3619],[12.6191,66.3697],[12.6365,66.3781]]],[[[18.7275,59.2619],[18.7445,59.2621],[18.7291,59.2577],[18.7275,59.2619]]],[[[11.2571,58.6031],[11.2477,58.5937],[11.2369,58.6033],[11.2571,58.6031]]],[[[13.0587,40.9729],[13.0515,40.9629],[13.0471,40.9675],[13.0587,40.9729]]],[[[16.9003,58.4053],[16.8721,58.4029],[16.9031,58.4061],[16.9003,58.4053]]],[[[5.1571,59.3879],[5.1479,59.3713],[5.1495,59.3917],[5.1571,59.3879]]],[[[8.1399,63.4743],[8.1245,63.4695],[8.1047,63.4777],[8.1399,63.4743]]],[[[4.1291,51.3591],[4.1433,51.3651],[4.1443,51.3609],[4.1291,51.3591]]],[[[-8.4536,54.9733],[-8.4627,54.9863],[-8.4486,54.9753],[-8.4536,54.9733]]],[[[-0.5523,53.6855],[-0.5447,53.6909],[-0.5326,53.6869],[-0.5523,53.6855]]],[[[10.6825,55.9101],[10.6847,55.9247],[10.6961,55.9015],[10.6825,55.9101]]],[[[5.1603,61.8821],[5.1465,61.8917],[5.1635,61.8851],[5.1603,61.8821]]],[[[17.6625,60.6309],[17.6733,60.6177],[17.6483,60.6279],[17.6625,60.6309]]],[[[0.7057,51.7231],[0.7163,51.7335],[0.7259,51.7221],[0.7057,51.7231]]],[[[21.0543,38.4659],[21.0427,38.4581],[21.0485,38.4687],[21.0543,38.4659]]],[[[21.7253,60.1211],[21.7039,60.1273],[21.7307,60.1241],[21.7253,60.1211]]],[[[4.7967,60.8643],[4.8119,60.8707],[4.8185,60.8635],[4.7967,60.8643]]],[[[-10.5736,52.1389],[-10.5797,52.1255],[-10.59,52.1269],[-10.5736,52.1389]]],[[[21.2869,38.3441],[21.2765,38.3397],[21.2729,38.3433],[21.2869,38.3441]]],[[[11.7417,57.7975],[11.7389,57.7871],[11.7305,57.7905],[11.7417,57.7975]]],[[[24.8861,65.6375],[24.8867,65.6195],[24.8733,65.6235],[24.8861,65.6375]]],[[[35.6549,64.9549],[35.6351,64.9495],[35.6287,64.9597],[35.6549,64.9549]]],[[[120.8831,36.6263],[120.8933,36.6413],[120.8883,36.6211],[120.8831,36.6263]]],[[[17.0631,58.6563],[17.0627,58.6699],[17.0781,58.6647],[17.0631,58.6563]]],[[[22.5629,59.9033],[22.5411,59.9037],[22.5663,59.9071],[22.5629,59.9033]]],[[[20.0585,60.0197],[20.0429,60.0083],[20.0435,60.0175],[20.0585,60.0197]]],[[[21.0899,60.1501],[21.0851,60.1347],[21.0799,60.1459],[21.0899,60.1501]]],[[[23.8479,65.7787],[23.8567,65.7651],[23.8397,65.7693],[23.8479,65.7787]]],[[[6.5295,58.2291],[6.5135,58.2219],[6.5021,58.2267],[6.5295,58.2291]]],[[[17.6423,59.0275],[17.6579,59.0413],[17.6555,59.0201],[17.6423,59.0275]]],[[[33.0055,66.7139],[32.9897,66.7017],[32.9851,66.7031],[33.0055,66.7139]]],[[[16.7305,42.7571],[16.7185,42.7511],[16.7065,42.7527],[16.7305,42.7571]]],[[[15.4311,68.0341],[15.4405,68.0411],[15.4631,68.0333],[15.4311,68.0341]]],[[[21.2095,62.3461],[21.1871,62.3311],[21.2051,62.3481],[21.2095,62.3461]]],[[[17.3211,58.7323],[17.3221,58.7431],[17.3301,58.7335],[17.3211,58.7323]]],[[[21.2195,60.4087],[21.2029,60.4029],[21.2103,60.4129],[21.2195,60.4087]]],[[[17.4859,61.9469],[17.4955,61.9601],[17.4975,61.9531],[17.4859,61.9469]]],[[[13.5997,66.8311],[13.5871,66.8381],[13.6163,66.8355],[13.5997,66.8311]]],[[[16.6883,57.6677],[16.6847,57.6773],[16.7009,57.6721],[16.6883,57.6677]]],[[[21.8687,60.1257],[21.8393,60.1193],[21.8711,60.1291],[21.8687,60.1257]]],[[[22.9709,59.8977],[22.9807,59.8871],[22.9589,59.8937],[22.9709,59.8977]]],[[[7.7405,58.0193],[7.7377,58.0077],[7.7195,58.0143],[7.7405,58.0193]]],[[[36.4707,64.3243],[36.4627,64.3329],[36.4917,64.3269],[36.4707,64.3243]]],[[[11.1949,55.2415],[11.1855,55.2371],[11.1749,55.2495],[11.1949,55.2415]]],[[[24.1633,65.7099],[24.1331,65.7157],[24.1631,65.7161],[24.1633,65.7099]]],[[[16.4957,69.0733],[16.5037,69.0863],[16.5183,69.0755],[16.4957,69.0733]]],[[[8.2271,40.9793],[8.2221,40.9693],[8.2203,40.9857],[8.2271,40.9793]]],[[[12.1657,66.0173],[12.1505,66.0073],[12.1399,66.0135],[12.1657,66.0173]]],[[[18.7101,59.2811],[18.6833,59.2673],[18.6801,59.2689],[18.7101,59.2811]]],[[[5.4275,60.0793],[5.4421,60.0667],[5.4381,60.0649],[5.4275,60.0793]]],[[[26.7223,38.6881],[26.7083,38.7015],[26.7251,38.6919],[26.7223,38.6881]]],[[[18.4631,60.2227],[18.4453,60.2361],[18.4683,60.2275],[18.4631,60.2227]]],[[[1.2163,38.9923],[1.2077,38.9901],[1.2145,38.9959],[1.2163,38.9923]]],[[[16.0731,68.2021],[16.0387,68.1907],[16.0329,68.1937],[16.0731,68.2021]]],[[[21.7677,60.0273],[21.7803,60.0363],[21.7859,60.0267],[21.7677,60.0273]]],[[[21.6949,60.4407],[21.6829,60.4455],[21.7073,60.4481],[21.6949,60.4407]]],[[[21.7561,60.5753],[21.7419,60.5873],[21.7633,60.5867],[21.7561,60.5753]]],[[[10.1023,64.1957],[10.0931,64.2085],[10.1123,64.2001],[10.1023,64.1957]]],[[[25.3035,65.3625],[25.2979,65.3513],[25.2937,65.3631],[25.3035,65.3625]]],[[[8.3121,55.5151],[8.3149,55.5227],[8.3327,55.5077],[8.3121,55.5151]]],[[[-9.6861,53.3181],[-9.6642,53.3257],[-9.662,53.3205],[-9.6861,53.3181]]],[[[7.0081,58.0187],[7.0223,58.0259],[7.0257,58.0189],[7.0081,58.0187]]],[[[21.5069,60.1777],[21.4933,60.1847],[21.5159,60.1853],[21.5069,60.1777]]],[[[18.8199,63.2587],[18.8243,63.2695],[18.8407,63.2601],[18.8199,63.2587]]],[[[-6.8631,58.2665],[-6.8812,58.2619],[-6.8888,58.2693],[-6.8631,58.2665]]],[[[16.7037,57.4247],[16.6785,57.4229],[16.7063,57.4269],[16.7037,57.4247]]],[[[21.7999,58.3311],[21.7807,58.3431],[21.8015,58.3347],[21.7999,58.3311]]],[[[21.8261,60.1331],[21.8505,60.1345],[21.8255,60.1227],[21.8261,60.1331]]],[[[23.9851,39.1209],[23.9753,39.1167],[23.9809,39.1243],[23.9851,39.1209]]],[[[-9.0411,52.6937],[-9.0544,52.6797],[-9.0592,52.6825],[-9.0411,52.6937]]],[[[19.6999,60.1695],[19.6867,60.1689],[19.6931,60.1775],[19.6999,60.1695]]],[[[16.5009,57.1889],[16.4883,57.1747],[16.4825,57.1847],[16.5009,57.1889]]],[[[5.6741,59.2829],[5.6695,59.2627],[5.6625,59.2767],[5.6741,59.2829]]],[[[9.7323,59.0487],[9.7391,59.0575],[9.7451,59.0487],[9.7323,59.0487]]],[[[15.4537,43.7193],[15.4497,43.7315],[15.4599,43.7187],[15.4537,43.7193]]],[[[22.2207,59.8631],[22.1989,59.8475],[22.1919,59.8491],[22.2207,59.8631]]],[[[21.8065,63.4225],[21.8193,63.4227],[21.7919,63.4085],[21.8065,63.4225]]],[[[21.8073,60.3399],[21.7817,60.3461],[21.8077,60.3425],[21.8073,60.3399]]],[[[-8.9428,52.7175],[-8.9491,52.7055],[-8.9564,52.7093],[-8.9428,52.7175]]],[[[16.3711,58.6259],[16.3503,58.6191],[16.3429,58.6307],[16.3711,58.6259]]],[[[24.1355,65.7907],[24.1511,65.8027],[24.1589,65.7925],[24.1355,65.7907]]],[[[20.5527,60.0665],[20.5207,60.0719],[20.5547,60.0717],[20.5527,60.0665]]],[[[108.8315,21.8009],[108.8217,21.8071],[108.8255,21.8117],[108.8315,21.8009]]],[[[22.3285,59.8649],[22.3281,59.8561],[22.3171,59.8633],[22.3285,59.8649]]],[[[5.7289,59.6719],[5.7345,59.6849],[5.7473,59.6813],[5.7289,59.6719]]],[[[120.3207,36.1017],[120.3083,36.0925],[120.3223,36.1105],[120.3207,36.1017]]],[[[24.1139,65.7095],[24.1173,65.6997],[24.0785,65.7103],[24.1139,65.7095]]],[[[16.7071,57.5433],[16.6919,57.5407],[16.7037,57.5465],[16.7071,57.5433]]],[[[25.3773,59.5085],[25.3821,59.5221],[25.3893,59.5133],[25.3773,59.5085]]],[[[6.9095,58.0565],[6.9137,58.0661],[6.9283,58.0593],[6.9095,58.0565]]],[[[12.1541,65.4399],[12.1325,65.4289],[12.1503,65.4439],[12.1541,65.4399]]],[[[21.3025,60.2863],[21.3043,60.2965],[21.3091,60.2865],[21.3025,60.2863]]],[[[5.8875,58.4433],[5.8719,58.4263],[5.8667,58.4285],[5.8875,58.4433]]],[[[25.9659,60.2521],[25.9561,60.2439],[25.9365,60.2471],[25.9659,60.2521]]],[[[32.6673,67.0031],[32.6691,66.9903],[32.6569,67.0023],[32.6673,67.0031]]],[[[5.8351,58.9893],[5.8319,58.9765],[5.8231,58.9897],[5.8351,58.9893]]],[[[19.0291,59.7975],[19.0119,59.7863],[19.0071,59.7911],[19.0291,59.7975]]],[[[21.2415,62.9827],[21.2393,62.9927],[21.2511,62.9865],[21.2415,62.9827]]],[[[23.3973,58.9527],[23.3831,58.9401],[23.3945,58.9545],[23.3973,58.9527]]],[[[18.5617,59.0237],[18.5593,59.0333],[18.5769,59.0235],[18.5617,59.0237]]],[[[18.6675,59.4731],[18.6695,59.4783],[18.6711,59.4757],[18.6675,59.4731]]],[[[21.3191,38.3715],[21.3127,38.3633],[21.3081,38.3709],[21.3191,38.3715]]],[[[-9.7375,53.2595],[-9.7497,53.2517],[-9.7519,53.2623],[-9.7375,53.2595]]],[[[14.7563,67.6005],[14.7193,67.5905],[14.7151,67.5923],[14.7563,67.6005]]],[[[26.5997,60.3743],[26.5991,60.3617],[26.5909,60.3619],[26.5997,60.3743]]],[[[34.9667,64.8025],[34.9473,64.7953],[34.9465,64.8051],[34.9667,64.8025]]],[[[16.8601,58.2367],[16.8633,58.2511],[16.8761,58.2385],[16.8601,58.2367]]],[[[5.2479,61.5629],[5.2479,61.5685],[5.2535,61.5641],[5.2479,61.5629]]],[[[36.6727,64.1097],[36.6633,64.0969],[36.6593,64.1005],[36.6727,64.1097]]],[[[4.8667,52.4057],[4.8663,52.4151],[4.8739,52.4059],[4.8667,52.4057]]],[[[22.1059,59.8639],[22.0843,59.8539],[22.0753,59.8575],[22.1059,59.8639]]],[[[23.8327,59.9227],[23.8311,59.9297],[23.8445,59.9251],[23.8327,59.9227]]],[[[8.7367,58.4181],[8.7339,58.4067],[8.7291,58.4121],[8.7367,58.4181]]],[[[18.5685,59.1059],[18.5471,59.0935],[18.5455,59.0963],[18.5685,59.1059]]],[[[7.1741,58.0287],[7.1869,58.0417],[7.1909,58.0329],[7.1741,58.0287]]],[[[18.7279,59.4175],[18.7291,59.4267],[18.7495,59.4189],[18.7279,59.4175]]],[[[21.0091,37.2547],[21.0067,37.2437],[20.9993,37.2485],[21.0091,37.2547]]],[[[16.8793,58.4203],[16.8711,58.4107],[16.8657,58.4127],[16.8793,58.4203]]],[[[17.5215,58.8427],[17.5049,58.8385],[17.5061,58.8475],[17.5215,58.8427]]],[[[22.2889,59.9493],[22.2917,59.9581],[22.3053,59.9551],[22.2889,59.9493]]],[[[11.0479,35.6415],[11.0371,35.6509],[11.0493,35.6433],[11.0479,35.6415]]],[[[23.6679,64.1789],[23.6611,64.1951],[23.6817,64.1735],[23.6679,64.1789]]],[[[22.1577,60.1429],[22.1575,60.1501],[22.1923,60.1529],[22.1577,60.1429]]],[[[22.2621,63.4011],[22.2701,63.4059],[22.2679,63.4007],[22.2621,63.4011]]],[[[27.3883,37.0037],[27.3777,36.9975],[27.3829,37.0055],[27.3883,37.0037]]],[[[9.4925,58.8391],[9.4683,58.8503],[9.4953,58.8415],[9.4925,58.8391]]],[[[7.2465,62.7241],[7.1927,62.7167],[7.2093,62.7225],[7.2465,62.7241]]],[[[18.9883,57.7437],[18.9895,57.7587],[18.9971,57.7601],[18.9883,57.7437]]],[[[23.2909,32.2345],[23.2859,32.2275],[23.2839,32.2393],[23.2909,32.2345]]],[[[-3.0516,58.7515],[-3.0639,58.7373],[-3.0739,58.7389],[-3.0516,58.7515]]],[[[5.2241,60.7975],[5.2121,60.7865],[5.2123,60.7933],[5.2241,60.7975]]],[[[29.3531,36.2079],[29.3565,36.2173],[29.3711,36.2177],[29.3531,36.2079]]],[[[5.9395,59.1615],[5.9425,59.1739],[5.9507,59.1617],[5.9395,59.1615]]],[[[25.7455,36.8023],[25.7505,36.8149],[25.7495,36.8015],[25.7455,36.8023]]],[[[22.3939,60.2413],[22.3863,60.2317],[22.3713,60.2353],[22.3939,60.2413]]],[[[26.4685,38.3911],[26.4753,38.3999],[26.4715,38.3909],[26.4685,38.3911]]],[[[11.1047,58.9549],[11.1051,58.9679],[11.1143,58.9511],[11.1047,58.9549]]],[[[7.4185,63.0465],[7.4147,63.0573],[7.4269,63.0533],[7.4185,63.0465]]],[[[18.5263,60.2753],[18.5191,60.2849],[18.5325,60.2829],[18.5263,60.2753]]],[[[21.8939,63.2817],[21.8817,63.2931],[21.8967,63.2889],[21.8939,63.2817]]],[[[12.2291,45.3827],[12.2425,45.3789],[12.2375,45.3763],[12.2291,45.3827]]],[[[8.2799,55.9817],[8.2807,56.0001],[8.2909,56.0001],[8.2799,55.9817]]],[[[139.7695,35.5161],[139.7577,35.5145],[139.7645,35.5221],[139.7695,35.5161]]],[[[14.4001,53.8641],[14.3815,53.8539],[14.3761,53.8575],[14.4001,53.8641]]],[[[21.6895,60.3995],[21.6849,60.4143],[21.6973,60.4045],[21.6895,60.3995]]],[[[10.5573,59.8679],[10.5389,59.8551],[10.5367,59.8577],[10.5573,59.8679]]],[[[18.4219,59.2415],[18.4029,59.2453],[18.4067,59.2507],[18.4219,59.2415]]],[[[20.9247,60.3809],[20.9223,60.3681],[20.9167,60.3735],[20.9247,60.3809]]],[[[18.4175,59.4129],[18.4135,59.4187],[18.4211,59.4141],[18.4175,59.4129]]],[[[21.5719,60.4331],[21.5467,60.4455],[21.5731,60.4373],[21.5719,60.4331]]],[[[9.2015,63.5477],[9.2093,63.5603],[9.2183,63.5561],[9.2015,63.5477]]],[[[16.2549,42.3941],[16.2655,42.3985],[16.2831,42.3907],[16.2549,42.3941]]],[[[5.3051,43.2817],[5.2879,43.2681],[5.2841,43.2715],[5.3051,43.2817]]],[[[4.8191,60.5533],[4.8051,60.5585],[4.8225,60.5621],[4.8191,60.5533]]],[[[26.6271,60.3697],[26.6551,60.3803],[26.6593,60.3777],[26.6271,60.3697]]],[[[-3.1692,58.8733],[-3.1753,58.8861],[-3.1596,58.8763],[-3.1692,58.8733]]],[[[-8.9934,52.7135],[-9.0105,52.7173],[-8.9895,52.7181],[-8.9934,52.7135]]],[[[21.3397,60.8255],[21.3245,60.8165],[21.3355,60.8291],[21.3397,60.8255]]],[[[22.8605,37.5043],[22.8665,37.5129],[22.8771,37.5049],[22.8605,37.5043]]],[[[25.6869,36.8527],[25.6777,36.8449],[25.6747,36.8477],[25.6869,36.8527]]],[[[-5.1146,55.2477],[-5.1166,55.2589],[-5.1095,55.2501],[-5.1146,55.2477]]],[[[25.5771,37.4133],[25.5651,37.4109],[25.5717,37.4179],[25.5771,37.4133]]],[[[12.8325,66.5533],[12.8219,66.5609],[12.8345,66.5571],[12.8325,66.5533]]],[[[25.2387,60.2463],[25.2347,60.2549],[25.2409,60.2505],[25.2387,60.2463]]],[[[22.0169,63.2737],[22.0027,63.2643],[21.9971,63.2697],[22.0169,63.2737]]],[[[9.8031,58.9941],[9.8043,59.0057],[9.8179,58.9997],[9.8031,58.9941]]],[[[-5.2678,51.7073],[-5.2862,51.6985],[-5.2911,51.6999],[-5.2678,51.7073]]],[[[31.7269,46.2887],[31.7403,46.2819],[31.7273,46.2815],[31.7269,46.2887]]],[[[49.4277,39.8229],[49.4379,39.8245],[49.4401,39.8181],[49.4277,39.8229]]],[[[22.0047,60.2133],[21.9867,60.2067],[21.9813,60.2125],[22.0047,60.2133]]],[[[22.3819,65.5959],[22.3755,65.6121],[22.3851,65.5987],[22.3819,65.5959]]],[[[26.6909,60.4065],[26.6931,60.3919],[26.6815,60.4001],[26.6909,60.4065]]],[[[8.4873,63.5853],[8.4695,63.5837],[8.4689,63.5907],[8.4873,63.5853]]],[[[22.5179,59.8575],[22.4971,59.8521],[22.4915,59.8575],[22.5179,59.8575]]],[[[27.5983,36.9831],[27.6023,36.9713],[27.5877,36.9827],[27.5983,36.9831]]],[[[5.1573,59.7521],[5.1501,59.7385],[5.1455,59.7439],[5.1573,59.7521]]],[[[12.7417,54.4131],[12.7257,54.4061],[12.7209,54.4081],[12.7417,54.4131]]],[[[21.4485,61.8511],[21.4409,61.8417],[21.4359,61.8483],[21.4485,61.8511]]],[[[23.9431,35.5429],[23.9317,35.5347],[23.9337,35.5461],[23.9431,35.5429]]],[[[20.2733,60.2537],[20.2751,60.2657],[20.2857,60.2555],[20.2733,60.2537]]],[[[21.6779,60.4903],[21.6721,60.5037],[21.6821,60.4939],[21.6779,60.4903]]],[[[-0.4858,38.1597],[-0.479,38.1643],[-0.4679,38.1605],[-0.4858,38.1597]]],[[[20.2951,60.2453],[20.3059,60.2577],[20.3077,60.2409],[20.2951,60.2453]]],[[[5.3521,61.3591],[5.3267,61.3539],[5.3209,61.3575],[5.3521,61.3591]]],[[[11.9683,57.3359],[11.9589,57.3453],[11.9761,57.3407],[11.9683,57.3359]]],[[[28.2527,36.8075],[28.2607,36.8127],[28.2603,36.8005],[28.2527,36.8075]]],[[[9.0557,63.4701],[9.0487,63.4599],[9.0375,63.4667],[9.0557,63.4701]]],[[[21.5377,65.0475],[21.5543,65.0357],[21.5281,65.0431],[21.5377,65.0475]]],[[[29.6205,44.8395],[29.6087,44.8293],[29.6209,44.8481],[29.6205,44.8395]]],[[[26.4705,37.5747],[26.4645,37.5639],[26.4681,37.5761],[26.4705,37.5747]]],[[[27.2873,36.4871],[27.2825,36.4793],[27.2801,36.4815],[27.2873,36.4871]]],[[[10.3047,64.2939],[10.2787,64.2875],[10.2649,64.2883],[10.3047,64.2939]]],[[[-9.0335,52.6825],[-9.053,52.6683],[-9.0564,52.6691],[-9.0335,52.6825]]],[[[21.2249,60.9451],[21.2129,60.9367],[21.2059,60.9451],[21.2249,60.9451]]],[[[28.6485,60.5247],[28.6433,60.5379],[28.6487,60.5287],[28.6485,60.5247]]],[[[20.8901,60.5249],[20.8985,60.5341],[20.9019,60.5317],[20.8901,60.5249]]],[[[5.8589,59.2323],[5.8431,59.2243],[5.8437,59.2347],[5.8589,59.2323]]],[[[19.3281,60.2125],[19.3233,60.2169],[19.3399,60.2131],[19.3281,60.2125]]],[[[-6.0888,56.4651],[-6.0921,56.4727],[-6.0812,56.4689],[-6.0888,56.4651]]],[[[18.5473,60.2807],[18.5579,60.2685],[18.5457,60.2757],[18.5473,60.2807]]],[[[10.8197,56.1293],[10.8005,56.1229],[10.7977,56.1255],[10.8197,56.1293]]],[[[-8.8416,38.4817],[-8.831,38.4831],[-8.8316,38.4733],[-8.8416,38.4817]]],[[[21.8803,60.3225],[21.8861,60.3289],[21.9103,60.3231],[21.8803,60.3225]]],[[[113.3229,22.1759],[113.3193,22.1889],[113.3277,22.1763],[113.3229,22.1759]]],[[[7.9773,63.1081],[7.9643,63.0971],[7.9575,63.0999],[7.9773,63.1081]]],[[[9.2619,41.3679],[9.2561,41.3781],[9.2681,41.3771],[9.2619,41.3679]]],[[[23.2985,63.9349],[23.2929,63.9479],[23.3101,63.9453],[23.2985,63.9349]]],[[[21.0719,38.4495],[21.0651,38.4591],[21.0765,38.4541],[21.0719,38.4495]]],[[[22.9565,38.1765],[22.9599,38.1833],[22.9735,38.1833],[22.9565,38.1765]]],[[[18.8511,42.2579],[18.8523,42.2675],[18.8587,42.2589],[18.8511,42.2579]]],[[[10.2825,64.3071],[10.2715,64.2983],[10.2707,64.3011],[10.2825,64.3071]]],[[[-2.7254,47.5893],[-2.7046,47.5975],[-2.7027,47.5949],[-2.7254,47.5893]]],[[[26.4593,36.5561],[26.4443,36.5461],[26.4413,36.5479],[26.4593,36.5561]]],[[[-7.4344,56.9211],[-7.452,56.9227],[-7.4359,56.9241],[-7.4344,56.9211]]],[[[-9.7154,53.2745],[-9.7083,53.2831],[-9.704,53.2773],[-9.7154,53.2745]]],[[[21.8905,60.2771],[21.8903,60.2867],[21.9129,60.2759],[21.8905,60.2771]]],[[[24.0703,39.0413],[24.0595,39.0331],[24.0583,39.0397],[24.0703,39.0413]]],[[[19.9747,60.3723],[19.9693,60.3811],[19.9891,60.3773],[19.9747,60.3723]]],[[[-2.6078,59.1489],[-2.5938,59.1581],[-2.5857,59.1481],[-2.6078,59.1489]]],[[[10.4971,54.9671],[10.4835,54.9569],[10.4723,54.9641],[10.4971,54.9671]]],[[[11.1593,58.9119],[11.1615,58.9219],[11.1805,58.9135],[11.1593,58.9119]]],[[[24.1877,39.5027],[24.1765,39.4969],[24.1821,39.5059],[24.1877,39.5027]]],[[[27.5155,36.6509],[27.5109,36.6633],[27.5173,36.6639],[27.5155,36.6509]]],[[[121.2383,28.3507],[121.2245,28.3417],[121.2221,28.3447],[121.2383,28.3507]]],[[[18.7335,63.0723],[18.7407,63.0889],[18.7411,63.0665],[18.7335,63.0723]]],[[[21.5457,60.1035],[21.5395,60.0937],[21.5329,60.0991],[21.5457,60.1035]]],[[[23.0571,58.7739],[23.0489,58.7831],[23.0615,58.7815],[23.0571,58.7739]]],[[[26.8363,38.5879],[26.8311,38.5647],[26.8293,38.5791],[26.8363,38.5879]]],[[[11.9855,54.9497],[11.9999,54.9539],[11.9999,54.9413],[11.9855,54.9497]]],[[[-2.9721,58.8529],[-2.9905,58.8543],[-2.9629,58.8599],[-2.9721,58.8529]]],[[[11.7991,58.2959],[11.7903,58.2859],[11.7827,58.2923],[11.7991,58.2959]]],[[[8.3965,62.9079],[8.3965,62.9171],[8.4103,62.9039],[8.3965,62.9079]]],[[[25.6841,37.0875],[25.6955,37.0933],[25.6963,37.0871],[25.6841,37.0875]]],[[[22.4089,65.7979],[22.4039,65.7909],[22.3887,65.8039],[22.4089,65.7979]]],[[[25.3179,60.2401],[25.3075,60.2485],[25.3317,60.2463],[25.3179,60.2401]]],[[[9.3991,63.6019],[9.3973,63.5897],[9.3839,63.5899],[9.3991,63.6019]]],[[[-8.8343,42.4919],[-8.8446,42.4931],[-8.8391,42.4997],[-8.8343,42.4919]]],[[[20.5287,60.0867],[20.5205,60.0939],[20.5443,60.0865],[20.5287,60.0867]]],[[[22.0911,65.4819],[22.0739,65.4967],[22.0951,65.4829],[22.0911,65.4819]]],[[[1.2629,51.8793],[1.2591,51.8881],[1.2803,51.8793],[1.2629,51.8793]]],[[[26.6367,60.2903],[26.6255,60.2907],[26.6525,60.3009],[26.6367,60.2903]]],[[[25.2853,65.0023],[25.3113,65.0035],[25.3223,64.9985],[25.2853,65.0023]]],[[[20.4789,60.1185],[20.4767,60.1267],[20.5041,60.1269],[20.4789,60.1185]]],[[[11.4827,54.9047],[11.4757,54.9123],[11.5077,54.9115],[11.4827,54.9047]]],[[[27.5641,60.4401],[27.5681,60.4305],[27.5489,60.4335],[27.5641,60.4401]]],[[[11.2313,58.3559],[11.2297,58.3713],[11.2391,58.3597],[11.2313,58.3559]]],[[[5.0727,60.3897],[5.0717,60.4047],[5.0823,60.3935],[5.0727,60.3897]]],[[[4.8929,60.8125],[4.8769,60.8339],[4.9013,60.8149],[4.8929,60.8125]]],[[[-9.4995,52.5745],[-9.4959,52.5821],[-9.4886,52.5723],[-9.4995,52.5745]]],[[[22.3309,59.8533],[22.3353,59.8443],[22.3231,59.8491],[22.3309,59.8533]]],[[[27.3765,37.1693],[27.3733,37.1625],[27.3653,37.1725],[27.3765,37.1693]]],[[[25.4391,60.1647],[25.4467,60.1709],[25.4575,60.1627],[25.4391,60.1647]]],[[[4.8785,60.7051],[4.8925,60.7119],[4.8949,60.7045],[4.8785,60.7051]]],[[[21.0745,60.2803],[21.0759,60.2671],[21.0627,60.2797],[21.0745,60.2803]]],[[[12.7437,66.6147],[12.7257,66.6091],[12.7203,66.6107],[12.7437,66.6147]]],[[[21.8173,60.3277],[21.8297,60.3203],[21.8059,60.3253],[21.8173,60.3277]]],[[[25.9129,60.2393],[25.8923,60.2385],[25.9271,60.2433],[25.9129,60.2393]]],[[[9.4289,63.5453],[9.4319,63.5567],[9.4393,63.5531],[9.4289,63.5453]]],[[[23.4507,65.8027],[23.4547,65.7885],[23.4381,65.7927],[23.4507,65.8027]]],[[[22.9739,59.9043],[22.9743,59.9135],[22.9831,59.9119],[22.9739,59.9043]]],[[[16.7539,57.9887],[16.7449,57.9753],[16.7387,57.9767],[16.7539,57.9887]]],[[[-10.6106,52.0433],[-10.614,52.0509],[-10.5937,52.0451],[-10.6106,52.0433]]],[[[6.2701,62.5531],[6.2629,62.5629],[6.2699,62.5635],[6.2701,62.5531]]],[[[25.8491,60.2491],[25.8511,60.2627],[25.8619,60.2493],[25.8491,60.2491]]],[[[17.7553,68.9011],[17.7609,68.8897],[17.7407,68.9005],[17.7553,68.9011]]],[[[11.2029,58.6667],[11.2087,58.6827],[11.2131,58.6749],[11.2029,58.6667]]],[[[19.5291,63.4397],[19.5305,63.4541],[19.5387,63.4485],[19.5291,63.4397]]],[[[121.9861,30.0773],[121.9753,30.0759],[121.9813,30.0865],[121.9861,30.0773]]],[[[5.1869,59.9069],[5.1729,59.9211],[5.1915,59.9087],[5.1869,59.9069]]],[[[11.9445,57.3807],[11.9353,57.3699],[11.9303,57.3711],[11.9445,57.3807]]],[[[-5.3524,57.9817],[-5.3406,57.9911],[-5.3453,57.9803],[-5.3524,57.9817]]],[[[16.5767,57.1161],[16.5699,57.1271],[16.5849,57.1179],[16.5767,57.1161]]],[[[8.3063,63.5207],[8.2879,63.5203],[8.3193,63.5289],[8.3063,63.5207]]],[[[19.7805,60.3503],[19.7731,60.3579],[19.7879,60.3559],[19.7805,60.3503]]],[[[11.6165,58.2567],[11.6115,58.2423],[11.6085,58.2447],[11.6165,58.2567]]],[[[18.7749,63.1199],[18.7719,63.1333],[18.7823,63.1291],[18.7749,63.1199]]],[[[25.2535,60.2183],[25.2261,60.2127],[25.2227,60.2189],[25.2535,60.2183]]],[[[21.0879,60.3929],[21.0723,60.3843],[21.0863,60.3957],[21.0879,60.3929]]],[[[24.6183,60.0625],[24.6071,60.0655],[24.6321,60.0685],[24.6183,60.0625]]],[[[13.1189,54.3043],[13.1223,54.3145],[13.1297,54.3091],[13.1189,54.3043]]],[[[21.5805,60.1009],[21.5735,60.0919],[21.5605,60.0921],[21.5805,60.1009]]],[[[28.4517,60.6113],[28.4565,60.6193],[28.4629,60.6147],[28.4517,60.6113]]],[[[22.2427,60.1415],[22.2149,60.1335],[22.2111,60.1347],[22.2427,60.1415]]],[[[24.2275,38.6169],[24.2275,38.6065],[24.2215,38.6115],[24.2275,38.6169]]],[[[16.8943,58.3671],[16.8821,58.3643],[16.8919,58.3757],[16.8943,58.3671]]],[[[25.3399,60.1701],[25.3481,60.1761],[25.3595,60.1709],[25.3399,60.1701]]],[[[27.0959,60.5085],[27.0911,60.4981],[27.0831,60.4985],[27.0959,60.5085]]],[[[21.2413,60.3097],[21.2291,60.3037],[21.2255,60.3155],[21.2413,60.3097]]],[[[18.8949,59.6881],[18.9131,59.6923],[18.9261,59.6859],[18.8949,59.6881]]],[[[10.3685,59.1167],[10.3545,59.1149],[10.3647,59.1235],[10.3685,59.1167]]],[[[31.6949,46.2729],[31.6791,46.2607],[31.6761,46.2631],[31.6949,46.2729]]],[[[20.7141,60.2379],[20.7167,60.2527],[20.7273,60.2429],[20.7141,60.2379]]],[[[12.3077,65.9481],[12.2539,65.9381],[12.2837,65.9469],[12.3077,65.9481]]],[[[23.1909,58.7525],[23.1799,58.7593],[23.1915,58.7549],[23.1909,58.7525]]],[[[5.4065,59.7345],[5.4117,59.7461],[5.4147,59.7427],[5.4065,59.7345]]],[[[-9.631,53.8405],[-9.6355,53.8365],[-9.6505,53.8381],[-9.631,53.8405]]],[[[18.1867,59.0351],[18.1851,59.0427],[18.2031,59.0367],[18.1867,59.0351]]],[[[24.1447,39.3479],[24.1353,39.3457],[24.1349,39.3515],[24.1447,39.3479]]],[[[21.1799,60.9541],[21.1761,60.9453],[21.1665,60.9545],[21.1799,60.9541]]],[[[9.1343,63.4681],[9.1381,63.4789],[9.1533,63.4745],[9.1343,63.4681]]],[[[11.3837,58.2337],[11.3911,58.2433],[11.3963,58.2321],[11.3837,58.2337]]],[[[23.0779,39.0187],[23.0685,39.0113],[23.0617,39.0135],[23.0779,39.0187]]],[[[21.2795,38.3309],[21.2679,38.3267],[21.2775,38.3337],[21.2795,38.3309]]],[[[28.4427,36.7765],[28.4299,36.7765],[28.4387,36.7823],[28.4427,36.7765]]],[[[21.2907,60.2191],[21.2797,60.2285],[21.3029,60.2275],[21.2907,60.2191]]],[[[15.7835,56.0589],[15.7741,56.0461],[15.7713,56.0525],[15.7835,56.0589]]],[[[34.8819,65.6227],[34.8783,65.6339],[34.8937,65.6227],[34.8819,65.6227]]],[[[17.9937,58.9621],[17.9763,58.9529],[17.9753,58.9567],[17.9937,58.9621]]],[[[24.6841,60.1065],[24.6633,60.0967],[24.6609,60.0985],[24.6841,60.1065]]],[[[22.1355,63.4557],[22.1387,63.4671],[22.1423,63.4617],[22.1355,63.4557]]],[[[5.4171,60.1581],[5.4139,60.1441],[5.4051,60.1451],[5.4171,60.1581]]],[[[19.9599,60.0487],[19.9521,60.0555],[19.9771,60.0523],[19.9599,60.0487]]],[[[10.3257,59.5311],[10.3257,59.5157],[10.3171,59.5331],[10.3257,59.5311]]],[[[27.7445,60.4669],[27.7377,60.4547],[27.7239,60.4647],[27.7445,60.4669]]],[[[25.1495,40.9999],[25.1371,41.0081],[25.1515,41.0031],[25.1495,40.9999]]],[[[-9.7819,31.5025],[-9.7889,31.4911],[-9.7893,31.5053],[-9.7819,31.5025]]],[[[24.6005,65.6271],[24.5953,65.6393],[24.6039,65.6277],[24.6005,65.6271]]],[[[22.7491,65.7997],[22.7315,65.8143],[22.7603,65.7985],[22.7491,65.7997]]],[[[9.5873,58.8911],[9.5817,58.8961],[9.5995,58.9019],[9.5873,58.8911]]],[[[-6.6032,52.1161],[-6.6223,52.1109],[-6.6026,52.1211],[-6.6032,52.1161]]],[[[-6.9399,58.2289],[-6.9405,58.2407],[-6.9339,58.2303],[-6.9399,58.2289]]],[[[28.0759,40.4625],[28.0703,40.4723],[28.0811,40.4681],[28.0759,40.4625]]],[[[18.6933,59.1361],[18.7007,59.1493],[18.7137,59.1455],[18.6933,59.1361]]],[[[15.5437,43.8555],[15.5471,43.8627],[15.5473,43.8557],[15.5437,43.8555]]],[[[9.7543,59.0275],[9.7503,59.0417],[9.7605,59.0321],[9.7543,59.0275]]],[[[5.2847,61.8361],[5.2805,61.8475],[5.2899,61.8465],[5.2847,61.8361]]],[[[25.1083,59.5967],[25.0853,59.6025],[25.0879,59.6089],[25.1083,59.5967]]],[[[24.7217,36.9035],[24.7243,36.9141],[24.7345,36.9123],[24.7217,36.9035]]],[[[-8.1722,55.1811],[-8.1754,55.1707],[-8.1843,55.1731],[-8.1722,55.1811]]],[[[22.1509,60.3895],[22.1255,60.3823],[22.1179,60.3853],[22.1509,60.3895]]],[[[14.8511,68.4233],[14.8523,68.4361],[14.8695,68.4317],[14.8511,68.4233]]],[[[21.3589,60.1813],[21.3583,60.1729],[21.3385,60.1771],[21.3589,60.1813]]],[[[21.4189,38.3389],[21.4087,38.3317],[21.4147,38.3423],[21.4189,38.3389]]],[[[-7.321,57.0281],[-7.3183,57.0173],[-7.3385,57.0235],[-7.321,57.0281]]],[[[27.5405,60.4473],[27.5395,60.4553],[27.5553,60.4499],[27.5405,60.4473]]],[[[16.7383,57.8575],[16.7529,57.8613],[16.7579,57.8579],[16.7383,57.8575]]],[[[10.3967,59.4843],[10.3799,59.4995],[10.4017,59.4847],[10.3967,59.4843]]],[[[21.9539,60.1489],[21.9437,60.1383],[21.9377,60.1405],[21.9539,60.1489]]],[[[23.7831,58.3335],[23.7803,58.3467],[23.7891,58.3311],[23.7831,58.3335]]],[[[23.9555,39.0729],[23.9473,39.0663],[23.9507,39.0791],[23.9555,39.0729]]],[[[22.7797,63.8955],[22.7797,63.9055],[22.7841,63.8963],[22.7797,63.8955]]],[[[16.0719,56.2563],[16.0691,56.2699],[16.0747,56.2595],[16.0719,56.2563]]],[[[21.3583,60.7903],[21.3591,60.7989],[21.3643,60.7893],[21.3583,60.7903]]],[[[21.8185,60.4745],[21.8007,60.4663],[21.8153,60.4769],[21.8185,60.4745]]],[[[8.6979,54.1377],[8.6959,54.1257],[8.6811,54.1341],[8.6979,54.1377]]],[[[18.9561,59.3609],[18.9627,59.3755],[18.9675,59.3729],[18.9561,59.3609]]],[[[11.3879,58.2885],[11.3877,58.2995],[11.3911,58.2917],[11.3879,58.2885]]],[[[18.9591,59.2853],[18.9759,59.2913],[18.9871,59.2877],[18.9591,59.2853]]],[[[23.2687,37.7111],[23.2603,37.7021],[23.2567,37.7057],[23.2687,37.7111]]],[[[21.8311,63.2845],[21.8235,63.2973],[21.8341,63.2885],[21.8311,63.2845]]],[[[31.1383,70.3945],[31.1135,70.3895],[31.1097,70.3971],[31.1383,70.3945]]],[[[5.1059,60.3537],[5.1075,60.3639],[5.1135,60.3513],[5.1059,60.3537]]],[[[16.8401,58.4111],[16.8315,58.4217],[16.8475,58.4189],[16.8401,58.4111]]],[[[22.9117,59.9017],[22.9047,59.8935],[22.8967,59.8979],[22.9117,59.9017]]],[[[18.2697,62.8823],[18.2769,62.8977],[18.2787,62.8861],[18.2697,62.8823]]],[[[5.3669,62.2311],[5.3655,62.2383],[5.3759,62.2245],[5.3669,62.2311]]],[[[108.8819,18.4249],[108.8835,18.4289],[108.8885,18.4263],[108.8819,18.4249]]],[[[-1.1081,45.9595],[-1.1169,45.9543],[-1.1197,45.9613],[-1.1081,45.9595]]],[[[21.7685,60.1135],[21.7727,60.1197],[21.7893,60.1159],[21.7685,60.1135]]],[[[20.5887,60.0755],[20.5845,60.0837],[20.6085,60.0753],[20.5887,60.0755]]],[[[21.2553,64.8785],[21.2429,64.8895],[21.2605,64.8821],[21.2553,64.8785]]],[[[23.4143,58.8317],[23.4023,58.8417],[23.4163,58.8383],[23.4143,58.8317]]],[[[12.3605,45.4581],[12.3479,45.4531],[12.3467,45.4621],[12.3605,45.4581]]],[[[21.3867,63.0579],[21.3681,63.0509],[21.3619,63.0577],[21.3867,63.0579]]],[[[22.4037,59.9745],[22.3917,59.9687],[22.3885,59.9797],[22.4037,59.9745]]],[[[22.5153,60.2459],[22.4989,60.2405],[22.4979,60.2447],[22.5153,60.2459]]],[[[21.8401,60.3697],[21.8319,60.3759],[21.8569,60.3713],[21.8401,60.3697]]],[[[11.3201,54.9661],[11.3065,54.9615],[11.3047,54.9691],[11.3201,54.9661]]],[[[3.9231,51.7337],[3.9215,51.7411],[3.9349,51.7345],[3.9231,51.7337]]],[[[21.8943,36.6959],[21.8853,36.6929],[21.8901,36.7055],[21.8943,36.6959]]],[[[13.8699,68.3369],[13.8905,68.3481],[13.9009,68.3407],[13.8699,68.3369]]],[[[-2.5682,59.0351],[-2.5833,59.0261],[-2.583,59.0395],[-2.5682,59.0351]]],[[[26.1631,36.9083],[26.1663,36.9179],[26.1707,36.9081],[26.1631,36.9083]]],[[[-10.1746,54.0827],[-10.1802,54.0737],[-10.1891,54.0779],[-10.1746,54.0827]]],[[[-7.2231,57.5043],[-7.2462,57.5043],[-7.2538,57.5079],[-7.2231,57.5043]]],[[[11.1325,59.1477],[11.1293,59.1345],[11.1209,59.1399],[11.1325,59.1477]]],[[[113.0591,22.4147],[113.0653,22.4107],[113.0657,22.3965],[113.0591,22.4147]]],[[[21.8105,60.0997],[21.7915,60.0971],[21.7839,60.1001],[21.8105,60.0997]]],[[[25.0997,70.1825],[25.0793,70.1675],[25.0769,70.1693],[25.0997,70.1825]]],[[[5.9057,62.2353],[5.8907,62.2259],[5.8863,62.2289],[5.9057,62.2353]]],[[[11.3813,55.1883],[11.3719,55.1843],[11.3575,55.1913],[11.3813,55.1883]]],[[[18.5013,59.0675],[18.4897,59.0635],[18.4965,59.0745],[18.5013,59.0675]]],[[[0.6007,51.3959],[0.6017,51.4039],[0.6155,51.3983],[0.6007,51.3959]]],[[[-8.7143,38.4303],[-8.7206,38.4257],[-8.7312,38.4339],[-8.7143,38.4303]]],[[[8.5577,54.4633],[8.5561,54.4727],[8.5685,54.4683],[8.5577,54.4633]]],[[[15.8437,68.6381],[15.8193,68.6299],[15.8131,68.6309],[15.8437,68.6381]]],[[[40.4933,64.5655],[40.4855,64.5769],[40.4909,64.5747],[40.4933,64.5655]]],[[[21.3769,60.0795],[21.3745,60.0709],[21.3619,60.0777],[21.3769,60.0795]]],[[[15.1757,56.1343],[15.1721,56.1423],[15.1847,56.1383],[15.1757,56.1343]]],[[[27.0815,60.4133],[27.0743,60.4243],[27.0893,60.4165],[27.0815,60.4133]]],[[[6.8717,53.5967],[6.8695,53.6039],[6.8749,53.6007],[6.8717,53.5967]]],[[[-7.0506,57.6655],[-7.0578,57.6557],[-7.0591,57.6607],[-7.0506,57.6655]]],[[[4.9889,60.3149],[4.9775,60.3077],[4.9783,60.3127],[4.9889,60.3149]]],[[[5.0757,59.8537],[5.0651,59.8463],[5.0627,59.8575],[5.0757,59.8537]]],[[[120.6859,28.0397],[120.6717,28.0351],[120.6685,28.0409],[120.6859,28.0397]]],[[[4.7185,61.1107],[4.7185,61.1199],[4.7375,61.1123],[4.7185,61.1107]]],[[[20.8343,60.0317],[20.8315,60.0429],[20.8417,60.0351],[20.8343,60.0317]]],[[[22.0941,63.4263],[22.0967,63.4397],[22.1015,63.4379],[22.0941,63.4263]]],[[[10.9481,59.1289],[10.9615,59.1333],[10.9527,59.1239],[10.9481,59.1289]]],[[[-6.881,58.2105],[-6.8938,58.2051],[-6.8963,58.2183],[-6.881,58.2105]]],[[[22.9311,60.0705],[22.9257,60.0643],[22.9095,60.0701],[22.9311,60.0705]]],[[[20.7471,38.6861],[20.7421,38.6939],[20.7575,38.6961],[20.7471,38.6861]]],[[[15.4293,56.1305],[15.4207,56.1235],[15.4147,56.1293],[15.4293,56.1305]]],[[[21.3925,63.0751],[21.3943,63.0871],[21.4079,63.0825],[21.3925,63.0751]]],[[[21.6969,60.2789],[21.6941,60.2713],[21.6903,60.2739],[21.6969,60.2789]]],[[[-8.9696,52.7043],[-8.96,52.7121],[-8.9597,52.7097],[-8.9696,52.7043]]],[[[27.6577,36.2523],[27.6599,36.2615],[27.6619,36.2579],[27.6577,36.2523]]],[[[21.4837,60.3121],[21.4807,60.3027],[21.4679,60.3055],[21.4837,60.3121]]],[[[22.8547,65.7219],[22.8613,65.7099],[22.8463,65.7199],[22.8547,65.7219]]],[[[12.2055,45.2849],[12.2137,45.2905],[12.2141,45.2817],[12.2055,45.2849]]],[[[21.4355,60.3045],[21.4301,60.3193],[21.4391,60.3163],[21.4355,60.3045]]],[[[24.7173,40.8373],[24.7061,40.8351],[24.7053,40.8373],[24.7173,40.8373]]],[[[-9.5144,52.6151],[-9.5258,52.6181],[-9.5125,52.6209],[-9.5144,52.6151]]],[[[21.8791,60.1341],[21.8871,60.1431],[21.9033,60.1435],[21.8791,60.1341]]],[[[5.0031,60.5529],[4.9923,60.5639],[5.0131,60.5545],[5.0031,60.5529]]],[[[15.4697,43.7251],[15.4729,43.7359],[15.4779,43.7267],[15.4697,43.7251]]],[[[11.7045,57.8253],[11.6921,57.8223],[11.6811,57.8249],[11.7045,57.8253]]],[[[25.2935,60.2263],[25.2855,60.2383],[25.3061,60.2319],[25.2935,60.2263]]],[[[21.5219,61.3931],[21.5157,61.3837],[21.5087,61.3897],[21.5219,61.3931]]],[[[21.4931,60.2753],[21.4817,60.2657],[21.4845,60.2735],[21.4931,60.2753]]],[[[4.7941,60.6007],[4.7929,60.5925],[4.7775,60.5969],[4.7941,60.6007]]],[[[21.7431,60.2143],[21.7307,60.2069],[21.7253,60.2141],[21.7431,60.2143]]],[[[18.1159,42.6331],[18.1161,42.6211],[18.1125,42.6323],[18.1159,42.6331]]],[[[4.7905,61.1159],[4.7993,61.1239],[4.8045,61.1125],[4.7905,61.1159]]],[[[14.2533,53.7001],[14.2609,53.7085],[14.2709,53.7055],[14.2533,53.7001]]],[[[5.3201,60.1787],[5.3079,60.1689],[5.3045,60.1777],[5.3201,60.1787]]],[[[12.3347,45.4213],[12.3447,45.4297],[12.3467,45.4271],[12.3347,45.4213]]],[[[12.5693,66.3715],[12.5505,66.3697],[12.5751,66.3803],[12.5693,66.3715]]],[[[18.7063,59.5913],[18.6921,59.5909],[18.7085,59.6009],[18.7063,59.5913]]],[[[19.6129,60.4119],[19.6073,60.4203],[19.6127,60.4203],[19.6129,60.4119]]],[[[-6.049,56.6213],[-6.036,56.6221],[-6.0331,56.6151],[-6.049,56.6213]]],[[[21.1597,60.3543],[21.1515,60.3441],[21.1487,60.3463],[21.1597,60.3543]]],[[[20.5175,60.1439],[20.5075,60.1421],[20.5279,60.1519],[20.5175,60.1439]]],[[[126.6355,34.3881],[126.6415,34.3927],[126.6403,34.3837],[126.6355,34.3881]]],[[[11.6175,57.9267],[11.6171,57.9351],[11.6295,57.9333],[11.6175,57.9267]]],[[[23.5239,64.0787],[23.5273,64.0881],[23.5353,64.0809],[23.5239,64.0787]]],[[[10.4797,54.8873],[10.4961,54.8895],[10.5127,54.8847],[10.4797,54.8873]]],[[[23.0023,60.1111],[22.9945,60.1013],[22.9911,60.1025],[23.0023,60.1111]]],[[[6.9953,58.0643],[7.0015,58.0567],[6.9901,58.0577],[6.9953,58.0643]]],[[[13.2891,45.7303],[13.2789,45.7281],[13.2811,45.7379],[13.2891,45.7303]]],[[[19.0445,59.6897],[19.0295,59.6801],[19.0233,59.6855],[19.0445,59.6897]]],[[[27.7137,36.2237],[27.7013,36.2223],[27.7091,36.2279],[27.7137,36.2237]]],[[[14.9317,67.9105],[14.9369,67.9189],[14.9641,67.9247],[14.9317,67.9105]]],[[[-9.5115,52.8105],[-9.519,52.8157],[-9.5099,52.8183],[-9.5115,52.8105]]],[[[9.8915,55.2507],[9.8823,55.2441],[9.8695,55.2543],[9.8915,55.2507]]],[[[-0.8994,35.7769],[-0.8933,35.7851],[-0.892,35.7815],[-0.8994,35.7769]]],[[[5.1759,60.1667],[5.1747,60.1545],[5.1675,60.1595],[5.1759,60.1667]]],[[[20.9419,60.3471],[20.9495,60.3553],[20.9507,60.3527],[20.9419,60.3471]]],[[[27.0981,36.9385],[27.0949,36.9525],[27.0979,36.9523],[27.0981,36.9385]]],[[[17.4579,62.5361],[17.4573,62.5209],[17.4533,62.5377],[17.4579,62.5361]]],[[[-8.6498,54.4377],[-8.6706,54.4347],[-8.6711,54.4383],[-8.6498,54.4377]]],[[[4.9615,61.6345],[4.9611,61.6435],[4.9749,61.6343],[4.9615,61.6345]]],[[[23.8555,59.9203],[23.8639,59.9291],[23.8741,59.9261],[23.8555,59.9203]]],[[[4.8277,60.7883],[4.8283,60.7989],[4.8375,60.7881],[4.8277,60.7883]]],[[[5.2521,59.9175],[5.2375,59.9331],[5.2557,59.9203],[5.2521,59.9175]]],[[[18.6517,63.1237],[18.6443,63.1185],[18.6437,63.1375],[18.6517,63.1237]]],[[[11.3471,64.4013],[11.3567,64.4105],[11.3641,64.4029],[11.3471,64.4013]]],[[[10.4033,64.3747],[10.3905,64.3665],[10.3899,64.3681],[10.4033,64.3747]]],[[[17.4477,60.7407],[17.4553,60.7515],[17.4617,60.7455],[17.4477,60.7407]]],[[[12.1861,45.3017],[12.1875,45.3121],[12.1919,45.3009],[12.1861,45.3017]]],[[[8.4621,63.6207],[8.4485,63.6139],[8.4451,63.6155],[8.4621,63.6207]]],[[[21.2503,60.0689],[21.2425,60.0711],[21.2621,60.0797],[21.2503,60.0689]]],[[[21.6275,60.4931],[21.6245,60.4809],[21.6187,60.4849],[21.6275,60.4931]]],[[[25.2217,65.2633],[25.1995,65.2571],[25.2001,65.2623],[25.2217,65.2633]]],[[[40.6895,66.4933],[40.6841,66.4827],[40.6777,66.4835],[40.6895,66.4933]]],[[[27.0727,60.4279],[27.0739,60.4407],[27.0829,60.4273],[27.0727,60.4279]]],[[[8.9755,63.4369],[8.9857,63.4313],[8.9563,63.4275],[8.9755,63.4369]]],[[[13.9879,67.4217],[13.9625,67.4123],[13.9587,67.4147],[13.9879,67.4217]]],[[[21.9335,60.2279],[21.9147,60.2273],[21.9245,60.2347],[21.9335,60.2279]]],[[[23.2461,37.8115],[23.2427,37.8185],[23.2575,37.8133],[23.2461,37.8115]]],[[[26.3511,36.6039],[26.3547,36.6091],[26.3557,36.6037],[26.3511,36.6039]]],[[[113.4827,23.0707],[113.4793,23.0811],[113.4853,23.0701],[113.4827,23.0707]]],[[[22.7607,65.8529],[22.7445,65.8583],[22.7635,65.8539],[22.7607,65.8529]]],[[[17.3907,61.6175],[17.3827,61.6107],[17.3727,61.6193],[17.3907,61.6175]]],[[[21.4241,62.9973],[21.4117,62.9927],[21.3973,62.9969],[21.4241,62.9973]]],[[[21.1209,60.1655],[21.1283,60.1707],[21.1337,60.1651],[21.1209,60.1655]]],[[[20.3613,60.1797],[20.3639,60.1935],[20.3759,60.1885],[20.3613,60.1797]]],[[[21.0909,63.2629],[21.0971,63.2705],[21.1097,63.2639],[21.0909,63.2629]]],[[[20.3283,60.2677],[20.3227,60.2565],[20.3201,60.2503],[20.3283,60.2677]]],[[[5.1693,60.2969],[5.1525,60.2975],[5.1657,60.3009],[5.1693,60.2969]]],[[[26.7501,36.2889],[26.7477,36.2807],[26.7429,36.2831],[26.7501,36.2889]]],[[[23.8877,59.9247],[23.8841,59.9361],[23.8931,59.9301],[23.8877,59.9247]]],[[[13.4379,45.7083],[13.4313,45.6975],[13.4285,45.7117],[13.4379,45.7083]]],[[[11.4927,64.5787],[11.4967,64.5677],[11.4817,64.5755],[11.4927,64.5787]]],[[[-1.0923,60.1899],[-1.0956,60.1763],[-1.0982,60.1861],[-1.0923,60.1899]]],[[[11.6485,57.9383],[11.6369,57.9443],[11.6635,57.9405],[11.6485,57.9383]]],[[[17.4917,58.7753],[17.4769,58.7713],[17.4825,58.7773],[17.4917,58.7753]]],[[[-7.2666,57.4747],[-7.2563,57.4821],[-7.2553,57.4755],[-7.2666,57.4747]]],[[[23.6323,64.1527],[23.6347,64.1589],[23.6519,64.1455],[23.6323,64.1527]]],[[[22.4277,59.8325],[22.4189,59.8411],[22.4301,59.8375],[22.4277,59.8325]]],[[[5.1305,60.0245],[5.1367,60.0353],[5.1471,60.0315],[5.1305,60.0245]]],[[[6.6197,62.6331],[6.5953,62.6271],[6.5913,62.6281],[6.6197,62.6331]]],[[[18.7705,59.5685],[18.7799,59.5623],[18.7679,59.5655],[18.7705,59.5685]]],[[[11.6829,64.8041],[11.6489,64.7983],[11.6469,64.7997],[11.6829,64.8041]]],[[[26.2915,38.4893],[26.2809,38.4959],[26.2933,38.4925],[26.2915,38.4893]]],[[[11.8107,57.6357],[11.8059,57.6227],[11.7991,57.6271],[11.8107,57.6357]]],[[[25.3809,36.3921],[25.3815,36.4005],[25.3855,36.3899],[25.3809,36.3921]]],[[[12.6297,66.3125],[12.6079,66.3027],[12.6299,66.3151],[12.6297,66.3125]]],[[[-0.7737,37.6889],[-0.7729,37.6995],[-0.7632,37.6931],[-0.7737,37.6889]]],[[[16.9855,58.2811],[16.9779,58.2703],[16.9733,58.2735],[16.9855,58.2811]]],[[[16.7031,57.5529],[16.7071,57.5617],[16.7191,57.5549],[16.7031,57.5529]]],[[[12.5607,45.5489],[12.5485,45.5545],[12.5605,45.5509],[12.5607,45.5489]]],[[[5.2619,60.7683],[5.2565,60.7797],[5.2655,60.7763],[5.2619,60.7683]]],[[[21.9167,60.1253],[21.9135,60.1159],[21.9081,60.1183],[21.9167,60.1253]]],[[[-5.5589,56.1405],[-5.5665,56.1443],[-5.56,56.1445],[-5.5589,56.1405]]],[[[21.2987,62.1327],[21.2955,62.1167],[21.2945,62.1317],[21.2987,62.1327]]],[[[-9.9911,53.5629],[-9.98,53.5631],[-10.0042,53.5627],[-9.9911,53.5629]]],[[[-9.4611,51.5233],[-9.484,51.5161],[-9.4846,51.5199],[-9.4611,51.5233]]],[[[26.3515,60.3751],[26.3637,60.3659],[26.3443,60.3697],[26.3515,60.3751]]],[[[-4.8575,48.3527],[-4.8669,48.3485],[-4.8471,48.3597],[-4.8575,48.3527]]],[[[22.0533,63.3343],[22.0415,63.3239],[22.0361,63.3295],[22.0533,63.3343]]],[[[29.7837,45.4453],[29.7765,45.4469],[29.7809,45.4513],[29.7837,45.4453]]],[[[4.3607,51.7167],[4.3485,51.7235],[4.3611,51.7183],[4.3607,51.7167]]],[[[5.5669,60.0765],[5.5655,60.0847],[5.5815,60.0793],[5.5669,60.0765]]],[[[16.5781,57.3059],[16.5721,57.3167],[16.5865,57.3077],[16.5781,57.3059]]],[[[23.7689,37.7739],[23.7569,37.7721],[23.7663,37.7783],[23.7689,37.7739]]],[[[21.4381,61.2113],[21.4361,61.2193],[21.4517,61.2095],[21.4381,61.2113]]],[[[23.5935,35.6437],[23.5925,35.6387],[23.5793,35.6481],[23.5935,35.6437]]],[[[27.4929,40.6571],[27.4891,40.6463],[27.4841,40.6531],[27.4929,40.6571]]],[[[18.8539,59.2067],[18.8651,59.2123],[18.8677,59.2025],[18.8539,59.2067]]],[[[37.8873,64.0001],[37.8841,64.0071],[37.8995,64.0001],[37.8873,64.0001]]],[[[-9.9795,53.3233],[-9.9764,53.3327],[-9.9654,53.3311],[-9.9795,53.3233]]],[[[-4.0012,57.9429],[-4.0108,57.9349],[-4.0342,57.9359],[-4.0012,57.9429]]],[[[27.8517,60.4957],[27.8505,60.5061],[27.8563,60.5023],[27.8517,60.4957]]],[[[29.1571,40.8579],[29.1507,40.8525],[29.1475,40.8585],[29.1571,40.8579]]],[[[11.7803,58.0571],[11.7711,58.0685],[11.7877,58.0633],[11.7803,58.0571]]],[[[5.9771,59.1581],[5.9859,59.1671],[5.9891,59.1637],[5.9771,59.1581]]],[[[20.3045,60.1667],[20.3015,60.1795],[20.3103,60.1675],[20.3045,60.1667]]],[[[13.7487,44.9353],[13.7453,44.9447],[13.7499,44.9371],[13.7487,44.9353]]],[[[10.5095,59.1867],[10.5089,59.1991],[10.5197,59.1919],[10.5095,59.1867]]],[[[21.7389,60.1051],[21.7295,60.1003],[21.7199,60.1037],[21.7389,60.1051]]],[[[12.6123,65.8655],[12.6261,65.8695],[12.5967,65.8551],[12.6123,65.8655]]],[[[13.6247,67.0521],[13.6039,67.0399],[13.5975,67.0407],[13.6247,67.0521]]],[[[10.7403,59.2785],[10.7423,59.2665],[10.7327,59.2663],[10.7403,59.2785]]],[[[19.7071,60.2955],[19.7187,60.2973],[19.7155,60.2907],[19.7071,60.2955]]],[[[22.8445,60.0347],[22.8413,60.0465],[22.8467,60.0441],[22.8445,60.0347]]],[[[34.8183,65.0737],[34.8067,65.0643],[34.8071,65.0757],[34.8183,65.0737]]],[[[4.8543,60.8685],[4.8517,60.8767],[4.8677,60.8673],[4.8543,60.8685]]],[[[-7.282,57.6583],[-7.2858,57.6691],[-7.2791,57.6605],[-7.282,57.6583]]],[[[12.2685,65.8469],[12.2527,65.8385],[12.2585,65.8489],[12.2685,65.8469]]],[[[25.2195,39.8691],[25.2087,39.8679],[25.2195,39.8729],[25.2195,39.8691]]],[[[25.6637,36.8425],[25.6731,36.8409],[25.6713,36.8365],[25.6637,36.8425]]],[[[22.1855,60.1299],[22.1749,60.1291],[22.2029,60.1333],[22.1855,60.1299]]],[[[12.2281,65.8091],[12.2157,65.7955],[12.2249,65.8127],[12.2281,65.8091]]],[[[20.2779,60.4227],[20.2625,60.4175],[20.2759,60.4257],[20.2779,60.4227]]],[[[-7.3653,57.0029],[-7.3704,56.9955],[-7.3774,57.0025],[-7.3653,57.0029]]],[[[21.8869,60.0163],[21.8811,60.0065],[21.8729,60.0101],[21.8869,60.0163]]],[[[6.9831,58.0147],[6.9991,58.0221],[6.9987,58.0135],[6.9831,58.0147]]],[[[21.4587,61.6275],[21.4667,61.6333],[21.4695,61.6299],[21.4587,61.6275]]],[[[35.0125,64.9651],[35.0085,64.9589],[34.9921,64.9615],[35.0125,64.9651]]],[[[4.9635,60.6491],[4.9585,60.6583],[4.9775,60.6473],[4.9635,60.6491]]],[[[27.1773,36.6793],[27.1843,36.6851],[27.1871,36.6807],[27.1773,36.6793]]],[[[12.4233,66.4207],[12.4185,66.4155],[12.4169,66.4163],[12.4233,66.4207]]],[[[-1.361,60.0477],[-1.3828,60.0403],[-1.3645,60.0563],[-1.361,60.0477]]],[[[8.2181,58.1201],[8.2097,58.1117],[8.2069,58.1133],[8.2181,58.1201]]],[[[4.9151,61.3063],[4.9095,61.2955],[4.9043,61.3075],[4.9151,61.3063]]],[[[23.5869,37.9401],[23.5943,37.9489],[23.5981,37.9469],[23.5869,37.9401]]],[[[21.3309,61.8453],[21.3331,61.8573],[21.3449,61.8509],[21.3309,61.8453]]],[[[15.4717,43.6899],[15.4701,43.7003],[15.4771,43.6921],[15.4717,43.6899]]],[[[21.4255,60.6151],[21.4223,60.6083],[21.4067,60.6157],[21.4255,60.6151]]],[[[15.4301,43.8875],[15.4221,43.8785],[15.4157,43.8871],[15.4301,43.8875]]],[[[18.7167,59.1829],[18.7011,59.1727],[18.6963,59.1757],[18.7167,59.1829]]],[[[13.3671,45.6809],[13.3543,45.6949],[13.3699,45.6827],[13.3671,45.6809]]],[[[21.5041,60.1589],[21.4895,60.1517],[21.4903,60.1547],[21.5041,60.1589]]],[[[-1.3667,60.1495],[-1.3581,60.1371],[-1.3758,60.1401],[-1.3667,60.1495]]],[[[20.9921,60.3619],[20.9871,60.3747],[20.9977,60.3663],[20.9921,60.3619]]],[[[27.1581,60.2933],[27.1451,60.2833],[27.1359,60.2855],[27.1581,60.2933]]],[[[12.2303,45.3937],[12.2295,45.4001],[12.2465,45.3929],[12.2303,45.3937]]],[[[4.9153,60.8255],[4.9095,60.8355],[4.9175,60.8301],[4.9153,60.8255]]],[[[36.2993,64.1029],[36.2891,64.0933],[36.2845,64.1033],[36.2993,64.1029]]],[[[21.7255,65.1275],[21.7345,65.1373],[21.7401,65.1301],[21.7255,65.1275]]],[[[10.7625,55.9433],[10.7687,55.9491],[10.7729,55.9455],[10.7625,55.9433]]],[[[8.5925,63.7545],[8.5873,63.7623],[8.5949,63.7569],[8.5925,63.7545]]],[[[-6.7185,56.5719],[-6.7311,56.5635],[-6.735,56.5649],[-6.7185,56.5719]]],[[[21.5887,60.3309],[21.5881,60.3403],[21.5963,60.3309],[21.5887,60.3309]]],[[[17.3815,62.4839],[17.3945,62.4919],[17.3987,62.4895],[17.3815,62.4839]]],[[[22.2833,60.3385],[22.2927,60.3275],[22.2861,60.3273],[22.2833,60.3385]]],[[[26.5453,37.5115],[26.5405,37.5209],[26.5511,37.5183],[26.5453,37.5115]]],[[[20.4423,60.3359],[20.4335,60.3213],[20.4297,60.3257],[20.4423,60.3359]]],[[[12.2203,65.4439],[12.1999,65.4341],[12.1951,65.4377],[12.2203,65.4439]]],[[[4.9029,60.9547],[4.9145,60.9629],[4.9173,60.9565],[4.9029,60.9547]]],[[[18.4279,59.1271],[18.4261,59.1147],[18.4135,59.1179],[18.4279,59.1271]]],[[[23.9981,39.2299],[23.9983,39.2391],[24.0075,39.2305],[23.9981,39.2299]]],[[[17.5571,60.6551],[17.5611,60.6635],[17.5699,60.6607],[17.5571,60.6551]]],[[[11.5715,57.9335],[11.5675,57.9423],[11.5849,57.9341],[11.5715,57.9335]]],[[[22.4693,60.3893],[22.4481,60.3831],[22.4675,60.3933],[22.4693,60.3893]]],[[[21.0001,60.6475],[20.9919,60.6529],[21.0001,60.6567],[21.0001,60.6475]]],[[[18.9875,59.3681],[18.9849,59.3783],[18.9935,59.3743],[18.9875,59.3681]]],[[[21.4469,60.2575],[21.4471,60.2679],[21.4561,60.2639],[21.4469,60.2575]]],[[[8.4273,63.6771],[8.4143,63.6723],[8.4027,63.6781],[8.4273,63.6771]]],[[[26.7499,36.3011],[26.7435,36.2929],[26.7423,36.3015],[26.7499,36.3011]]],[[[131.4571,31.8097],[131.4521,31.8221],[131.4547,31.8229],[131.4571,31.8097]]],[[[12.2643,66.2619],[12.2539,66.2509],[12.2497,66.2527],[12.2643,66.2619]]],[[[5.7811,59.0033],[5.7885,59.0069],[5.7959,58.9909],[5.7811,59.0033]]],[[[15.5299,68.0719],[15.5181,68.0603],[15.5123,68.0629],[15.5299,68.0719]]],[[[19.4785,60.2729],[19.4813,60.2833],[19.4853,60.2701],[19.4785,60.2729]]],[[[21.5139,61.7657],[21.5239,61.7561],[21.5031,61.7671],[21.5139,61.7657]]],[[[5.2137,60.1451],[5.2065,60.1599],[5.2173,60.1487],[5.2137,60.1451]]],[[[-3.1914,48.8687],[-3.1845,48.8775],[-3.1849,48.8699],[-3.1914,48.8687]]],[[[7.8765,63.1823],[7.8529,63.1777],[7.8511,63.1795],[7.8765,63.1823]]],[[[11.9073,57.5875],[11.9189,57.5959],[11.9225,57.5905],[11.9073,57.5875]]],[[[12.2685,66.2423],[12.2513,66.2423],[12.2871,66.2511],[12.2685,66.2423]]],[[[21.4305,60.3299],[21.4105,60.3371],[21.4361,60.3335],[21.4305,60.3299]]],[[[17.0249,58.2653],[17.0287,58.2571],[17.0143,58.2493],[17.0249,58.2653]]],[[[21.9621,60.0873],[21.9615,60.0925],[21.9823,60.0879],[21.9621,60.0873]]],[[[9.2489,53.8667],[9.2535,53.8707],[9.2555,53.8683],[9.2489,53.8667]]],[[[16.4975,56.9409],[16.4995,56.9299],[16.4897,56.9347],[16.4975,56.9409]]],[[[11.5795,57.8857],[11.5851,57.8899],[11.5899,57.8859],[11.5795,57.8857]]],[[[49.9801,40.2947],[49.9803,40.2833],[49.9703,40.2899],[49.9801,40.2947]]],[[[9.5661,58.8785],[9.5395,58.8755],[9.5709,58.8821],[9.5661,58.8785]]],[[[20.2973,59.9731],[20.3035,59.9849],[20.3063,59.9783],[20.2973,59.9731]]],[[[122.0207,29.8863],[122.0113,29.8831],[122.0153,29.8889],[122.0207,29.8863]]],[[[18.0845,59.0253],[18.0757,59.0333],[18.0935,59.0367],[18.0845,59.0253]]],[[[17.6073,58.8609],[17.5955,58.8683],[17.6173,58.8639],[17.6073,58.8609]]],[[[21.1599,60.3765],[21.1635,60.3867],[21.1683,60.3767],[21.1599,60.3765]]],[[[119.2133,39.3739],[119.2071,39.3673],[119.2027,39.3693],[119.2133,39.3739]]],[[[12.2303,45.3605],[12.2361,45.3667],[12.2407,45.3545],[12.2303,45.3605]]],[[[21.5495,65.3645],[21.5585,65.3691],[21.5627,65.3639],[21.5495,65.3645]]],[[[-7.1405,57.5031],[-7.1598,57.4997],[-7.1612,57.5027],[-7.1405,57.5031]]],[[[27.0035,37.4787],[26.9927,37.4727],[26.9913,37.4743],[27.0035,37.4787]]],[[[21.4159,62.9417],[21.4101,62.9323],[21.4071,62.9421],[21.4159,62.9417]]],[[[21.5757,61.6283],[21.5687,61.6223],[21.5563,61.6243],[21.5757,61.6283]]],[[[21.8209,65.3053],[21.8321,65.2945],[21.8133,65.3021],[21.8209,65.3053]]],[[[21.1823,60.3865],[21.1789,60.3757],[21.1769,60.3845],[21.1823,60.3865]]],[[[16.1731,43.4089],[16.1747,43.4005],[16.1665,43.4013],[16.1731,43.4089]]],[[[10.4785,54.9239],[10.4917,54.9155],[10.4751,54.9169],[10.4785,54.9239]]],[[[20.7395,60.2089],[20.7427,60.2153],[20.7613,60.2135],[20.7395,60.2089]]],[[[18.7067,59.4175],[18.6903,59.4145],[18.6863,59.4209],[18.7067,59.4175]]],[[[27.4615,60.4069],[27.4529,60.4093],[27.4663,60.4087],[27.4615,60.4069]]],[[[10.2667,64.2167],[10.2677,64.2229],[10.2775,64.2175],[10.2667,64.2167]]],[[[11.7985,58.2803],[11.8013,58.2697],[11.7905,58.2761],[11.7985,58.2803]]],[[[22.0801,60.1337],[22.0987,60.1363],[22.1047,60.1335],[22.0801,60.1337]]],[[[21.4187,60.1115],[21.4047,60.1101],[21.4087,60.1173],[21.4187,60.1115]]],[[[30.4835,36.2303],[30.4807,36.2231],[30.4753,36.2351],[30.4835,36.2303]]],[[[16.6545,57.8183],[16.6437,57.8207],[16.6523,57.8277],[16.6545,57.8183]]],[[[18.8471,69.6421],[18.8567,69.6283],[18.8449,69.6367],[18.8471,69.6421]]],[[[17.9485,40.0457],[17.9399,40.0523],[17.9479,40.0489],[17.9485,40.0457]]],[[[-5.7486,55.6409],[-5.7548,55.6283],[-5.7618,55.6311],[-5.7486,55.6409]]],[[[22.4765,59.8517],[22.4629,59.8469],[22.4737,59.8561],[22.4765,59.8517]]],[[[12.5281,45.5479],[12.5255,45.5577],[12.5339,45.5479],[12.5281,45.5479]]],[[[13.1425,66.7543],[13.1369,66.7453],[13.1335,66.7489],[13.1425,66.7543]]],[[[21.0957,60.3651],[21.0931,60.3815],[21.0983,60.3665],[21.0957,60.3651]]],[[[19.1799,63.2847],[19.1811,63.2739],[19.1691,63.2785],[19.1799,63.2847]]],[[[21.5213,60.2173],[21.5185,60.2275],[21.5227,60.2251],[21.5213,60.2173]]],[[[21.1833,60.3331],[21.1915,60.3449],[21.1995,60.3359],[21.1833,60.3331]]],[[[35.0433,64.7447],[35.0363,64.7333],[35.0187,64.7343],[35.0433,64.7447]]],[[[8.3449,63.5325],[8.3261,63.5217],[8.3227,63.5239],[8.3449,63.5325]]],[[[21.8213,60.2835],[21.8157,60.2745],[21.8111,60.2771],[21.8213,60.2835]]],[[[27.3505,60.4609],[27.3433,60.4723],[27.3547,60.4651],[27.3505,60.4609]]],[[[12.8551,66.9667],[12.8431,66.9573],[12.8311,66.9619],[12.8551,66.9667]]],[[[21.5671,60.4039],[21.5721,60.4119],[21.5767,60.4071],[21.5671,60.4039]]],[[[20.2993,60.4159],[20.3015,60.4039],[20.2923,60.4077],[20.2993,60.4159]]],[[[21.8983,60.1179],[21.8973,60.1247],[21.9021,60.1217],[21.8983,60.1179]]],[[[5.3027,43.2861],[5.3019,43.2915],[5.3183,43.2925],[5.3027,43.2861]]],[[[1.2037,38.8661],[1.1913,38.8655],[1.2017,38.8729],[1.2037,38.8661]]],[[[26.7759,60.4629],[26.7661,60.4581],[26.7573,60.4701],[26.7759,60.4629]]],[[[15.5035,42.1207],[15.5105,42.1303],[15.5173,42.1283],[15.5035,42.1207]]],[[[12.1727,65.9137],[12.1547,65.9137],[12.1573,65.9211],[12.1727,65.9137]]],[[[34.9921,64.9477],[34.9845,64.9571],[35.0049,64.9493],[34.9921,64.9477]]],[[[12.2195,45.2961],[12.2257,45.3053],[12.2275,45.3031],[12.2195,45.2961]]],[[[26.7669,39.3857],[26.7619,39.3775],[26.7605,39.3805],[26.7669,39.3857]]],[[[-1.3446,60.0431],[-1.3324,60.0593],[-1.3283,60.0571],[-1.3446,60.0431]]],[[[19.6251,60.1559],[19.6249,60.1659],[19.6349,60.1601],[19.6251,60.1559]]],[[[20.7557,60.2687],[20.7433,60.2597],[20.7433,60.2677],[20.7557,60.2687]]],[[[-5.4372,57.9609],[-5.4494,57.9669],[-5.4336,57.9681],[-5.4372,57.9609]]],[[[21.5269,61.7447],[21.5443,61.7499],[21.5489,61.7473],[21.5269,61.7447]]],[[[27.1429,37.6069],[27.1443,37.6171],[27.1495,37.6053],[27.1429,37.6069]]],[[[12.3855,45.4433],[12.3735,45.4395],[12.3847,45.4467],[12.3855,45.4433]]],[[[4.8163,61.6181],[4.8081,61.6283],[4.8195,61.6219],[4.8163,61.6181]]],[[[18.7603,63.1615],[18.7537,63.1755],[18.7635,63.1685],[18.7603,63.1615]]],[[[5.2585,59.9333],[5.2455,59.9327],[5.2395,59.9423],[5.2585,59.9333]]],[[[11.0077,35.7777],[11.0165,35.7795],[11.0159,35.7697],[11.0077,35.7777]]],[[[18.6097,60.3089],[18.6009,60.3185],[18.6163,60.3127],[18.6097,60.3089]]],[[[18.8245,59.3743],[18.8281,59.3839],[18.8315,59.3757],[18.8245,59.3743]]],[[[7.9931,58.1145],[8.0063,58.1161],[8.0145,58.1115],[7.9931,58.1145]]],[[[21.6683,60.2585],[21.6507,60.2557],[21.6501,60.2585],[21.6683,60.2585]]],[[[119.5331,25.3605],[119.5423,25.3711],[119.5463,25.3669],[119.5331,25.3605]]],[[[5.1379,59.5985],[5.1523,59.5951],[5.1445,59.5871],[5.1379,59.5985]]],[[[26.2215,60.3887],[26.2051,60.3911],[26.2191,60.3949],[26.2215,60.3887]]],[[[21.3991,60.3269],[21.4079,60.3323],[21.4139,60.3289],[21.3991,60.3269]]],[[[-2.5609,56.1833],[-2.5672,56.1937],[-2.5544,56.1839],[-2.5609,56.1833]]],[[[16.6983,57.4325],[16.7023,57.4397],[16.7151,57.4371],[16.6983,57.4325]]],[[[19.1901,59.6653],[19.1927,59.6759],[19.2071,59.6679],[19.1901,59.6653]]],[[[18.9251,59.6619],[18.9261,59.6677],[18.9477,59.6711],[18.9251,59.6619]]],[[[4.9091,61.3879],[4.9351,61.3937],[4.9279,61.3865],[4.9091,61.3879]]],[[[5.0699,60.7067],[5.0797,60.7093],[5.0837,60.7015],[5.0699,60.7067]]],[[[30.2359,59.9655],[30.2279,59.9585],[30.2195,59.9599],[30.2359,59.9655]]],[[[16.4327,43.1581],[16.4189,43.1571],[16.4291,43.1641],[16.4327,43.1581]]],[[[8.4667,58.2465],[8.4475,58.2585],[8.4725,58.2489],[8.4667,58.2465]]],[[[0.6359,51.5351],[0.6271,51.5399],[0.6425,51.5397],[0.6359,51.5351]]],[[[21.0313,60.3959],[21.0235,60.3855],[21.0209,60.3889],[21.0313,60.3959]]],[[[21.6813,59.9069],[21.6907,59.9161],[21.6931,59.9091],[21.6813,59.9069]]],[[[-10.0368,53.7183],[-10.0265,53.7217],[-10.0234,53.7165],[-10.0368,53.7183]]],[[[131.7027,32.6055],[131.7109,32.6089],[131.7095,32.5963],[131.7027,32.6055]]],[[[27.7687,36.2581],[27.7607,36.2565],[27.7741,36.2647],[27.7687,36.2581]]],[[[8.7087,54.1619],[8.7077,54.1723],[8.7163,54.1709],[8.7087,54.1619]]],[[[-9.5064,51.5085],[-9.5151,51.5131],[-9.4958,51.5171],[-9.5064,51.5085]]],[[[8.9835,63.4597],[8.9725,63.4511],[8.9713,63.4531],[8.9835,63.4597]]],[[[22.0905,60.1381],[22.0795,60.1445],[22.0999,60.1433],[22.0905,60.1381]]],[[[-6.4225,56.4973],[-6.427,56.4855],[-6.4381,56.4849],[-6.4225,56.4973]]],[[[20.2709,63.6499],[20.2767,63.6583],[20.2815,63.6489],[20.2709,63.6499]]],[[[34.5327,65.3247],[34.5041,65.3185],[34.4971,65.3199],[34.5327,65.3247]]],[[[10.4753,59.2021],[10.4621,59.2007],[10.4637,59.2055],[10.4753,59.2021]]],[[[21.2455,60.3619],[21.2443,60.3729],[21.2501,60.3647],[21.2455,60.3619]]],[[[21.8723,60.3439],[21.8671,60.3503],[21.8837,60.3461],[21.8723,60.3439]]],[[[19.1705,59.7425],[19.1753,59.7509],[19.1843,59.7433],[19.1705,59.7425]]],[[[24.5247,37.9427],[24.5187,37.9383],[24.5197,37.9435],[24.5247,37.9427]]],[[[11.3601,58.1275],[11.3517,58.1163],[11.3545,58.1271],[11.3601,58.1275]]],[[[22.8929,65.6721],[22.8903,65.6815],[22.9023,65.6715],[22.8929,65.6721]]],[[[21.9705,60.2141],[21.9667,60.2037],[21.9615,60.2121],[21.9705,60.2141]]],[[[26.9435,36.9213],[26.9335,36.9135],[26.9325,36.9151],[26.9435,36.9213]]],[[[20.5937,63.7843],[20.5875,63.7961],[20.5919,63.7951],[20.5937,63.7843]]],[[[10.3591,59.5213],[10.3465,59.5209],[10.3479,59.5231],[10.3591,59.5213]]],[[[24.0873,39.0529],[24.0775,39.0531],[24.0813,39.0573],[24.0873,39.0529]]],[[[15.8639,68.4249],[15.8541,68.4159],[15.8485,68.4283],[15.8639,68.4249]]],[[[21.8101,59.9801],[21.7969,59.9737],[21.8087,59.9817],[21.8101,59.9801]]],[[[120.1705,23.7467],[120.1789,23.7455],[120.1709,23.7405],[120.1705,23.7467]]],[[[21.1705,60.4471],[21.1871,60.4533],[21.1925,60.4503],[21.1705,60.4471]]],[[[14.8325,67.9123],[14.8105,67.9019],[14.8373,67.9163],[14.8325,67.9123]]],[[[18.7729,57.2785],[18.7611,57.2753],[18.7605,57.2785],[18.7729,57.2785]]],[[[8.9255,58.4741],[8.9093,58.4683],[8.9247,58.4819],[8.9255,58.4741]]],[[[-4.5061,48.3117],[-4.5147,48.3135],[-4.5075,48.3145],[-4.5061,48.3117]]],[[[18.9009,59.3857],[18.8937,59.3751],[18.8901,59.3779],[18.9009,59.3857]]],[[[25.4803,60.1813],[25.4761,60.1735],[25.4713,60.1747],[25.4803,60.1813]]],[[[19.5591,63.4891],[19.5463,63.4875],[19.5573,63.5007],[19.5591,63.4891]]],[[[9.1213,63.9781],[9.1087,63.9865],[9.1279,63.9855],[9.1213,63.9781]]],[[[27.3129,60.2781],[27.3177,60.2871],[27.3239,60.2829],[27.3129,60.2781]]],[[[5.1555,59.4047],[5.1703,59.3915],[5.1611,59.3923],[5.1555,59.4047]]],[[[11.1729,64.7331],[11.1689,64.7233],[11.1603,64.7257],[11.1729,64.7331]]],[[[21.2643,60.4005],[21.2531,60.4015],[21.2695,60.4029],[21.2643,60.4005]]],[[[21.2959,38.3315],[21.2877,38.3253],[21.2925,38.3353],[21.2959,38.3315]]],[[[20.6475,60.0395],[20.6335,60.0295],[20.6319,60.0317],[20.6475,60.0395]]],[[[-9.5822,53.8587],[-9.5844,53.8517],[-9.5996,53.8541],[-9.5822,53.8587]]],[[[-6.2651,56.4495],[-6.2624,56.4577],[-6.2564,56.4503],[-6.2651,56.4495]]],[[[-2.4296,35.1869],[-2.4248,35.1915],[-2.4215,35.1853],[-2.4296,35.1869]]],[[[29.0703,40.8817],[29.0671,40.8921],[29.0721,40.8851],[29.0703,40.8817]]],[[[32.2967,67.1133],[32.2983,67.1215],[32.3091,67.1131],[32.2967,67.1133]]],[[[6.3675,43.0227],[6.3581,43.0143],[6.3645,43.0245],[6.3675,43.0227]]],[[[11.6603,57.7297],[11.6523,57.7389],[11.6663,57.7349],[11.6603,57.7297]]],[[[26.3087,35.2149],[26.3023,35.2063],[26.2977,35.2093],[26.3087,35.2149]]],[[[5.1907,59.8907],[5.1889,59.8831],[5.1799,59.8925],[5.1907,59.8907]]],[[[16.6553,57.6471],[16.6429,57.6389],[16.6391,57.6415],[16.6553,57.6471]]],[[[12.9229,66.6775],[12.9251,66.6721],[12.9089,66.6747],[12.9229,66.6775]]],[[[19.5113,63.4655],[19.5123,63.4529],[19.5043,63.4679],[19.5113,63.4655]]],[[[9.4011,58.8565],[9.3793,58.8515],[9.3717,58.8523],[9.4011,58.8565]]],[[[21.2455,60.1763],[21.2387,60.1711],[21.2311,60.1735],[21.2455,60.1763]]],[[[-4.1844,47.8543],[-4.1816,47.8615],[-4.1767,47.8459],[-4.1844,47.8543]]],[[[-10.1589,53.5091],[-10.157,53.5193],[-10.146,53.5157],[-10.1589,53.5091]]],[[[24.4493,64.7049],[24.4305,64.6951],[24.4243,64.6989],[24.4493,64.7049]]],[[[20.7713,60.4109],[20.7665,60.4183],[20.7761,60.4255],[20.7713,60.4109]]],[[[18.6209,59.0875],[18.6159,59.0977],[18.6221,59.0953],[18.6209,59.0875]]],[[[9.1461,63.4519],[9.1465,63.4599],[9.1563,63.4593],[9.1461,63.4519]]],[[[5.0965,60.7199],[5.0927,60.7275],[5.1039,60.7207],[5.0965,60.7199]]],[[[5.1883,60.8085],[5.1943,60.8169],[5.1965,60.8077],[5.1883,60.8085]]],[[[8.3951,58.2311],[8.3783,58.2311],[8.3885,58.2391],[8.3951,58.2311]]],[[[-5.8023,56.2321],[-5.8175,56.2193],[-5.8228,56.2197],[-5.8023,56.2321]]],[[[-2.6706,58.9023],[-2.687,58.8941],[-2.6904,58.8999],[-2.6706,58.9023]]],[[[6.5413,62.8171],[6.5343,62.8113],[6.5237,62.8185],[6.5413,62.8171]]],[[[5.0917,59.8881],[5.0863,59.8777],[5.0783,59.8835],[5.0917,59.8881]]],[[[25.5161,60.2125],[25.5005,60.2063],[25.4957,60.2089],[25.5161,60.2125]]],[[[9.6595,58.9041],[9.6459,58.8955],[9.6425,58.9007],[9.6595,58.9041]]],[[[15.4287,43.8707],[15.4413,43.8701],[15.4449,43.8627],[15.4287,43.8707]]],[[[21.3403,63.0981],[21.3441,63.0901],[21.3307,63.0939],[21.3403,63.0981]]],[[[27.4737,60.4215],[27.4637,60.4327],[27.4775,60.4235],[27.4737,60.4215]]],[[[8.3145,58.1775],[8.3195,58.1907],[8.3245,58.1829],[8.3145,58.1775]]],[[[20.8821,60.1883],[20.8785,60.2007],[20.8907,60.1841],[20.8821,60.1883]]],[[[10.7685,59.8745],[10.7613,59.8635],[10.7505,59.8659],[10.7685,59.8745]]],[[[4.8177,61.1071],[4.8171,61.1183],[4.8279,61.1041],[4.8177,61.1071]]],[[[18.8525,59.6801],[18.8517,59.6863],[18.8609,59.6847],[18.8525,59.6801]]],[[[22.6393,63.7783],[22.6339,63.7897],[22.6407,63.7811],[22.6393,63.7783]]],[[[16.9555,58.5129],[16.9553,58.5035],[16.9525,58.5103],[16.9555,58.5129]]],[[[14.8551,44.3765],[14.8599,44.3815],[14.8663,44.3727],[14.8551,44.3765]]],[[[21.6927,60.2477],[21.6805,60.2427],[21.6747,60.2477],[21.6927,60.2477]]],[[[21.3099,60.3041],[21.3119,60.3139],[21.3135,60.3069],[21.3099,60.3041]]],[[[6.8207,62.8901],[6.8191,62.8977],[6.8383,62.8965],[6.8207,62.8901]]],[[[25.6753,60.3635],[25.6819,60.3727],[25.6869,60.3697],[25.6753,60.3635]]],[[[4.8737,60.8167],[4.8717,60.8269],[4.8813,60.8185],[4.8737,60.8167]]],[[[8.7957,63.8081],[8.8057,63.8177],[8.8075,63.8087],[8.7957,63.8081]]],[[[16.6739,57.6427],[16.6661,57.6349],[16.6601,57.6433],[16.6739,57.6427]]],[[[10.7689,59.1003],[10.7671,59.1113],[10.7809,59.1045],[10.7689,59.1003]]],[[[21.2955,60.8353],[21.2841,60.8463],[21.3003,60.8391],[21.2955,60.8353]]],[[[5.0995,59.8117],[5.0959,59.8015],[5.0851,59.8063],[5.0995,59.8117]]],[[[27.1271,60.4229],[27.1169,60.4133],[27.1201,60.4229],[27.1271,60.4229]]],[[[10.9879,59.0527],[10.9897,59.0653],[10.9981,59.0581],[10.9879,59.0527]]],[[[22.6613,63.7411],[22.6619,63.7523],[22.6649,63.7443],[22.6613,63.7411]]],[[[0.5807,51.4043],[0.5641,51.4099],[0.5819,51.4059],[0.5807,51.4043]]],[[[14.1863,67.1759],[14.1783,67.1661],[14.1779,67.1777],[14.1863,67.1759]]],[[[22.4725,65.6703],[22.4779,65.6783],[22.4791,65.6697],[22.4725,65.6703]]],[[[21.0939,60.2895],[21.0731,60.2853],[21.0703,60.2867],[21.0939,60.2895]]],[[[25.8709,60.1967],[25.8621,60.1987],[25.8879,60.2029],[25.8709,60.1967]]],[[[-1.3647,60.1183],[-1.3454,60.1201],[-1.3451,60.1175],[-1.3647,60.1183]]],[[[24.5861,38.7643],[24.5909,38.7693],[24.5983,38.7633],[24.5861,38.7643]]],[[[13.7741,54.2107],[13.7751,54.1927],[13.7725,54.1911],[13.7741,54.2107]]],[[[26.5023,37.5149],[26.4933,37.5103],[26.5009,37.5183],[26.5023,37.5149]]],[[[6.2001,62.5229],[6.2167,62.5343],[6.2187,62.5303],[6.2001,62.5229]]],[[[22.2237,63.2627],[22.2271,63.2751],[22.2317,63.2603],[22.2237,63.2627]]],[[[34.9953,65.7181],[34.9855,65.7235],[35.0223,65.7175],[34.9953,65.7181]]],[[[4.7055,61.1805],[4.6929,61.1741],[4.6965,61.1845],[4.7055,61.1805]]],[[[11.2383,58.5363],[11.2267,58.5353],[11.2349,58.5427],[11.2383,58.5363]]],[[[29.7911,69.9037],[29.7751,69.8981],[29.7739,69.9085],[29.7911,69.9037]]],[[[19.8419,60.2691],[19.8639,60.2799],[19.8489,60.2641],[19.8419,60.2691]]],[[[20.4707,60.1673],[20.4687,60.1779],[20.4785,60.1733],[20.4707,60.1673]]],[[[24.1125,60.0219],[24.0977,60.0143],[24.0917,60.0173],[24.1125,60.0219]]],[[[36.7253,64.1849],[36.7353,64.1887],[36.7435,64.1785],[36.7253,64.1849]]],[[[16.7951,58.0885],[16.7949,58.0947],[16.8025,58.0883],[16.7951,58.0885]]],[[[10.5017,59.2025],[10.4893,59.1991],[10.4967,59.2077],[10.5017,59.2025]]],[[[11.1733,58.8651],[11.1755,58.8577],[11.1711,58.8587],[11.1733,58.8651]]],[[[11.0923,58.9515],[11.0887,58.9615],[11.0949,58.9567],[11.0923,58.9515]]],[[[26.6067,39.3373],[26.6043,39.3467],[26.6099,39.3391],[26.6067,39.3373]]],[[[13.8015,44.9075],[13.7885,44.8993],[13.7861,44.9007],[13.8015,44.9075]]],[[[21.4443,60.5649],[21.4313,60.5765],[21.4497,60.5693],[21.4443,60.5649]]],[[[21.3353,60.4079],[21.3375,60.4155],[21.3473,60.4123],[21.3353,60.4079]]],[[[-5.9986,57.5153],[-6.0023,57.5099],[-6.0182,57.5169],[-5.9986,57.5153]]],[[[10.4355,64.3807],[10.4193,64.3741],[10.4185,64.3767],[10.4355,64.3807]]],[[[11.4093,58.2317],[11.4001,58.2415],[11.4179,58.2387],[11.4093,58.2317]]],[[[18.5689,63.0391],[18.5661,63.0523],[18.5793,63.0443],[18.5689,63.0391]]],[[[21.1169,60.4979],[21.1061,60.5063],[21.1193,60.5003],[21.1169,60.4979]]],[[[5.2203,60.7517],[5.2191,60.7589],[5.2267,60.7523],[5.2203,60.7517]]],[[[15.4095,43.9569],[15.3979,43.9577],[15.3971,43.9643],[15.4095,43.9569]]],[[[21.3395,60.6605],[21.3371,60.6719],[21.3459,60.6605],[21.3395,60.6605]]],[[[-9.8055,53.3023],[-9.8232,53.2899],[-9.8248,53.2911],[-9.8161,53.3021],[-9.8055,53.3023]]],[[[11.6725,58.2601],[11.6739,58.2737],[11.6769,58.2695],[11.6725,58.2601]]],[[[6.0577,59.4721],[6.0309,59.4671],[6.0355,59.4731],[6.0577,59.4721]]],[[[11.1509,58.7475],[11.1429,58.7469],[11.1627,58.7563],[11.1509,58.7475]]],[[[25.9853,60.2257],[25.9633,60.2185],[25.9603,60.2213],[25.9853,60.2257]]],[[[10.5505,59.2071],[10.5447,59.2127],[10.5657,59.2079],[10.5505,59.2071]]],[[[16.5675,57.5823],[16.5601,57.5901],[16.5749,57.5837],[16.5675,57.5823]]],[[[-2.6721,59.1291],[-2.6781,59.1351],[-2.6689,59.1371],[-2.6721,59.1291]]],[[[9.7715,59.0199],[9.7799,59.0217],[9.7783,59.0163],[9.7715,59.0199]]],[[[17.2953,61.2399],[17.2755,61.2361],[17.2725,61.2373],[17.2817,61.2437],[17.2953,61.2399]]],[[[18.4925,59.4271],[18.4807,59.4335],[18.4963,59.4287],[18.4925,59.4271]]],[[[-9.6529,53.8471],[-9.6624,53.8405],[-9.6775,53.8379],[-9.6725,53.8447],[-9.6529,53.8471]]],[[[11.5487,64.9781],[11.5303,64.9697],[11.5237,64.9711],[11.5487,64.9781]]],[[[18.6451,59.0907],[18.6531,59.1019],[18.6569,59.0973],[18.6451,59.0907]]],[[[-6.1664,56.4419],[-6.1693,56.4465],[-6.153,56.4469],[-6.1664,56.4419]]],[[[49.5869,40.0355],[49.5801,40.0435],[49.5829,40.0453],[49.5869,40.0355]]],[[[18.5977,59.1285],[18.5819,59.1261],[18.5971,59.1341],[18.5977,59.1285]]],[[[20.6851,63.2501],[20.6673,63.2437],[20.6577,63.2457],[20.6851,63.2501]]],[[[15.4071,56.1401],[15.4037,56.1505],[15.4125,56.1491],[15.4071,56.1401]]],[[[11.7973,57.6405],[11.8043,57.6511],[11.8105,57.6455],[11.7973,57.6405]]],[[[28.6639,60.5161],[28.6669,60.5243],[28.6781,60.5181],[28.6639,60.5161]]],[[[18.5913,63.0301],[18.5941,63.0411],[18.6027,63.0369],[18.5913,63.0301]]],[[[49.4455,39.8031],[49.4451,39.8125],[49.4501,39.8047],[49.4455,39.8031]]],[[[50.0523,40.3047],[50.0461,40.3095],[50.0561,40.3071],[50.0523,40.3047]]],[[[23.6109,59.9049],[23.6071,59.9143],[23.6211,59.9047],[23.6109,59.9049]]],[[[19.1701,59.6861],[19.1753,59.6911],[19.1769,59.6885],[19.1701,59.6861]]],[[[12.1991,45.2927],[12.1861,45.2909],[12.1973,45.2953],[12.1991,45.2927]]],[[[4.7869,61.6085],[4.7947,61.6159],[4.7983,61.6125],[4.7869,61.6085]]],[[[5.8989,59.0191],[5.8921,59.0295],[5.9021,59.0273],[5.8989,59.0191]]],[[[26.8973,35.4511],[26.9057,35.4609],[26.9085,35.4577],[26.8973,35.4511]]],[[[4.9743,61.3865],[4.9791,61.3791],[4.9627,61.3831],[4.9743,61.3865]]],[[[114.2421,22.4487],[114.2503,22.4559],[114.2519,22.4477],[114.2421,22.4487]]],[[[10.5301,59.0561],[10.5235,59.0699],[10.5311,59.0637],[10.5301,59.0561]]],[[[-10.2173,51.7455],[-10.2154,51.7383],[-10.2284,51.7361],[-10.2173,51.7455]]],[[[19.4249,63.4579],[19.4113,63.4475],[19.4121,63.4579],[19.4249,63.4579]]],[[[21.6063,63.2553],[21.6061,63.2673],[21.6121,63.2625],[21.6063,63.2553]]],[[[36.1093,64.3465],[36.0989,64.3523],[36.1257,64.3495],[36.1093,64.3465]]],[[[5.2091,61.8127],[5.2195,61.8197],[5.2269,61.8185],[5.2091,61.8127]]],[[[12.2459,45.3637],[12.2435,45.3737],[12.2557,45.3625],[12.2459,45.3637]]],[[[-1.8359,48.8745],[-1.8271,48.8775],[-1.8245,48.8747],[-1.8359,48.8745]]],[[[40.2845,64.6589],[40.2877,64.6701],[40.2915,64.6589],[40.2845,64.6589]]],[[[-10.1496,53.5017],[-10.1532,53.5071],[-10.1375,53.5037],[-10.1496,53.5017]]],[[[15.5223,43.8305],[15.5137,43.8381],[15.5255,43.8313],[15.5223,43.8305]]],[[[21.3819,61.6755],[21.3777,61.6851],[21.3879,61.6753],[21.3819,61.6755]]],[[[6.3679,62.7455],[6.3727,62.7525],[6.3883,62.7479],[6.3679,62.7455]]],[[[4.9543,60.4503],[4.9663,60.4475],[4.9625,60.4407],[4.9543,60.4503]]],[[[31.1121,70.3661],[31.1211,70.3763],[31.1245,70.3697],[31.1121,70.3661]]],[[[5.1419,59.6321],[5.1423,59.6475],[5.1499,59.6359],[5.1419,59.6321]]],[[[13.7867,68.3273],[13.7941,68.3357],[13.8149,68.3317],[13.7867,68.3273]]],[[[22.6587,65.4651],[22.6569,65.4731],[22.6613,65.4665],[22.6587,65.4651]]],[[[18.5735,59.1239],[18.5577,59.1107],[18.5525,59.1119],[18.5735,59.1239]]],[[[29.6329,44.8691],[29.6257,44.8557],[29.6291,44.8719],[29.6329,44.8691]]],[[[13.1697,54.5085],[13.1587,54.5071],[13.1579,54.5123],[13.1697,54.5085]]],[[[21.6913,60.5635],[21.6959,60.5723],[21.6995,60.5577],[21.6913,60.5635]]],[[[27.0307,60.4931],[27.0301,60.5055],[27.0331,60.4993],[27.0307,60.4931]]],[[[19.6351,60.2991],[19.6405,60.3093],[19.6411,60.3005],[19.6351,60.2991]]],[[[14.1921,68.2321],[14.1821,68.2205],[14.1819,68.2325],[14.1921,68.2321]]],[[[7.6169,57.9667],[7.6139,57.9757],[7.6277,57.9749],[7.6169,57.9667]]],[[[18.3063,59.0797],[18.2873,59.0765],[18.2775,59.0771],[18.3063,59.0797]]],[[[-10.4108,51.8419],[-10.398,51.8457],[-10.4174,51.8341],[-10.4108,51.8419]]],[[[6.3979,62.7601],[6.3889,62.7539],[6.3833,62.7547],[6.3979,62.7601]]],[[[18.7987,59.3835],[18.7973,59.3895],[18.8003,59.3867],[18.7987,59.3835]]],[[[13.9283,54.2507],[13.9169,54.2413],[13.9131,54.2419],[13.9283,54.2507]]],[[[8.3357,63.5173],[8.3255,63.5119],[8.3111,63.5169],[8.3357,63.5173]]],[[[18.6779,59.4701],[18.6893,59.4819],[18.6937,59.4799],[18.6779,59.4701]]],[[[35.0161,64.6555],[35.0023,64.6471],[34.9947,64.6515],[35.0161,64.6555]]],[[[15.3057,43.7791],[15.2967,43.7857],[15.3109,43.7835],[15.3057,43.7791]]],[[[15.3997,43.8853],[15.3935,43.8951],[15.4087,43.8867],[15.3997,43.8853]]],[[[21.6993,60.3885],[21.7021,60.3967],[21.7083,60.3883],[21.6993,60.3885]]],[[[11.6925,57.6895],[11.6923,57.7007],[11.6989,57.6907],[11.6925,57.6895]]],[[[22.8245,63.8605],[22.8141,63.8691],[22.8361,63.8643],[22.8245,63.8605]]],[[[11.2173,58.3275],[11.2235,58.3421],[11.2255,58.3381],[11.2173,58.3275]]],[[[-5.6189,54.4499],[-5.6286,54.4547],[-5.6181,54.4557],[-5.6189,54.4499]]],[[[119.1285,39.2977],[119.1185,39.2909],[119.1275,39.2993],[119.1285,39.2977]]],[[[29.0461,40.9185],[29.0517,40.9205],[29.0543,40.9093],[29.0461,40.9185]]],[[[5.2619,61.9829],[5.2589,61.9939],[5.2669,61.9851],[5.2619,61.9829]]],[[[12.4063,66.0161],[12.4101,66.0249],[12.4213,66.0227],[12.4063,66.0161]]],[[[7.5887,57.9871],[7.5881,57.9929],[7.6019,57.9883],[7.5887,57.9871]]],[[[21.2539,59.9941],[21.2405,59.9945],[21.2429,59.9989],[21.2539,59.9941]]],[[[21.4007,62.9305],[21.4029,62.9201],[21.3951,62.9279],[21.4007,62.9305]]],[[[24.3669,60.0017],[24.3669,60.0133],[24.3731,60.0147],[24.3669,60.0017]]],[[[22.5123,60.0089],[22.5137,60.0033],[22.5089,60.0055],[22.5123,60.0089]]],[[[15.2277,43.8541],[15.2273,43.8613],[15.2359,43.8555],[15.2277,43.8541]]],[[[35.0797,64.7537],[35.0799,64.7469],[35.0675,64.7531],[35.0797,64.7537]]],[[[26.9621,60.3699],[26.9617,60.3791],[26.9649,60.3743],[26.9621,60.3699]]],[[[16.8457,58.1249],[16.8491,58.1355],[16.8569,58.1329],[16.8457,58.1249]]],[[[-6.6532,57.5143],[-6.6516,57.5263],[-6.6448,57.5139],[-6.6532,57.5143]]],[[[20.5225,60.2699],[20.5127,60.2585],[20.5111,60.2661],[20.5225,60.2699]]],[[[10.5463,59.6965],[10.5473,59.7087],[10.5497,59.6973],[10.5463,59.6965]]],[[[12.2019,45.3461],[12.1935,45.3423],[12.2023,45.3497],[12.2019,45.3461]]],[[[23.1767,65.7371],[23.1769,65.7275],[23.1705,65.7341],[23.1767,65.7371]]],[[[21.3235,60.7739],[21.3143,60.7683],[21.3131,60.7751],[21.3235,60.7739]]],[[[11.2423,64.7993],[11.2407,64.7927],[11.2341,64.7931],[11.2423,64.7993]]],[[[22.6193,59.9369],[22.6049,59.9455],[22.6223,59.9385],[22.6193,59.9369]]],[[[5.5935,60.6889],[5.5979,60.6935],[5.6067,60.6769],[5.5935,60.6889]]],[[[22.6401,60.0085],[22.6483,60.0141],[22.6527,60.0121],[22.6401,60.0085]]],[[[-5.7136,56.2379],[-5.7233,56.2297],[-5.7307,56.2329],[-5.7136,56.2379]]],[[[7.5823,57.9835],[7.5907,57.9761],[7.5791,57.9807],[7.5823,57.9835]]],[[[107.1387,21.0205],[107.1397,21.0281],[107.1503,21.0265],[107.1387,21.0205]]],[[[21.5201,60.5675],[21.5041,60.5735],[21.5231,60.5693],[21.5201,60.5675]]],[[[32.9073,66.7145],[32.8935,66.7065],[32.8875,66.7077],[32.9073,66.7145]]],[[[12.2975,65.4771],[12.2853,65.4663],[12.2783,65.4669],[12.2975,65.4771]]],[[[12.0439,65.4585],[12.0221,65.4549],[12.0491,65.4623],[12.0439,65.4585]]],[[[-1.3673,60.0205],[-1.3625,60.0253],[-1.3538,60.0251],[-1.3673,60.0205]]],[[[24.0267,60.0145],[24.0179,60.0145],[24.0433,60.0191],[24.0267,60.0145]]],[[[22.8719,60.0715],[22.8633,60.0771],[22.8837,60.0755],[22.8719,60.0715]]],[[[8.2821,63.6675],[8.3011,63.6747],[8.3099,63.6709],[8.2821,63.6675]]],[[[16.6283,57.8917],[16.6301,57.8845],[16.6191,57.8909],[16.6283,57.8917]]],[[[7.7915,63.1347],[7.7719,63.1285],[7.7679,63.1299],[7.7915,63.1347]]],[[[11.4815,64.9853],[11.4901,64.9743],[11.4771,64.9777],[11.4815,64.9853]]],[[[21.0247,60.5257],[21.0245,60.5359],[21.0359,60.5273],[21.0247,60.5257]]],[[[20.6127,60.3917],[20.6133,60.3989],[20.6295,60.3919],[20.6127,60.3917]]],[[[10.9617,58.9763],[10.9533,58.9883],[10.9653,58.9817],[10.9617,58.9763]]],[[[26.3963,36.5575],[26.3949,36.5679],[26.4003,36.5573],[26.3963,36.5575]]],[[[35.0297,64.9803],[35.0329,64.9903],[35.0391,64.9801],[35.0297,64.9803]]],[[[20.2803,60.3583],[20.2775,60.3469],[20.2729,60.3503],[20.2803,60.3583]]],[[[12.0463,65.8291],[12.0421,65.8193],[12.0323,65.8199],[12.0463,65.8291]]],[[[21.2963,62.0711],[21.2891,62.0843],[21.2979,62.0821],[21.2963,62.0711]]],[[[5.2603,60.1339],[5.2501,60.1449],[5.2631,60.1369],[5.2603,60.1339]]],[[[139.8385,35.6233],[139.8477,35.6285],[139.8469,35.6227],[139.8385,35.6233]]],[[[15.9061,43.6755],[15.9091,43.6817],[15.9189,43.6745],[15.9061,43.6755]]],[[[9.2585,41.3389],[9.2521,41.3483],[9.2607,41.3425],[9.2585,41.3389]]],[[[-8.7068,40.7049],[-8.7129,40.6933],[-8.6913,40.7167],[-8.7068,40.7049]]],[[[9.8063,63.8797],[9.8087,63.8855],[9.8273,63.8823],[9.8063,63.8797]]],[[[18.6265,60.1699],[18.6179,60.1789],[18.6353,60.1703],[18.6265,60.1699]]],[[[-8.9019,42.2233],[-8.909,42.2149],[-8.9097,42.2207],[-8.9019,42.2233]]],[[[17.5195,58.8061],[17.5209,58.8179],[17.5279,58.8081],[17.5195,58.8061]]],[[[26.2287,35.8639],[26.2305,35.8735],[26.2375,35.8729],[26.2287,35.8639]]],[[[18.6117,59.4303],[18.6091,59.4391],[18.6209,59.4309],[18.6117,59.4303]]],[[[13.0993,66.7557],[13.1037,66.7643],[13.1171,66.7657],[13.0993,66.7557]]],[[[21.7525,60.4203],[21.7527,60.4277],[21.7613,60.4207],[21.7525,60.4203]]],[[[5.7795,43.0759],[5.7811,43.0865],[5.7891,43.0835],[5.7795,43.0759]]],[[[24.1327,65.6711],[24.1281,65.6661],[24.1097,65.6751],[24.1327,65.6711]]],[[[6.6791,62.7189],[6.6577,62.7123],[6.6531,62.7169],[6.6791,62.7189]]],[[[25.1371,65.1371],[25.1241,65.1317],[25.1283,65.1427],[25.1371,65.1371]]],[[[5.1321,59.8141],[5.1273,59.8241],[5.1401,59.8141],[5.1321,59.8141]]],[[[12.5431,66.3723],[12.5211,66.3641],[12.5451,66.3743],[12.5431,66.3723]]],[[[14.8759,67.9163],[14.8719,67.9081],[14.8611,67.9093],[14.8759,67.9163]]],[[[11.2299,64.7701],[11.2409,64.7773],[11.2449,64.7743],[11.2299,64.7701]]],[[[28.5363,60.6501],[28.5317,60.6607],[28.5415,60.6539],[28.5363,60.6501]]],[[[22.4063,60.1383],[22.3891,60.1301],[22.3879,60.1321],[22.4063,60.1383]]],[[[12.8283,55.8605],[12.8227,55.8539],[12.8163,55.8637],[12.8283,55.8605]]],[[[12.2327,45.2889],[12.2209,45.2825],[12.2193,45.2843],[12.2327,45.2889]]],[[[8.5857,63.7239],[8.5639,63.7183],[8.5743,63.7267],[8.5857,63.7239]]],[[[22.0955,60.1559],[22.0785,60.1505],[22.0729,60.1519],[22.0955,60.1559]]],[[[15.2745,43.9217],[15.2727,43.9261],[15.2757,43.9235],[15.2745,43.9217]]],[[[23.0111,38.1827],[23.0125,38.1865],[23.0169,38.1845],[23.0111,38.1827]]],[[[4.9659,61.2333],[4.9903,61.2307],[4.9755,61.2277],[4.9659,61.2333]]],[[[18.7543,59.4935],[18.7319,59.4905],[18.7291,59.4925],[18.7543,59.4935]]],[[[106.8823,20.9711],[106.8873,20.9743],[106.8877,20.9693],[106.8823,20.9711]]],[[[8.7285,54.4675],[8.7355,54.4729],[8.7491,54.4725],[8.7285,54.4675]]],[[[21.2171,60.8265],[21.2135,60.8383],[21.2231,60.8265],[21.2171,60.8265]]],[[[5.1075,59.6949],[5.1097,59.6879],[5.1167,59.6973],[5.1075,59.6949]]],[[[22.4755,58.1509],[22.4693,58.1361],[22.4657,58.1375],[22.4755,58.1509]]],[[[108.8553,21.7259],[108.8491,21.7183],[108.8541,21.7289],[108.8553,21.7259]]],[[[21.7161,60.3357],[21.7411,60.3353],[21.7433,60.3333],[21.7161,60.3357]]],[[[18.4647,59.2967],[18.4761,59.2987],[18.4835,59.2939],[18.4647,59.2967]]],[[[12.1219,65.9227],[12.1173,65.9095],[12.1121,65.9111],[12.1219,65.9227]]],[[[22.9655,60.3207],[22.9867,60.3283],[22.9727,60.3185],[22.9655,60.3207]]],[[[19.3401,60.1979],[19.3533,60.1989],[19.3487,60.1895],[19.3401,60.1979]]],[[[10.9815,55.3343],[10.9573,55.3293],[10.9563,55.3311],[10.9815,55.3343]]],[[[10.4839,59.4365],[10.4855,59.4477],[10.4889,59.4453],[10.4839,59.4365]]],[[[18.5325,59.0839],[18.5291,59.0721],[18.5223,59.0803],[18.5325,59.0839]]],[[[11.1399,58.7297],[11.1385,58.7381],[11.1433,58.7317],[11.1399,58.7297]]],[[[5.1045,61.5015],[5.1027,61.5077],[5.1105,61.5047],[5.1045,61.5015]]],[[[139.7355,35.5061],[139.7297,35.4969],[139.7263,35.5019],[139.7355,35.5061]]],[[[23.2101,39.1653],[23.2035,39.1611],[23.2119,39.1751],[23.2101,39.1653]]],[[[21.3697,60.6491],[21.3581,60.6635],[21.3717,60.6525],[21.3697,60.6491]]],[[[18.7115,59.4461],[18.7281,59.4521],[18.7285,59.4481],[18.7115,59.4461]]],[[[6.3507,62.4865],[6.3661,62.4931],[6.3713,62.4909],[6.3507,62.4865]]],[[[11.3887,64.9201],[11.3735,64.9127],[11.3633,64.9133],[11.3887,64.9201]]],[[[20.2535,63.6899],[20.2437,63.6803],[20.2499,63.6899],[20.2535,63.6899]]],[[[11.4981,54.0231],[11.4973,54.0321],[11.5025,54.0301],[11.4981,54.0231]]],[[[-2.885,58.8911],[-2.8991,58.8837],[-2.9043,58.8841],[-2.885,58.8911]]],[[[24.4375,38.8247],[24.4327,38.8377],[24.4371,38.8361],[24.4375,38.8247]]],[[[21.2209,62.9033],[21.2151,62.9113],[21.2339,62.9053],[21.2209,62.9033]]],[[[17.1805,61.4367],[17.1823,61.4457],[17.1831,61.4399],[17.1805,61.4367]]],[[[33.5299,45.8737],[33.5391,45.8831],[33.5429,45.8817],[33.5299,45.8737]]],[[[10.8909,64.5467],[10.8719,64.5543],[10.8929,64.5487],[10.8909,64.5467]]],[[[13.2505,66.8653],[13.2439,66.8519],[13.2391,66.8521],[13.2505,66.8653]]],[[[12.2165,45.3751],[12.2103,45.3841],[12.2203,45.3843],[12.2165,45.3751]]],[[[22.0405,63.2561],[22.0387,63.2661],[22.0439,63.2565],[22.0405,63.2561]]],[[[-7.1778,57.6321],[-7.1728,57.6373],[-7.1707,57.6333],[-7.1778,57.6321]]],[[[20.9321,60.0287],[20.9195,60.0231],[20.9309,60.0323],[20.9321,60.0287]]],[[[-1.386,60.1103],[-1.3818,60.1205],[-1.3727,60.1157],[-1.386,60.1103]]],[[[18.7567,63.0803],[18.7499,63.0697],[18.7499,63.0809],[18.7567,63.0803]]],[[[12.2025,45.3009],[12.2147,45.3113],[12.2177,45.3095],[12.2025,45.3009]]],[[[12.7261,66.2343],[12.7035,66.2337],[12.7305,66.2391],[12.7261,66.2343]]],[[[4.9837,60.3319],[4.9819,60.3445],[4.9879,60.3337],[4.9837,60.3319]]],[[[18.6269,63.1255],[18.6311,63.1343],[18.6363,63.1245],[18.6269,63.1255]]],[[[19.7803,60.3727],[19.7853,60.3793],[19.7843,60.3647],[19.7803,60.3727]]],[[[139.7505,35.5121],[139.7439,35.5045],[139.7437,35.5091],[139.7505,35.5121]]],[[[12.3129,66.2265],[12.3247,66.2329],[12.3347,66.2307],[12.3129,66.2265]]],[[[1.2017,38.9573],[1.1977,38.9627],[1.2039,38.9591],[1.2017,38.9573]]],[[[12.0685,65.7563],[12.0457,65.7489],[12.0711,65.7583],[12.0685,65.7563]]],[[[16.7779,58.3697],[16.7845,58.3807],[16.7895,58.3731],[16.7779,58.3697]]],[[[21.5249,63.1313],[21.5071,63.1323],[21.5063,63.1381],[21.5249,63.1313]]],[[[16.9543,58.3213],[16.9565,58.3135],[16.9485,58.3201],[16.9543,58.3213]]],[[[18.3247,59.1181],[18.3031,59.1113],[18.3017,59.1133],[18.3247,59.1181]]],[[[9.9535,64.1117],[9.9595,64.1179],[9.9773,64.1175],[9.9535,64.1117]]],[[[18.4911,62.8731],[18.4891,62.8857],[18.4985,62.8769],[18.4911,62.8731]]],[[[12.5139,66.3801],[12.4955,66.3745],[12.5159,66.3825],[12.5139,66.3801]]],[[[20.7501,38.7193],[20.7419,38.7093],[20.7391,38.7103],[20.7501,38.7193]]],[[[-8.4641,54.9875],[-8.4754,54.9987],[-8.4587,54.9905],[-8.4641,54.9875]]],[[[6.7927,62.7887],[6.7925,62.7971],[6.7985,62.7929],[6.7927,62.7887]]],[[[-10.6012,52.0597],[-10.6043,52.0649],[-10.6019,52.0639],[-10.6012,52.0597]]],[[[4.7679,60.6867],[4.7497,60.6913],[4.7695,60.6903],[4.7679,60.6867]]],[[[21.9423,65.2735],[21.9487,65.2799],[21.9515,65.2763],[21.9423,65.2735]]],[[[20.7229,60.2611],[20.7343,60.2683],[20.7319,60.2557],[20.7229,60.2611]]],[[[7.1533,62.8351],[7.1339,62.8299],[7.1281,62.8327],[7.1533,62.8351]]],[[[4.7313,60.7113],[4.7269,60.7187],[4.7523,60.7085],[4.7313,60.7113]]],[[[14.4267,44.5569],[14.4259,44.5433],[14.4233,44.5551],[14.4267,44.5569]]],[[[12.0561,65.8207],[12.0495,65.8071],[12.0449,65.8083],[12.0561,65.8207]]],[[[6.9631,62.9433],[6.9489,62.9371],[6.9475,62.9393],[6.9631,62.9433]]],[[[25.0533,60.0989],[25.0657,60.1061],[25.0737,60.1051],[25.0533,60.0989]]],[[[17.1637,61.5989],[17.1639,61.6041],[17.1667,61.6011],[17.1637,61.5989]]],[[[-5.6955,56.2261],[-5.6958,56.2385],[-5.6925,56.2395],[-5.6955,56.2261]]],[[[-5.6569,54.3731],[-5.6657,54.3779],[-5.6548,54.3777],[-5.6569,54.3731]]],[[[10.7477,64.5045],[10.7591,64.5135],[10.7611,64.5021],[10.7477,64.5045]]],[[[5.0787,60.7373],[5.0935,60.7363],[5.0965,60.7295],[5.0787,60.7373]]],[[[11.1369,63.7377],[11.1193,63.7343],[11.1373,63.7447],[11.1369,63.7377]]],[[[24.7851,40.6639],[24.7869,40.6735],[24.7901,40.6753],[24.7851,40.6639]]],[[[17.6397,63.1629],[17.6317,63.1681],[17.6551,63.1617],[17.6397,63.1629]]],[[[-5.7854,57.1471],[-5.7936,57.1527],[-5.7849,57.1533],[-5.7854,57.1471]]],[[[50.4537,40.3973],[50.4567,40.4059],[50.4625,40.3977],[50.4537,40.3973]]],[[[17.4779,58.6861],[17.4813,58.6927],[17.4893,58.6815],[17.4779,58.6861]]],[[[5.0745,60.6073],[5.0695,60.6137],[5.0891,60.6067],[5.0745,60.6073]]],[[[12.2977,65.6633],[12.2853,65.6555],[12.2947,65.6651],[12.2977,65.6633]]],[[[16.1725,68.0491],[16.1509,68.0577],[16.1761,68.0509],[16.1725,68.0491]]],[[[22.2417,63.3147],[22.2443,63.3237],[22.2513,63.3103],[22.2417,63.3147]]],[[[10.4555,59.1693],[10.4627,59.1685],[10.4575,59.1583],[10.4555,59.1693]]],[[[5.1831,60.1417],[5.1843,60.1505],[5.1901,60.1437],[5.1831,60.1417]]],[[[-7.3705,57.4019],[-7.3745,57.3999],[-7.3615,57.4179],[-7.3705,57.4019]]],[[[18.8501,59.3213],[18.8631,59.3267],[18.8689,59.3209],[18.8501,59.3213]]],[[[4.9443,60.3779],[4.9507,60.3661],[4.9395,60.3759],[4.9443,60.3779]]],[[[11.2347,58.5915],[11.2289,58.6003],[11.2411,58.5895],[11.2347,58.5915]]],[[[12.3425,66.0879],[12.3247,66.0829],[12.3429,66.0911],[12.3425,66.0879]]],[[[18.5269,57.1257],[18.5125,57.1215],[18.5287,57.1277],[18.5269,57.1257]]],[[[-6.1435,55.6221],[-6.1582,55.6197],[-6.1347,55.6243],[-6.1435,55.6221]]],[[[-7.2403,55.4315],[-7.2327,55.4365],[-7.2199,55.4331],[-7.2403,55.4315]]],[[[29.1273,40.8351],[29.1227,40.8297],[29.1175,40.8325],[29.1273,40.8351]]],[[[0.6355,51.4237],[0.6333,51.4171],[0.6261,51.4249],[0.6355,51.4237]]],[[[10.3371,55.0399],[10.3285,55.0365],[10.3423,55.0465],[10.3371,55.0399]]],[[[12.3365,65.8711],[12.3195,65.8587],[12.3179,65.8611],[12.3365,65.8711]]],[[[18.6271,59.0951],[18.6355,59.0909],[18.6303,59.0859],[18.6271,59.0951]]],[[[-7.1291,57.6131],[-7.1214,57.6197],[-7.1204,57.6101],[-7.1291,57.6131]]],[[[7.1409,62.8233],[7.1253,62.8279],[7.1455,62.8291],[7.1409,62.8233]]],[[[18.7819,59.6637],[18.7743,59.6681],[18.7917,59.6707],[18.7819,59.6637]]],[[[36.4391,64.2887],[36.4313,64.2963],[36.4499,64.2897],[36.4391,64.2887]]],[[[21.2613,62.2975],[21.2565,62.2997],[21.2719,62.3111],[21.2613,62.2975]]],[[[15.2745,43.8009],[15.2757,43.8057],[15.2775,43.8035],[15.2745,43.8009]]],[[[22.4283,60.1349],[22.4163,60.1347],[22.4279,60.1377],[22.4283,60.1349]]],[[[16.7241,42.9139],[16.7405,42.9099],[16.7365,42.9065],[16.7241,42.9139]]],[[[12.0879,65.9107],[12.0773,65.9033],[12.0789,65.9143],[12.0879,65.9107]]],[[[4.5851,43.4063],[4.5783,43.3977],[4.5705,43.3999],[4.5851,43.4063]]],[[[8.3511,63.5639],[8.3561,63.5721],[8.3707,63.5743],[8.3511,63.5639]]],[[[9.2745,58.7239],[9.2603,58.7185],[9.2655,58.7281],[9.2745,58.7239]]],[[[-6.3333,57.8991],[-6.3407,57.9079],[-6.3299,57.8999],[-6.3333,57.8991]]],[[[5.3175,60.1543],[5.3239,60.1649],[5.3253,60.1639],[5.3175,60.1543]]],[[[21.0557,38.3479],[21.0599,38.3561],[21.0601,38.3487],[21.0557,38.3479]]],[[[3.9747,51.7987],[3.9617,51.7973],[3.9621,51.8015],[3.9747,51.7987]]],[[[6.1589,62.5081],[6.1733,62.5177],[6.1779,62.5165],[6.1589,62.5081]]],[[[11.0555,54.8475],[11.0591,54.8585],[11.0641,54.8517],[11.0555,54.8475]]],[[[21.6639,60.4829],[21.6691,60.4895],[21.6733,60.4831],[21.6639,60.4829]]],[[[15.7451,42.2249],[15.7457,42.2297],[15.7553,42.2275],[15.7451,42.2249]]],[[[19.5431,60.2747],[19.5349,60.2757],[19.5381,60.2809],[19.5431,60.2747]]],[[[12.0601,66.0839],[12.0485,66.0719],[12.0463,66.0733],[12.0601,66.0839]]],[[[18.7283,59.2397],[18.7309,59.2275],[18.7225,59.2343],[18.7283,59.2397]]],[[[16.9253,58.2279],[16.9289,58.2313],[16.9405,58.2287],[16.9253,58.2279]]],[[[22.6767,65.4913],[22.6911,65.4917],[22.6987,65.4849],[22.6767,65.4913]]],[[[14.5761,44.6679],[14.5733,44.6747],[14.5843,44.6657],[14.5761,44.6679]]],[[[10.7145,55.9341],[10.6975,55.9269],[10.6945,55.9285],[10.7145,55.9341]]],[[[20.9993,37.2555],[20.9999,37.2633],[21.0037,37.2589],[20.9993,37.2555]]],[[[11.6509,54.9081],[11.6327,54.9031],[11.6401,54.9095],[11.6509,54.9081]]],[[[13.1177,54.5415],[13.1253,54.5495],[13.1257,54.5445],[13.1177,54.5415]]],[[[-8.8374,41.8857],[-8.8483,41.8807],[-8.8378,41.8883],[-8.8374,41.8857]]],[[[13.9515,67.0717],[13.9453,67.0761],[13.9485,67.0767],[13.9515,67.0717]]],[[[21.3365,60.5743],[21.3235,60.5709],[21.3229,60.5737],[21.3365,60.5743]]],[[[11.2179,58.3467],[11.2161,58.3563],[11.2261,58.3515],[11.2179,58.3467]]],[[[-3.934,48.6979],[-3.9306,48.6987],[-3.9287,48.6855],[-3.934,48.6979]]],[[[12.2489,45.3807],[12.2451,45.3881],[12.2545,45.3867],[12.2489,45.3807]]],[[[-5.6345,54.4255],[-5.6439,54.4177],[-5.6361,54.4269],[-5.6345,54.4255]]],[[[35.9899,64.9895],[36.0001,64.9921],[36.0001,64.9875],[35.9899,64.9895]]],[[[21.5493,60.3221],[21.5475,60.3283],[21.5529,60.3251],[21.5493,60.3221]]],[[[10.9669,59.0993],[10.9573,59.0947],[10.9633,59.1025],[10.9669,59.0993]]],[[[28.5993,60.6517],[28.6039,60.6599],[28.6115,60.6587],[28.5993,60.6517]]],[[[22.6659,59.9381],[22.6633,59.9455],[22.6701,59.9403],[22.6659,59.9381]]],[[[36.2437,64.3127],[36.2381,64.3237],[36.2527,64.3117],[36.2437,64.3127]]],[[[-9.3958,51.4935],[-9.3951,51.5023],[-9.3927,51.4953],[-9.3958,51.4935]]],[[[23.4289,59.8565],[23.4291,59.8641],[23.4363,59.8603],[23.4289,59.8565]]],[[[-9.1072,53.1499],[-9.1153,53.1435],[-9.1162,53.1487],[-9.1072,53.1499]]],[[[12.6213,65.8743],[12.6209,65.8837],[12.6273,65.8835],[12.6213,65.8743]]],[[[3.7253,51.6507],[3.7267,51.6569],[3.7323,51.6541],[3.7253,51.6507]]],[[[21.1963,60.3175],[21.1913,60.3101],[21.1911,60.3173],[21.1963,60.3175]]],[[[12.1283,65.4217],[12.1217,65.4131],[12.1201,65.4229],[12.1283,65.4217]]],[[[28.6759,60.5151],[28.6673,60.5095],[28.6645,60.5115],[28.6759,60.5151]]],[[[-9.6365,53.8195],[-9.6364,53.8165],[-9.6465,53.8205],[-9.6365,53.8195]]],[[[13.4099,45.7003],[13.4005,45.6949],[13.4099,45.7019],[13.4099,45.7003]]],[[[10.5757,59.1985],[10.5783,59.2019],[10.5781,59.1939],[10.5757,59.1985]]],[[[18.8105,59.1499],[18.8089,59.1561],[18.8183,59.1543],[18.8105,59.1499]]],[[[24.0381,65.6105],[24.0277,65.6029],[24.0389,65.6153],[24.0381,65.6105]]],[[[21.2929,38.3539],[21.2889,38.3565],[21.2917,38.3565],[21.2929,38.3539]]],[[[-1.2008,60.2581],[-1.2069,60.2557],[-1.1896,60.2585],[-1.2008,60.2581]]],[[[-6.9228,58.2253],[-6.914,58.2303],[-6.9141,58.2245],[-6.9228,58.2253]]],[[[15.4533,43.0881],[15.4543,43.0925],[15.4599,43.0883],[15.4533,43.0881]]],[[[18.5389,59.0191],[18.5385,59.0259],[18.5485,59.0273],[18.5389,59.0191]]],[[[-6.5517,57.5987],[-6.5371,57.5995],[-6.5337,57.5961],[-6.5517,57.5987]]],[[[19.5001,40.9569],[19.5057,40.9613],[19.5043,40.9561],[19.5001,40.9569]]],[[[10.8793,37.1083],[10.8809,37.1133],[10.8821,37.1101],[10.8793,37.1083]]],[[[12.3187,44.8015],[12.3185,44.8027],[12.3401,44.7999],[12.3187,44.8015]]],[[[-7.2429,57.3265],[-7.2417,57.3315],[-7.2379,57.3273],[-7.2429,57.3265]]],[[[-7.3326,57.1549],[-7.3279,57.1593],[-7.3229,57.1547],[-7.3326,57.1549]]],[[[9.1551,64.0001],[9.1781,64.0001],[9.1599,63.9973],[9.1551,64.0001]]],[[[-5.9493,56.6827],[-5.9449,56.6899],[-5.9415,56.6823],[-5.9493,56.6827]]],[[[21.3821,60.7707],[21.3935,60.7709],[21.3931,60.7677],[21.3821,60.7707]]],[[[19.5145,40.9561],[19.5165,40.9603],[19.5175,40.9571],[19.5145,40.9561]]],[[[-7.2228,57.4565],[-7.229,57.4615],[-7.2191,57.4571],[-7.2228,57.4565]]],[[[-9.622,53.8519],[-9.6074,53.8535],[-9.6065,53.8523],[-9.622,53.8519]]],[[[-9.9025,51.8105],[-9.9106,51.8057],[-9.9114,51.8069],[-9.9025,51.8105]]],[[[-9.6291,53.8059],[-9.6294,53.8105],[-9.6272,53.8075],[-9.6291,53.8059]]],[[[-7.3084,57.1459],[-7.3071,57.1493],[-7.3003,57.1471],[-7.3084,57.1459]]],[[[-7.2595,57.1441],[-7.2528,57.1467],[-7.2519,57.1445],[-7.2595,57.1441]]],[[[20.9985,60.2461],[21.0001,60.2519],[21.0001,60.2447],[20.9985,60.2461]]],[[[-5.2371,51.7225],[-5.2307,51.7267],[-5.2317,51.7227],[-5.2371,51.7225]]],[[[27.3591,70.8327],[27.3661,70.8337],[27.3821,70.8303],[27.3591,70.8327]]],[[[29.4069,70.7283],[29.4085,70.7313],[29.4145,70.7289],[29.4069,70.7283]]],[[[-5.7871,57.0457],[-5.7832,57.0469],[-5.7835,57.0447],[-5.7871,57.0457]]],[[[-9.574,53.8067],[-9.5672,53.8069],[-9.566,53.8053],[-9.574,53.8067]]],[[[-9.632,53.8557],[-9.6288,53.8565],[-9.6244,53.8543],[-9.632,53.8557]]],[[[-10.196,53.4127],[-10.1883,53.4117],[-10.1969,53.4115],[-10.196,53.4127]]],[[[108.3641,21.6815],[108.3657,21.6833],[108.3659,21.6809],[108.3641,21.6815]]],[[[-1.373,60.3029],[-1.3684,60.3019],[-1.3727,60.3017],[-1.373,60.3029]]],[[[20.9989,63.8043],[21.0001,63.8077],[21.0001,63.8033],[20.9989,63.8043]]]]}},{"type":"Feature","properties":{"birdlifeId":"22712252","scientificName":"Hirundo rustica","rangeType":"wintering","speciesId":"avibase-58C502EA","speciesName":"Barn Swallow","speciesLatin":"Hirundo rustica"},"geometry":{"type":"MultiPolygon","coordinates":[[[[50.2699,11.5843],[50.7739,11.9845],[50.7989,11.9837],[51.0545,11.8727],[51.2847,11.8337],[51.0741,11.2625],[51.1693,10.5737],[51.0173,10.4197],[51.2337,10.4321],[51.1777,10.5605],[51.4131,10.4397],[50.8993,10.3101],[50.8271,9.4177],[49.8399,7.9641],[48.9857,6.0453],[47.9685,4.4757],[46.0021,2.4233],[44.6045,1.5965],[42.1649,-0.8084],[41.9929,-0.724],[42.0715,-0.9005],[41.9789,-1.0075],[41.9725,-0.9063],[41.9485,-0.8803],[41.9131,-0.8734],[41.9083,-1.1927],[41.8001,-1.1411],[41.7665,-1.1427],[41.7025,-1.1983],[41.8437,-1.2311],[41.4227,-1.8483],[41.0259,-2.0498],[40.9825,-2.0172],[41.0147,-1.9026],[40.9863,-1.9081],[40.9409,-2.0797],[40.9203,-2.0],[40.8477,-1.9753],[40.9107,-2.0105],[40.8565,-2.073],[40.9155,-2.0779],[40.9885,-2.2545],[40.9617,-2.3067],[40.7713,-2.2534],[40.7717,-2.4516],[40.1891,-2.7287],[40.2449,-2.9857],[39.7781,-3.5876],[39.8741,-3.6952],[39.5657,-4.0454],[39.5435,-4.432],[39.1923,-4.6837],[38.7821,-6.003],[38.8267,-6.4228],[39.5525,-7.0219],[39.2801,-7.5069],[39.2515,-7.818],[39.4423,-7.8155],[39.4491,-8.0066],[39.2683,-8.3224],[39.4815,-9.0973],[39.6169,-9.0719],[39.7081,-9.9818],[40.4021,-10.2998],[40.3953,-10.5244],[40.6401,-10.6858],[40.3561,-11.3326],[40.5445,-12.0025],[40.4283,-12.5506],[40.6313,-12.7544],[40.4043,-12.9522],[40.5887,-12.9693],[40.5277,-14.1655],[40.7227,-14.1985],[40.6261,-14.5653],[40.8135,-14.4047],[40.8381,-14.83],[40.6185,-14.859],[40.7789,-14.9976],[40.5195,-15.1289],[40.6769,-15.2506],[40.5419,-15.5165],[39.9795,-16.2275],[39.7521,-16.2607],[39.8543,-16.4464],[39.0679,-17.0068],[38.0689,-17.1833],[36.9291,-17.962],[36.3163,-18.8749],[35.8629,-18.9558],[34.8859,-19.8509],[34.6307,-19.6631],[34.7819,-19.8515],[34.6025,-20.5247],[35.0025,-20.7434],[35.3435,-22.1861],[35.4987,-22.1017],[35.5245,-22.3105],[35.5325,-22.2063],[35.5467,-22.1725],[35.6047,-22.9265],[35.3301,-23.6792],[35.3417,-23.9952],[35.5515,-23.7922],[35.4821,-24.1555],[35.0915,-24.6258],[33.2191,-25.3402],[32.4525,-25.9756],[32.6697,-26.1223],[32.7045,-26.3193],[32.6779,-26.3454],[32.6695,-26.3664],[32.6695,-26.3863],[32.6799,-26.3949],[32.7113,-26.3164],[32.6897,-26.2002],[32.8855,-26.2845],[32.9627,-26.087],[32.4035,-28.5225],[31.4333,-29.1979],[29.9987,-31.3086],[27.8999,-33.0458],[26.5457,-33.7619],[25.6693,-33.7817],[25.6993,-34.0359],[25.0079,-33.9582],[24.8365,-34.2145],[23.6511,-33.9784],[23.4097,-34.1068],[22.5721,-33.9967],[21.7985,-34.3858],[20.7543,-34.3953],[20.8573,-34.4643],[20.5119,-34.4771],[20.0053,-34.8398],[19.2943,-34.6335],[19.1381,-34.3078],[18.8219,-34.385],[18.7911,-34.0853],[18.4347,-34.1289],[18.4895,-34.3562],[18.3799,-34.2719],[18.4371,-33.7022],[17.8457,-32.8247],[18.3133,-32.5652],[18.2007,-31.6698],[17.3583,-30.4813],[16.4733,-28.5835],[15.7037,-27.9903],[15.2985,-27.3283],[14.8293,-25.7455],[14.8773,-25.0899],[14.4575,-24.0687],[14.5029,-22.5382],[11.7553,-17.8973],[11.7453,-15.8296],[12.1515,-15.1842],[12.5341,-13.4128],[13.6545,-12.237],[13.8651,-11.0085],[12.9933,-9.0755],[13.4001,-8.7453],[13.3871,-8.3622],[12.2701,-6.1301],[12.8343,-6.0358],[12.9699,-5.9092],[12.4521,-6.0594],[12.2373,-5.825],[11.8043,-4.5891],[9.6249,-2.4087],[8.7005,-0.6697],[8.8423,-0.834],[9.2573,-0.4672],[9.3507,0.3559],[9.4767,0.1455],[9.7491,0.1099],[9.9269,0.1883],[9.3109,0.5177],[9.5033,0.6685],[9.6133,0.5175],[9.6653,1.0613],[9.3469,1.1745],[9.8153,1.9313],[9.9755,3.0843],[9.5455,3.8143],[9.7135,3.8537],[9.6997,4.1189],[9.4303,3.8829],[9.2161,3.9433],[8.9797,4.0967],[8.8999,4.5047],[8.6371,4.7189],[8.7133,4.5043],[8.5133,4.4971],[8.5519,4.7325],[8.2885,4.8531],[8.2793,4.5387],[5.9883,4.3103],[5.5667,4.6943],[5.3875,5.3913],[4.8805,6.0037],[4.4481,6.3445],[3.8279,6.4351],[1.4345,6.1829],[0.9249,5.7841],[0.2385,5.7609],[-2.0555,4.7411],[-3.9879,5.2463],[-6.1211,4.9985],[-7.7228,4.3683],[-9.0288,4.9769],[-10.0215,5.9439],[-10.7906,6.2925],[-10.7307,6.4197],[-11.3537,6.7071],[-11.5642,7.0011],[-12.5169,7.3877],[-12.4304,7.4189],[-12.3395,7.3769],[-12.3001,7.3823],[-12.4836,7.4491],[-12.3026,7.5281],[-12.5341,7.6539],[-12.475,7.7813],[-12.7021,7.7021],[-12.9195,7.8719],[-12.8018,7.9235],[-13.2967,8.4941],[-13.0922,8.4069],[-12.928,8.5641],[-13.1688,8.5247],[-13.216,8.8465],[-11.2475,8.2125],[-6.878,7.7593],[3.4825,7.9917],[5.1263,7.8183],[9.2657,6.6663],[10.1047,6.8661],[11.2281,6.7785],[12.0805,7.5799],[12.2795,7.4363],[13.3163,8.4953],[13.2669,8.8109],[14.1699,9.9281],[14.7469,9.8117],[14.9827,9.0363],[15.7463,8.4323],[20.3361,8.7053],[23.6893,8.3787],[27.9817,7.6197],[31.9387,8.1145],[43.4425,11.3621],[43.9567,10.6813],[44.6157,10.3821],[45.8075,10.8675],[46.4497,10.6807],[47.4221,11.1755],[49.4221,11.3337],[50.2699,11.5843]],[[29.5453,-11.3653],[29.7643,-11.4292],[29.9365,-11.2257],[29.8653,-10.8235],[29.6527,-10.9249],[29.5453,-11.3653]],[[29.3625,-0.7038],[29.5541,-0.6253],[29.8549,-0.3373],[29.9051,-0.1855],[29.9515,-0.1939],[29.9895,-0.1729],[30.0001,-0.1491],[29.5637,-0.1145],[29.3625,-0.7038]],[[32.9907,1.7281],[32.9125,1.8243],[32.7809,1.8699],[32.5939,1.6881],[32.4075,1.7019],[32.3185,1.6601],[32.3183,1.6193],[32.7737,1.3135],[32.7289,1.4129],[32.8943,1.3047],[32.9429,1.4409],[33.2691,1.2153],[33.3399,1.4241],[33.1009,1.5141],[33.4913,1.6367],[33.4595,1.7781],[32.6967,1.4973],[32.3291,1.6325],[32.5517,1.5933],[32.8257,1.8329],[32.9907,1.7281]],[[28.8475,-2.4916],[29.0441,-2.4121],[29.3765,-2.0377],[29.2625,-1.7136],[29.0561,-1.5874],[28.8551,-2.1442],[28.8917,-2.3398],[28.9707,-2.2547],[28.9745,-2.2823],[28.8459,-2.3775],[28.8475,-2.4916]],[[29.1169,-8.6198],[28.8921,-8.4774],[28.3477,-9.0819],[28.3397,-9.4959],[28.5465,-9.5381],[28.4767,-9.4712],[28.5043,-9.3656],[28.5129,-9.4493],[28.5355,-9.4829],[28.5699,-9.491],[28.5725,-9.5584],[28.6079,-9.5671],[28.6177,-9.5566],[28.6145,-9.5653],[28.5845,-9.5818],[28.6043,-9.7279],[28.6755,-9.8164],[28.6275,-9.5595],[28.6141,-9.5481],[28.5811,-9.558],[28.5745,-9.4862],[28.5159,-9.4435],[28.5255,-9.3962],[28.5443,-9.4542],[28.6215,-9.3995],[28.6957,-9.4645],[28.8115,-9.4201],[28.7113,-9.3412],[29.1169,-8.6198]],[[28.6071,-16.4884],[27.8029,-16.8302],[27.3605,-17.271],[27.0225,-17.9875],[27.6315,-17.5031],[27.7003,-17.1982],[27.9571,-17.031],[28.0059,-17.1369],[28.1357,-17.1635],[28.1161,-16.8484],[28.2179,-16.8972],[28.3875,-16.7588],[28.4411,-16.9256],[28.6517,-16.7304],[28.8027,-16.8952],[29.0559,-16.5938],[28.6071,-16.4884]],[[31.3009,1.7159],[31.5353,2.4895],[31.4595,2.5725],[31.2429,2.1205],[30.5023,1.5133],[30.3837,1.2797],[30.4823,1.2721],[30.4977,1.0447],[30.5389,1.0023],[31.3009,1.7159]],[[36.1421,4.6417],[35.9475,4.5411],[35.8321,3.7081],[36.1553,3.1099],[35.8649,3.1403],[36.2557,2.9707],[36.6349,2.3995],[36.6963,2.8617],[36.2131,3.3239],[36.1421,4.6417]],[[33.9715,-9.5392],[33.9451,-9.9764],[34.2771,-10.4541],[34.3279,-11.6672],[34.0177,-12.2536],[34.3305,-12.9206],[34.3059,-13.3807],[34.6329,-13.7092],[34.5533,-14.1057],[34.8025,-14.256],[34.8599,-13.9939],[35.2257,-14.3875],[35.2401,-15.0],[35.2977,-14.3573],[35.0653,-13.7387],[34.8347,-13.6725],[34.7519,-12.9633],[34.9941,-12.6092],[34.7715,-12.6311],[34.6805,-12.4303],[34.9515,-11.5131],[34.6027,-11.0307],[34.5241,-10.0164],[33.9715,-9.5392]],[[29.2599,-3.3374],[29.0427,-4.3103],[29.2389,-4.0531],[29.1021,-5.0718],[29.3895,-5.6256],[29.1983,-6.0876],[29.5475,-6.7702],[30.1195,-7.243],[30.2939,-7.9029],[30.5955,-8.1514],[30.5319,-8.5996],[30.6829,-8.4863],[31.0253,-8.8064],[31.1821,-8.7616],[31.1509,-8.4265],[30.5751,-7.4978],[30.6041,-7.4894],[30.6105,-7.362],[30.4927,-7.1057],[30.5657,-6.9793],[29.7217,-6.2458],[29.9509,-5.81],[29.2599,-3.3374]],[[33.3599,0.4965],[33.1529,0.4903],[33.2725,0.3763],[32.9751,0.0887],[32.6623,0.0879],[32.6645,0.3047],[32.5757,0.0463],[32.4525,0.1245],[31.9257,-0.1244],[32.0421,-0.3124],[31.7001,-0.799],[31.8803,-1.1587],[31.6037,-2.0746],[31.7031,-1.9974],[31.6289,-2.341],[31.7517,-2.3236],[31.7775,-2.3661],[31.7141,-2.5341],[31.8569,-2.6094],[31.7635,-2.654],[31.7925,-2.8344],[31.9161,-2.7141],[31.8985,-2.6292],[32.0293,-2.7633],[31.9335,-2.5906],[32.3051,-2.2581],[32.5159,-2.5656],[32.6609,-2.3781],[32.6759,-2.5208],[32.8259,-2.4948],[32.7123,-2.8706],[32.7703,-3.0921],[32.9017,-2.7965],[32.9595,-2.8729],[33.0329,-2.8743],[32.9173,-2.4167],[33.4151,-2.5584],[33.8415,-2.2282],[33.7781,-2.0754],[33.6089,-2.1899],[33.2233,-2.1427],[33.2171,-2.0286],[33.5615,-2.013],[33.4531,-1.8742],[33.2915,-1.9287],[33.6451,-1.7777],[33.6515,-1.4735],[33.8031,-1.4697],[33.8353,-1.5232],[33.9751,-1.5254],[33.7807,-1.4035],[33.9965,-1.3717],[33.8641,-1.2482],[34.1393,-1.002],[34.0647,-0.5609],[34.8485,-0.3041],[34.6977,-0.0893],[34.3455,-0.1948],[34.3987,-0.2818],[34.2863,-0.3966],[33.9877,0.2637],[33.4871,0.1827],[33.3599,0.4965]]],[[[88.3183,21.7915],[88.3207,21.8577],[88.3019,21.8667],[88.2687,21.8651],[88.2627,21.5575],[88.2143,22.1575],[88.1789,22.1951],[88.0447,22.2223],[88.1961,22.1049],[87.8287,21.7223],[87.0077,21.4247],[86.8169,21.1383],[87.0521,20.7035],[86.7655,20.5047],[86.6797,20.3091],[86.6849,20.2869],[86.6943,20.2819],[86.7629,20.3107],[84.9185,19.2563],[84.1411,18.3143],[83.4439,17.9341],[83.2153,17.5903],[82.3045,17.0443],[82.3177,16.5847],[81.3307,16.3153],[80.9389,15.7079],[80.6937,15.8811],[80.2937,15.7047],[80.0453,15.0673],[80.3465,13.3041],[79.7763,11.7695],[79.8727,10.2849],[79.3055,10.2651],[78.9315,9.5843],[78.9909,9.3523],[79.3255,9.3207],[79.4423,9.1539],[78.9627,9.2689],[78.4199,9.1097],[78.1937,8.9249],[78.0699,8.3667],[77.4897,8.0787],[76.5465,8.8985],[75.7333,11.3539],[75.1679,12.0671],[74.3953,14.4187],[73.4563,16.0581],[72.8563,18.6885],[73.0905,19.0457],[72.9765,19.1707],[72.9517,19.0433],[72.8033,18.8979],[72.7871,19.3063],[72.9155,19.2909],[72.6595,19.8391],[72.9519,20.7551],[72.7229,21.0267],[72.8571,21.0393],[72.8317,21.1673],[72.6261,21.0893],[72.6379,21.4485],[73.1089,21.7201],[72.5363,21.6645],[72.7787,21.9519],[72.5305,21.9023],[72.5471,22.1573],[72.7581,22.2163],[72.3689,22.1451],[72.3323,22.2999],[72.1071,21.2039],[70.8269,20.6885],[70.2191,21.0023],[68.9349,22.3059],[69.0673,22.4733],[69.2347,22.2603],[70.1779,22.5605],[70.4857,23.0887],[69.7063,22.7367],[69.1975,22.8335],[68.3937,23.4217],[68.4709,23.6367],[68.7661,23.8423],[68.7823,23.8607],[68.7697,23.8761],[68.2987,23.5663],[68.2861,23.9383],[68.0337,23.7881],[67.8939,23.9751],[67.8209,23.8115],[67.4697,23.9033],[67.2955,24.3011],[67.3467,24.3429],[67.4109,24.3113],[67.5291,24.3345],[67.3095,24.4589],[67.4637,24.7775],[66.6515,24.8293],[66.7421,25.1833],[66.5393,25.6443],[66.0919,25.4797],[66.3351,25.5533],[66.5133,25.4045],[64.7807,25.3479],[64.6167,25.1547],[64.0287,25.4651],[64.0643,25.3283],[63.6059,25.3707],[63.4927,25.1983],[62.4945,25.2529],[61.7645,25.0329],[61.7791,25.1927],[61.5421,25.2389],[61.4147,25.0641],[60.5323,25.4465],[60.4587,25.2925],[59.2089,25.5231],[59.0825,25.4063],[58.5589,25.6413],[58.1213,25.5547],[57.3121,25.7831],[57.0167,26.8021],[58.6669,27.6979],[61.3315,28.0533],[62.0419,28.6453],[66.0685,30.3033],[69.9999,31.1735],[70.3735,30.5301],[73.1439,29.8031],[77.2479,29.2905],[79.7251,28.6293],[82.1255,28.3143],[86.6161,27.3393],[88.4745,27.1797],[91.2629,27.2479],[93.2773,27.7605],[96.0659,28.0209],[97.3045,27.6519],[98.5611,26.3987],[100.3193,23.9519],[102.0779,21.9473],[103.6249,20.5587],[105.7397,19.1125],[105.6185,18.9925],[105.6123,18.9977],[105.6181,19.0097],[105.6073,19.0327],[105.5999,19.0335],[105.5901,19.0237],[105.8121,18.4391],[106.4377,18.1201],[106.6291,17.4683],[107.8197,16.2907],[108.0377,16.3337],[108.2069,16.0001],[108.2337,16.1479],[108.3199,16.1379],[108.4951,15.6717],[108.8331,15.4127],[109.3031,13.8913],[109.2223,13.3883],[109.4641,12.6447],[109.3443,12.7963],[109.1959,12.6353],[109.2863,11.8781],[109.1285,11.8993],[109.2381,11.7337],[109.0223,11.3551],[107.2575,10.3769],[106.7409,10.4593],[106.7973,10.1267],[106.5767,9.9699],[106.6995,9.8769],[106.5259,9.8267],[106.5341,9.5743],[106.2877,9.6053],[106.1819,9.3597],[105.5283,9.1199],[104.8803,8.5597],[104.7617,8.5811],[104.7175,8.6099],[104.9513,8.8209],[104.7937,8.7933],[104.8771,9.7715],[105.1105,9.9441],[104.9905,10.0961],[104.6007,10.1385],[104.2479,10.5703],[103.8833,10.6613],[103.6161,10.4975],[103.4923,10.6229],[103.7203,10.8551],[103.5521,11.1627],[103.4271,10.8875],[103.1249,10.8661],[103.1151,11.4581],[102.6047,12.2189],[102.5811,12.0453],[102.2925,12.1857],[101.7539,12.7101],[100.8567,12.6433],[100.9775,13.4767],[100.2693,13.5243],[99.9529,13.3087],[100.0983,13.0449],[100.0209,12.1873],[99.1485,10.3471],[99.2241,9.2551],[99.8393,9.3031],[99.9651,8.5905],[100.2223,8.4265],[100.4731,7.4081],[100.7693,6.9819],[101.5607,6.8439],[103.1599,5.3257],[103.4801,4.5285],[103.3319,3.7517],[103.4437,2.9111],[103.8277,2.5817],[104.2891,1.3679],[104.0975,1.3663],[104.1189,1.3997],[103.9711,1.6215],[104.0031,1.4369],[103.6875,1.4629],[103.5109,1.2629],[103.3249,1.5711],[101.3023,2.8387],[101.3033,3.2493],[100.7027,3.8941],[100.7929,4.0085],[100.5609,4.3069],[100.6641,4.6845],[100.3621,5.0857],[100.3517,5.9723],[100.1007,6.5403],[99.6935,6.8541],[99.5939,7.3747],[99.4039,7.3007],[99.2693,7.6601],[99.0445,7.6955],[99.1051,7.9553],[98.7657,8.0195],[98.7095,8.3343],[98.2841,8.2033],[98.2231,8.7319],[98.4053,9.0785],[98.3181,9.2035],[98.7037,10.1759],[98.5495,9.9731],[98.4547,10.6895],[98.7817,10.9887],[98.6549,11.1271],[98.8405,11.6813],[98.5437,11.8819],[98.7399,11.9503],[98.5219,12.2583],[98.6763,12.9923],[98.2445,13.8129],[98.1751,13.7411],[98.1749,13.5373],[98.1253,13.5471],[98.0951,14.2005],[97.7917,14.8683],[97.7179,15.8433],[97.5583,16.0727],[97.5967,16.0851],[97.6143,16.0611],[97.6277,16.0505],[97.6481,16.0443],[97.6653,16.0487],[97.6773,16.0283],[97.6969,16.0275],[97.6255,16.5001],[97.6487,16.4985],[97.6621,16.5123],[97.6625,16.4765],[97.6823,16.4655],[97.7025,16.4707],[97.7045,16.4501],[97.7233,16.4503],[97.7199,16.4269],[97.7539,16.4141],[97.7355,16.4023],[97.7335,16.3833],[97.7785,16.3747],[97.7875,16.3327],[97.8347,16.3235],[97.8519,16.2977],[97.8883,16.2839],[97.7465,16.5615],[97.6215,16.6433],[97.3629,16.4789],[97.4241,16.6585],[97.1693,16.9109],[97.2645,17.1037],[96.7859,17.4899],[96.7673,17.4793],[96.7345,17.4353],[96.7735,17.3763],[96.6925,17.3665],[96.6585,17.3487],[96.6489,17.3303],[96.6683,17.2693],[96.6963,17.2479],[96.9083,17.3245],[96.9131,17.0469],[96.7713,16.6917],[96.3837,16.4967],[96.2867,16.5919],[96.4699,16.6127],[96.3313,16.6287],[96.2875,16.6001],[96.2779,16.5775],[96.2229,16.7541],[96.3157,16.8335],[96.3457,16.8335],[96.3941,16.8595],[96.4085,16.8553],[96.4861,16.8699],[96.5119,16.8883],[96.3477,16.9059],[96.1973,16.7597],[96.1155,16.8121],[96.2461,16.6361],[96.1735,16.5831],[96.1737,16.5163],[96.1927,16.4893],[96.1805,16.4875],[96.1755,16.4635],[96.1417,16.4537],[96.1629,16.4177],[95.9121,16.4109],[95.7787,16.1291],[95.7405,16.1451],[95.7269,16.2641],[95.7097,16.2731],[95.4673,15.7451],[95.2705,15.8009],[95.2793,15.8463],[95.3399,15.8799],[95.3355,15.8987],[95.3479,15.8805],[95.3809,15.8721],[95.3989,15.8769],[95.4127,15.9057],[95.3907,16.2397],[95.3263,16.1927],[95.3061,16.1581],[95.3267,16.0873],[95.3097,16.0807],[95.2793,16.0395],[95.2353,15.9327],[95.2227,15.7903],[95.1095,15.8899],[95.2673,16.1495],[95.1409,16.2315],[95.0563,16.0355],[95.0371,15.8039],[94.8343,15.7809],[95.0505,16.3335],[94.8727,16.1871],[94.7195,15.8505],[94.6005,15.9203],[94.6697,15.9557],[94.7185,16.0001],[94.8519,16.2429],[94.8035,16.2063],[94.6841,16.0001],[94.5495,15.9489],[94.6847,16.1149],[94.6807,16.2027],[94.7209,16.2029],[94.7589,16.2375],[94.6749,16.2153],[94.7087,16.2549],[94.6637,16.2541],[94.6677,16.2693],[94.6827,16.2979],[94.6881,16.3067],[94.6989,16.3555],[94.7371,16.3539],[94.7549,16.3843],[94.7859,16.3565],[94.8135,16.3559],[94.8255,16.3705],[94.6889,16.7397],[94.6531,16.3403],[94.5265,16.2987],[94.2435,15.9543],[94.6111,17.5501],[94.4023,18.3463],[94.1409,18.7361],[94.1745,18.7141],[94.2801,18.7351],[94.1697,18.8901],[94.1271,18.8567],[94.1287,18.8785],[94.0553,18.8461],[94.0309,18.8633],[94.0439,18.8845],[94.0739,18.8677],[94.1353,18.8921],[94.0763,19.3747],[94.0685,19.3853],[94.0687,19.3707],[94.0395,19.3453],[94.0315,19.3281],[94.0163,19.1815],[93.9915,19.2229],[94.0001,19.1501],[93.9093,19.1995],[93.9325,18.8475],[93.4727,19.3633],[93.8091,19.2263],[93.9559,19.3061],[94.0107,19.3811],[93.6517,19.4445],[93.6875,19.5655],[93.8585,19.4405],[93.9765,19.4189],[93.9971,19.4527],[93.7221,19.6265],[93.8193,19.7111],[93.7933,19.9161],[93.7055,19.9669],[93.5519,19.8885],[93.4763,20.0609],[93.4161,19.9709],[93.4329,20.1053],[93.3255,20.4037],[93.2399,20.3061],[93.2307,20.2739],[93.2465,20.2455],[93.2099,20.2347],[93.1827,20.1969],[93.1171,20.1857],[93.2167,20.2861],[93.2513,20.4261],[93.1243,20.3281],[93.1749,20.3741],[93.1703,20.4121],[93.0939,20.3799],[93.1167,20.4273],[93.1051,20.5307],[93.0701,20.6021],[93.0217,20.6219],[93.0277,20.6439],[93.0179,20.6123],[93.0811,20.5411],[93.0351,20.5379],[93.0091,20.2869],[92.9631,20.2257],[92.9449,20.2675],[92.8863,20.2095],[92.8967,20.1095],[92.8531,20.1233],[92.9327,20.4327],[92.5495,20.8493],[92.5441,20.7431],[92.7293,20.5497],[92.7285,20.2601],[92.3775,20.6957],[92.3147,20.8827],[92.3619,20.9419],[92.3477,20.9871],[92.1981,21.1545],[92.3059,20.7511],[92.0475,21.1767],[92.0353,21.7007],[91.8119,22.1905],[91.9009,22.4009],[92.0019,22.4047],[92.0221,22.4167],[92.0349,22.4459],[92.0815,22.4371],[92.1417,22.4615],[92.1439,22.4703],[92.0331,22.4505],[92.0029,22.4125],[91.8965,22.4095],[91.7955,22.2927],[91.7981,22.2195],[91.4923,22.9007],[91.4087,22.7609],[90.7333,22.8875],[90.5663,23.1037],[90.7579,23.7211],[90.4839,23.5867],[90.2299,23.8877],[90.0001,23.9229],[90.2415,23.8149],[90.2747,23.6863],[90.2557,23.7075],[90.1813,23.7401],[90.0233,23.7635],[90.0245,23.7953],[90.0001,23.8165],[90.0195,23.7627],[90.5303,23.5669],[90.5281,23.3907],[89.9701,23.6581],[89.7209,24.0001],[89.7709,23.8359],[89.5469,23.8241],[89.2809,23.9875],[89.0609,23.9839],[90.1255,23.5455],[90.0871,23.2729],[90.6125,22.3059],[90.5067,22.1851],[90.4373,22.0669],[90.4149,22.3387],[90.3641,22.2953],[90.1963,21.9785],[90.2603,21.8345],[90.1073,21.8011],[90.3627,22.4847],[90.1991,22.3027],[90.2033,22.1239],[90.0039,21.9847],[90.2953,22.6531],[90.1811,22.6277],[89.9579,21.9789],[89.8787,22.2525],[90.0251,22.4901],[90.0651,22.6089],[90.0269,22.5991],[90.0327,22.6527],[90.0059,22.6801],[89.8449,22.2487],[89.8855,21.9055],[89.6555,21.9135],[89.6339,21.8679],[89.7073,21.7609],[89.6067,21.7601],[89.6191,21.7807],[89.6137,21.8113],[89.5635,21.8575],[89.5901,21.9387],[89.5603,21.9911],[89.4163,21.7101],[89.3899,21.9021],[89.3181,21.8611],[89.2927,21.7565],[89.2313,21.7683],[89.2193,21.7573],[89.0837,21.9387],[89.0969,21.6249],[88.8799,21.7675],[88.8403,21.6183],[88.6993,21.7411],[88.7903,22.0183],[88.6311,22.1199],[88.5619,21.8141],[88.5653,22.0229],[88.4597,21.9383],[88.5001,21.8489],[88.4583,21.8201],[88.4293,21.7659],[88.4177,21.5819],[88.4125,21.9949],[88.4005,21.8005],[88.3643,21.8527],[88.3643,21.8015],[88.3445,21.8041],[88.3295,21.7887],[88.3183,21.7915]]],[[[148.0315,-8.0629],[148.6027,-9.0838],[149.2981,-9.0207],[149.2307,-9.4953],[150.0553,-9.6865],[149.7133,-9.8129],[149.8593,-10.0179],[150.8737,-10.2246],[150.3431,-10.3338],[150.6933,-10.5631],[150.2015,-10.7036],[149.8535,-10.5537],[150.1155,-10.4754],[150.1339,-10.4195],[148.4041,-10.2072],[148.2339,-10.018],[147.7297,-10.1045],[146.9023,-9.2706],[147.0263,-9.0608],[146.9753,-9.0053],[146.5969,-8.9995],[146.1453,-8.1377],[145.8131,-7.9026],[144.8635,-7.779],[144.9281,-7.6195],[144.6459,-7.5248],[144.5985,-7.6514],[144.5329,-7.546],[144.5599,-7.4738],[144.5249,-7.4319],[144.5331,-7.6873],[144.4385,-7.579],[144.4289,-7.5261],[144.3905,-7.4867],[144.5159,-7.8047],[144.2733,-7.5724],[144.1453,-7.7911],[143.8305,-7.6582],[143.7617,-7.5245],[143.6325,-7.4499],[143.6947,-7.4321],[143.6943,-7.3772],[143.6235,-7.2885],[143.5703,-7.2643],[143.5429,-7.2704],[143.5031,-7.2947],[143.9223,-7.9842],[143.4789,-7.9978],[143.3399,-7.8294],[143.2563,-7.8764],[143.2547,-7.7926],[143.2541,-7.8838],[143.3385,-7.8457],[143.3351,-8.0],[143.6115,-8.2364],[142.9743,-8.3417],[142.6771,-8.2685],[142.4469,-8.3174],[142.3529,-8.1507],[142.1531,-8.2237],[142.3619,-8.1825],[142.4563,-8.3698],[143.1091,-8.4554],[143.4061,-8.7622],[143.3777,-9.0061],[142.6407,-9.3337],[142.2181,-9.1486],[142.2563,-8.9715],[142.1993,-8.9096],[142.1393,-8.9034],[142.1699,-9.1585],[142.0259,-8.9742],[142.0425,-9.1701],[141.1223,-9.2303],[140.4733,-8.4452],[139.9635,-8.1947],[140.0649,-8.0569],[140.0565,-7.8843],[140.1255,-7.9066],[140.1485,-7.8581],[140.0547,-7.8778],[139.9429,-8.1001],[139.3613,-8.1631],[139.2503,-8.0],[138.9541,-8.2607],[138.8677,-8.1063],[138.9673,-8.0517],[139.1299,-7.5655],[138.6753,-7.2035],[139.4225,-7.2246],[139.4391,-7.2141],[139.4393,-7.1944],[139.3583,-7.1585],[139.4095,-7.1208],[139.4659,-7.2352],[139.5431,-7.2704],[139.5773,-7.2521],[139.5949,-7.1708],[139.6437,-7.1627],[139.6369,-7.2447],[139.6691,-7.2797],[139.6521,-7.1615],[139.5967,-7.1493],[139.5417,-7.2585],[139.4791,-7.1393],[139.3857,-7.0989],[139.3413,-7.1621],[139.4305,-7.2112],[139.0497,-7.2044],[138.5487,-6.9536],[138.8903,-6.8321],[139.2119,-7.0038],[139.2253,-6.9944],[138.4045,-6.3449],[138.2455,-5.8774],[138.3959,-5.828],[138.4053,-5.7311],[138.4135,-5.7311],[138.4271,-5.7575],[138.4479,-5.7726],[138.4579,-5.764],[138.3823,-5.7029],[138.2811,-5.8366],[138.2127,-5.6689],[138.0613,-5.7311],[138.1769,-5.4426],[137.8745,-5.3597],[137.9935,-5.2902],[138.0021,-5.2652],[137.7817,-5.3397],[137.8347,-5.2937],[137.8567,-5.247],[137.8617,-5.1204],[137.7543,-5.2749],[137.6903,-5.2275],[137.7539,-5.1327],[137.7201,-5.1102],[137.5555,-5.1753],[137.6725,-5.1073],[137.5527,-5.1352],[137.6961,-4.9845],[137.6379,-4.8874],[137.5033,-5.1438],[137.5507,-4.9934],[137.4341,-5.104],[137.4923,-4.9239],[137.4555,-4.8919],[137.4047,-5.1064],[137.4017,-4.8885],[137.2889,-5.0191],[137.3457,-4.8822],[136.8269,-4.9016],[136.8775,-4.7833],[135.9357,-4.4895],[135.2057,-4.4477],[134.6305,-4.1111],[134.9473,-3.9142],[134.5169,-4.0249],[134.3437,-3.8643],[134.3187,-4.0268],[134.1551,-3.737],[133.9813,-3.8597],[133.6323,-3.4712],[133.7097,-3.4095],[133.7017,-3.1531],[133.9295,-3.1123],[133.8609,-2.912],[133.6613,-3.1195],[133.6617,-3.3908],[133.4197,-3.3941],[133.5905,-3.5652],[133.4209,-3.6947],[133.4477,-3.5941],[133.4413,-3.5745],[133.4681,-3.5635],[133.4737,-3.5255],[133.3491,-3.5584],[133.4577,-3.864],[132.8997,-4.0868],[132.7237,-3.6401],[132.9297,-3.5497],[132.8371,-3.2967],[131.9427,-2.7817],[132.1871,-2.6692],[132.7217,-2.8136],[133.2375,-2.4078],[133.3961,-2.5259],[133.2767,-2.7039],[133.4461,-2.5038],[133.4479,-2.677],[133.4857,-2.5108],[133.5399,-2.6021],[133.5399,-2.6429],[133.5545,-2.6608],[133.6805,-2.5562],[133.6441,-2.8083],[133.7089,-2.5026],[133.7521,-2.5161],[133.8055,-2.6402],[133.8371,-2.6693],[133.8129,-2.6368],[133.8207,-2.5655],[133.7985,-2.4915],[133.8363,-2.4495],[133.8635,-2.4718],[133.8769,-2.4706],[133.8881,-2.4605],[133.9111,-2.481],[133.9539,-2.4692],[133.8601,-2.3913],[133.9845,-2.4872],[134.0291,-2.4693],[134.0671,-2.356],[134.0515,-2.3292],[133.8653,-2.3304],[133.9439,-2.3048],[134.0215,-2.1567],[133.9661,-2.0475],[133.6613,-2.1888],[133.6445,-2.2318],[133.6561,-2.146],[132.7001,-2.3048],[132.5749,-2.1911],[132.3041,-2.2909],[132.0407,-2.0855],[132.2267,-1.9615],[131.9189,-1.8696],[132.1293,-1.6079],[131.9071,-1.7152],[131.8801,-1.6339],[131.9829,-1.5524],[131.9865,-1.4248],[131.8007,-1.6151],[131.6985,-1.3877],[131.5309,-1.488],[131.5583,-1.3888],[131.5403,-1.3601],[131.5825,-1.3608],[131.5861,-1.3426],[131.5303,-1.3557],[131.4481,-1.5176],[131.4313,-1.4115],[131.2993,-1.3373],[131.2105,-1.5323],[130.9313,-1.4314],[131.2285,-1.1286],[131.2283,-0.8266],[132.7103,-0.359],[133.4203,-0.736],[134.1509,-0.8623],[134.0259,-0.9536],[134.2911,-1.3541],[134.0899,-1.6639],[134.1687,-2.2984],[134.4731,-2.8645],[134.4731,-2.5511],[134.6411,-2.4796],[134.6961,-2.9665],[134.8627,-2.8902],[134.8113,-3.1345],[135.1141,-3.3686],[135.4819,-3.3622],[135.9209,-2.9867],[136.3983,-2.2185],[137.2865,-2.1038],[137.1791,-1.7732],[137.9291,-1.4698],[139.7509,-2.356],[140.6157,-2.4394],[140.7317,-2.6395],[141.2065,-2.6358],[142.5365,-3.2353],[143.5135,-3.4411],[144.0869,-3.8353],[144.5291,-3.8183],[144.4833,-3.9863],[145.3221,-4.3823],[145.8049,-4.8493],[145.7649,-5.4775],[147.3367,-5.9181],[147.8081,-6.321],[147.8025,-6.6905],[146.9347,-6.7112],[146.9467,-6.9623],[147.1799,-7.4633],[148.0315,-8.0629]]],[[[117.5399,-0.3704],[117.5239,-0.4338],[117.5005,-0.4586],[117.4887,-0.4777],[117.4933,-0.4836],[117.6341,-0.4259],[117.4655,-0.5396],[117.5901,-0.5212],[117.4915,-0.6089],[117.5013,-0.6242],[117.5751,-0.6407],[117.4449,-0.6722],[117.6097,-0.7914],[117.4511,-0.7477],[117.4471,-0.8922],[117.3605,-0.803],[117.3415,-0.9143],[117.3453,-0.8456],[117.2881,-0.7562],[116.9011,-1.2735],[116.7309,-1.0562],[116.6975,-1.1356],[116.7597,-1.3686],[116.2057,-1.783],[116.4471,-1.773],[116.3129,-2.1354],[116.3913,-2.2182],[116.5873,-2.1737],[116.5931,-2.279],[116.5129,-2.5698],[116.2981,-2.5234],[116.2699,-3.0136],[116.1463,-2.7992],[116.1015,-2.8639],[116.0839,-3.0086],[116.2735,-3.1339],[116.1111,-3.2372],[116.0347,-3.3775],[115.9757,-3.5991],[114.6273,-4.1866],[114.5395,-3.3485],[114.4973,-3.3795],[114.4719,-3.5025],[114.0981,-3.275],[113.6319,-3.464],[113.6133,-3.1551],[113.3229,-3.2453],[113.3447,-3.2833],[113.0271,-2.937],[113.0321,-3.1444],[112.6309,-3.4099],[112.2359,-3.3103],[111.8873,-3.5698],[111.7851,-3.528],[111.8275,-3.0496],[111.7001,-2.8041],[111.5411,-3.0404],[111.4139,-2.9021],[110.6569,-3.0741],[110.5391,-2.8645],[110.2779,-3.0191],[110.1251,-2.0389],[109.8965,-1.8389],[110.0811,-1.4115],[109.9889,-1.128],[109.7243,-0.9258],[109.2833,-0.8753],[109.2535,-0.6598],[109.4581,-0.7484],[109.5705,-0.7462],[109.3867,-0.575],[109.1149,-0.5175],[109.2001,0.0539],[108.9117,0.3179],[108.9255,0.6053],[108.8391,0.8147],[109.0515,1.5237],[109.6357,2.0831],[109.9139,1.6919],[110.2983,1.6533],[110.3331,1.8081],[110.7183,1.5507],[110.6513,1.4289],[110.7839,1.5813],[111.0615,1.4015],[111.3175,1.3251],[110.9865,1.5689],[111.3489,2.1315],[111.1573,2.1561],[111.2117,2.4227],[111.4871,2.3485],[111.4267,2.7029],[113.0171,3.1741],[113.8979,4.2231],[113.9693,4.5961],[114.6437,4.0063],[114.8755,4.3591],[114.7719,4.7287],[115.0111,4.8919],[115.0899,4.3857],[115.3377,4.3051],[115.1531,4.9121],[115.3837,4.9123],[115.6053,5.2279],[115.3751,5.4045],[115.5953,5.6309],[115.8733,5.5815],[116.7439,7.0353],[116.7923,6.5607],[117.1491,7.0085],[117.2893,6.6151],[117.7347,6.4283],[117.5903,5.9063],[118.0057,6.0583],[118.1283,5.8471],[117.8907,5.7933],[117.9425,5.6559],[118.3477,5.8235],[119.2635,5.3165],[119.1131,5.0883],[118.1249,4.8787],[118.5879,4.5085],[118.5429,4.3495],[117.9771,4.2225],[117.5965,4.3937],[117.6169,4.1607],[117.3831,4.1361],[117.8359,3.8083],[117.7659,3.6475],[117.5215,3.6817],[117.4977,3.6013],[117.1555,3.6451],[117.0195,3.6021],[117.1795,3.6207],[117.6253,3.4865],[117.2275,3.4871],[117.4407,3.4139],[117.5171,3.2875],[117.3491,3.2387],[117.3195,3.1659],[117.6033,3.1019],[117.6303,2.8017],[118.0943,2.3057],[117.7615,2.0169],[117.8389,1.8317],[118.9959,1.0229],[118.7943,0.7971],[118.3585,0.8059],[117.8851,1.1219],[118.0311,0.7881],[117.7571,0.7661],[117.5497,0.4139],[117.4617,0.0497],[117.5205,-0.0356],[117.4205,-0.2519],[117.4735,-0.4212],[117.5399,-0.3704]]],[[[132.1377,-11.1228],[132.6725,-11.5155],[132.9157,-11.3335],[133.1565,-11.7132],[133.5349,-11.764],[133.4937,-11.8812],[133.7245,-11.7813],[131.5471,-13.9576],[130.2853,-16.3355],[129.4117,-17.0635],[128.1015,-17.3061],[127.3735,-17.1605],[126.4515,-16.3841],[125.7721,-16.8208],[125.5295,-17.8885],[125.4325,-19.8296],[124.8015,-20.412],[123.8309,-20.1693],[122.6663,-20.2179],[119.4147,-21.6737],[116.9399,-21.6737],[116.3659,-20.8447],[116.8559,-20.5237],[116.8767,-20.7276],[117.1809,-20.5945],[117.3475,-20.7658],[117.6565,-20.7134],[118.1815,-20.3387],[118.8295,-20.2807],[119.1001,-19.9638],[119.5771,-20.0804],[121.1247,-19.5304],[121.8143,-18.4538],[122.3677,-18.1208],[122.1713,-17.9773],[122.1701,-17.2685],[122.5889,-16.9582],[122.5707,-16.7708],[122.8301,-16.788],[122.9217,-16.3962],[123.5657,-17.6313],[123.6971,-17.2508],[123.5805,-17.0382],[123.9427,-17.2849],[123.7925,-17.0091],[123.9225,-17.1026],[123.9567,-16.8547],[123.5003,-16.6654],[123.6137,-16.5613],[123.5079,-16.5987],[123.4255,-16.5016],[123.6577,-16.4927],[123.5017,-16.3842],[123.6197,-16.4441],[123.7055,-16.425],[123.5543,-16.1802],[123.7739,-16.1703],[123.8673,-16.4518],[123.9077,-16.2157],[124.1173,-16.2849],[124.3973,-16.5689],[124.3841,-16.3506],[124.4491,-16.414],[124.8299,-16.4379],[124.9067,-16.4271],[124.9393,-16.3989],[124.3911,-16.3432],[124.4387,-16.0666],[124.5287,-16.2105],[124.5517,-16.2022],[124.6079,-15.8939],[124.7769,-15.8057],[124.7997,-15.6635],[124.4911,-16.0024],[124.4139,-15.5449],[124.6811,-15.4873],[124.6775,-15.2541],[125.2937,-15.607],[125.1061,-15.2712],[124.8769,-15.3098],[125.0527,-15.164],[124.8749,-15.2647],[124.8355,-15.1589],[125.0681,-14.9782],[125.1709,-15.1735],[125.5085,-15.1672],[125.1377,-14.7452],[125.3563,-14.5075],[125.4419,-14.655],[125.5989,-14.5591],[125.6003,-14.2309],[125.7329,-14.2826],[125.6475,-14.6505],[125.7347,-14.4069],[125.9327,-14.6433],[126.1593,-14.1507],[126.0093,-13.9219],[126.2125,-13.9716],[126.2229,-14.2657],[126.5349,-13.9319],[126.5693,-14.2405],[126.7039,-13.9719],[126.9269,-14.0003],[126.7433,-13.7926],[126.8705,-13.7469],[127.1449,-13.9882],[127.4245,-13.9451],[128.2337,-14.7363],[128.0749,-14.8858],[128.0711,-15.4466],[127.8643,-15.5771],[127.8431,-15.607],[127.8699,-15.6504],[128.0947,-15.4687],[128.1229,-15.1889],[128.2511,-15.3031],[128.2923,-15.4562],[128.3279,-15.5033],[128.3421,-15.4926],[128.2005,-15.0622],[128.4535,-15.0534],[128.4065,-14.8725],[128.5115,-15.0111],[128.3797,-14.8183],[128.5211,-14.7656],[129.0921,-14.9023],[129.1837,-14.9867],[129.1935,-15.1204],[129.1067,-15.2408],[129.1261,-15.2806],[129.3079,-15.1098],[129.2873,-14.8574],[129.5873,-15.2284],[129.7997,-14.7467],[129.6207,-14.6832],[129.8067,-14.5313],[129.5207,-14.5457],[129.3625,-14.3341],[129.4749,-14.05],[129.5227,-14.2073],[129.7405,-13.9781],[129.8127,-13.5003],[130.2729,-13.3302],[130.1233,-12.9662],[130.3367,-12.8911],[130.3499,-12.669],[130.6277,-12.7776],[130.7521,-12.7221],[130.5895,-12.6809],[130.5477,-12.6303],[130.5805,-12.4033],[130.9685,-12.6736],[130.8181,-12.404],[131.2883,-12.0443],[131.4631,-12.2832],[132.7747,-12.1621],[132.5803,-11.7859],[132.7289,-11.6122],[132.5489,-11.4458],[132.1129,-11.5362],[131.7559,-11.3007],[131.9991,-11.1244],[132.1693,-11.42],[132.1377,-11.1228]]],[[[95.4535,5.6509],[96.3883,5.2149],[97.5137,5.2463],[97.9037,4.8847],[97.9609,4.5275],[98.2891,4.4219],[98.1461,4.0779],[98.4905,4.0303],[99.7599,3.1723],[100.1289,2.5225],[100.2153,2.7101],[100.9133,1.8495],[100.7701,2.2243],[101.0467,2.2899],[101.4033,1.7071],[102.1575,1.3679],[102.4055,0.8163],[102.5287,0.7439],[102.9221,0.7065],[103.1097,0.4463],[102.6977,0.2155],[102.8615,0.2461],[103.1397,0.3859],[103.3339,0.5433],[103.7227,0.2867],[103.8109,0.0045],[103.4369,-0.2033],[103.7715,-0.3471],[103.4161,-0.527],[103.3785,-0.7321],[103.7477,-1.0122],[104.2135,-1.0722],[104.3721,-1.0275],[104.4581,-1.9358],[104.8717,-2.0957],[104.6337,-2.3891],[104.7209,-2.5855],[104.8517,-2.2923],[105.6111,-2.3954],[105.8043,-2.9102],[106.0523,-3.0067],[105.8151,-3.6382],[105.9571,-3.8391],[105.7287,-5.9004],[105.2881,-5.4438],[105.1683,-5.583],[105.1663,-5.8061],[104.5269,-5.5249],[104.7289,-5.9309],[104.5513,-5.9303],[103.9065,-5.1332],[102.9009,-4.4932],[101.6077,-3.2397],[100.8813,-2.3236],[100.3277,-0.8658],[99.6783,0.0187],[99.3597,0.2263],[99.1389,0.2519],[98.7993,1.7201],[97.7791,2.2467],[97.6037,2.8699],[96.8731,3.6871],[96.4967,3.7513],[95.5387,4.6473],[95.2099,5.2765],[95.2111,5.5611],[95.4535,5.6509]]],[[[120.4297,-4.6787],[120.2611,-5.1439],[120.4659,-5.6219],[119.4311,-5.5962],[119.6299,-3.9734],[119.4191,-3.4612],[119.2857,-3.4306],[118.9305,-3.5686],[118.7745,-3.0951],[118.7817,-2.6844],[118.9831,-2.6334],[119.1443,-2.4729],[119.3583,-1.8993],[119.3327,-1.1745],[119.7373,-0.6451],[119.8783,-0.8572],[119.8119,-0.1399],[119.6121,-0.0109],[119.8425,-0.1017],[119.7755,0.2219],[120.0465,0.7185],[120.2833,0.9829],[120.5909,0.7603],[120.9111,1.3549],[122.8469,0.8055],[122.9735,0.9663],[123.9415,0.8329],[124.5841,1.1959],[124.5351,1.3579],[124.9849,1.7573],[125.1703,1.6899],[125.2293,1.4665],[124.4661,0.4487],[123.6281,0.2715],[123.0685,0.5299],[122.1065,0.4929],[121.7923,0.4111],[121.7161,0.5285],[121.5229,0.5527],[121.0623,0.4053],[120.5417,0.5309],[120.1441,0.2047],[120.0601,-0.6328],[120.5077,-0.9864],[120.6791,-1.4195],[121.0959,-1.4237],[121.6279,-0.7985],[121.9401,-0.9815],[122.2009,-0.7751],[122.9579,-0.7484],[122.7177,-0.6591],[123.0541,-0.5613],[123.4563,-0.7691],[123.3243,-1.0511],[123.0975,-0.8326],[122.7985,-0.9405],[122.3869,-1.4977],[121.8557,-1.6723],[121.6613,-1.9439],[121.3359,-1.7755],[121.2865,-1.8384],[121.3379,-2.0024],[121.8225,-2.3009],[122.0049,-2.7079],[122.4777,-3.1659],[122.2743,-3.3026],[122.3723,-3.3816],[122.3753,-3.4472],[122.2361,-3.3794],[122.1945,-3.6007],[122.6655,-3.8965],[122.5313,-3.9696],[122.6801,-4.1545],[122.8465,-4.0628],[122.8915,-4.3969],[122.0897,-4.5359],[122.0065,-4.8966],[121.5381,-4.7649],[121.5035,-4.7302],[121.5055,-4.724],[121.5069,-4.7203],[121.5061,-4.7098],[121.4911,-4.6861],[121.4667,-4.6791],[121.4649,-4.6089],[121.6077,-4.0691],[120.8811,-3.5323],[121.0871,-2.7185],[121.0513,-2.6419],[120.7555,-2.6266],[120.1913,-2.9701],[120.2531,-3.1605],[120.4113,-3.2558],[120.4297,-4.6787]]],[[[112.5809,-6.929],[112.6571,-7.2188],[112.8247,-7.2965],[112.7443,-7.5458],[112.9479,-7.6697],[113.2931,-7.7921],[114.0425,-7.6156],[114.4379,-7.7906],[114.3507,-8.5229],[114.5899,-8.7588],[113.2375,-8.2837],[113.0805,-8.2867],[112.6587,-8.449],[112.3309,-8.3338],[111.8421,-8.2609],[111.7033,-8.3866],[111.5595,-8.3091],[111.4627,-8.3286],[111.4527,-8.2783],[111.4317,-8.2633],[110.7107,-8.2017],[110.2479,-7.9305],[108.8719,-7.6052],[108.4413,-7.8141],[107.8445,-7.7333],[107.3979,-7.4965],[106.4079,-7.3794],[106.5187,-6.9692],[106.0131,-6.8146],[105.5369,-6.8693],[105.2009,-6.7636],[105.2575,-6.7588],[105.3611,-6.6444],[105.4593,-6.8241],[105.7959,-6.4842],[106.0365,-5.8738],[106.1721,-6.0315],[106.9541,-6.1102],[107.0221,-5.9135],[107.6583,-6.2538],[108.2951,-6.2427],[108.7033,-6.8147],[110.3713,-6.9735],[110.9123,-6.3973],[111.1707,-6.7036],[111.4915,-6.6184],[112.5809,-6.929]]],[[[144.4659,-14.2282],[145.3521,-14.9547],[145.2173,-15.4571],[145.4763,-16.0788],[145.4057,-16.4391],[145.7763,-16.993],[145.9595,-16.8958],[146.1465,-17.6527],[146.0169,-18.2455],[146.3341,-18.5335],[146.2617,-18.8667],[146.8229,-19.2885],[147.0197,-19.1834],[147.1261,-19.4455],[147.4415,-19.4195],[147.3979,-19.299],[147.5719,-19.7467],[147.7991,-19.8443],[147.8213,-19.7099],[148.3067,-20.1249],[147.9015,-20.3149],[145.7661,-20.0237],[144.1161,-17.8885],[143.7765,-15.1708],[143.8477,-14.4582],[144.4659,-14.2282]]],[[[120.8111,18.6333],[121.9281,18.2657],[122.2231,18.5225],[122.3381,18.3083],[122.1387,17.7923],[122.5191,17.1305],[122.4611,16.8667],[122.2425,16.3091],[122.0511,16.0649],[122.1405,16.2639],[121.5523,15.8981],[121.6387,15.7189],[121.3717,15.3193],[121.7339,14.6953],[121.6943,14.7129],[121.6205,14.6833],[121.6043,14.6623],[121.7383,14.1635],[122.2307,13.8951],[122.1637,14.1619],[122.6817,14.3439],[123.0429,14.1039],[123.1133,13.7331],[123.2399,13.7347],[123.3129,13.7891],[123.3381,14.1063],[123.4253,13.9227],[123.9391,13.7977],[123.5943,13.7279],[123.5307,13.5699],[123.8649,13.2393],[123.7557,13.0643],[124.1905,13.0661],[124.0817,12.5387],[123.7931,12.8367],[123.9941,12.8675],[124.0291,12.9701],[123.7361,12.8455],[123.3181,13.0097],[123.1909,13.4291],[122.5337,13.9643],[122.4095,13.9607],[122.6765,13.3781],[122.5965,13.1597],[122.3975,13.5237],[121.7557,13.9683],[121.2877,13.5967],[120.8871,13.6927],[120.8761,13.9055],[120.6583,13.7709],[120.5899,14.2277],[120.9755,14.4773],[120.9401,14.6737],[120.5995,14.9027],[120.5419,14.8339],[120.5353,14.7283],[120.6081,14.4811],[120.4765,14.4093],[120.2979,14.8269],[120.0843,14.7857],[119.7765,16.2843],[119.9243,16.3815],[119.8999,16.2349],[120.1725,16.0293],[120.4223,16.1633],[120.2799,16.6143],[120.4745,17.3877],[120.3483,17.6841],[120.5639,18.4933],[120.8111,18.6333]],[[120.2145,16.0001],[120.2169,15.9957],[120.2173,16.0001],[120.2145,16.0001]]],[[[125.3917,9.6571],[125.5369,9.7715],[125.5603,9.7539],[125.5757,9.7625],[125.5675,9.7393],[125.5895,9.7201],[125.6113,9.7317],[125.5881,9.7097],[125.6063,9.6451],[125.6699,9.5903],[125.9599,9.4871],[125.8957,9.4225],[126.0365,9.2415],[126.2115,9.3093],[126.3371,8.8441],[126.0873,8.6125],[126.3997,8.4975],[126.3179,8.3563],[126.3843,8.2969],[126.3175,8.2281],[126.4567,8.0987],[126.3583,7.8891],[126.5723,7.7235],[126.6017,7.2867],[126.3479,6.8047],[126.1521,6.9049],[126.2557,6.7561],[126.1887,6.2739],[125.8537,7.3567],[125.6511,7.2435],[125.3701,6.7229],[125.7129,6.1067],[125.4065,5.5677],[125.1715,5.8009],[125.2493,6.0987],[124.9239,5.8591],[124.0539,6.3757],[123.9565,6.9111],[124.2561,7.3751],[123.6737,7.8191],[123.4275,7.8153],[123.4097,7.3587],[123.1175,7.5135],[123.1943,7.5899],[123.1225,7.7589],[122.8141,7.4351],[122.8513,7.7165],[122.6105,7.7677],[122.3541,7.4669],[122.1475,6.9067],[121.9283,6.9711],[122.2511,7.9873],[122.9175,8.1491],[123.0273,8.4853],[123.3077,8.5273],[123.3913,8.7271],[123.8429,8.4271],[123.8691,8.1581],[123.6687,8.0001],[124.2303,8.2187],[124.3833,8.5933],[124.7245,8.4811],[124.8039,9.0035],[125.0973,8.8269],[125.2063,9.0957],[125.5229,9.0165],[125.3917,9.6571]]],[[[80.1359,9.8115],[80.8117,9.2911],[81.1977,8.4615],[81.3531,8.4909],[81.8719,7.3159],[81.7003,6.4819],[80.5869,5.9169],[80.0315,6.2657],[79.7053,8.0527],[79.6985,8.2139],[79.7179,8.2167],[79.7381,8.2801],[79.7721,8.3401],[79.7813,8.3497],[79.7317,8.0869],[79.8179,7.8899],[79.9559,8.7173],[79.9185,8.8083],[79.9359,8.8915],[79.9123,8.9299],[80.1861,9.4827],[79.9099,9.7587],[80.1359,9.8115]]],[[[152.1711,-4.1516],[152.1653,-4.307],[152.4003,-4.3376],[152.3143,-4.8606],[151.9495,-4.999],[152.1157,-5.3937],[151.8055,-5.5871],[151.4683,-5.5213],[151.5025,-5.6795],[151.0085,-6.0338],[150.4015,-6.2681],[149.5987,-6.2879],[149.3409,-6.0558],[149.0373,-6.162],[148.3201,-5.6928],[148.4211,-5.4422],[149.8763,-5.5161],[150.0905,-4.9977],[150.1427,-5.5478],[150.8995,-5.4837],[151.3459,-4.9151],[151.6805,-4.8771],[151.4881,-4.2154],[151.9441,-4.3435],[152.1711,-4.1516]]],[[[125.1285,-8.6471],[127.3025,-8.4351],[126.4703,-8.9516],[125.3741,-9.278],[124.4063,-10.157],[123.4487,-10.3601],[123.7457,-10.0777],[123.5679,-9.947],[123.7779,-9.4983],[125.0997,-8.7523],[125.2849,-8.8474],[125.1285,-8.6471]]],[[[127.5699,1.7581],[128.0691,2.1913],[127.8409,1.8499],[128.0187,1.7107],[128.0159,1.3151],[127.6531,0.8761],[127.8763,0.8207],[128.4109,1.5325],[128.6925,1.5911],[128.7519,1.4045],[128.7029,1.0703],[128.1887,0.7859],[128.3121,0.6479],[128.5533,0.5685],[128.6805,0.5599],[128.6697,0.3423],[128.8243,0.2997],[128.9091,0.2075],[128.0657,0.4763],[127.8635,0.3003],[128.0469,-0.4227],[128.4363,-0.9204],[127.6883,-0.2787],[127.7277,0.3087],[127.5267,0.5599],[127.6323,0.8535],[127.3915,1.0453],[127.5699,1.7581]]],[[[129.5185,-2.79],[130.5645,-3.1148],[130.8287,-3.4516],[130.8453,-3.873],[129.9067,-3.3343],[129.5187,-3.2936],[129.5195,-3.4703],[128.8773,-3.1974],[128.4559,-3.4555],[128.1843,-3.0583],[127.9119,-3.5661],[127.8339,-3.1584],[128.1015,-3.06],[128.1661,-2.859],[129.0435,-2.7969],[129.1275,-2.9669],[129.5185,-2.79]]],[[[117.9315,-8.0815],[118.2781,-8.372],[118.6453,-8.2976],[118.6465,-8.5559],[118.7637,-8.3139],[118.9887,-8.3103],[119.0331,-8.6454],[119.1759,-8.5671],[119.1763,-8.7287],[118.4605,-8.8827],[118.3943,-8.6083],[117.8871,-8.943],[117.0315,-9.1125],[116.7343,-9.0066],[116.8271,-8.8277],[116.8279,-8.5183],[116.8603,-8.5422],[117.0157,-8.5001],[117.1203,-8.3662],[117.6107,-8.4323],[117.6363,-8.5665],[117.8083,-8.73],[118.2751,-8.6578],[118.2369,-8.5584],[117.6933,-8.2392],[117.9315,-8.0815]]],[[[122.7195,-8.2257],[122.9593,-8.1328],[123.0125,-8.3164],[122.7783,-8.4283],[122.7795,-8.4825],[122.8323,-8.5385],[122.8187,-8.5995],[121.7859,-8.8966],[121.3835,-8.8042],[120.9947,-8.961],[119.8065,-8.7671],[119.8151,-8.6247],[119.8045,-8.5932],[119.8745,-8.5196],[119.8799,-8.4807],[119.8619,-8.4303],[120.1241,-8.4377],[120.4335,-8.2317],[121.5005,-8.6267],[122.0001,-8.4331],[122.4567,-8.6062],[122.8801,-8.2847],[122.7195,-8.2257]]],[[[123.1893,11.0021],[123.5677,10.7963],[123.1361,9.8347],[123.2967,9.2337],[123.0189,9.0367],[122.3807,9.8383],[122.8635,10.0921],[122.7957,10.5263],[123.1893,11.0021]]],[[[125.6613,11.1435],[125.2349,11.0873],[125.1465,11.2801],[125.0869,11.2973],[125.0047,11.2673],[124.9793,11.2875],[124.9957,11.4297],[124.8227,11.5189],[124.9649,11.5841],[125.0431,11.7547],[124.8899,11.7549],[124.7091,12.0107],[124.4189,12.1627],[124.2823,12.5859],[124.3313,12.5393],[124.6473,12.5121],[124.8597,12.5857],[124.9189,12.5567],[124.9587,12.5881],[125.0289,12.5331],[125.1487,12.5837],[125.4881,12.2457],[125.4209,11.9111],[125.4449,11.5995],[125.4959,11.4537],[125.6345,11.3563],[125.5485,11.2649],[125.5331,11.1993],[125.6585,11.2075],[125.7553,11.0169],[125.6613,11.1435]]],[[[138.7339,-7.3833],[139.1091,-7.5714],[138.9535,-8.0494],[138.7085,-8.156],[138.6563,-8.2511],[138.5237,-8.3307],[138.5069,-8.3617],[137.6245,-8.4225],[138.0583,-7.6173],[138.7339,-7.3833]]],[[[121.9485,11.9255],[122.5929,11.5089],[122.8269,11.6143],[122.8843,11.4303],[123.1509,11.6009],[123.1019,11.4987],[123.1677,11.4713],[123.0981,11.3315],[123.1275,11.1721],[122.7325,10.7853],[122.2101,10.6371],[121.9635,10.4173],[122.1013,11.6533],[121.8487,11.7667],[121.9485,11.9255]]],[[[105.6917,-1.5297],[106.0397,-1.6051],[106.1737,-1.8996],[106.2875,-2.4168],[106.8451,-2.5768],[106.5911,-2.8943],[106.7369,-3.0859],[105.9451,-2.8129],[105.7571,-2.1453],[105.1277,-2.0874],[105.3853,-1.6088],[105.5907,-1.53],[105.7917,-1.8111],[105.6917,-1.5297]]],[[[119.4733,11.4267],[119.5665,11.2939],[119.4859,10.8795],[119.5945,10.8315],[119.5703,10.6685],[119.6589,10.6745],[119.7043,10.4987],[119.3207,10.3111],[119.2303,10.1777],[119.1981,10.0491],[118.7495,9.9273],[118.4893,9.2957],[117.1755,8.3351],[117.6331,9.0493],[119.2519,10.4831],[119.3431,10.7265],[119.2099,10.8493],[119.2227,10.9539],[119.4585,10.7219],[119.3011,11.0087],[119.4117,11.0473],[119.4733,11.4267]]],[[[120.0025,-9.3692],[120.7773,-9.9544],[120.7335,-10.1795],[120.1661,-10.2417],[119.6647,-9.7826],[118.9343,-9.5562],[119.1905,-9.3775],[120.0025,-9.3692]]],[[[121.3783,12.2967],[121.0933,12.2695],[120.3267,13.4905],[120.9869,13.5223],[121.5579,13.1255],[121.5585,12.6179],[121.4357,12.5185],[121.4099,12.3971],[121.4511,12.3629],[121.3851,12.3667],[121.3981,12.2939],[121.3783,12.2967]]],[[[126.6003,-3.0627],[127.2599,-3.3703],[127.2187,-3.6676],[126.6927,-3.8443],[126.1757,-3.6023],[126.0185,-3.1621],[126.6003,-3.0627]]],[[[125.1299,10.1653],[124.9845,10.3839],[125.0331,10.0039],[124.7623,10.1587],[124.7915,10.7629],[124.5955,11.0097],[124.3793,10.9197],[124.4117,10.9805],[124.4039,11.2395],[124.3149,11.5657],[124.4895,11.3263],[124.4797,11.4563],[124.6391,11.2975],[124.9837,11.4007],[124.9659,11.2735],[125.0423,11.0637],[125.0165,10.7481],[125.1873,10.5979],[125.1849,10.4289],[125.2647,10.3671],[125.1299,10.1653]]],[[[115.2047,-8.0735],[115.7193,-8.3911],[115.3035,-8.6225],[115.1815,-8.7458],[115.1639,-8.8495],[115.0317,-8.5614],[114.4307,-8.1797],[115.2047,-8.0735]]],[[[116.3347,-8.222],[116.7263,-8.3537],[116.4889,-8.8158],[116.6021,-8.8783],[115.8411,-8.8191],[116.0635,-8.7759],[116.0397,-8.4437],[116.3347,-8.222]]],[[[93.0253,13.5683],[93.0973,13.3309],[92.9971,13.3327],[93.0427,13.0787],[92.9259,13.0595],[92.9073,13.0179],[92.9417,12.9625],[92.9055,12.9925],[92.8633,12.9355],[92.8611,12.9163],[92.9783,12.4943],[92.7413,12.0183],[92.7249,11.9247],[92.7999,11.8769],[92.7215,11.4793],[92.5261,11.8449],[92.5741,11.9337],[92.6025,11.8785],[92.6245,11.9203],[92.7243,12.3071],[92.6941,12.5979],[92.8161,12.8983],[92.8489,13.3959],[93.0253,13.5683]]],[[[123.0571,-4.3637],[123.2151,-4.8277],[123.1169,-4.6945],[123.0319,-4.7364],[122.9255,-5.1698],[123.2245,-5.2745],[122.6547,-5.7032],[122.5625,-5.4946],[122.6531,-5.438],[122.6533,-5.3254],[122.8145,-5.2134],[122.8647,-4.5201],[123.0571,-4.3637]]],[[[112.8627,-6.8897],[114.1251,-6.9751],[113.5303,-7.2489],[112.6741,-7.0613],[112.8627,-6.8897]]],[[[107.6247,-2.6053],[108.2599,-2.7599],[108.0687,-3.2422],[107.8587,-3.0583],[107.5841,-3.203],[107.6101,-2.915],[107.5291,-2.9237],[107.5945,-2.8621],[107.6247,-2.6053]]],[[[124.0317,11.2791],[124.0203,10.3873],[123.6441,10.0813],[123.3287,9.4115],[123.4043,9.9023],[123.3745,9.9917],[124.0317,11.2791]]],[[[97.3429,1.5347],[97.9059,1.0277],[97.8169,0.5457],[97.0591,1.3999],[97.3429,1.5347]]],[[[98.8675,-0.9334],[99.1141,-1.4568],[99.2877,-1.6449],[99.2359,-1.8],[98.8617,-1.6869],[98.5907,-1.2323],[98.6501,-0.9869],[98.8675,-0.9334]]],[[[124.2887,10.1541],[124.5681,10.0275],[124.5221,9.8439],[124.5797,9.7337],[123.8589,9.6405],[123.8423,9.8815],[124.0429,9.9791],[124.1487,10.1505],[124.2887,10.1541]]],[[[123.2341,12.6015],[123.3279,12.4391],[123.9023,12.2075],[124.0705,11.7275],[123.5355,12.2113],[123.1603,11.9129],[123.2967,12.2187],[123.2341,12.6015]]],[[[131.6183,-7.1195],[131.7431,-7.2072],[131.6269,-7.6378],[131.2933,-8.0302],[131.1093,-7.988],[131.1093,-7.6971],[131.2817,-7.7455],[131.2375,-7.4826],[131.4569,-7.3437],[131.6183,-7.1195]]],[[[130.7371,-0.0226],[130.9621,-0.0658],[131.0415,-0.0238],[131.0297,-0.0652],[131.2949,-0.166],[131.3365,-0.3003],[130.9533,-0.3625],[130.6901,-0.0793],[130.6123,-0.0808],[130.7281,-0.2988],[130.9393,-0.3658],[130.7237,-0.4497],[130.6743,-0.299],[130.5757,-0.3285],[130.5461,-0.4421],[130.5099,-0.2498],[130.4283,-0.2926],[130.2099,-0.2111],[130.3687,-0.2434],[130.4399,-0.1998],[130.4143,-0.1339],[130.3231,-0.1448],[130.3369,-0.1947],[130.2843,-0.0976],[130.7371,-0.0226]]],[[[122.3155,-4.8349],[122.7411,-4.6444],[122.7717,-4.8967],[122.6407,-5.3517],[122.2829,-5.3886],[122.4241,-5.088],[122.3155,-4.8349]]],[[[124.3571,-1.7128],[125.2651,-1.7275],[125.3223,-1.8794],[124.4023,-2.0293],[124.3571,-1.7128]]],[[[126.5861,-7.5706],[126.8389,-7.7444],[126.4655,-7.9704],[125.7793,-8.0117],[125.9443,-7.6635],[126.5861,-7.5706]]],[[[127.4083,-1.421],[127.9183,-1.4442],[128.1463,-1.6912],[127.4363,-1.7],[127.4083,-1.421]]],[[[135.4087,-0.6358],[135.7655,-0.7501],[135.8801,-0.713],[136.3857,-1.1041],[135.8751,-1.1899],[135.7427,-0.7879],[135.6541,-0.8982],[135.4837,-0.7447],[135.5551,-0.8545],[135.5491,-0.8834],[135.4087,-0.6358]]],[[[122.8275,-1.2844],[123.2413,-1.2278],[123.1829,-1.3225],[123.2393,-1.399],[123.5517,-1.2794],[123.5077,-1.456],[123.2921,-1.4157],[123.1557,-1.6404],[123.1461,-1.3018],[122.8761,-1.6067],[122.8275,-1.2844]]],[[[134.1425,-6.1866],[134.3145,-6.3771],[134.4299,-6.4461],[134.4551,-6.4298],[134.5259,-6.581],[134.1971,-6.9302],[134.0489,-6.7643],[134.1139,-6.4427],[134.1443,-6.5276],[134.1959,-6.4828],[134.2275,-6.6045],[134.2753,-6.6548],[134.2915,-6.6563],[134.1425,-6.1866]]],[[[135.4813,-1.6798],[136.2093,-1.652],[136.9069,-1.79],[136.5419,-1.898],[136.3183,-1.8634],[136.2321,-1.9052],[135.7369,-1.6932],[135.4813,-1.6798]]],[[[124.4871,-8.1321],[125.0765,-8.1479],[125.1315,-8.3202],[124.4089,-8.4641],[124.4871,-8.1321]]],[[[116.2443,-3.2248],[116.3145,-3.4634],[116.2663,-3.5425],[116.3347,-3.7389],[116.2709,-3.8148],[116.3071,-3.9092],[116.0925,-4.083],[116.0089,-3.6283],[116.2443,-3.2248]]],[[[8.7267,3.7683],[8.9367,3.6895],[8.7647,3.3181],[8.4595,3.2677],[8.7267,3.7683]]],[[[127.2943,-0.5218],[127.3171,-0.3385],[127.4499,-0.4262],[127.5613,-0.3224],[127.5979,-0.6377],[127.9023,-0.7973],[127.4695,-0.8349],[127.4735,-0.6415],[127.2943,-0.5218]]],[[[134.5837,-5.9586],[134.7759,-6.0912],[134.6151,-6.3668],[134.2629,-6.1253],[134.5837,-5.9586]]],[[[130.6381,-0.9893],[131.0781,-0.9802],[130.9667,-1.3664],[130.6381,-0.9893]]],[[[134.3759,-5.7028],[134.4953,-5.523],[134.4975,-5.5482],[134.5191,-5.5566],[134.5389,-5.6448],[134.6113,-5.7228],[134.6311,-5.7103],[134.6543,-5.7291],[134.7097,-5.7431],[134.7365,-5.7392],[134.7309,-5.9754],[134.6643,-5.9192],[134.5203,-5.9134],[134.2983,-6.0176],[134.4011,-5.7834],[134.2049,-5.709],[134.3759,-5.7028]]],[[[102.4731,1.0905],[102.8913,0.9393],[103.0565,0.7101],[102.4419,0.8199],[102.4731,1.0905]]],[[[39.2999,-5.7187],[39.5337,-6.1915],[39.5129,-6.476],[39.4307,-6.2875],[39.1853,-6.1645],[39.2999,-5.7187]]],[[[130.2453,-1.7323],[130.4347,-1.9826],[129.9863,-2.0187],[129.9805,-1.7625],[130.2453,-1.7323]]],[[[90.7309,22.7737],[90.8889,22.4451],[90.7169,22.0527],[90.6715,22.4739],[90.5797,22.6543],[90.5391,22.6411],[90.7309,22.7737]]],[[[124.2089,14.1005],[124.4219,13.7959],[124.2057,13.5179],[124.0245,13.6635],[124.2089,14.1005]]],[[[123.8265,-8.2062],[123.5389,-8.579],[123.1951,-8.5293],[123.4565,-8.3491],[123.3737,-8.2678],[123.5417,-8.3763],[123.8265,-8.2062]]],[[[121.9261,6.6667],[122.3251,6.6209],[121.9587,6.4041],[121.7925,6.6277],[121.8321,6.6765],[121.9261,6.6667]]],[[[125.3251,-1.8548],[125.6347,-1.8318],[126.3501,-1.8169],[125.4189,-1.9519],[125.4297,-1.8853],[125.3251,-1.8548]]],[[[109.4811,-0.9735],[109.7563,-1.004],[109.7795,-1.1458],[109.4593,-1.3043],[109.4811,-0.9735]]],[[[119.9217,12.3059],[120.1639,12.1179],[120.2145,12.1225],[120.2055,12.2181],[120.2163,12.2225],[120.2357,12.1305],[120.3297,12.0897],[120.3365,11.9927],[120.1305,12.0305],[120.1003,11.9617],[120.0613,12.0121],[119.9799,12.0053],[119.9217,12.3059]]],[[[121.8563,13.5659],[122.1221,13.4587],[122.0309,13.1979],[121.8223,13.3403],[121.8563,13.5659]]],[[[100.2099,-2.7866],[100.4713,-3.0265],[100.3669,-3.1681],[100.4639,-3.3472],[100.3347,-3.2427],[100.3223,-3.1208],[100.1813,-2.995],[100.2099,-2.7866]]],[[[104.4339,-0.2473],[104.5307,-0.0224],[104.5513,0.0043],[104.5537,0.0283],[104.7487,-0.1955],[104.9973,-0.3061],[104.4339,-0.2473]]],[[[121.9047,-5.0608],[122.0753,-5.2279],[121.9509,-5.4933],[121.7905,-5.2627],[121.9047,-5.0608]]],[[[121.0369,6.0881],[121.2137,5.9933],[121.4283,5.9623],[120.8771,5.9205],[121.0369,6.0881]]],[[[6.6397,0.4097],[6.7549,0.2471],[6.5249,0.0249],[6.4755,0.2655],[6.6397,0.4097]]],[[[126.7839,4.5339],[126.9207,4.2777],[126.6943,3.9915],[126.6867,4.3607],[126.7839,4.5339]]],[[[125.5999,10.3671],[125.7073,9.8949],[125.6115,9.8175],[125.6561,9.8623],[125.6039,10.0613],[125.4815,10.1161],[125.5187,10.3265],[125.5999,10.3671]]],[[[128.2449,-3.5022],[128.2465,-3.7389],[127.9291,-3.7785],[127.9519,-3.6469],[128.2449,-3.5022]]],[[[104.4533,-0.3529],[104.5921,-0.4737],[104.3595,-0.6899],[104.2421,-0.4941],[104.4533,-0.3529]]],[[[124.2321,-8.2027],[124.2919,-8.3294],[124.1343,-8.5378],[123.9101,-8.4497],[124.2321,-8.2027]]],[[[123.0067,-3.984],[123.2541,-4.0584],[123.1317,-4.2539],[122.9569,-4.1379],[123.0067,-3.984]]],[[[92.4967,10.8893],[92.5511,10.5749],[92.3669,10.5275],[92.3601,10.7813],[92.4967,10.8893]]],[[[138.7897,-8.1593],[138.9481,-8.3702],[138.5937,-8.353],[138.7017,-8.232],[138.7193,-8.1678],[138.7897,-8.1593]]],[[[121.9225,12.3181],[122.1633,12.6393],[122.0161,12.0991],[121.9225,12.3181]]],[[[120.4991,-5.8102],[120.5679,-6.058],[120.4777,-6.4991],[120.4243,-6.1839],[120.4991,-5.8102]]],[[[121.8011,14.9337],[122.0471,15.0061],[122.0565,14.9559],[121.9667,14.9073],[121.9379,14.6275],[121.8011,14.9337]]],[[[99.9631,-2.513],[100.2149,-2.7369],[100.1357,-2.8427],[99.9909,-2.8341],[99.9631,-2.513]]],[[[120.1561,5.3335],[120.2237,5.1201],[120.1189,5.2331],[119.8223,5.0569],[120.1561,5.3335]]],[[[99.5767,-2.04],[99.6909,-2.086],[99.8509,-2.4078],[99.5923,-2.2856],[99.5767,-2.04]]],[[[122.7183,10.7055],[122.6675,10.4773],[122.5163,10.4111],[122.5269,10.6179],[122.7183,10.7055]]],[[[125.8817,-2.2074],[125.9901,-2.0165],[126.0475,-2.4859],[125.8817,-2.2074]]],[[[133.1409,-5.2875],[133.1263,-5.5612],[132.8413,-5.9977],[132.9463,-5.6657],[133.0105,-5.6426],[133.1409,-5.2875]]],[[[144.6195,13.4445],[144.9297,13.5287],[144.6743,13.2521],[144.6195,13.4445]]],[[[125.3955,3.7051],[125.5351,3.6977],[125.6493,3.3931],[125.5025,3.4471],[125.3955,3.7051]]],[[[98.2849,8.1967],[98.4443,8.0939],[98.3087,7.7513],[98.2571,7.9327],[98.2849,8.1967]]],[[[32.8973,-1.9045],[33.1029,-1.9519],[33.1691,-2.1618],[32.8479,-2.0571],[32.8973,-1.9045]]],[[[123.0247,-8.3133],[123.2911,-8.3922],[122.9935,-8.4142],[123.0247,-8.3133]]],[[[124.4471,11.4839],[124.5371,11.6777],[124.6039,11.4877],[124.4471,11.4839]]],[[[127.2399,-0.2591],[127.2709,-0.4667],[127.1323,-0.5356],[127.0997,-0.2882],[127.2399,-0.2591]]],[[[98.4035,-0.2531],[98.5111,-0.3882],[98.4081,-0.6049],[98.2769,-0.5292],[98.4035,-0.2531]]],[[[122.4303,12.4159],[122.6853,12.4287],[122.6325,12.2683],[122.4303,12.4159]]],[[[91.0173,22.5565],[90.8619,22.6339],[90.8019,22.7835],[90.9779,22.7739],[91.0173,22.5565]]],[[[93.4825,18.8677],[93.7415,18.8723],[93.7147,18.6727],[93.4825,18.8677]]],[[[130.8173,-0.8329],[130.9231,-0.7894],[130.8469,-0.8673],[130.3947,-0.9357],[130.4829,-0.8032],[130.4901,-0.842],[130.5427,-0.8528],[130.8173,-0.8329]]],[[[98.3051,12.6679],[98.4795,12.5713],[98.3423,12.3111],[98.3067,12.3423],[98.3051,12.6679]]],[[[94.6493,16.2477],[94.5743,16.0821],[94.5939,16.0155],[94.5131,15.9889],[94.4469,15.9199],[94.3975,15.8323],[94.3863,16.0001],[94.4535,16.0189],[94.6493,16.2477]]],[[[115.2267,-6.8385],[115.4123,-6.8375],[115.5725,-6.9318],[115.3723,-6.9044],[115.2827,-7.0113],[115.2267,-6.8385]]],[[[126.0961,9.8547],[125.9507,9.8367],[125.9945,9.8539],[126.0619,10.0635],[126.0961,9.8547]]],[[[91.1223,22.4921],[91.0505,22.1795],[91.0409,22.5081],[91.1223,22.4921]]],[[[122.9499,13.0329],[123.2765,12.8923],[123.3847,12.6949],[122.9499,13.0329]]],[[[132.6749,-5.6068],[132.7701,-5.8153],[132.8039,-5.8001],[132.7385,-5.9531],[132.6749,-5.6068]]],[[[102.0969,-5.3588],[102.3923,-5.3897],[102.3769,-5.5002],[102.0969,-5.3588]]],[[[119.8793,11.9777],[120.0733,11.8645],[119.9559,11.6623],[120.0011,11.7907],[119.8793,11.9777]]],[[[134.1659,-6.188],[134.2275,-6.0149],[134.2637,-6.1725],[134.4365,-6.2722],[134.3529,-6.3142],[134.3425,-6.338],[134.3111,-6.2727],[134.2253,-6.1977],[134.2115,-6.1881],[134.1659,-6.188]]],[[[91.5541,22.3993],[91.4009,22.4363],[91.3567,22.6601],[91.4507,22.6247],[91.5541,22.3993]]],[[[134.3409,-6.3557],[134.5937,-6.3885],[134.5557,-6.525],[134.5129,-6.5214],[134.4631,-6.4242],[134.3409,-6.3557]]],[[[134.6497,7.6593],[134.6433,7.4899],[134.5433,7.3291],[134.4747,7.4485],[134.6497,7.6593]]],[[[127.7613,-8.1141],[128.0925,-8.136],[128.1275,-8.1596],[128.0233,-8.2657],[127.7613,-8.1141]]],[[[97.4419,16.4469],[97.6163,16.4667],[97.5543,16.2239],[97.4419,16.4469]]],[[[130.9297,-8.1284],[131.1737,-8.1183],[130.7553,-8.3395],[130.9297,-8.1284]]],[[[96.1867,16.4687],[96.2297,16.6003],[96.2945,16.4457],[96.3361,16.4437],[96.1045,16.3223],[96.0915,16.3535],[96.1669,16.4141],[96.1489,16.4549],[96.1805,16.4603],[96.1867,16.4687]]],[[[158.1747,6.9733],[158.2981,6.9149],[158.3159,6.9341],[158.2995,6.7917],[158.1747,6.9733]]],[[[98.2831,-0.0223],[98.4607,-0.0972],[98.5429,-0.3993],[98.3433,-0.0517],[98.2831,-0.0223]]],[[[123.5945,12.6067],[123.7279,12.6143],[123.7915,12.3381],[123.5945,12.6067]]],[[[134.8219,-0.9475],[134.9331,-1.0746],[134.9913,-1.011],[134.9581,-1.1259],[134.8219,-0.9475]]],[[[119.7397,10.5279],[120.0051,10.5661],[119.8057,10.4455],[119.7397,10.5279]]],[[[117.5195,-8.1623],[117.6909,-8.1787],[117.5343,-8.393],[117.4765,-8.362],[117.5195,-8.1623]]],[[[123.6029,9.2987],[123.7047,9.1471],[123.5967,9.0933],[123.4553,9.1913],[123.6029,9.2987]]],[[[98.5567,0.0875],[98.7973,0.1723],[98.8517,0.0819],[98.5567,0.0875]]],[[[119.4521,-8.4355],[119.5773,-8.5949],[119.4593,-8.6125],[119.4555,-8.7516],[119.4521,-8.4355]]],[[[103.3091,0.5531],[103.1407,0.5757],[103.2287,0.7009],[103.3091,0.5531]]],[[[103.4851,0.7953],[103.4119,0.6427],[103.3801,0.8819],[103.4851,0.7953]]],[[[134.5263,-5.5682],[134.7097,-5.5934],[134.7607,-5.6656],[134.6087,-5.7159],[134.5263,-5.5682]]],[[[93.0401,20.3263],[93.2153,20.3051],[93.0047,20.1325],[93.0401,20.3263]]],[[[29.1049,-1.9405],[29.0929,-2.223],[29.0191,-2.2807],[28.9733,-2.2073],[29.1049,-1.9405]]],[[[134.5015,-5.5452],[134.7013,-5.5102],[134.6687,-5.5279],[134.6749,-5.563],[134.5015,-5.5452]]],[[[32.0673,-0.2183],[32.3277,-0.3295],[32.2733,-0.3577],[32.2923,-0.468],[32.1903,-0.4585],[32.1607,-0.5418],[32.1661,-0.4339],[32.2517,-0.3728],[32.0673,-0.2183]]],[[[123.5711,-1.726],[123.5233,-1.479],[123.5443,-1.492],[123.5565,-1.5964],[123.6183,-1.6217],[123.5711,-1.726]]],[[[125.7017,7.1977],[125.7895,6.9401],[125.7655,6.8945],[125.7017,7.1977]]],[[[124.6455,9.1495],[124.7793,9.2099],[124.7809,9.0795],[124.6455,9.1495]]],[[[98.1989,11.4319],[98.3217,11.7277],[98.2763,11.4727],[98.1989,11.4319]]],[[[121.8475,-0.408],[121.9009,-0.5186],[121.8411,-0.4909],[121.8227,-0.5266],[121.7269,-0.4911],[121.6467,-0.5664],[121.6887,-0.4688],[121.8475,-0.408]]],[[[138.6307,-6.6413],[138.9309,-6.8228],[138.8207,-6.8252],[138.6307,-6.6413]]],[[[91.9875,21.6301],[91.8587,21.5221],[91.9399,21.7351],[91.9875,21.6301]]],[[[127.1887,-0.6369],[127.2433,-0.6541],[127.3153,-0.8093],[127.1489,-0.766],[127.1887,-0.6369]]],[[[122.9575,-8.4483],[123.1625,-8.4441],[122.8745,-8.6087],[122.9575,-8.4483]]],[[[33.2053,0.1979],[33.3853,0.3065],[33.3301,0.0823],[33.2053,0.1979]]],[[[131.7475,-7.1118],[131.9701,-7.2463],[131.7171,-7.1488],[131.7475,-7.1118]]],[[[116.3115,-3.5523],[116.4195,-3.3687],[116.3813,-3.6545],[116.3115,-3.5523]]],[[[92.9793,20.0713],[93.1219,20.0397],[93.1751,19.7877],[92.9793,20.0713]]],[[[93.2777,20.2881],[93.3907,20.2093],[93.3673,20.0157],[93.3067,20.2079],[93.2713,20.2575],[93.2777,20.2881]]],[[[125.1375,10.0671],[125.2149,10.1311],[125.2877,9.9085],[125.1375,10.0671]]],[[[31.7753,-2.3048],[31.9141,-2.3046],[31.8519,-2.4582],[31.8301,-2.3093],[31.7753,-2.3048]]],[[[106.7005,-2.9698],[106.9085,-2.946],[106.8903,-3.0353],[106.7005,-2.9698]]],[[[115.4475,-8.7491],[115.5823,-8.6792],[115.6113,-8.8058],[115.4475,-8.7491]]],[[[121.4033,19.2823],[121.5235,19.3905],[121.5401,19.2695],[121.4033,19.2823]]],[[[130.6107,-0.4062],[130.4615,-0.5357],[130.4461,-0.4636],[130.5213,-0.4823],[130.6107,-0.4062]]],[[[112.5623,-5.8056],[112.7189,-5.8338],[112.5857,-5.8551],[112.5623,-5.8056]]],[[[128.5235,-7.1535],[128.6979,-7.1195],[128.6357,-7.2192],[128.5235,-7.1535]]],[[[119.6961,-8.8083],[119.6803,-8.6886],[119.8055,-8.6217],[119.7153,-8.6808],[119.6961,-8.8083]]],[[[120.1015,13.7847],[120.2351,13.8097],[120.2895,13.6891],[120.1015,13.7847]]],[[[128.3875,-3.6411],[128.5429,-3.5414],[128.5653,-3.5924],[128.3875,-3.6411]]],[[[122.8077,7.4273],[122.9495,7.3379],[122.8029,7.2891],[122.8077,7.4273]]],[[[121.9213,14.2217],[122.1229,14.0877],[122.1883,14.0091],[121.9927,14.1069],[121.9213,14.2217]]],[[[98.1597,10.9723],[98.3017,10.7771],[98.2655,10.6891],[98.2211,10.8821],[98.0831,10.8727],[98.1597,10.9723]]],[[[121.8731,-0.4151],[122.0449,-0.3373],[122.0461,-0.414],[121.8731,-0.4151]]],[[[93.2511,20.1461],[93.2751,20.0333],[93.2057,20.0497],[93.2467,20.1161],[93.2293,20.1567],[93.1829,20.1917],[93.2529,20.2427],[93.2513,20.2637],[93.3005,20.1905],[93.2511,20.1461]]],[[[108.7871,-1.5779],[108.9673,-1.611],[108.8235,-1.6667],[108.7871,-1.5779]]],[[[127.4823,-1.2715],[127.6885,-1.2277],[127.6795,-1.2808],[127.4823,-1.2715]]],[[[98.1303,9.9603],[98.3019,10.0121],[98.1191,9.8447],[98.1303,9.9603]]],[[[127.3263,-7.6277],[127.4907,-7.5575],[127.3681,-7.6554],[127.3263,-7.6277]]],[[[121.8265,18.8625],[121.9913,18.9565],[121.8551,18.8139],[121.8265,18.8625]]],[[[128.6787,-3.5446],[128.7245,-3.6245],[128.5469,-3.5308],[128.6787,-3.5446]]],[[[120.6299,-7.1384],[120.7853,-7.0653],[120.7647,-7.1368],[120.6299,-7.1384]]],[[[93.3273,7.9159],[93.4593,7.9299],[93.4641,7.8667],[93.3273,7.9159]]],[[[134.6227,-6.7097],[134.7491,-6.6192],[134.6697,-6.7728],[134.6227,-6.7097]]],[[[96.0285,16.2521],[95.9271,16.2097],[95.9521,16.2381],[95.9939,16.3821],[96.0285,16.2521]]],[[[119.1295,-8.1872],[119.0133,-8.2346],[119.0581,-8.1267],[119.1295,-8.1872]]],[[[125.6449,-8.1845],[125.5043,-8.2762],[125.6379,-8.1384],[125.6449,-8.1845]]],[[[123.5415,-5.3437],[123.6309,-5.2784],[123.6295,-5.3675],[123.5415,-5.3437]]],[[[93.4447,19.7875],[93.4977,19.8995],[93.5113,19.7345],[93.4447,19.7875]]],[[[130.9941,-7.4291],[131.1749,-7.4223],[130.9745,-7.4886],[130.9941,-7.4291]]],[[[93.4515,8.1697],[93.5445,8.0393],[93.5053,8.0295],[93.4995,7.9925],[93.4515,8.1697]]],[[[127.6985,-3.1686],[127.7885,-3.25],[127.6383,-3.2255],[127.6985,-3.1686]]],[[[133.9235,-2.1742],[133.9345,-2.271],[133.7877,-2.2544],[133.8043,-2.2242],[133.8449,-2.2277],[133.8193,-2.2192],[133.9239,-2.1915],[133.9235,-2.1742]]],[[[114.3651,-7.0819],[114.3003,-7.1565],[114.2947,-7.0631],[114.3651,-7.0819]]],[[[32.4105,-2.3325],[32.5387,-2.2774],[32.4405,-2.4218],[32.4105,-2.3325]]],[[[79.6953,9.0993],[79.8445,9.0817],[79.9233,8.9723],[79.8891,8.9579],[79.6953,9.0993]]],[[[88.0901,21.7851],[88.1455,21.7563],[88.1315,21.7347],[88.1465,21.6233],[88.0901,21.7851]]],[[[31.9483,-2.2715],[32.0399,-2.3468],[31.9489,-2.3451],[31.9483,-2.2715]]],[[[127.9349,-2.938],[127.9977,-2.9394],[127.8169,-3.0295],[127.9349,-2.938]]],[[[95.3199,16.0791],[95.3257,15.9681],[95.2737,15.8683],[95.2367,15.8653],[95.3199,16.0791]]],[[[104.5719,0.1405],[104.5235,0.2413],[104.7029,0.0167],[104.5549,0.1271],[104.5719,0.1405]]],[[[145.7223,15.2207],[145.7535,15.0957],[145.6957,15.1223],[145.7223,15.2207]]],[[[125.9407,9.5635],[125.9661,9.7443],[125.9607,9.6959],[125.9927,9.6697],[125.9407,9.5635]]],[[[92.7623,20.4323],[92.8215,20.4217],[92.8123,20.4063],[92.8663,20.3193],[92.8411,20.2875],[92.7623,20.4323]]],[[[92.7123,9.2109],[92.8221,9.1389],[92.7279,9.1193],[92.7123,9.2109]]],[[[93.0981,20.1543],[93.2311,20.1131],[93.1893,20.0627],[93.0981,20.1543]]],[[[134.7889,-6.383],[134.8959,-6.3197],[134.8355,-6.4718],[134.7889,-6.383]]],[[[105.1065,-6.6012],[105.2537,-6.6039],[105.1775,-6.6743],[105.1065,-6.6012]]],[[[127.3581,0.6541],[127.4543,0.7111],[127.4105,0.6235],[127.3581,0.6541]]],[[[123.7215,11.1383],[123.7519,11.2825],[123.8077,11.1499],[123.7215,11.1383]]],[[[107.3813,-2.8915],[107.4207,-2.9505],[107.3463,-2.8907],[107.3813,-2.8915]]],[[[98.0969,12.3551],[98.0059,12.3003],[98.0091,12.2641],[97.9813,12.3091],[97.9453,12.3129],[98.0969,12.3551]]],[[[92.5993,11.3593],[92.6875,11.4719],[92.6781,11.3537],[92.5993,11.3593]]],[[[128.0923,-8.2094],[128.2297,-8.2771],[128.0815,-8.2679],[128.0923,-8.2094]]],[[[108.7883,-7.7368],[108.8807,-7.7122],[108.9599,-7.7143],[109.0519,-7.7705],[108.7883,-7.7368]]],[[[128.8199,-8.2035],[128.9527,-8.1862],[129.0201,-8.2412],[128.8199,-8.2035]]],[[[98.0459,12.1983],[98.1319,12.2799],[98.0969,12.1911],[98.1487,12.1341],[98.0459,12.1983]]],[[[127.4965,-3.3188],[127.6227,-3.3081],[127.6531,-3.3589],[127.4965,-3.3188]]],[[[120.7983,-7.278],[121.0021,-7.2853],[121.0599,-7.3068],[120.9577,-7.3333],[120.7983,-7.278]]],[[[123.0559,-1.903],[123.1523,-1.8175],[123.0749,-1.9162],[123.0559,-1.903]]],[[[119.7091,11.4645],[119.8723,11.4983],[119.8121,11.3775],[119.7091,11.4645]]],[[[145.6549,15.0325],[145.5899,15.0035],[145.6467,15.1053],[145.6549,15.0325]]],[[[138.5305,-8.3562],[138.4027,-8.4374],[138.2829,-8.4314],[138.2881,-8.4043],[138.5049,-8.3671],[138.5333,-8.3326],[138.5305,-8.3562]]],[[[94.8403,15.8691],[94.7307,15.8141],[94.8089,15.9425],[94.8403,15.8691]]],[[[124.4031,10.6301],[124.4719,10.7101],[124.5147,10.6573],[124.4031,10.6301]]],[[[119.4929,4.8401],[119.4563,4.6433],[119.4495,4.9143],[119.4929,4.8401]]],[[[124.0693,-6.0288],[123.9629,-5.9448],[123.9821,-5.8794],[124.0367,-5.9052],[124.0693,-6.0288]]],[[[125.6937,10.8243],[125.7905,10.7439],[125.8209,10.7153],[125.6729,10.7485],[125.6937,10.8243]]],[[[124.7235,11.6655],[124.8553,11.6045],[124.8245,11.5325],[124.7235,11.6655]]],[[[134.6347,-6.4721],[134.7117,-6.5357],[134.6735,-6.5566],[134.6347,-6.4721]]],[[[124.2765,10.5931],[124.3489,10.7087],[124.3837,10.6243],[124.2765,10.5931]]],[[[116.3945,-2.1289],[116.5281,-2.1559],[116.3869,-2.1904],[116.3945,-2.1289]]],[[[138.0745,9.5215],[138.1885,9.5361],[138.0569,9.4395],[138.0745,9.5215]]],[[[122.0531,-0.3429],[122.1429,-0.3877],[122.0859,-0.4258],[122.0531,-0.3429]]],[[[92.6595,12.8589],[92.7289,12.9773],[92.6783,12.7863],[92.6595,12.8589]]],[[[127.6889,-8.1545],[127.6509,-8.242],[127.5937,-8.2141],[127.6889,-8.1545]]],[[[98.2613,9.1631],[98.3359,9.0835],[98.2567,9.0263],[98.2613,9.1631]]],[[[130.9767,-7.6709],[131.0887,-7.6979],[130.9665,-7.7297],[130.9767,-7.6709]]],[[[98.2365,13.2093],[98.2951,13.0797],[98.3351,13.0737],[98.2921,13.0387],[98.3081,12.9117],[98.2365,13.2093]]],[[[121.2767,18.8599],[121.4157,18.9073],[121.4835,18.8821],[121.2767,18.8599]]],[[[132.7937,-5.6939],[132.8057,-5.5409],[132.8091,-5.669],[132.7937,-5.6939]]],[[[88.1761,21.8155],[88.1801,21.7303],[88.1543,21.6821],[88.1439,21.6877],[88.1525,21.7563],[88.1411,21.7801],[88.0945,21.7905],[88.1761,21.8155]]],[[[122.1397,14.8301],[122.2583,14.7887],[122.2553,14.7275],[122.0941,14.8367],[122.1397,14.8301]]],[[[123.8413,9.6455],[123.7703,9.5471],[123.7219,9.5913],[123.8413,9.6455]]],[[[145.1641,14.1701],[145.2179,14.1129],[145.1273,14.1137],[145.1641,14.1701]]],[[[123.9109,13.2857],[123.9879,13.2621],[124.0035,13.2883],[124.0993,13.2571],[124.0027,13.2199],[123.9109,13.2857]]],[[[92.9369,11.9903],[93.0139,12.0239],[93.0509,11.8777],[92.9369,11.9903]]],[[[138.7895,-6.8366],[138.6591,-6.8559],[138.7439,-6.786],[138.7895,-6.8366]]],[[[123.0799,-3.5639],[123.1689,-3.6177],[123.0369,-3.5923],[123.0799,-3.5639]]],[[[120.5929,6.3927],[120.5665,6.2463],[120.4759,6.2515],[120.5929,6.3927]]],[[[126.8423,3.8011],[126.7903,3.7523],[126.7593,3.8561],[126.8423,3.8011]]],[[[127.4303,0.3355],[127.3311,0.3305],[127.3949,0.3871],[127.4303,0.3355]]],[[[135.1807,-1.5268],[135.2275,-1.5099],[135.3379,-1.4931],[135.1807,-1.5268]]],[[[138.6631,-6.8401],[138.6413,-6.7616],[138.7303,-6.7817],[138.6631,-6.8401]]],[[[88.5799,21.7295],[88.6155,21.6791],[88.6125,21.6055],[88.5469,21.8165],[88.5799,21.7295]]],[[[126.6099,4.0437],[126.7335,3.9085],[126.7039,3.8171],[126.6099,4.0437]]],[[[90.0195,21.8485],[90.0943,21.9403],[90.0593,21.8323],[90.0309,21.8361],[90.0195,21.8485]]],[[[88.7127,21.5765],[88.7787,21.6527],[88.7997,21.5749],[88.7127,21.5765]]],[[[121.8771,20.7661],[121.7841,20.7247],[121.8583,20.8393],[121.8771,20.7661]]],[[[32.9985,-1.8527],[33.0987,-1.8081],[33.0373,-1.8826],[32.9985,-1.8527]]],[[[104.2039,0.7239],[104.2809,0.7961],[104.3121,0.7087],[104.2039,0.7239]]],[[[93.0895,8.2477],[93.1273,8.3495],[93.1833,8.2011],[93.0895,8.2477]]],[[[133.6163,-2.4626],[133.5337,-2.4832],[133.5005,-2.4219],[133.6163,-2.4626]]],[[[122.3015,12.4817],[122.2923,12.6207],[122.3235,12.5431],[122.3015,12.4817]]],[[[123.7823,-1.8756],[123.8575,-1.9782],[123.8259,-2.0196],[123.7823,-1.8756]]],[[[89.6235,21.7141],[89.5581,21.7187],[89.5461,21.8493],[89.6103,21.7969],[89.5923,21.7519],[89.6235,21.7141]]],[[[89.2321,21.7509],[89.2911,21.6665],[89.1999,21.6593],[89.2321,21.7509]]],[[[90.3945,21.9049],[90.4715,21.9969],[90.4177,21.8969],[90.3945,21.9049]]],[[[113.3101,-8.5031],[113.3979,-8.4498],[113.4253,-8.4656],[113.3101,-8.5031]]],[[[91.0663,22.7043],[91.1285,22.6709],[91.0887,22.5983],[91.0853,22.5531],[91.0663,22.7043]]],[[[130.8507,-7.4934],[130.9847,-7.5046],[130.9599,-7.5344],[130.9827,-7.5522],[130.8507,-7.4934]]],[[[92.9261,20.0833],[93.0291,19.8189],[92.9159,20.0553],[92.9261,20.0833]]],[[[127.3903,0.0149],[127.4449,0.1383],[127.4523,-0.0431],[127.4133,0.0229],[127.3903,0.0149]]],[[[120.8111,5.5377],[120.9055,5.5383],[120.8561,5.4879],[120.8111,5.5377]]],[[[121.7429,-7.4062],[121.8419,-7.354],[121.7807,-7.4246],[121.7429,-7.4062]]],[[[93.0381,20.4231],[93.1103,20.4209],[93.0435,20.3505],[93.0381,20.4231]]],[[[95.1203,16.0803],[95.1855,16.0281],[95.1377,16.0363],[95.0989,15.9801],[95.1203,16.0803]]],[[[131.5197,-6.747],[131.6283,-6.6677],[131.5311,-6.7953],[131.5197,-6.747]]],[[[127.1543,-8.0282],[127.2281,-8.1103],[127.1459,-8.1012],[127.1543,-8.0282]]],[[[122.2289,-0.1969],[122.3659,-0.2654],[122.3801,-0.3723],[122.3355,-0.2811],[122.2289,-0.1969]]],[[[121.0749,12.2943],[121.1315,12.1527],[121.0477,12.2955],[121.0749,12.2943]]],[[[127.1549,-3.8744],[127.2357,-3.8373],[127.2261,-3.9101],[127.1549,-3.8744]]],[[[121.8939,19.5365],[121.9969,19.5517],[121.9683,19.4767],[121.8939,19.5365]]],[[[119.9225,16.2863],[120.0203,16.3089],[120.0013,16.2217],[119.9225,16.2863]]],[[[121.9291,20.4047],[122.0349,20.4677],[121.9175,20.3451],[121.9291,20.4047]]],[[[123.6863,-5.4627],[123.8189,-5.5542],[123.8069,-5.5714],[123.8149,-5.5966],[123.6863,-5.4627]]],[[[123.8437,13.3511],[123.9299,13.3283],[123.8863,13.2837],[123.8885,13.2259],[123.8437,13.3511]]],[[[98.0199,11.6911],[98.0909,11.7375],[98.0965,11.6259],[98.0199,11.6911]]],[[[91.8409,21.8963],[91.8933,21.8521],[91.8311,21.7169],[91.8409,21.8963]]],[[[32.7411,-0.0168],[32.7695,-0.1226],[32.6619,-0.0973],[32.7411,-0.0168]]],[[[121.5739,-0.1909],[121.6449,-0.1264],[121.6295,-0.1997],[121.5739,-0.1909]]],[[[123.3619,-1.6754],[123.2999,-1.7917],[123.2657,-1.7934],[123.3619,-1.6754]]],[[[91.2417,22.5467],[91.2783,22.6111],[91.2913,22.5409],[91.2417,22.5467]]],[[[95.9521,16.2719],[95.8711,16.2021],[95.8913,16.2219],[95.9179,16.2731],[95.9399,16.3787],[95.9521,16.2719]]],[[[120.1933,11.9395],[120.2495,11.9153],[120.2593,11.8113],[120.1933,11.9395]]],[[[93.5917,19.7777],[93.7013,19.8521],[93.5997,19.7101],[93.5917,19.7777]]],[[[88.4295,21.6003],[88.4841,21.6751],[88.4527,21.6003],[88.4295,21.6003]]],[[[104.4033,0.1599],[104.4931,0.0679],[104.4603,0.0561],[104.4981,0.0115],[104.3815,0.1219],[104.4305,0.0895],[104.4033,0.1599]]],[[[90.2763,22.0245],[90.3791,22.0859],[90.3077,21.9737],[90.2763,22.0245]]],[[[124.0627,13.2057],[124.2049,13.2117],[124.2211,13.1797],[124.0627,13.2057]]],[[[127.3117,-1.454],[127.3671,-1.3675],[127.3879,-1.4072],[127.3117,-1.454]]],[[[33.9647,-0.4352],[34.0611,-0.4823],[33.9443,-0.4677],[33.9647,-0.4352]]],[[[133.7489,-2.4657],[133.8459,-2.4201],[133.8771,-2.4627],[133.8381,-2.442],[133.7489,-2.4657]]],[[[121.2481,19.1033],[121.1981,19.0671],[121.2169,19.1723],[121.2481,19.1033]]],[[[28.3885,-9.2596],[28.4769,-9.2372],[28.4819,-9.3245],[28.3885,-9.2596]]],[[[96.7389,17.4317],[96.8429,17.4071],[96.8101,17.3801],[96.7389,17.4317]]],[[[98.2505,8.9117],[98.3251,8.9825],[98.2699,8.8691],[98.2505,8.9117]]],[[[79.9067,9.6135],[79.9335,9.6777],[79.9831,9.6205],[79.9067,9.6135]]],[[[121.0927,-7.395],[121.0893,-7.3054],[121.1663,-7.357],[121.0927,-7.395]]],[[[134.5699,-2.2809],[134.5997,-2.3966],[134.5747,-2.4422],[134.5699,-2.2809]]],[[[90.9911,22.3297],[90.9299,22.2287],[90.9681,22.3789],[90.9911,22.3297]]],[[[128.3277,-1.0246],[128.4061,-0.9925],[128.4103,-1.0283],[128.3277,-1.0246]]],[[[122.5055,-5.6473],[122.5517,-5.6861],[122.4541,-5.6914],[122.5055,-5.6473]]],[[[123.9385,10.3079],[123.9831,10.2595],[123.9365,10.2497],[123.9385,10.3079]]],[[[121.0039,10.8325],[121.0861,10.8597],[121.0307,10.8005],[121.0039,10.8325]]],[[[90.3797,21.9987],[90.3551,21.8667],[90.3129,21.8557],[90.3797,21.9987]]],[[[124.5283,10.1199],[124.6009,10.0759],[124.5355,10.0559],[124.5283,10.1199]]],[[[115.7765,-7.1751],[115.7997,-7.1484],[115.8967,-7.1843],[115.7765,-7.1751]]],[[[121.3453,12.0875],[121.4213,12.0325],[121.3893,11.9897],[121.3453,12.0875]]],[[[91.1723,22.6085],[91.0913,22.5951],[91.1411,22.6643],[91.1723,22.6085]]],[[[124.0031,-5.7548],[123.9165,-5.766],[123.8951,-5.721],[124.0031,-5.7548]]],[[[125.3785,5.4345],[125.4207,5.3683],[125.3291,5.3901],[125.3785,5.4345]]],[[[122.4399,14.7029],[122.3223,14.6751],[122.3069,14.6805],[122.4399,14.7029]]],[[[133.9543,-2.3327],[133.9949,-2.3872],[133.8889,-2.3577],[133.9543,-2.3327]]],[[[94.5931,16.2257],[94.6141,16.3189],[94.6499,16.3301],[94.6865,16.3779],[94.5931,16.2257]]],[[[121.1505,5.7809],[121.1481,5.8515],[121.2365,5.8157],[121.1505,5.7809]]],[[[114.4797,-7.1625],[114.6055,-7.1371],[114.6139,-7.1722],[114.4797,-7.1625]]],[[[93.0765,12.2053],[93.1031,12.1147],[93.0803,12.0829],[93.0765,12.2053]]],[[[127.0117,-0.2644],[127.1379,-0.1858],[127.1113,-0.2465],[127.0447,-0.2761],[127.0261,-0.2977],[127.0117,-0.2644]]],[[[122.3719,-8.4992],[122.3593,-8.4284],[122.4057,-8.4506],[122.3719,-8.4992]]],[[[113.9423,-7.0901],[114.0551,-7.0759],[114.0631,-7.1106],[113.9423,-7.0901]]],[[[134.1877,-5.8245],[134.2275,-5.7519],[134.2385,-5.816],[134.1877,-5.8245]]],[[[119.6315,10.9975],[119.6223,11.0871],[119.6419,11.0211],[119.6315,10.9975]]],[[[107.0251,-2.8816],[107.0989,-2.8612],[107.0899,-2.9117],[107.0251,-2.8816]]],[[[33.7659,0.0889],[33.8039,0.1359],[33.8959,0.0873],[33.7659,0.0889]]],[[[88.5929,21.6069],[88.5187,21.5997],[88.5265,21.6569],[88.5929,21.6069]]],[[[32.4521,-0.4102],[32.4893,-0.4872],[32.4511,-0.4936],[32.4521,-0.4102]]],[[[119.8089,5.1273],[119.8031,5.0547],[119.7407,5.0417],[119.8089,5.1273]]],[[[110.0303,-2.744],[110.1109,-2.678],[110.1083,-2.7452],[110.0303,-2.744]]],[[[93.5071,7.9801],[93.5757,7.9937],[93.5729,7.9257],[93.5071,7.9801]]],[[[93.7469,19.7907],[93.7771,19.7663],[93.7123,19.7645],[93.7469,19.7907]]],[[[98.1697,10.1393],[98.2393,10.1647],[98.1809,10.0297],[98.1697,10.1393]]],[[[88.9027,21.5799],[88.8383,21.5541],[88.8365,21.6017],[88.9027,21.5799]]],[[[134.5391,-5.338],[134.5915,-5.3421],[134.5673,-5.3521],[134.5323,-5.4046],[134.5391,-5.338]]],[[[92.2301,11.5265],[92.2787,11.5755],[92.2843,11.5171],[92.2301,11.5265]]],[[[93.1267,20.0519],[93.2507,19.8163],[93.2273,19.8161],[93.1267,20.0519]]],[[[79.6531,9.5535],[79.7251,9.5227],[79.7271,9.4799],[79.6531,9.5535]]],[[[34.1643,-0.363],[34.1643,-0.4383],[34.1217,-0.4223],[34.1643,-0.363]]],[[[90.6163,22.1069],[90.6239,22.0883],[90.6229,22.0355],[90.6063,22.0237],[90.6163,22.1069]]],[[[122.1933,-0.2004],[122.2063,-0.2387],[122.2383,-0.2831],[122.1415,-0.2542],[122.1933,-0.2004]]],[[[88.6377,21.9547],[88.7183,22.0019],[88.6871,21.9455],[88.6377,21.9547]]],[[[134.3015,-5.5547],[134.2665,-5.6386],[134.2359,-5.6114],[134.3015,-5.5547]]],[[[122.4055,-3.3919],[122.4655,-3.4659],[122.4355,-3.4953],[122.4055,-3.3919]]],[[[130.0891,-0.0573],[130.1339,0.0],[130.1291,-0.1003],[130.0891,-0.0573]]],[[[93.6559,19.7785],[93.6947,19.7183],[93.6317,19.7181],[93.6559,19.7785]]],[[[121.4847,11.8291],[121.4805,11.8707],[121.5337,11.8495],[121.4847,11.8291]]],[[[98.2915,12.5187],[98.2195,12.5191],[98.2575,12.5653],[98.2915,12.5187]]],[[[31.8571,-1.6161],[31.9377,-1.6585],[31.8547,-1.7495],[31.8571,-1.6161]]],[[[88.6011,21.8613],[88.6619,21.8701],[88.6451,21.7857],[88.6273,21.7977],[88.6271,21.8319],[88.6011,21.8613]]],[[[88.3145,21.7845],[88.3493,21.7567],[88.3369,21.7073],[88.3143,21.7169],[88.3145,21.7845]]],[[[124.3011,-2.0033],[124.3639,-1.9708],[124.3625,-2.0366],[124.3011,-2.0033]]],[[[115.6253,-7.0051],[115.6487,-6.9724],[115.6849,-7.013],[115.6253,-7.0051]]],[[[119.8053,4.8559],[119.8459,4.9025],[119.8511,4.8637],[119.8053,4.8559]]],[[[121.7399,-8.3073],[121.6929,-8.3529],[121.6931,-8.3064],[121.7399,-8.3073]]],[[[91.9121,21.7469],[91.8525,21.6605],[91.8885,21.7621],[91.9121,21.7469]]],[[[120.2401,5.1927],[120.3085,5.2113],[120.2743,5.1717],[120.2401,5.1927]]],[[[127.3419,-0.6722],[127.3733,-0.6225],[127.4081,-0.6704],[127.3419,-0.6722]]],[[[104.3931,0.2887],[104.4231,0.3283],[104.4363,0.3093],[104.3931,0.2887]]],[[[93.5941,19.8747],[93.6607,19.9013],[93.5459,19.8273],[93.5471,19.8669],[93.5941,19.8747]]],[[[123.3223,-1.1948],[123.2757,-1.2125],[123.3127,-1.1766],[123.3223,-1.1948]]],[[[104.4001,-0.2916],[104.4821,-0.3219],[104.3875,-0.3097],[104.4001,-0.2916]]],[[[123.0363,-4.8261],[123.1161,-4.7918],[123.1101,-4.8366],[123.0363,-4.8261]]],[[[124.3581,-8.2813],[124.3113,-8.3258],[124.3045,-8.2864],[124.3581,-8.2813]]],[[[97.8877,10.8415],[97.9557,10.9273],[97.9449,10.8671],[97.8877,10.8415]]],[[[125.0041,12.5797],[125.0691,12.5779],[125.0291,12.5373],[125.0041,12.5797]]],[[[124.8385,11.6335],[124.8929,11.6829],[124.8847,11.6287],[124.8385,11.6335]]],[[[124.5587,10.7723],[124.4955,10.7539],[124.5677,10.8145],[124.5587,10.7723]]],[[[128.3511,-1.6509],[128.2897,-1.6519],[128.3415,-1.6086],[128.3511,-1.6509]]],[[[120.7701,5.4947],[120.7651,5.5627],[120.8045,5.5589],[120.7701,5.4947]]],[[[97.9125,10.4939],[97.9493,10.4739],[97.9155,10.3923],[97.8941,10.4605],[97.9125,10.4939]]],[[[93.5163,19.7215],[93.5763,19.7143],[93.5247,19.6805],[93.5163,19.7215]]],[[[122.2099,6.9753],[122.2829,6.9777],[122.1917,6.9219],[122.2099,6.9753]]],[[[36.6023,2.5951],[36.5865,2.6809],[36.6065,2.6855],[36.6023,2.5951]]],[[[88.3233,21.7037],[88.3509,21.6151],[88.3265,21.6023],[88.3233,21.7037]]],[[[131.9603,-7.046],[131.9123,-7.0467],[132.0079,-6.9836],[131.9603,-7.046]]],[[[124.1939,12.4149],[124.1407,12.4321],[124.1431,12.4809],[124.1939,12.4149]]],[[[90.3055,21.9673],[90.2459,21.8987],[90.2779,21.9797],[90.3055,21.9673]]],[[[104.8523,-5.8457],[104.7775,-5.757],[104.8447,-5.7981],[104.8523,-5.8457]]],[[[133.8115,-2.5401],[133.8091,-2.6313],[133.7735,-2.5133],[133.8115,-2.5401]]],[[[120.8387,5.7079],[120.8407,5.6615],[120.7923,5.6725],[120.8387,5.7079]]],[[[131.2241,-7.3353],[131.3031,-7.3346],[131.2213,-7.3679],[131.2241,-7.3353]]],[[[90.5707,21.9475],[90.5047,21.8801],[90.5607,21.9597],[90.5707,21.9475]]],[[[95.3641,16.1565],[95.3183,16.1719],[95.3667,16.2017],[95.3641,16.1565]]],[[[121.8881,20.3121],[121.8429,20.2845],[121.8461,20.3519],[121.8881,20.3121]]],[[[134.7683,-6.5077],[134.8019,-6.555],[134.7717,-6.544],[134.7683,-6.5077]]],[[[88.5383,21.5823],[88.4865,21.5469],[88.4997,21.5997],[88.5383,21.5823]]],[[[151.5753,7.3811],[151.6317,7.3257],[151.5571,7.3317],[151.5753,7.3811]]],[[[123.5947,13.9443],[123.6783,13.9427],[123.6209,13.9073],[123.5947,13.9443]]],[[[32.7481,0.0],[32.8265,0.0265],[32.7641,-0.037],[32.7481,0.0]]],[[[103.1265,0.7639],[103.0833,0.7363],[103.0995,0.7913],[103.1265,0.7639]]],[[[122.2781,-3.5821],[122.3315,-3.5243],[122.3621,-3.5628],[122.2781,-3.5821]]],[[[125.0365,12.6203],[125.0671,12.6875],[125.0949,12.6097],[125.0365,12.6203]]],[[[120.8827,13.6307],[120.9293,13.6609],[120.9457,13.6419],[120.8827,13.6307]]],[[[125.4515,5.4365],[125.4969,5.4745],[125.4709,5.3921],[125.4515,5.4365]]],[[[121.7619,6.0975],[121.8849,6.0303],[121.8901,6.0119],[121.8351,6.0105],[121.7745,6.0581],[121.7619,6.0975]]],[[[121.3789,-4.1017],[121.4635,-4.111],[121.3863,-4.1664],[121.3789,-4.1017]]],[[[120.8741,5.7107],[120.9317,5.7299],[120.9057,5.6931],[120.8741,5.7107]]],[[[115.8547,-4.7491],[115.8515,-4.7828],[115.7681,-4.833],[115.8547,-4.7491]]],[[[102.9427,0.3005],[102.8277,0.2661],[102.9471,0.3125],[102.9427,0.3005]]],[[[93.4571,19.6907],[93.4951,19.7145],[93.5017,19.6741],[93.4571,19.6907]]],[[[134.6295,-6.4442],[134.5707,-6.5382],[134.5601,-6.5375],[134.6295,-6.4442]]],[[[104.2707,0.6263],[104.2837,0.6737],[104.2927,0.6129],[104.2707,0.6263]]],[[[120.2737,13.7907],[120.3229,13.8227],[120.3283,13.7885],[120.2737,13.7907]]],[[[93.0437,12.0959],[93.0199,12.0787],[93.0371,12.1645],[93.0437,12.0959]]],[[[103.0911,0.5889],[103.0353,0.6311],[103.0429,0.6557],[103.0911,0.5889]]],[[[93.3309,20.0823],[93.2863,20.0945],[93.3001,20.1705],[93.3109,20.1153],[93.3309,20.0823]]],[[[88.3909,21.7387],[88.3779,21.6849],[88.4005,21.7603],[88.3909,21.7387]]],[[[119.5599,11.1767],[119.6285,11.1733],[119.5671,11.1371],[119.5599,11.1767]]],[[[127.1877,-0.1187],[127.2563,-0.1165],[127.2145,-0.1408],[127.1877,-0.1187]]],[[[92.3159,20.9543],[92.3553,20.9437],[92.3195,20.9071],[92.3037,20.9269],[92.3159,20.9543]]],[[[124.3471,11.8119],[124.3175,11.7659],[124.2951,11.8003],[124.3471,11.8119]]],[[[124.1697,12.0787],[124.2387,12.0609],[124.1479,12.0471],[124.1697,12.0787]]],[[[133.8035,-2.174],[133.8545,-2.1909],[133.7939,-2.193],[133.8035,-2.174]]],[[[124.2807,12.4163],[124.2527,12.3909],[124.2453,12.4605],[124.2807,12.4163]]],[[[121.9513,12.0949],[121.9203,12.0481],[121.9227,12.0879],[121.9513,12.0949]]],[[[126.3561,-1.8297],[126.4553,-1.8023],[126.4853,-1.8261],[126.3561,-1.8297]]],[[[121.5897,11.9113],[121.5405,11.9071],[121.5567,11.9667],[121.5897,11.9113]]],[[[110.0993,-2.902],[110.1737,-2.8919],[110.1625,-2.9207],[110.0993,-2.902]]],[[[117.7143,-8.4868],[117.7619,-8.5515],[117.7995,-8.5562],[117.7385,-8.5649],[117.7143,-8.4868]]],[[[90.4087,22.0467],[90.3519,22.0195],[90.3959,22.0707],[90.4087,22.0467]]],[[[128.7545,-3.6942],[128.7957,-3.6513],[128.7911,-3.6973],[128.7545,-3.6942]]],[[[127.4229,-1.1458],[127.4001,-1.1971],[127.3923,-1.1406],[127.4229,-1.1458]]],[[[122.0601,12.9081],[122.0607,12.9655],[122.0977,12.9555],[122.0601,12.9081]]],[[[125.7081,6.9553],[125.6871,6.9067],[125.6755,6.9617],[125.7081,6.9553]]],[[[98.0135,9.7975],[98.0597,9.8271],[98.0533,9.7895],[98.0135,9.7975]]],[[[90.9537,22.2115],[90.9211,22.1357],[90.9421,22.2125],[90.9537,22.2115]]],[[[88.2175,21.7159],[88.2393,21.6471],[88.2219,21.6019],[88.1877,21.6809],[88.2175,21.7159]]],[[[98.2535,11.2043],[98.2805,11.2661],[98.2925,11.2191],[98.2535,11.2043]]],[[[121.7437,13.8909],[121.7853,13.9405],[121.7957,13.8841],[121.7437,13.8909]]],[[[128.3555,-1.0744],[128.4125,-1.0935],[128.4501,-1.128],[128.3995,-1.0998],[128.3647,-1.1231],[128.3555,-1.0744]]],[[[33.6675,-0.1281],[33.7331,-0.1189],[33.7179,-0.1609],[33.6675,-0.1281]]],[[[94.0697,18.8359],[94.1387,18.8543],[94.1227,18.8085],[94.0697,18.8359]]],[[[125.7585,-7.9906],[125.7193,-8.0],[125.7321,-7.9647],[125.7585,-7.9906]]],[[[122.1145,18.5021],[122.1615,18.5669],[122.1511,18.5237],[122.1145,18.5021]]],[[[133.6917,-2.2323],[133.7411,-2.1764],[133.7817,-2.1791],[133.6917,-2.2323]]],[[[119.2859,-8.4698],[119.3265,-8.4038],[119.3265,-8.4593],[119.2859,-8.4698]]],[[[27.5469,-17.3406],[27.6139,-17.3456],[27.5233,-17.368],[27.5469,-17.3406]]],[[[134.0041,-2.3606],[134.0553,-2.3749],[134.0073,-2.3919],[134.0041,-2.3606]]],[[[88.5333,21.6559],[88.5671,21.6983],[88.5599,21.6377],[88.5333,21.6559]]],[[[124.2823,11.9299],[124.3403,11.9391],[124.2831,11.9003],[124.2823,11.9299]]],[[[122.5155,-5.523],[122.4781,-5.5277],[122.5307,-5.4914],[122.5155,-5.523]]],[[[94.5603,16.2407],[94.5185,16.2317],[94.5267,16.2839],[94.5603,16.2407]]],[[[94.8637,16.0363],[94.8075,15.9799],[94.8451,16.0629],[94.8637,16.0363]]],[[[121.5799,6.6697],[121.6287,6.6485],[121.6151,6.5581],[121.5799,6.6697]]],[[[109.2699,-1.2103],[109.2225,-1.1964],[109.2611,-1.179],[109.2699,-1.2103]]],[[[97.6161,16.2773],[97.5769,16.2937],[97.5955,16.3325],[97.6161,16.2773]]],[[[93.1119,20.0615],[93.1091,20.1359],[93.1267,20.0791],[93.1119,20.0615]]],[[[117.2675,-0.8246],[117.2985,-0.8727],[117.2759,-0.8915],[117.2675,-0.8246]]],[[[93.8301,19.4819],[93.8111,19.5267],[93.8593,19.5001],[93.8301,19.4819]]],[[[33.2423,0.0497],[33.3087,0.0495],[33.2621,0.0161],[33.2423,0.0497]]],[[[89.3203,21.8415],[89.3643,21.8349],[89.3433,21.7813],[89.3203,21.8415]]],[[[105.4829,-5.9709],[105.4897,-5.9192],[105.5151,-5.9438],[105.4829,-5.9709]]],[[[133.5709,-2.6037],[133.5475,-2.5503],[133.5801,-2.5561],[133.5709,-2.6037]]],[[[79.8539,9.7135],[79.8983,9.7605],[79.8827,9.7017],[79.8539,9.7135]]],[[[127.6247,-1.8236],[127.5731,-1.8692],[127.5663,-1.8501],[127.6247,-1.8236]]],[[[117.6581,-8.4541],[117.6845,-8.5241],[117.6557,-8.5362],[117.6581,-8.4541]]],[[[123.8451,-2.0573],[123.8769,-2.0212],[123.8901,-2.078],[123.8451,-2.0573]]],[[[98.2143,11.2755],[98.2753,11.3425],[98.2779,11.3023],[98.2143,11.2755]]],[[[131.5171,-6.8696],[131.4723,-6.877],[131.5115,-6.8602],[131.5171,-6.8696]]],[[[114.4017,-5.5664],[114.4543,-5.5454],[114.4401,-5.5843],[114.4017,-5.5664]]],[[[122.6905,-4.5417],[122.7399,-4.5236],[122.7425,-4.5696],[122.6905,-4.5417]]],[[[123.8303,13.3427],[123.7949,13.4007],[123.8523,13.3675],[123.8303,13.3427]]],[[[31.7619,-2.1418],[31.7765,-2.1195],[31.8205,-2.1462],[31.7619,-2.1418]]],[[[121.7337,12.9357],[121.7015,12.9017],[121.6897,12.9489],[121.7337,12.9357]]],[[[129.7413,-1.1584],[129.7047,-1.2066],[129.6665,-1.1851],[129.7413,-1.1584]]],[[[123.1859,11.4729],[123.2377,11.5085],[123.2337,11.4671],[123.1859,11.4729]]],[[[88.6221,21.7057],[88.6055,21.7109],[88.6303,21.7315],[88.6277,21.7411],[88.5951,21.7643],[88.6067,21.7869],[88.6377,21.7533],[88.6221,21.7057]]],[[[97.6907,11.8763],[97.6423,11.8705],[97.6743,11.8987],[97.6907,11.8763]]],[[[88.1543,21.9281],[88.0991,21.9319],[88.1177,21.9629],[88.1543,21.9281]]],[[[98.0239,10.5939],[98.0021,10.5393],[97.9451,10.5591],[98.0239,10.5939]]],[[[119.9123,16.3859],[119.9353,16.4265],[119.9631,16.3693],[119.9123,16.3859]]],[[[124.4521,11.9339],[124.4507,11.8823],[124.4125,11.9013],[124.4521,11.9339]]],[[[134.3885,7.2179],[134.4591,7.3039],[134.4583,7.2551],[134.3885,7.2179]]],[[[98.1925,10.5091],[98.2411,10.5283],[98.2171,10.4785],[98.1925,10.5091]]],[[[120.3873,13.6349],[120.4073,13.6565],[120.4213,13.6303],[120.3873,13.6349]]],[[[98.2565,11.9051],[98.2781,11.8487],[98.2653,11.8453],[98.2565,11.9051]]],[[[120.4261,-6.1126],[120.3937,-6.1773],[120.4051,-6.1305],[120.4261,-6.1126]]],[[[105.2911,-5.7868],[105.2799,-5.8391],[105.2271,-5.8304],[105.2911,-5.7868]]],[[[32.7555,1.4377],[32.7689,1.4435],[32.8765,1.4553],[32.7555,1.4377]]],[[[133.3709,-2.4464],[133.3537,-2.4766],[133.3431,-2.4276],[133.3709,-2.4464]]],[[[110.4475,-5.8845],[110.4627,-5.8254],[110.4787,-5.8512],[110.4475,-5.8845]]],[[[103.6957,0.7297],[103.7453,0.6857],[103.6955,0.7137],[103.6957,0.7297]]],[[[119.2615,10.9819],[119.3039,11.0167],[119.2873,10.9839],[119.2913,10.9487],[119.2615,10.9819]]],[[[127.4213,0.4689],[127.3755,0.4501],[127.3807,0.4805],[127.4213,0.4689]]],[[[91.0463,22.1755],[91.0913,22.1331],[91.0677,22.1423],[91.0443,22.1281],[91.0371,22.1369],[91.0463,22.1755]]],[[[32.3771,-0.2694],[32.3181,-0.1791],[32.3747,-0.2393],[32.3771,-0.2694]]],[[[79.8083,9.5771],[79.8325,9.5865],[79.8639,9.6055],[79.8583,9.5681],[79.8083,9.5771]]],[[[108.6673,-1.7198],[108.7215,-1.7021],[108.7763,-1.7085],[108.6673,-1.7198]]],[[[125.7873,11.0211],[125.8387,10.9383],[125.7679,11.0369],[125.7873,11.0211]]],[[[123.8387,13.9709],[123.8069,13.9447],[123.8287,13.9763],[123.8387,13.9709]]],[[[107.4711,-2.971],[107.4387,-2.9439],[107.4721,-2.9308],[107.4711,-2.971]]],[[[93.9727,18.8367],[93.9609,18.7801],[93.9407,18.8205],[93.9727,18.8367]]],[[[97.8463,9.4465],[97.8953,9.4815],[97.9107,9.4383],[97.8463,9.4465]]],[[[121.4035,6.0599],[121.3853,6.0187],[121.3747,6.0335],[121.4035,6.0599]]],[[[124.0223,-1.8407],[123.9883,-1.8293],[123.9949,-1.8098],[124.0223,-1.8407]]],[[[103.5003,0.6193],[103.4745,0.6299],[103.5215,0.6887],[103.5003,0.6193]]],[[[122.0861,12.8401],[122.0541,12.7853],[122.0193,12.7997],[122.0861,12.8401]]],[[[92.9791,13.6571],[93.0301,13.6745],[93.0379,13.6267],[92.9791,13.6571]]],[[[124.0405,7.3363],[124.0207,7.3323],[124.0741,7.3749],[124.0405,7.3363]]],[[[98.3093,9.2633],[98.2859,9.1805],[98.2639,9.1687],[98.3093,9.2633]]],[[[91.1755,22.5187],[91.1641,22.4815],[91.1389,22.5159],[91.1755,22.5187]]],[[[122.5283,-0.4861],[122.6085,-0.4895],[122.5203,-0.4922],[122.5283,-0.4861]]],[[[134.2759,-5.51],[134.2387,-5.4944],[134.2601,-5.4762],[134.2759,-5.51]]],[[[90.5575,22.0983],[90.5413,22.0071],[90.5447,22.0333],[90.5201,22.0313],[90.4915,22.0107],[90.5575,22.0983]]],[[[138.9257,-8.2275],[138.8917,-8.2416],[138.8893,-8.2019],[138.9257,-8.2275]]],[[[90.6259,22.4423],[90.6321,22.3575],[90.6059,22.4631],[90.6259,22.4423]]],[[[133.7709,-2.2154],[133.7633,-2.2486],[133.7415,-2.2461],[133.6885,-2.2701],[133.7709,-2.2154]]],[[[113.8861,-7.208],[113.9267,-7.1776],[113.9575,-7.2293],[113.8861,-7.208]]],[[[93.6633,19.8581],[93.7357,19.8839],[93.7369,19.8697],[93.6633,19.8581]]],[[[128.8223,0.5195],[128.8365,0.5411],[128.8583,0.4917],[128.8223,0.5195]]],[[[93.6781,19.7891],[93.7197,19.8529],[93.7341,19.8509],[93.6781,19.7891]]],[[[119.4221,4.7875],[119.4127,4.6981],[119.3973,4.6661],[119.4221,4.7875]]],[[[99.2497,-1.7948],[99.2833,-1.8429],[99.2349,-1.8554],[99.2497,-1.7948]]],[[[120.8121,-6.8169],[120.7819,-6.8064],[120.7939,-6.7812],[120.8121,-6.8169]]],[[[133.8977,-2.1464],[133.9473,-2.1593],[133.8925,-2.1673],[133.8977,-2.1464]]],[[[97.8271,12.5801],[97.8821,12.5669],[97.8555,12.5395],[97.8271,12.5801]]],[[[151.8413,7.4123],[151.8517,7.4603],[151.8925,7.4483],[151.8413,7.4123]]],[[[126.0067,9.6873],[126.0621,9.7341],[126.0705,9.7117],[126.0067,9.6873]]],[[[121.0715,13.5297],[121.0857,13.5733],[121.0973,13.5359],[121.0715,13.5297]]],[[[130.6559,-0.5871],[130.5511,-0.6234],[130.6069,-0.591],[130.6559,-0.5871]]],[[[93.8275,19.2951],[93.7869,19.2761],[93.7767,19.2977],[93.8275,19.2951]]],[[[98.0969,12.3551],[98.1335,12.3619],[98.1579,12.3301],[98.0955,12.3253],[98.0969,12.3551]]],[[[107.4033,-2.8427],[107.4213,-2.7976],[107.4419,-2.8267],[107.4033,-2.8427]]],[[[34.7113,-12.0863],[34.7571,-12.0528],[34.7313,-12.1],[34.7113,-12.0863]]],[[[123.7245,-1.8978],[123.7047,-1.958],[123.6949,-1.9457],[123.7245,-1.8978]]],[[[116.2025,-2.9392],[116.1559,-2.9358],[116.1487,-2.9038],[116.2025,-2.9392]]],[[[95.9925,16.3899],[95.9523,16.3705],[95.9587,16.4063],[95.9925,16.3899]]],[[[92.9723,12.0691],[93.0121,12.1021],[93.0059,12.0425],[92.9723,12.0691]]],[[[97.8717,12.8065],[97.8403,12.7763],[97.8457,12.8203],[97.8717,12.8065]]],[[[125.9159,9.8871],[125.9809,9.9407],[125.9245,9.8805],[125.9159,9.8871]]],[[[133.9639,-2.3955],[134.0075,-2.4197],[133.9659,-2.4323],[133.9639,-2.3955]]],[[[39.2289,-5.7675],[39.2401,-5.8502],[39.2199,-5.8566],[39.2289,-5.7675]]],[[[100.4869,-3.1833],[100.5121,-3.1653],[100.5317,-3.2026],[100.4869,-3.1833]]],[[[121.8515,14.2979],[121.8189,14.2499],[121.8053,14.2961],[121.8515,14.2979]]],[[[93.6161,8.5193],[93.6053,8.4193],[93.5951,8.5693],[93.6161,8.5193]]],[[[134.8197,-6.3207],[134.7785,-6.3346],[134.8179,-6.2951],[134.8197,-6.3207]]],[[[123.8775,-5.5653],[123.8297,-5.5801],[123.8291,-5.5525],[123.8775,-5.5653]]],[[[117.9611,-8.6722],[117.9999,-8.6416],[117.9961,-8.6916],[117.9611,-8.6722]]],[[[123.4629,-5.3254],[123.5363,-5.3646],[123.5367,-5.3728],[123.4629,-5.3254]]],[[[88.1417,22.0135],[88.0955,21.9897],[88.1347,22.0231],[88.1417,22.0135]]],[[[121.7251,6.0307],[121.6871,5.9989],[121.6509,6.0009],[121.6917,6.0451],[121.7251,6.0307]]],[[[97.8509,-0.094],[97.8785,-0.0697],[97.8853,-0.1119],[97.8509,-0.094]]],[[[123.1527,11.3033],[123.1937,11.2939],[123.1521,11.2487],[123.1527,11.3033]]],[[[134.2753,7.0491],[134.2769,7.0083],[134.2355,6.9741],[134.2349,7.0119],[134.2753,7.0491]]],[[[105.4909,-5.8751],[105.5405,-5.8655],[105.5043,-5.8995],[105.4909,-5.8751]]],[[[120.3647,5.2479],[120.3409,5.1819],[120.3577,5.2565],[120.3647,5.2479]]],[[[120.3175,-8.8805],[120.2693,-8.8861],[120.3007,-8.8542],[120.3175,-8.8805]]],[[[98.2339,11.9447],[98.2795,11.9379],[98.2693,11.9219],[98.2339,11.9447]]],[[[134.5215,-6.738],[134.4899,-6.7134],[134.5099,-6.7071],[134.5215,-6.738]]],[[[122.0239,14.8473],[122.0647,14.8657],[122.0829,14.8411],[122.0239,14.8473]]],[[[130.3641,-2.0357],[130.4161,-2.0008],[130.4687,-2.0123],[130.3641,-2.0357]]],[[[121.9801,6.7537],[121.9653,6.7077],[121.9411,6.7117],[121.9801,6.7537]]],[[[27.9471,-16.974],[27.9931,-17.0023],[27.9379,-16.9885],[27.9471,-16.974]]],[[[32.4391,-0.3397],[32.4779,-0.3734],[32.4299,-0.3826],[32.4391,-0.3397]]],[[[92.9505,20.2119],[92.9165,20.2045],[92.9427,20.2507],[92.9505,20.2119]]],[[[134.4663,-7.0793],[134.5219,-7.0557],[134.5145,-7.0916],[134.4663,-7.0793]]],[[[115.4443,-7.0017],[115.4773,-6.9714],[115.4841,-7.0061],[115.4443,-7.0017]]],[[[98.0709,10.8821],[98.0817,10.8283],[98.0313,10.8561],[98.0709,10.8821]]],[[[93.0683,11.8095],[93.0695,11.8435],[93.0827,11.8367],[93.0683,11.8095]]],[[[88.6221,21.8303],[88.5835,21.8141],[88.6003,21.8511],[88.6221,21.8303]]],[[[32.3087,-0.4],[32.3163,-0.3639],[32.3103,-0.4204],[32.3087,-0.4]]],[[[92.9269,12.3625],[92.9707,12.4177],[92.9453,12.3613],[92.9269,12.3625]]],[[[120.6309,6.2499],[120.6459,6.3157],[120.6545,6.3197],[120.6601,6.2827],[120.6309,6.2499]]],[[[104.3591,0.2777],[104.3723,0.3041],[104.3883,0.2751],[104.3591,0.2777]]],[[[120.1441,11.7537],[120.1921,11.7767],[120.1989,11.7537],[120.1441,11.7537]]],[[[134.7439,-6.4106],[134.7223,-6.3801],[134.7443,-6.3543],[134.7439,-6.4106]]],[[[119.1229,10.5913],[119.1991,10.5705],[119.1229,10.5507],[119.1229,10.5913]]],[[[93.5923,8.0387],[93.5759,8.1231],[93.5817,8.1185],[93.5923,8.0387]]],[[[97.4993,11.7819],[97.5283,11.8131],[97.5285,11.7809],[97.4993,11.7819]]],[[[93.3615,14.0771],[93.3851,14.1489],[93.3735,14.0615],[93.3615,14.0771]]],[[[93.2445,20.3055],[93.2729,20.2683],[93.2385,20.2685],[93.2445,20.3055]]],[[[90.5231,22.0807],[90.4821,22.0755],[90.5167,22.1059],[90.5231,22.0807]]],[[[88.6735,21.9171],[88.6271,21.9037],[88.6415,21.9225],[88.6735,21.9171]]],[[[124.3657,12.6573],[124.3939,12.6765],[124.3949,12.6451],[124.3657,12.6573]]],[[[120.9873,11.1601],[120.9367,11.1531],[120.9821,11.1721],[120.9873,11.1601]]],[[[124.1941,10.1903],[124.2679,10.2039],[124.2209,10.1729],[124.1941,10.1903]]],[[[107.5503,-3.2066],[107.5169,-3.2455],[107.5237,-3.1945],[107.5503,-3.2066]]],[[[104.1901,0.5855],[104.2339,0.5741],[104.2023,0.5629],[104.2043,0.5411],[104.1901,0.5855]]],[[[119.6583,11.3041],[119.6793,11.2667],[119.6735,11.2639],[119.6583,11.3041]]],[[[120.6719,6.4023],[120.7065,6.4335],[120.7087,6.3981],[120.6719,6.4023]]],[[[119.9895,4.9659],[120.0229,5.0019],[119.9969,4.9525],[119.9895,4.9659]]],[[[123.1071,11.1345],[123.1533,11.1483],[123.1201,11.0957],[123.1071,11.1345]]],[[[113.4219,-3.2575],[113.3745,-3.277],[113.4241,-3.2497],[113.4219,-3.2575]]],[[[90.7015,22.0617],[90.6743,22.0231],[90.6691,22.0671],[90.7015,22.0617]]],[[[116.9403,-8.4261],[116.9061,-8.451],[116.8441,-8.4494],[116.9403,-8.4261]]],[[[125.6191,9.7073],[125.6605,9.7249],[125.6551,9.6643],[125.6191,9.7073]]],[[[122.0779,-0.2318],[122.0411,-0.2693],[122.0207,-0.2658],[122.0779,-0.2318]]],[[[119.8343,4.8191],[119.8241,4.7929],[119.8087,4.8187],[119.8343,4.8191]]],[[[134.5165,7.3107],[134.5093,7.3581],[134.5249,7.3287],[134.5165,7.3107]]],[[[92.5845,20.7087],[92.6379,20.7237],[92.6087,20.6839],[92.5845,20.7087]]],[[[130.1959,-0.3177],[130.2179,-0.2837],[130.2267,-0.3229],[130.1959,-0.3177]]],[[[32.3599,-0.3711],[32.4089,-0.3578],[32.4237,-0.3603],[32.3599,-0.3711]]],[[[104.1797,-0.3961],[104.2283,-0.3759],[104.2295,-0.3936],[104.1797,-0.3961]]],[[[133.9379,-2.2757],[133.8887,-2.2981],[133.8837,-2.287],[133.9379,-2.2757]]],[[[97.9027,13.7971],[97.9277,13.8521],[97.9135,13.7837],[97.9027,13.7971]]],[[[105.4515,-6.1377],[105.4245,-6.1698],[105.4107,-6.1512],[105.4515,-6.1377]]],[[[92.7559,20.4701],[92.8049,20.4859],[92.7697,20.4381],[92.7559,20.4701]]],[[[97.4817,11.7641],[97.4765,11.7939],[97.4989,11.7733],[97.4817,11.7641]]],[[[129.1581,-6.9798],[129.1163,-6.9822],[129.1437,-6.9601],[129.1581,-6.9798]]],[[[93.0715,12.2241],[93.1133,12.2517],[93.1097,12.2039],[93.0715,12.2241]]],[[[104.7611,0.7475],[104.7215,0.7373],[104.7225,0.7571],[104.7611,0.7475]]],[[[122.6901,-6.2088],[122.7001,-6.193],[122.7347,-6.199],[122.6901,-6.2088]]],[[[122.3797,-4.6609],[122.3331,-4.7165],[122.3227,-4.7204],[122.3797,-4.6609]]],[[[97.8135,14.1559],[97.7883,14.1761],[97.8229,14.1871],[97.8135,14.1559]]],[[[132.7057,-5.5514],[132.7315,-5.5255],[132.7425,-5.5348],[132.7057,-5.5514]]],[[[115.5071,-7.0144],[115.5525,-7.0207],[115.5275,-7.0337],[115.5071,-7.0144]]],[[[119.5841,-8.6378],[119.5657,-8.6926],[119.5463,-8.6757],[119.5841,-8.6378]]],[[[123.9049,-8.3821],[123.9361,-8.3471],[123.9445,-8.3521],[123.9049,-8.3821]]],[[[121.0437,5.6609],[121.0657,5.6947],[121.0699,5.6869],[121.0437,5.6609]]],[[[88.5909,21.7565],[88.5867,21.7213],[88.5729,21.7719],[88.5897,21.7751],[88.5909,21.7565]]],[[[98.1041,11.4089],[98.1509,11.4167],[98.1499,11.3749],[98.1041,11.4089]]],[[[124.1529,-1.7784],[124.1705,-1.7394],[124.1715,-1.7807],[124.1529,-1.7784]]],[[[125.5649,9.8985],[125.6103,9.8907],[125.5803,9.8519],[125.5649,9.8985]]],[[[98.2931,11.8133],[98.2607,11.8311],[98.2945,11.8433],[98.2931,11.8133]]],[[[33.3337,-1.7179],[33.3513,-1.6925],[33.3721,-1.7374],[33.3337,-1.7179]]],[[[98.3351,-0.101],[98.3177,-0.0655],[98.3459,-0.0931],[98.3351,-0.101]]],[[[123.9037,11.3289],[123.8775,11.3019],[123.8965,11.3535],[123.9037,11.3289]]],[[[92.9717,12.1179],[92.9963,12.1411],[93.0089,12.1155],[92.9717,12.1179]]],[[[98.2883,10.0803],[98.3119,10.1155],[98.3095,10.0835],[98.2883,10.0803]]],[[[93.5829,19.8359],[93.5507,19.8015],[93.5447,19.8059],[93.5829,19.8359]]],[[[90.5387,22.1519],[90.5063,22.1709],[90.5449,22.1737],[90.5387,22.1519]]],[[[104.2457,0.1717],[104.2055,0.1701],[104.2345,0.2005],[104.2457,0.1717]]],[[[104.3079,0.1257],[104.3353,0.1335],[104.3397,0.1067],[104.3079,0.1257]]],[[[92.7221,12.7795],[92.7319,12.7437],[92.7219,12.7167],[92.7035,12.7967],[92.7203,12.8309],[92.7221,12.7795]]],[[[136.3367,-1.9334],[136.3591,-1.9093],[136.3659,-1.9599],[136.3367,-1.9334]]],[[[89.5649,21.9289],[89.5399,21.8777],[89.5495,21.9639],[89.5649,21.9289]]],[[[121.5963,5.9557],[121.5559,5.9483],[121.5751,5.9785],[121.5963,5.9557]]],[[[125.9667,9.7161],[126.0087,9.7103],[125.9865,9.6917],[125.9667,9.7161]]],[[[120.3043,5.0925],[120.3057,5.1243],[120.3179,5.1215],[120.3043,5.0925]]],[[[92.9111,12.2725],[92.9511,12.2681],[92.9349,12.2277],[92.9111,12.2725]]],[[[94.3219,15.9781],[94.3323,16.0117],[94.3503,16.0085],[94.3219,15.9781]]],[[[32.3553,-0.4276],[32.3901,-0.3904],[32.4057,-0.4024],[32.3553,-0.4276]]],[[[105.3897,-6.0542],[105.3923,-6.0885],[105.3497,-6.1108],[105.3897,-6.0542]]],[[[130.2501,-2.2092],[130.2359,-2.1803],[130.2963,-2.1941],[130.2501,-2.2092]]],[[[88.4925,21.8357],[88.4735,21.8011],[88.4607,21.8159],[88.4925,21.8357]]],[[[93.6423,19.3591],[93.6879,19.3625],[93.6571,19.3361],[93.6423,19.3591]]],[[[103.5215,-0.19],[103.5285,-0.2112],[103.4793,-0.2046],[103.5215,-0.19]]],[[[36.1155,3.0527],[36.1379,3.0671],[36.1565,3.0823],[36.1457,3.0633],[36.1155,3.0527]]],[[[131.4969,-7.1643],[131.4597,-7.1953],[131.4915,-7.1576],[131.4969,-7.1643]]],[[[109.1403,-1.3285],[109.1267,-1.2829],[109.1667,-1.2924],[109.1403,-1.3285]]],[[[125.6967,9.7891],[125.7399,9.7837],[125.7223,9.7559],[125.6967,9.7891]]],[[[117.9529,-5.3879],[117.9283,-5.3926],[117.9261,-5.3592],[117.9529,-5.3879]]],[[[123.6119,-5.3966],[123.6053,-5.4204],[123.5823,-5.4032],[123.6119,-5.3966]]],[[[134.5215,-6.6838],[134.4875,-6.6994],[134.5033,-6.6579],[134.5215,-6.6838]]],[[[124.3083,13.9605],[124.3517,13.9597],[124.3509,13.9509],[124.3083,13.9605]]],[[[33.5401,0.1379],[33.5867,0.1559],[33.5803,0.1097],[33.5401,0.1379]]],[[[122.9571,14.4933],[122.9425,14.4481],[122.9015,14.4467],[122.9571,14.4933]]],[[[110.4521,-5.8109],[110.4931,-5.8036],[110.4847,-5.8346],[110.4521,-5.8109]]],[[[113.7931,-7.2359],[113.7599,-7.2063],[113.8129,-7.2184],[113.7931,-7.2359]]],[[[93.7435,19.8327],[93.7181,19.7835],[93.6991,19.7963],[93.7435,19.8327]]],[[[104.1947,-0.4328],[104.2239,-0.4033],[104.2193,-0.4359],[104.1947,-0.4328]]],[[[32.2883,-0.5111],[32.3245,-0.4944],[32.3009,-0.5313],[32.2883,-0.5111]]],[[[124.0693,10.2933],[124.0543,10.2363],[124.0229,10.2455],[124.0693,10.2933]]],[[[90.6481,22.0183],[90.6115,21.9989],[90.6455,22.0513],[90.6481,22.0183]]],[[[127.1455,4.7561],[127.1151,4.7435],[127.1347,4.7809],[127.1455,4.7561]]],[[[92.5413,11.5503],[92.5491,11.6015],[92.5803,11.5851],[92.5413,11.5503]]],[[[127.7495,-0.3342],[127.7583,-0.3849],[127.7289,-0.4049],[127.7495,-0.3342]]],[[[97.8391,9.4211],[97.8645,9.4351],[97.8893,9.3845],[97.8391,9.4211]]],[[[97.6647,16.5555],[97.6263,16.5365],[97.6435,16.5773],[97.6647,16.5555]]],[[[92.9603,12.9777],[92.9875,12.9643],[92.9861,12.9333],[92.9603,12.9777]]],[[[103.6223,0.5071],[103.5995,0.4897],[103.5759,0.5569],[103.6223,0.5071]]],[[[130.5229,-0.8407],[130.5483,-0.8084],[130.5533,-0.8183],[130.5229,-0.8407]]],[[[93.5311,19.9023],[93.5011,19.9039],[93.5199,19.9157],[93.5311,19.9023]]],[[[151.8453,7.3529],[151.8447,7.3121],[151.8131,7.3647],[151.8453,7.3529]]],[[[125.9439,9.8509],[125.9557,9.8913],[125.9665,9.8629],[125.9439,9.8509]]],[[[88.1899,21.5447],[88.2141,21.5547],[88.2141,21.5285],[88.1899,21.5447]]],[[[97.6423,16.6085],[97.6123,16.5801],[97.6261,16.6185],[97.6423,16.6085]]],[[[120.1425,11.9721],[120.1893,11.9907],[120.2005,11.9739],[120.1425,11.9721]]],[[[90.6309,22.5289],[90.6459,22.4679],[90.6137,22.5393],[90.6309,22.5289]]],[[[127.3393,-8.4262],[127.3171,-8.449],[127.3149,-8.4189],[127.3393,-8.4262]]],[[[121.5215,-8.872],[121.5341,-8.9149],[121.5201,-8.9261],[121.5215,-8.872]]],[[[92.8875,12.2057],[92.9119,12.2513],[92.9213,12.2203],[92.8875,12.2057]]],[[[123.8155,-8.3707],[123.8025,-8.4091],[123.7987,-8.3784],[123.8155,-8.3707]]],[[[124.4037,11.9669],[124.4305,11.9881],[124.4319,11.9579],[124.4037,11.9669]]],[[[121.7513,-7.2636],[121.7757,-7.284],[121.7291,-7.2968],[121.7513,-7.2636]]],[[[121.0007,12.2079],[121.0381,12.1985],[121.0275,12.1787],[121.0007,12.2079]]],[[[33.1543,0.1485],[33.1745,0.1399],[33.1725,0.1129],[33.1543,0.1485]]],[[[93.6259,19.4677],[93.6273,19.4907],[93.6441,19.4497],[93.6259,19.4677]]],[[[90.5419,22.1173],[90.5241,22.0575],[90.5057,22.0443],[90.5419,22.1173]]],[[[112.5745,-6.9123],[112.5967,-6.9087],[112.5955,-6.93],[112.5745,-6.9123]]],[[[127.4067,-0.068],[127.3951,-0.0755],[127.4089,-0.025],[127.4173,-0.0468],[127.4067,-0.068]]],[[[33.3117,-2.2055],[33.2757,-2.1944],[33.3107,-2.1776],[33.3117,-2.2055]]],[[[133.8847,-2.1137],[133.8565,-2.1322],[133.8589,-2.1053],[133.8847,-2.1137]]],[[[120.4321,6.1385],[120.4421,6.1743],[120.4611,6.1681],[120.4441,6.1657],[120.4321,6.1385]]],[[[104.5171,0.4127],[104.5593,0.4117],[104.5353,0.3595],[104.5171,0.4127]]],[[[129.6279,-1.7849],[129.6459,-1.8144],[129.6469,-1.8424],[129.6279,-1.7849]]],[[[127.4027,-1.3355],[127.3755,-1.3139],[127.4255,-1.3203],[127.4027,-1.3355]]],[[[123.2761,11.4519],[123.2505,11.4255],[123.2521,11.4683],[123.2761,11.4519]]],[[[125.6385,10.9763],[125.6533,11.0047],[125.6563,10.9859],[125.6385,10.9763]]],[[[121.2447,9.6019],[121.1985,9.5775],[121.2443,9.6487],[121.2447,9.6019]]],[[[117.3959,-0.8809],[117.3653,-0.889],[117.3777,-0.8534],[117.3959,-0.8809]]],[[[134.3489,7.1713],[134.3885,7.1361],[134.3547,7.1425],[134.3489,7.1713]]],[[[104.8317,-0.0729],[104.8673,-0.06],[104.8723,-0.0799],[104.8317,-0.0729]]],[[[93.5773,19.7821],[93.5455,19.7889],[93.5807,19.7961],[93.5773,19.7821]]],[[[131.4621,-7.1153],[131.4351,-7.1258],[131.4495,-7.091],[131.4621,-7.1153]]],[[[134.6567,-6.8346],[134.6011,-6.8895],[134.5825,-6.8803],[134.6567,-6.8346]]],[[[124.7579,11.7049],[124.7821,11.7315],[124.7779,11.7047],[124.7579,11.7049]]],[[[119.3459,11.2089],[119.3773,11.2271],[119.3827,11.1983],[119.3459,11.2089]]],[[[98.2593,-0.0368],[98.2801,-0.0848],[98.2763,-0.0973],[98.2593,-0.0368]]],[[[124.3693,12.5939],[124.3793,12.6199],[124.4015,12.5951],[124.3693,12.5939]]],[[[121.8207,6.1177],[121.8383,6.1499],[121.8505,6.1307],[121.8207,6.1177]]],[[[125.4787,10.4325],[125.5003,10.4521],[125.4989,10.4223],[125.4787,10.4325]]],[[[127.3637,-1.5222],[127.3977,-1.5068],[127.3787,-1.5274],[127.3637,-1.5222]]],[[[98.5101,-0.6267],[98.4821,-0.6239],[98.4919,-0.6074],[98.5101,-0.6267]]],[[[32.5639,-0.3319],[32.6119,-0.3106],[32.6113,-0.3276],[32.5639,-0.3319]]],[[[130.4871,-0.3385],[130.5079,-0.3118],[130.5189,-0.3322],[130.4871,-0.3385]]],[[[121.8243,6.1465],[121.7959,6.1581],[121.8163,6.1753],[121.8243,6.1465]]],[[[31.9635,-2.3753],[31.9607,-2.4156],[31.9287,-2.4182],[31.9635,-2.3753]]],[[[95.2683,15.9573],[95.2389,15.9141],[95.2679,15.9853],[95.2683,15.9573]]],[[[121.9065,11.9919],[121.9501,11.9557],[121.9453,11.9443],[121.9065,11.9919]]],[[[134.3133,-6.3139],[134.2939,-6.3487],[134.3037,-6.3051],[134.3133,-6.3139]]],[[[133.6537,-2.5113],[133.6745,-2.4945],[133.6851,-2.5334],[133.6537,-2.5113]]],[[[32.9001,0.0],[32.9473,0.0287],[32.9507,0.0257],[32.9001,0.0]]],[[[124.4277,12.5471],[124.4505,12.5631],[124.4537,12.5437],[124.4277,12.5471]]],[[[107.2071,0.1349],[107.2299,0.1071],[107.2141,0.1101],[107.2071,0.1349]]],[[[124.3661,-2.0529],[124.4023,-2.0468],[124.3851,-2.067],[124.3661,-2.0529]]],[[[120.5905,-7.1062],[120.5715,-7.0788],[120.6111,-7.0885],[120.5905,-7.1062]]],[[[104.3763,0.1371],[104.3865,0.1515],[104.3985,0.1147],[104.3763,0.1371]]],[[[31.9495,-2.4334],[31.9895,-2.4328],[31.9881,-2.4551],[31.9495,-2.4334]]],[[[86.8161,20.4409],[86.7981,20.3885],[86.8043,20.4823],[86.8161,20.4409]]],[[[93.8025,18.6113],[93.7755,18.6207],[93.7935,18.6657],[93.8025,18.6113]]],[[[132.4625,-5.9932],[132.4385,-6.038],[132.4239,-6.0091],[132.4625,-5.9932]]],[[[33.0943,0.0831],[33.1065,0.1153],[33.1311,0.1061],[33.0943,0.0831]]],[[[90.5413,22.0211],[90.4995,21.9977],[90.5409,22.0271],[90.5413,22.0211]]],[[[122.6889,10.4737],[122.7289,10.4577],[122.6873,10.4451],[122.6889,10.4737]]],[[[105.5175,-7.0138],[105.5501,-6.9982],[105.5651,-7.0104],[105.5175,-7.0138]]],[[[95.0521,15.7421],[95.0443,15.7145],[95.0181,15.7195],[95.0521,15.7421]]],[[[120.0345,13.9029],[120.0381,13.8713],[120.0131,13.8933],[120.0345,13.9029]]],[[[127.5919,-7.5512],[127.6219,-7.6042],[127.6013,-7.6201],[127.5919,-7.5512]]],[[[134.7553,-6.6252],[134.7623,-6.5952],[134.7849,-6.6289],[134.7553,-6.6252]]],[[[99.7059,-2.3845],[99.7273,-2.3693],[99.7311,-2.3957],[99.7059,-2.3845]]],[[[97.6553,15.4941],[97.6609,15.5669],[97.6651,15.5237],[97.6553,15.4941]]],[[[103.5703,0.4161],[103.5759,0.4371],[103.5945,0.4101],[103.5703,0.4161]]],[[[120.0995,11.8497],[120.0965,11.8191],[120.0709,11.8547],[120.0995,11.8497]]],[[[32.8889,-2.1317],[32.8989,-2.1018],[32.9015,-2.1289],[32.8889,-2.1317]]],[[[28.9443,-2.3719],[28.9341,-2.3409],[28.9519,-2.3452],[28.9443,-2.3719]]],[[[92.9807,20.1927],[92.9499,20.1895],[92.9753,20.2113],[92.9807,20.1927]]],[[[123.7777,-2.0109],[123.7591,-2.0534],[123.7631,-2.0035],[123.7777,-2.0109]]],[[[93.6955,14.8813],[93.6697,14.8499],[93.7065,14.9191],[93.6955,14.8813]]],[[[130.7877,-0.7622],[130.7777,-0.803],[130.7669,-0.8084],[130.7539,-0.7822],[130.7877,-0.7622]]],[[[125.5153,9.8847],[125.5207,9.9003],[125.5563,9.8639],[125.5153,9.8847]]],[[[121.9921,-5.5218],[122.0475,-5.4881],[122.0599,-5.4905],[122.0269,-5.5197],[121.9921,-5.5218]]],[[[97.6829,12.0425],[97.6523,12.0375],[97.6875,12.0547],[97.6829,12.0425]]],[[[124.4993,12.5463],[124.5021,12.5789],[124.5287,12.5477],[124.4993,12.5463]]],[[[109.3631,-0.6719],[109.3871,-0.6574],[109.4007,-0.6739],[109.3631,-0.6719]]],[[[119.7385,5.0349],[119.7673,5.0159],[119.7397,5.0177],[119.7385,5.0349]]],[[[134.1347,6.9045],[134.1581,6.9097],[134.1241,6.8867],[134.1347,6.9045]]],[[[124.3761,-8.2162],[124.3449,-8.221],[124.3585,-8.1972],[124.3761,-8.2162]]],[[[121.9707,6.2761],[121.9875,6.3051],[121.9859,6.2821],[122.0155,6.2937],[121.9707,6.2761]]],[[[136.2325,-1.2593],[136.1983,-1.2571],[136.2359,-1.2463],[136.2325,-1.2593]]],[[[120.3215,5.1263],[120.3395,5.1577],[120.3355,5.1155],[120.3215,5.1263]]],[[[117.4199,-8.1402],[117.3793,-8.162],[117.3545,-8.1558],[117.4199,-8.1402]]],[[[91.0543,22.1017],[91.0577,22.1273],[91.0843,22.1281],[91.0543,22.1017]]],[[[114.6181,-5.0827],[114.5931,-5.0724],[114.6121,-5.0573],[114.6181,-5.0827]]],[[[125.6271,9.7719],[125.6435,9.7977],[125.6677,9.7591],[125.6271,9.7719]]],[[[90.6555,21.9129],[90.6209,21.9111],[90.6283,21.9359],[90.6555,21.9129]]],[[[92.3099,20.9529],[92.2813,20.9477],[92.3007,20.9775],[92.3099,20.9529]]],[[[121.5517,6.0215],[121.5235,6.0107],[121.5501,6.0449],[121.5517,6.0215]]],[[[120.8397,6.3049],[120.8489,6.3413],[120.8719,6.3263],[120.8397,6.3049]]],[[[122.3969,-3.0497],[122.4091,-3.0245],[122.4199,-3.0508],[122.3969,-3.0497]]],[[[124.2853,-8.4868],[124.2591,-8.4684],[124.2865,-8.471],[124.2853,-8.4868]]],[[[122.4837,-3.0755],[122.5099,-3.0572],[122.5135,-3.0837],[122.4837,-3.0755]]],[[[130.3995,-2.0821],[130.4291,-2.0525],[130.4673,-2.062],[130.3995,-2.0821]]],[[[114.4417,-5.4446],[114.4207,-5.452],[114.4239,-5.4264],[114.4417,-5.4446]]],[[[32.3351,-0.4607],[32.3513,-0.4349],[32.3543,-0.4396],[32.3351,-0.4607]]],[[[98.3387,9.1457],[98.3119,9.1571],[98.3135,9.1823],[98.3387,9.1457]]],[[[104.7373,0.0457],[104.7837,0.0289],[104.7413,0.0315],[104.7373,0.0457]]],[[[121.7997,-7.4722],[121.7549,-7.4937],[121.7239,-7.489],[121.7997,-7.4722]]],[[[125.6437,9.9005],[125.6139,9.8879],[125.6415,9.9161],[125.6437,9.9005]]],[[[100.6671,-3.4884],[100.6381,-3.463],[100.6741,-3.4785],[100.6671,-3.4884]]],[[[133.9519,-2.1234],[133.9419,-2.1184],[133.9435,-2.0926],[133.9611,-2.0876],[133.9519,-2.1234]]],[[[28.8777,-2.4359],[28.9097,-2.3771],[28.9313,-2.3784],[28.8777,-2.4359]]],[[[32.1399,-1.4333],[32.1057,-1.4909],[32.1065,-1.4757],[32.1399,-1.4333]]],[[[120.3071,5.3607],[120.3147,5.3843],[120.3373,5.3787],[120.3071,5.3607]]],[[[31.8463,-1.7748],[31.8081,-1.8051],[31.8397,-1.7541],[31.8463,-1.7748]]],[[[120.1105,5.9255],[120.1229,5.9547],[120.1203,5.9191],[120.1105,5.9255]]],[[[90.4957,21.9701],[90.4999,21.9339],[90.4933,21.9323],[90.4957,21.9701]]],[[[131.0815,-8.0114],[131.1105,-8.0443],[131.1009,-8.0543],[131.0815,-8.0114]]],[[[104.6161,0.7295],[104.6617,0.7497],[104.6279,0.7139],[104.6161,0.7295]]],[[[151.8613,7.3627],[151.8877,7.3893],[151.8923,7.3689],[151.8613,7.3627]]],[[[103.7059,0.6251],[103.6737,0.6167],[103.6745,0.6381],[103.7059,0.6251]]],[[[88.1279,21.8977],[88.1019,21.8987],[88.0937,21.9267],[88.1279,21.8977]]],[[[114.1887,-6.9707],[114.1645,-6.9957],[114.1735,-6.9671],[114.1887,-6.9707]]],[[[130.8827,0.0095],[130.8895,0.0373],[130.9011,0.0173],[130.8827,0.0095]]],[[[119.6665,-8.8137],[119.6625,-8.7818],[119.6763,-8.8032],[119.6665,-8.8137]]],[[[121.9723,6.3583],[121.9623,6.3303],[121.9485,6.3445],[121.9723,6.3583]]],[[[93.2157,8.2615],[93.1997,8.2411],[93.2021,8.2613],[93.2157,8.2615]]],[[[119.2345,-8.6509],[119.2263,-8.6876],[119.2161,-8.6761],[119.2345,-8.6509]]],[[[131.3675,-7.23],[131.4065,-7.2229],[131.4059,-7.236],[131.3675,-7.23]]],[[[130.2591,-1.4665],[130.2141,-1.4927],[130.2047,-1.4858],[130.2591,-1.4665]]],[[[120.8987,6.1675],[120.9287,6.1719],[120.9137,6.1515],[120.9045,6.1635],[120.8797,6.1415],[120.8987,6.1675]]],[[[119.2557,-5.5275],[119.2905,-5.5131],[119.2815,-5.5332],[119.2557,-5.5275]]],[[[95.1231,15.9793],[95.1021,15.9577],[95.1207,15.9945],[95.1231,15.9793]]],[[[119.6757,11.0797],[119.6863,11.1251],[119.6907,11.0847],[119.6757,11.0797]]],[[[97.7261,12.1245],[97.7453,12.1461],[97.7293,12.1025],[97.7261,12.1245]]],[[[104.3057,0.3093],[104.3253,0.3261],[104.3199,0.3035],[104.3057,0.3093]]],[[[120.5787,5.4037],[120.5841,5.4355],[120.6057,5.4075],[120.5787,5.4037]]],[[[127.7993,-3.1701],[127.7769,-3.149],[127.8275,-3.1563],[127.7993,-3.1701]]],[[[115.6657,-4.9173],[115.6321,-4.9378],[115.6813,-4.8861],[115.6657,-4.9173]]],[[[104.2095,-1.0631],[104.2389,-1.0367],[104.2467,-1.0429],[104.2095,-1.0631]]],[[[88.1093,21.8729],[88.0821,21.8751],[88.0899,21.8981],[88.1093,21.8729]]],[[[119.7843,-8.7917],[119.7937,-8.8228],[119.7703,-8.8172],[119.7843,-8.7917]]],[[[98.0527,11.8011],[98.0761,11.7955],[98.0707,11.7819],[98.0527,11.8011]]],[[[120.4385,-6.6212],[120.4239,-6.6386],[120.4275,-6.5866],[120.4385,-6.6212]]],[[[93.8695,12.2823],[93.8543,12.2513],[93.8525,12.2803],[93.8695,12.2823]]],[[[125.0849,9.9295],[125.0785,9.8943],[125.0653,9.9651],[125.0849,9.9295]]],[[[119.9827,11.9483],[119.9919,11.9739],[120.0239,11.9577],[119.9827,11.9483]]],[[[121.7009,0.5031],[121.6711,0.4989],[121.6861,0.5165],[121.7009,0.5031]]],[[[145.5673,14.8437],[145.5445,14.8555],[145.5841,14.8623],[145.5673,14.8437]]],[[[120.2265,5.0305],[120.1909,5.0259],[120.2101,5.0433],[120.2265,5.0305]]],[[[112.7005,-8.4336],[112.7077,-8.4654],[112.6837,-8.4516],[112.7005,-8.4336]]],[[[115.7417,-4.7077],[115.7263,-4.6953],[115.7519,-4.685],[115.7417,-4.7077]]],[[[123.1935,11.5151],[123.1655,11.5247],[123.1883,11.5375],[123.1935,11.5151]]],[[[117.6763,-5.2018],[117.6511,-5.2201],[117.6579,-5.1794],[117.6763,-5.2018]]],[[[121.4045,-1.8568],[121.3783,-1.8391],[121.4033,-1.8407],[121.4045,-1.8568]]],[[[133.9295,-2.1191],[133.8955,-2.1137],[133.9281,-2.1147],[133.9295,-2.1191]]],[[[119.1457,5.4559],[119.1101,5.4403],[119.1001,5.4479],[119.1457,5.4559]]],[[[28.1561,-16.8494],[28.1807,-16.8272],[28.1937,-16.8393],[28.1561,-16.8494]]],[[[123.7917,9.8829],[123.7621,9.8883],[123.7921,9.8903],[123.7917,9.8829]]],[[[123.9457,-5.8033],[123.9143,-5.8131],[123.9081,-5.7993],[123.9457,-5.8033]]],[[[91.0331,22.4391],[91.0183,22.4087],[91.0183,22.4451],[91.0331,22.4391]]],[[[90.9841,22.2141],[90.9739,22.2091],[90.9955,22.2463],[90.9841,22.2141]]],[[[98.3183,-0.097],[98.3327,-0.1448],[98.3099,-0.1281],[98.3183,-0.097]]],[[[97.9815,10.1765],[97.9835,10.1325],[97.9601,10.1237],[97.9815,10.1765]]],[[[120.6911,11.3257],[120.6887,11.2947],[120.6715,11.3125],[120.6911,11.3257]]],[[[27.5005,-17.4041],[27.5117,-17.3986],[27.5403,-17.4248],[27.5005,-17.4041]]],[[[79.7777,8.4911],[79.7757,8.4781],[79.7803,8.5261],[79.7777,8.4911]]],[[[120.9613,6.1751],[120.9809,6.2031],[120.9883,6.1921],[120.9613,6.1751]]],[[[79.9931,9.6293],[79.9989,9.6005],[79.9661,9.6051],[79.9931,9.6293]]],[[[29.4073,-5.6555],[29.4193,-5.651],[29.4069,-5.6833],[29.4073,-5.6555]]],[[[98.1379,12.3965],[98.1553,12.4177],[98.1649,12.3973],[98.1379,12.3965]]],[[[34.0293,-0.1374],[34.0051,-0.1181],[34.0457,-0.1213],[34.0293,-0.1374]]],[[[98.2627,10.6459],[98.2493,10.6793],[98.2733,10.6819],[98.2627,10.6459]]],[[[103.1243,0.6443],[103.0975,0.6463],[103.1151,0.6629],[103.1243,0.6443]]],[[[105.8625,-5.9609],[105.8295,-5.9474],[105.8517,-5.9361],[105.8625,-5.9609]]],[[[132.5289,-5.8805],[132.5125,-5.9043],[132.5219,-5.8785],[132.5289,-5.8805]]],[[[92.0347,21.6491],[92.0021,21.6463],[92.0303,21.6683],[92.0347,21.6491]]],[[[33.6549,0.0],[33.6735,-0.0202],[33.6327,-0.0241],[33.6549,0.0]]],[[[32.2901,-0.1772],[32.2599,-0.1648],[32.2901,-0.1712],[32.2901,-0.1772]]],[[[135.8201,-1.7892],[135.8031,-1.813],[135.8043,-1.7903],[135.8201,-1.7892]]],[[[123.3233,14.1131],[123.2889,14.1207],[123.2923,14.1283],[123.3233,14.1131]]],[[[136.2973,-1.2623],[136.3329,-1.237],[136.3441,-1.2502],[136.2973,-1.2623]]],[[[128.7731,-8.1714],[128.7815,-8.165],[128.7889,-8.1997],[128.7731,-8.1714]]],[[[122.0975,13.5031],[122.0681,13.5021],[122.0635,13.5283],[122.0975,13.5031]]],[[[115.9543,-8.7459],[115.9255,-8.7491],[115.9317,-8.734],[115.9543,-8.7459]]],[[[97.9697,11.9569],[98.0141,11.9553],[98.0111,11.9293],[97.9697,11.9569]]],[[[134.5577,-5.3867],[134.5763,-5.3532],[134.5935,-5.3564],[134.5577,-5.3867]]],[[[105.2161,-5.6883],[105.2219,-5.6579],[105.2363,-5.6651],[105.2161,-5.6883]]],[[[120.8947,6.1269],[120.9001,6.1569],[120.9189,6.1391],[120.8947,6.1269]]],[[[108.8385,0.4985],[108.8679,0.4819],[108.8617,0.4719],[108.8385,0.4985]]],[[[31.7875,-1.9879],[31.7829,-1.9587],[31.8105,-1.967],[31.7875,-1.9879]]],[[[123.6547,-1.8973],[123.6463,-1.9469],[123.6493,-1.8948],[123.6547,-1.8973]]],[[[130.1955,-0.3476],[130.2107,-0.3388],[130.2207,-0.3537],[130.1955,-0.3476]]],[[[120.5805,14.3719],[120.5753,14.3929],[120.6155,14.3867],[120.5805,14.3719]]],[[[119.2937,11.1807],[119.2771,11.1503],[119.2765,11.2141],[119.2937,11.1807]]],[[[91.1859,22.4087],[91.1987,22.4313],[91.1999,22.4125],[91.1859,22.4087]]],[[[106.7195,-2.8906],[106.7493,-2.8855],[106.7245,-2.9081],[106.7195,-2.8906]]],[[[122.2641,-8.3713],[122.2993,-8.3451],[122.3047,-8.3459],[122.2641,-8.3713]]],[[[100.3867,-1.1917],[100.3981,-1.2077],[100.3981,-1.2325],[100.3759,-1.2246],[100.3867,-1.1917]]],[[[98.3219,11.0057],[98.3087,11.0365],[98.3195,11.0347],[98.3219,11.0057]]],[[[92.5755,20.7211],[92.5807,20.7491],[92.5865,20.7295],[92.5755,20.7211]]],[[[121.8923,6.0331],[121.9009,6.0167],[121.8975,6.0177],[121.8923,6.0331]]],[[[28.6717,-9.3901],[28.6495,-9.3894],[28.7025,-9.3659],[28.6717,-9.3901]]],[[[134.5033,-6.9215],[134.4835,-6.9409],[134.4779,-6.9319],[134.5033,-6.9215]]],[[[115.4633,-8.6656],[115.4487,-8.6928],[115.4261,-8.6862],[115.4473,-8.6666],[115.4633,-8.6656]]],[[[116.0777,-3.3645],[116.0603,-3.3902],[116.0655,-3.3539],[116.0777,-3.3645]]],[[[90.5703,22.2207],[90.5369,22.1925],[90.5633,22.2321],[90.5703,22.2207]]],[[[127.9083,-2.9416],[127.8717,-2.9513],[127.9175,-2.9273],[127.9083,-2.9416]]],[[[94.7197,16.0275],[94.6923,16.0023],[94.7171,16.0505],[94.7197,16.0275]]],[[[124.2945,-1.7807],[124.3013,-1.757],[124.3109,-1.7796],[124.2945,-1.7807]]],[[[91.9399,21.7579],[91.9173,21.7749],[91.9473,21.7663],[91.9399,21.7579]]],[[[124.0865,-8.2269],[124.0583,-8.2351],[124.0707,-8.2151],[124.0865,-8.2269]]],[[[123.1725,11.1931],[123.1673,11.2213],[123.1899,11.2205],[123.1725,11.1931]]],[[[119.8583,-8.3988],[119.8503,-8.3728],[119.8755,-8.3774],[119.8583,-8.3988]]],[[[99.2975,-1.9055],[99.2871,-1.9316],[99.2863,-1.9063],[99.2975,-1.9055]]],[[[128.6845,-8.1887],[128.7097,-8.1787],[128.7113,-8.1948],[128.6845,-8.1887]]],[[[120.1555,12.1689],[120.1965,12.1537],[120.1961,12.1449],[120.1555,12.1689]]],[[[119.6789,11.0617],[119.6961,11.0637],[119.6741,11.0317],[119.6789,11.0617]]],[[[32.5219,-0.3503],[32.5323,-0.3579],[32.5103,-0.3678],[32.5219,-0.3503]]],[[[127.0943,4.7311],[127.0715,4.7155],[127.0607,4.7345],[127.0943,4.7311]]],[[[134.5353,-6.7625],[134.5095,-6.7635],[134.5375,-6.7455],[134.5353,-6.7625]]],[[[133.8735,-2.2011],[133.8833,-2.1746],[133.9081,-2.1875],[133.8735,-2.2011]]],[[[97.8021,12.2809],[97.7771,12.2807],[97.8035,12.3017],[97.8021,12.2809]]],[[[89.9607,21.9471],[89.9603,21.9151],[89.9435,21.9297],[89.9607,21.9471]]],[[[119.7037,11.0279],[119.7081,11.0577],[119.7269,11.0359],[119.7037,11.0279]]],[[[98.0179,11.4611],[98.0121,11.4341],[97.9723,11.4421],[98.0179,11.4611]]],[[[94.2921,13.4199],[94.2885,13.4515],[94.2967,13.4539],[94.2921,13.4199]]],[[[120.0955,11.3651],[120.1109,11.3843],[120.1099,11.3675],[120.0955,11.3651]]],[[[122.9441,14.4147],[122.9421,14.4361],[122.9783,14.4073],[122.9441,14.4147]]],[[[118.0221,0.7505],[118.0001,0.7405],[118.0129,0.7555],[118.0221,0.7505]]],[[[134.8043,-5.7421],[134.7859,-5.7297],[134.8027,-5.7318],[134.8043,-5.7421]]],[[[93.1655,20.0427],[93.1743,20.0587],[93.1781,20.0461],[93.1655,20.0427]]],[[[106.1661,-5.9298],[106.1385,-5.9359],[106.1357,-5.9179],[106.1661,-5.9298]]],[[[138.6205,-8.3026],[138.5975,-8.3078],[138.6209,-8.2959],[138.6205,-8.3026]]],[[[97.9709,9.6003],[97.9761,9.6377],[97.9799,9.6017],[97.9709,9.6003]]],[[[90.5183,21.8717],[90.5037,21.8513],[90.4981,21.8613],[90.5183,21.8717]]],[[[119.9393,11.9591],[119.9407,11.9833],[119.9715,11.9677],[119.9393,11.9591]]],[[[131.0669,-7.7524],[131.0995,-7.7302],[131.0793,-7.7624],[131.0669,-7.7524]]],[[[117.0029,-8.4298],[116.9937,-8.4054],[117.0197,-8.4116],[117.0029,-8.4298]]],[[[98.1995,-0.1318],[98.1747,-0.1291],[98.1953,-0.1159],[98.1995,-0.1318]]],[[[93.6321,19.5433],[93.6661,19.5657],[93.6621,19.5475],[93.6321,19.5433]]],[[[124.6425,11.8991],[124.6629,11.9177],[124.6581,11.8879],[124.6425,11.8991]]],[[[92.9309,12.9991],[92.9449,13.0227],[92.9513,12.9965],[92.9309,12.9991]]],[[[116.7505,-8.3515],[116.7309,-8.3142],[116.7543,-8.3498],[116.7505,-8.3515]]],[[[131.1473,-7.5135],[131.1395,-7.536],[131.1345,-7.5176],[131.1473,-7.5135]]],[[[126.0129,9.4039],[126.0153,9.4343],[126.0277,9.4195],[126.0129,9.4039]]],[[[124.3623,12.5689],[124.3845,12.5859],[124.3831,12.5709],[124.3623,12.5689]]],[[[119.6427,10.8205],[119.6217,10.8085],[119.6289,10.8385],[119.6427,10.8205]]],[[[108.2411,-3.0639],[108.2321,-3.0501],[108.2587,-3.0553],[108.2411,-3.0639]]],[[[119.2459,10.1073],[119.2269,10.0937],[119.2357,10.1267],[119.2459,10.1073]]],[[[132.5181,-5.8528],[132.5519,-5.8631],[132.5499,-5.8726],[132.5181,-5.8528]]],[[[127.4003,0.5647],[127.3857,0.5833],[127.4011,0.5811],[127.4003,0.5647]]],[[[120.5431,6.1151],[120.5529,6.1347],[120.5545,6.1267],[120.5431,6.1151]]],[[[100.1821,-3.0813],[100.1743,-3.0518],[100.1965,-3.0702],[100.1821,-3.0813]]],[[[120.2373,5.3503],[120.2245,5.3365],[120.2171,5.3543],[120.2373,5.3503]]],[[[136.2955,-1.933],[136.3001,-1.8975],[136.3011,-1.9356],[136.2955,-1.933]]],[[[117.3203,-7.5392],[117.2933,-7.5275],[117.3375,-7.529],[117.3203,-7.5392]]],[[[104.4941,0.1311],[104.5213,0.1225],[104.5187,0.1097],[104.4941,0.1311]]],[[[123.5937,-7.7755],[123.5927,-7.8041],[123.5729,-7.7891],[123.5937,-7.7755]]],[[[104.7449,-0.1458],[104.7577,-0.1429],[104.7571,-0.1571],[104.7449,-0.1458]]],[[[33.1713,-1.9327],[33.1575,-1.9148],[33.1863,-1.9201],[33.1713,-1.9327]]],[[[127.2717,-0.505],[127.2943,-0.5218],[127.2839,-0.5369],[127.2717,-0.505]]],[[[119.0773,10.5123],[119.0559,10.4917],[119.0567,10.5077],[119.0773,10.5123]]],[[[123.1437,11.2479],[123.1227,11.2163],[123.1409,11.2665],[123.1437,11.2479]]],[[[104.1553,-0.3708],[104.1523,-0.346],[104.1743,-0.355],[104.1553,-0.3708]]],[[[124.1011,12.2567],[124.1035,12.2903],[124.1119,12.2651],[124.1011,12.2567]]],[[[120.9671,10.9797],[120.9401,10.9883],[120.9463,10.9983],[120.9671,10.9797]]],[[[124.1835,10.1789],[124.1799,10.1533],[124.1605,10.1641],[124.1835,10.1789]]],[[[109.1667,-1.2873],[109.1755,-1.2671],[109.1807,-1.2926],[109.1667,-1.2873]]],[[[94.6425,16.0649],[94.6183,16.0529],[94.6513,16.0929],[94.6425,16.0649]]],[[[121.7155,6.6821],[121.7041,6.6419],[121.7085,6.6919],[121.7155,6.6821]]],[[[123.0967,-3.489],[123.0629,-3.5151],[123.0525,-3.5074],[123.0967,-3.489]]],[[[123.8411,9.9029],[123.8279,9.8879],[123.8105,9.9111],[123.8411,9.9029]]],[[[123.8161,9.8561],[123.7903,9.8459],[123.7895,9.8681],[123.8161,9.8561]]],[[[105.7785,-6.9687],[105.7911,-6.951],[105.8175,-6.9488],[105.7785,-6.9687]]],[[[134.7761,-6.3941],[134.7563,-6.3852],[134.7621,-6.363],[134.7761,-6.3941]]],[[[123.3305,11.5725],[123.3283,11.6009],[123.3563,11.6015],[123.3305,11.5725]]],[[[92.7051,13.0931],[92.7339,13.0993],[92.7121,13.0669],[92.7051,13.0931]]],[[[91.9393,21.7525],[91.9207,21.7301],[91.9147,21.7585],[91.9393,21.7525]]],[[[93.0895,20.1485],[93.0639,20.1369],[93.0841,20.1653],[93.0895,20.1485]]],[[[121.5895,6.6355],[121.5653,6.6369],[121.5791,6.6489],[121.5895,6.6355]]],[[[120.1695,11.4359],[120.1823,11.4651],[120.1995,11.4533],[120.1695,11.4359]]],[[[122.3421,-3.0161],[122.3481,-2.9993],[122.3567,-3.0102],[122.3421,-3.0161]]],[[[153.7227,5.3185],[153.6553,5.2907],[153.7227,5.3229],[153.7227,5.3185]]],[[[130.7157,-0.7854],[130.7405,-0.7976],[130.7281,-0.8076],[130.7157,-0.7854]]],[[[122.1287,13.3993],[122.1255,13.4231],[122.1497,13.3959],[122.1287,13.3993]]],[[[120.8345,11.4185],[120.8323,11.4529],[120.8567,11.4351],[120.8345,11.4185]]],[[[123.6753,11.9003],[123.6587,11.8899],[123.6629,11.9075],[123.6753,11.9003]]],[[[104.1105,0.6287],[104.0847,0.6425],[104.0903,0.6475],[104.1105,0.6287]]],[[[133.7621,-2.2531],[133.7455,-2.2705],[133.7307,-2.2619],[133.7621,-2.2531]]],[[[119.8531,11.9755],[119.8419,11.9743],[119.8649,11.9803],[119.8531,11.9755]]],[[[79.7857,9.6697],[79.7643,9.6597],[79.7833,9.6837],[79.7857,9.6697]]],[[[116.0339,-3.4447],[116.0179,-3.4457],[116.0405,-3.4272],[116.0339,-3.4447]]],[[[32.6079,-0.098],[32.6067,-0.0782],[32.6321,-0.0982],[32.6079,-0.098]]],[[[97.9533,12.0581],[97.9829,12.0531],[97.9627,12.0245],[97.9533,12.0581]]],[[[98.1161,9.7243],[98.1023,9.6913],[98.0859,9.7015],[98.1161,9.7243]]],[[[93.4991,19.9573],[93.4843,19.9297],[93.4679,19.9349],[93.4991,19.9573]]],[[[103.6875,0.7329],[103.6693,0.7211],[103.6595,0.7425],[103.6875,0.7329]]],[[[124.3919,10.1813],[124.3717,10.1623],[124.3517,10.1733],[124.3919,10.1813]]],[[[92.7181,11.2611],[92.7047,11.2811],[92.7183,11.2893],[92.7181,11.2611]]],[[[93.0423,8.4651],[93.0237,8.4517],[93.0303,8.4711],[93.0423,8.4651]]],[[[127.3225,-0.6405],[127.3271,-0.6712],[127.3055,-0.6359],[127.3225,-0.6405]]],[[[97.6451,8.6529],[97.6279,8.6523],[97.6409,8.6613],[97.6451,8.6529]]],[[[124.7159,11.9693],[124.6971,11.9573],[124.6817,11.9847],[124.7159,11.9693]]],[[[120.2575,10.6589],[120.2469,10.6355],[120.2471,10.6767],[120.2575,10.6589]]],[[[123.6881,-1.9128],[123.6689,-1.8996],[123.6723,-1.8813],[123.6881,-1.9128]]],[[[122.7051,-5.2702],[122.6863,-5.2809],[122.7139,-5.235],[122.7051,-5.2702]]],[[[120.9791,6.1423],[120.9813,6.1239],[120.9607,6.1273],[120.9791,6.1423]]],[[[28.8729,-16.5945],[28.8827,-16.5783],[28.8841,-16.5813],[28.8729,-16.5945]]],[[[121.4587,6.0631],[121.4355,6.0567],[121.4509,6.0805],[121.4587,6.0631]]],[[[93.6033,19.8947],[93.5699,19.8837],[93.6037,19.9045],[93.6033,19.8947]]],[[[90.9955,22.4487],[90.9897,22.4761],[91.0007,22.4545],[90.9955,22.4487]]],[[[97.5999,16.5169],[97.5877,16.5067],[97.5555,16.5249],[97.5999,16.5169]]],[[[120.5035,5.1711],[120.4889,5.1627],[120.4821,5.1937],[120.5035,5.1711]]],[[[119.6385,11.4155],[119.6669,11.4209],[119.6637,11.3991],[119.6385,11.4155]]],[[[90.3153,21.8233],[90.3173,21.8477],[90.3295,21.8387],[90.3153,21.8233]]],[[[123.5797,13.9635],[123.5559,13.9579],[123.5743,13.9699],[123.5797,13.9635]]],[[[90.6495,21.9477],[90.6433,21.9281],[90.6301,21.9441],[90.6495,21.9477]]],[[[134.4831,-5.4348],[134.4595,-5.4349],[134.4843,-5.4187],[134.4831,-5.4348]]],[[[121.0049,5.7131],[121.0089,5.7353],[121.0173,5.7207],[121.0049,5.7131]]],[[[151.7015,7.3727],[151.7321,7.3771],[151.7331,7.3677],[151.7015,7.3727]]],[[[121.8199,20.3207],[121.8027,20.3305],[121.8119,20.3329],[121.8199,20.3207]]],[[[97.8377,12.4513],[97.8199,12.4437],[97.8257,12.4729],[97.8377,12.4513]]],[[[122.4997,-8.414],[122.4851,-8.4329],[122.4809,-8.4168],[122.4997,-8.414]]],[[[120.3619,12.3041],[120.3691,12.2617],[120.3467,12.3083],[120.3619,12.3041]]],[[[118.9007,-2.6337],[118.8843,-2.641],[118.8927,-2.6177],[118.9007,-2.6337]]],[[[120.9439,11.2491],[120.9231,11.2467],[120.9385,11.2593],[120.9439,11.2491]]],[[[34.8141,-13.9681],[34.8411,-13.9778],[34.8433,-13.9961],[34.8141,-13.9681]]],[[[97.9133,13.9387],[97.9173,13.8863],[97.9073,13.9421],[97.9133,13.9387]]],[[[92.5951,11.5449],[92.6015,11.5723],[92.6071,11.5279],[92.5951,11.5449]]],[[[99.5835,-1.9954],[99.5869,-1.976],[99.6019,-1.9956],[99.5835,-1.9954]]],[[[119.8705,12.1663],[119.8773,12.1219],[119.8639,12.1169],[119.8705,12.1663]]],[[[104.5463,0.0085],[104.5157,0.0],[104.5351,0.0211],[104.5463,0.0085]]],[[[125.9587,10.7761],[125.9515,10.7565],[125.9417,10.7745],[125.9587,10.7761]]],[[[119.7999,15.8055],[119.7885,15.7817],[119.7847,15.8131],[119.7999,15.8055]]],[[[122.3147,-4.6838],[122.2915,-4.6968],[122.3127,-4.6808],[122.3147,-4.6838]]],[[[128.1001,-0.8588],[128.0769,-0.8602],[128.0771,-0.8467],[128.1001,-0.8588]]],[[[123.2995,-1.1549],[123.2761,-1.1744],[123.2961,-1.1503],[123.2995,-1.1549]]],[[[134.5799,-6.6133],[134.5975,-6.5902],[134.5917,-6.6193],[134.5799,-6.6133]]],[[[123.2517,12.3807],[123.2305,12.3711],[123.2415,12.3865],[123.2517,12.3807]]],[[[121.4641,-4.2206],[121.4815,-4.19],[121.4979,-4.198],[121.4641,-4.2206]]],[[[92.6155,11.9569],[92.6109,11.9289],[92.6023,11.9719],[92.6155,11.9569]]],[[[32.7363,-2.4276],[32.7481,-2.45],[32.7227,-2.4375],[32.7363,-2.4276]]],[[[123.4499,10.4715],[123.4207,10.4505],[123.4471,10.4831],[123.4499,10.4715]]],[[[136.5369,-1.2447],[136.5023,-1.2505],[136.4999,-1.2408],[136.5369,-1.2447]]],[[[110.2439,-5.7611],[110.2523,-5.7295],[110.2557,-5.7585],[110.2439,-5.7611]]],[[[93.5489,19.4801],[93.5535,19.4855],[93.5751,19.4767],[93.5489,19.4801]]],[[[122.0461,14.4201],[122.0247,14.4347],[122.0301,14.4411],[122.0461,14.4201]]],[[[92.8719,20.3865],[92.8767,20.4023],[92.8917,20.3885],[92.8719,20.3865]]],[[[121.2911,9.6123],[121.2579,9.6019],[121.3017,9.6271],[121.2911,9.6123]]],[[[131.4467,-7.0651],[131.4331,-7.0785],[131.4289,-7.0599],[131.4467,-7.0651]]],[[[123.1263,7.6011],[123.0985,7.6005],[123.0997,7.6035],[123.1263,7.6011]]],[[[121.4681,6.7471],[121.4467,6.7451],[121.4557,6.7621],[121.4681,6.7471]]],[[[93.4637,19.9765],[93.4495,19.9709],[93.4501,19.9931],[93.4637,19.9765]]],[[[98.1863,10.8265],[98.2033,10.8425],[98.1907,10.8253],[98.1863,10.8265]]],[[[92.7085,20.5987],[92.7007,20.5817],[92.6991,20.6049],[92.7085,20.5987]]],[[[120.1343,5.0157],[120.1053,5.0243],[120.1049,5.0351],[120.1343,5.0157]]],[[[125.5971,3.7943],[125.6005,3.8055],[125.6283,3.7951],[125.5971,3.7943]]],[[[125.9301,-7.6642],[125.9047,-7.6764],[125.9255,-7.6573],[125.9301,-7.6642]]],[[[133.9811,-2.1078],[133.9591,-2.1107],[133.9799,-2.0999],[133.9811,-2.1078]]],[[[136.4505,-1.2321],[136.4279,-1.2284],[136.4411,-1.2126],[136.4505,-1.2321]]],[[[130.2769,-0.1989],[130.2611,-0.1823],[130.2833,-0.1971],[130.2769,-0.1989]]],[[[130.2587,-0.1604],[130.2417,-0.1781],[130.2417,-0.1579],[130.2587,-0.1604]]],[[[125.5557,3.3977],[125.5615,3.4215],[125.5795,3.3959],[125.5557,3.3977]]],[[[120.2179,5.3011],[120.2295,5.3201],[120.2363,5.2969],[120.2179,5.3011]]],[[[33.1439,0.1331],[33.1281,0.1233],[33.1281,0.1385],[33.1439,0.1331]]],[[[117.0573,-8.3784],[117.0337,-8.4016],[117.0523,-8.3743],[117.0573,-8.3784]]],[[[134.4903,-6.6784],[134.4779,-6.7046],[134.4625,-6.6964],[134.4903,-6.6784]]],[[[124.0285,12.4129],[124.0085,12.3807],[124.0031,12.3811],[124.0285,12.4129]]],[[[130.2219,-0.1727],[130.2113,-0.1905],[130.2027,-0.1812],[130.2219,-0.1727]]],[[[120.2705,5.0807],[120.2471,5.0705],[120.2609,5.0895],[120.2705,5.0807]]],[[[122.4299,-8.4582],[122.4343,-8.4771],[122.4073,-8.4707],[122.4299,-8.4582]]],[[[124.6745,11.8285],[124.7073,11.8015],[124.7073,11.7935],[124.6745,11.8285]]],[[[122.9179,11.5073],[122.9141,11.5261],[122.9311,11.5143],[122.9179,11.5073]]],[[[98.1235,11.4693],[98.1449,11.4493],[98.1281,11.4429],[98.1235,11.4693]]],[[[120.0697,11.9681],[120.0623,11.9969],[120.0827,11.9589],[120.0697,11.9681]]],[[[123.1313,11.8663],[123.1271,11.8421],[123.1173,11.8547],[123.1313,11.8663]]],[[[116.7815,-8.5332],[116.7847,-8.5548],[116.7725,-8.5567],[116.7815,-8.5332]]],[[[30.5735,-7.4161],[30.5805,-7.4041],[30.5767,-7.4333],[30.5735,-7.4161]]],[[[34.5179,-0.1904],[34.5157,-0.2166],[34.4961,-0.2074],[34.5179,-0.1904]]],[[[92.7713,11.9617],[92.7569,11.9403],[92.7483,11.9531],[92.7713,11.9617]]],[[[124.9081,11.5925],[124.8799,11.5963],[124.8961,11.6157],[124.9081,11.5925]]],[[[134.7437,-6.8489],[134.7301,-6.8719],[134.6913,-6.8648],[134.7437,-6.8489]]],[[[120.2323,5.4365],[120.2339,5.4653],[120.2465,5.4403],[120.2323,5.4365]]],[[[115.6351,-7.0406],[115.6179,-7.0534],[115.6231,-7.0292],[115.6351,-7.0406]]],[[[95.0699,15.8263],[95.0535,15.8195],[95.0647,15.8445],[95.0699,15.8263]]],[[[119.7005,11.2329],[119.7085,11.2613],[119.7299,11.2585],[119.7005,11.2329]]],[[[105.2111,-5.6341],[105.2243,-5.6145],[105.2417,-5.6397],[105.2111,-5.6341]]],[[[120.0483,11.9187],[120.0449,11.9373],[120.0707,11.9201],[120.0483,11.9187]]],[[[117.7577,-8.096],[117.7505,-8.1133],[117.7433,-8.0989],[117.7577,-8.096]]],[[[128.3575,-0.5448],[128.3639,-0.5363],[128.3829,-0.5496],[128.3575,-0.5448]]],[[[97.8243,14.1247],[97.7987,14.1269],[97.8045,14.1357],[97.8243,14.1247]]],[[[79.7755,9.6199],[79.7619,9.5987],[79.7723,9.6207],[79.7755,9.6199]]],[[[119.9279,15.5245],[119.9033,15.5119],[119.9007,15.5259],[119.9279,15.5245]]],[[[90.7705,22.0781],[90.7527,22.0551],[90.7763,22.0945],[90.7705,22.0781]]],[[[93.5747,19.6481],[93.5801,19.6703],[93.5907,19.6635],[93.5747,19.6481]]],[[[89.3533,21.7075],[89.3353,21.6995],[89.3397,21.7213],[89.3533,21.7075]]],[[[88.6513,21.6763],[88.6363,21.6449],[88.6509,21.6829],[88.6513,21.6763]]],[[[98.4975,-0.0554],[98.4825,-0.0522],[98.4871,-0.0351],[98.4975,-0.0554]]],[[[124.2651,11.5565],[124.2715,11.5849],[124.2705,11.5543],[124.2651,11.5565]]],[[[124.3347,-5.338],[124.3479,-5.3304],[124.3513,-5.3468],[124.3347,-5.338]]],[[[32.5631,-0.225],[32.5763,-0.2144],[32.5863,-0.2321],[32.5631,-0.225]]],[[[122.1093,13.5213],[122.1313,13.5325],[122.1361,13.5187],[122.1093,13.5213]]],[[[122.7239,13.3595],[122.7131,13.3309],[122.7189,13.3637],[122.7239,13.3595]]],[[[99.5439,-2.0281],[99.5627,-2.0119],[99.5687,-2.0268],[99.5439,-2.0281]]],[[[104.2319,0.5573],[104.2435,0.5319],[104.2231,0.5455],[104.2319,0.5573]]],[[[125.5411,-1.7574],[125.5291,-1.776],[125.5343,-1.7558],[125.5411,-1.7574]]],[[[131.2141,-8.0573],[131.1893,-8.0796],[131.2107,-8.0498],[131.2141,-8.0573]]],[[[105.3255,-5.8031],[105.3065,-5.7925],[105.3093,-5.7818],[105.3255,-5.8031]]],[[[104.5175,0.0455],[104.4933,0.0367],[104.5157,0.0479],[104.5175,0.0455]]],[[[122.3503,-4.6212],[122.3157,-4.643],[122.3471,-4.6177],[122.3503,-4.6212]]],[[[122.1669,6.8961],[122.1459,6.8791],[122.1341,6.8813],[122.1669,6.8961]]],[[[117.8975,-5.2657],[117.8891,-5.2939],[117.8897,-5.2364],[117.8975,-5.2657]]],[[[93.6013,19.6075],[93.6265,19.6263],[93.6351,19.6109],[93.6013,19.6075]]],[[[102.9585,0.3353],[102.9527,0.3473],[102.9771,0.3485],[102.9585,0.3353]]],[[[123.3597,11.6371],[123.3395,11.6271],[123.3549,11.6443],[123.3597,11.6371]]],[[[134.7195,-6.5428],[134.7101,-6.5639],[134.7093,-6.5429],[134.7195,-6.5428]]],[[[121.2145,10.9693],[121.2419,10.9707],[121.2307,10.9555],[121.2145,10.9693]]],[[[135.5063,-0.9776],[135.5191,-0.9708],[135.5223,-0.98],[135.5063,-0.9776]]],[[[32.7721,-2.8832],[32.7717,-2.8648],[32.7975,-2.8733],[32.7721,-2.8832]]],[[[98.2419,11.3739],[98.2557,11.3765],[98.2443,11.3515],[98.2419,11.3739]]],[[[120.1529,-8.342],[120.1281,-8.3498],[120.1231,-8.3426],[120.1529,-8.342]]],[[[98.0175,11.3843],[97.9935,11.3931],[97.9991,11.4087],[98.0175,11.3843]]],[[[123.8323,11.2085],[123.8141,11.1991],[123.8203,11.2157],[123.8323,11.2085]]],[[[104.4499,0.1251],[104.4595,0.1313],[104.4801,0.0973],[104.4499,0.1251]]],[[[121.9211,11.4825],[121.9191,11.4659],[121.8999,11.4707],[121.9211,11.4825]]],[[[89.6611,21.8797],[89.6451,21.8735],[89.6541,21.8891],[89.6611,21.8797]]],[[[116.7209,-8.3],[116.6985,-8.294],[116.7013,-8.2818],[116.7209,-8.3]]],[[[119.2701,11.2153],[119.2529,11.2119],[119.2571,11.2245],[119.2701,11.2153]]],[[[122.3621,-4.6394],[122.3411,-4.6533],[122.3567,-4.6334],[122.3621,-4.6394]]],[[[115.6487,-7.0592],[115.6627,-7.0488],[115.6691,-7.0674],[115.6487,-7.0592]]],[[[119.3983,4.9041],[119.3891,4.8947],[119.3905,4.9051],[119.3983,4.9041]]],[[[33.6943,-1.4073],[33.7137,-1.3895],[33.7117,-1.407],[33.6943,-1.4073]]],[[[90.4245,21.8179],[90.4365,21.8359],[90.4445,21.8259],[90.4245,21.8179]]],[[[120.6047,5.2207],[120.5993,5.2041],[120.5671,5.2107],[120.6047,5.2207]]],[[[127.1007,0.1375],[127.1051,0.1543],[127.1211,0.1323],[127.1007,0.1375]]],[[[125.5627,3.7579],[125.5679,3.7781],[125.5833,3.7605],[125.5627,3.7579]]],[[[107.5295,-2.9887],[107.5147,-2.9799],[107.5285,-2.9757],[107.5295,-2.9887]]],[[[119.7033,10.7049],[119.6889,10.7053],[119.6969,10.7295],[119.7033,10.7049]]],[[[105.2449,-6.7466],[105.2599,-6.7267],[105.2523,-6.747],[105.2449,-6.7466]]],[[[95.9655,16.3391],[95.9615,16.2951],[95.9577,16.3489],[95.9655,16.3391]]],[[[138.6995,-8.2193],[138.6731,-8.2342],[138.6947,-8.2129],[138.6995,-8.2193]]],[[[93.4831,19.9701],[93.4971,19.9809],[93.4865,19.9613],[93.4831,19.9701]]],[[[124.0655,12.3881],[124.0705,12.3585],[124.0577,12.3859],[124.0655,12.3881]]],[[[134.7793,-5.8048],[134.7773,-5.8219],[134.7637,-5.8186],[134.7793,-5.8048]]],[[[124.0591,12.3433],[124.0463,12.3567],[124.0579,12.3621],[124.0591,12.3433]]],[[[124.1737,10.2149],[124.1661,10.1907],[124.1491,10.1953],[124.1737,10.2149]]],[[[132.7955,-5.725],[132.7793,-5.7246],[132.7871,-5.7209],[132.7955,-5.725]]],[[[92.3297,20.5991],[92.3129,20.6271],[92.3213,20.6345],[92.3297,20.5991]]],[[[123.5379,-1.749],[123.5233,-1.7678],[123.5317,-1.7317],[123.5379,-1.749]]],[[[98.1945,12.9277],[98.1773,12.9221],[98.1827,12.9399],[98.1945,12.9277]]],[[[115.8975,-6.9638],[115.9077,-6.9521],[115.9309,-6.9628],[115.8975,-6.9638]]],[[[36.0549,3.4985],[36.0387,3.4855],[36.0387,3.4963],[36.0549,3.4985]]],[[[120.3811,5.3915],[120.3835,5.4055],[120.3993,5.4001],[120.3811,5.3915]]],[[[151.8825,7.3035],[151.8663,7.2969],[151.8685,7.3129],[151.8825,7.3035]]],[[[104.6223,0.6967],[104.6209,0.7195],[104.6267,0.7087],[104.6223,0.6967]]],[[[123.6927,-1.9041],[123.6957,-1.8604],[123.7029,-1.8692],[123.7029,-1.8943],[123.6927,-1.9041]]],[[[134.0123,-2.4509],[134.0213,-2.4342],[134.0261,-2.4511],[134.0123,-2.4509]]],[[[134.8649,-6.1946],[134.8435,-6.2091],[134.8537,-6.1836],[134.8649,-6.1946]]],[[[126.0071,-3.2135],[125.9943,-3.224],[126.0037,-3.2089],[126.0071,-3.2135]]],[[[79.9759,9.2789],[79.9843,9.3061],[79.9919,9.2845],[79.9759,9.2789]]],[[[92.8483,13.4385],[92.8373,13.4161],[92.8275,13.4177],[92.8483,13.4385]]],[[[122.5635,10.4051],[122.5967,10.4159],[122.5987,10.4081],[122.5635,10.4051]]],[[[123.7611,-5.4696],[123.7691,-5.4506],[123.7833,-5.4695],[123.7611,-5.4696]]],[[[97.1987,16.8715],[97.1831,16.8705],[97.1891,16.8779],[97.1987,16.8715]]],[[[121.0055,5.6817],[120.9911,5.6795],[120.9893,5.6975],[121.0055,5.6817]]],[[[98.1981,13.6237],[98.1809,13.6227],[98.1947,13.6405],[98.1981,13.6237]]],[[[116.2523,-6.9385],[116.2513,-6.9549],[116.2323,-6.9499],[116.2523,-6.9385]]],[[[93.8487,19.2721],[93.8623,19.2975],[93.8531,19.2713],[93.8487,19.2721]]],[[[130.6791,-0.695],[130.6885,-0.7022],[130.6481,-0.7138],[130.6791,-0.695]]],[[[98.0273,10.1915],[98.0447,10.1513],[98.0421,10.1451],[98.0273,10.1915]]],[[[125.6181,3.3669],[125.6027,3.3607],[125.6089,3.3745],[125.6181,3.3669]]],[[[130.9967,-7.5241],[130.9725,-7.5335],[130.9891,-7.5166],[130.9967,-7.5241]]],[[[122.0205,6.3437],[122.0401,6.3285],[122.0185,6.3285],[122.0205,6.3437]]],[[[105.7855,-5.8447],[105.7753,-5.8662],[105.7717,-5.8528],[105.7855,-5.8447]]],[[[98.5187,-0.0658],[98.5241,-0.0418],[98.5325,-0.0783],[98.5187,-0.0658]]],[[[106.8537,-2.8474],[106.8331,-2.8584],[106.8313,-2.8507],[106.8537,-2.8474]]],[[[93.2383,13.9825],[93.2271,13.9763],[93.2281,14.0165],[93.2383,13.9825]]],[[[91.8201,22.2775],[91.8009,22.2801],[91.8037,22.2975],[91.8201,22.2775]]],[[[92.8801,12.9175],[92.8859,12.9333],[92.8975,12.9269],[92.8801,12.9175]]],[[[125.6363,9.7483],[125.6287,9.7673],[125.6393,9.7673],[125.6363,9.7483]]],[[[121.2635,18.8731],[121.2443,18.8581],[121.2503,18.8743],[121.2635,18.8731]]],[[[32.8623,-1.8619],[32.8477,-1.8722],[32.8429,-1.854],[32.8623,-1.8619]]],[[[123.6585,11.0871],[123.6351,11.0731],[123.6591,11.0931],[123.6585,11.0871]]],[[[98.2081,11.8523],[98.2191,11.8699],[98.2213,11.8503],[98.2081,11.8523]]],[[[97.6463,12.0361],[97.6355,12.0571],[97.6469,12.0623],[97.6463,12.0361]]],[[[132.5873,-5.8583],[132.6055,-5.852],[132.6033,-5.8612],[132.5873,-5.8583]]],[[[117.4907,-0.8351],[117.4733,-0.8344],[117.4735,-0.8186],[117.4907,-0.8351]]],[[[120.4117,5.7745],[120.4149,5.7945],[120.4179,5.7751],[120.4117,5.7745]]],[[[28.9211,-2.1289],[28.9121,-2.1425],[28.9095,-2.111],[28.9211,-2.1289]]],[[[104.3201,0.6619],[104.3229,0.6855],[104.3339,0.6639],[104.3201,0.6619]]],[[[120.3157,5.2451],[120.2975,5.2421],[120.3091,5.2491],[120.3157,5.2451]]],[[[120.0133,5.8821],[119.9967,5.8631],[119.9701,5.8623],[120.0133,5.8821]]],[[[32.5501,-2.2392],[32.5495,-2.2574],[32.5367,-2.2475],[32.5501,-2.2392]]],[[[128.3397,-1.0584],[128.3367,-1.0371],[128.3489,-1.045],[128.3397,-1.0584]]],[[[120.9747,10.8091],[120.9833,10.8295],[120.9883,10.8229],[120.9747,10.8091]]],[[[119.1327,-6.8464],[119.1121,-6.8677],[119.1083,-6.8662],[119.1327,-6.8464]]],[[[34.6313,-12.0208],[34.6205,-12.0367],[34.6121,-12.0089],[34.6313,-12.0208]]],[[[33.6499,0.0335],[33.6507,0.0119],[33.6357,0.0109],[33.6499,0.0335]]],[[[121.0011,-8.3969],[121.0199,-8.3795],[121.0253,-8.3941],[121.0011,-8.3969]]],[[[91.0285,22.5055],[91.0193,22.4851],[91.0099,22.4991],[91.0285,22.5055]]],[[[122.1619,14.9437],[122.1387,14.9277],[122.1567,14.9507],[122.1619,14.9437]]],[[[32.3599,-0.615],[32.3481,-0.6495],[32.3587,-0.6109],[32.3599,-0.615]]],[[[104.2951,0.6755],[104.2939,0.6953],[104.3043,0.6887],[104.2951,0.6755]]],[[[32.6003,-1.4493],[32.5801,-1.4663],[32.5971,-1.4375],[32.6003,-1.4493]]],[[[98.2491,12.3147],[98.2581,12.2893],[98.2545,12.2799],[98.2491,12.3147]]],[[[109.1161,-0.1455],[109.1003,-0.1585],[109.0989,-0.1523],[109.1161,-0.1455]]],[[[93.4875,19.9523],[93.4613,19.9413],[93.4711,19.9623],[93.4875,19.9523]]],[[[98.2125,12.3447],[98.2265,12.3665],[98.2309,12.3481],[98.2125,12.3447]]],[[[122.2739,6.8837],[122.2903,6.8897],[122.2887,6.8709],[122.2739,6.8837]]],[[[97.7837,14.4145],[97.7803,14.3891],[97.7677,14.3957],[97.7837,14.4145]]],[[[27.6231,-17.3079],[27.6375,-17.3122],[27.6169,-17.3186],[27.6209,-17.2921],[27.6231,-17.3079]]],[[[123.3703,-1.8837],[123.3819,-1.8702],[123.3853,-1.8745],[123.3703,-1.8837]]],[[[125.5187,10.0125],[125.5273,10.0245],[125.5391,10.0111],[125.5187,10.0125]]],[[[134.0263,-2.4259],[134.0091,-2.4253],[134.0159,-2.4042],[134.0263,-2.4259]]],[[[131.3315,-7.388],[131.3179,-7.4046],[131.3249,-7.385],[131.3315,-7.388]]],[[[127.2973,-0.6577],[127.3047,-0.6474],[127.3189,-0.6766],[127.2973,-0.6577]]],[[[106.6943,-2.9959],[106.7031,-2.9787],[106.7087,-2.9916],[106.6943,-2.9959]]],[[[124.6959,11.8217],[124.7099,11.8373],[124.7101,11.8227],[124.6959,11.8217]]],[[[121.8399,-5.1377],[121.8249,-5.1385],[121.8377,-5.1165],[121.8399,-5.1377]]],[[[121.6333,14.6631],[121.6215,14.6777],[121.6477,14.6763],[121.6333,14.6631]]],[[[117.4475,-7.5161],[117.4301,-7.5177],[117.4445,-7.512],[117.4475,-7.5161]]],[[[122.3789,-3.0381],[122.3607,-3.0265],[122.3831,-3.0264],[122.3789,-3.0381]]],[[[120.7975,5.8361],[120.7759,5.8261],[120.7719,5.8397],[120.7975,5.8361]]],[[[124.3911,11.0143],[124.3815,10.9993],[124.3805,11.0275],[124.3911,11.0143]]],[[[28.6765,-16.7088],[28.6535,-16.7036],[28.6773,-16.7022],[28.6765,-16.7088]]],[[[129.9499,-1.1726],[129.9699,-1.1845],[129.9509,-1.196],[129.9499,-1.1726]]],[[[105.4593,-6.091],[105.4419,-6.1053],[105.4433,-6.0823],[105.4593,-6.091]]],[[[120.4343,-6.6696],[120.4277,-6.7123],[120.4283,-6.6604],[120.4343,-6.6696]]],[[[123.8849,12.8803],[123.9007,12.8837],[123.9087,12.8607],[123.8849,12.8803]]],[[[131.5331,-6.8188],[131.5139,-6.8184],[131.5369,-6.8047],[131.5331,-6.8188]]],[[[98.0035,10.3381],[97.9883,10.3267],[98.0001,10.3567],[98.0035,10.3381]]],[[[100.3373,-3.283],[100.3343,-3.299],[100.3267,-3.2901],[100.3373,-3.283]]],[[[30.5743,-7.4629],[30.5747,-7.4831],[30.5685,-7.4632],[30.5743,-7.4629]]],[[[116.3175,-3.8274],[116.2991,-3.8384],[116.3141,-3.8221],[116.3175,-3.8274]]],[[[120.7343,5.4409],[120.7187,5.4861],[120.7303,5.4741],[120.7343,5.4409]]],[[[120.4307,-5.6601],[120.4233,-5.6417],[120.4449,-5.6435],[120.4307,-5.6601]]],[[[92.7941,12.8911],[92.7977,12.9149],[92.8069,12.8979],[92.7941,12.8911]]],[[[120.0965,5.9861],[120.1163,5.9817],[120.1187,5.9639],[120.0965,5.9861]]],[[[122.1593,14.9053],[122.1397,14.8959],[122.1471,14.9169],[122.1593,14.9053]]],[[[97.6685,11.8049],[97.6691,11.8227],[97.6783,11.8145],[97.6685,11.8049]]],[[[98.1133,9.7773],[98.1199,9.8013],[98.1219,9.7729],[98.1133,9.7773]]],[[[33.0715,-1.9311],[33.0547,-1.9355],[33.0521,-1.9074],[33.0715,-1.9311]]],[[[107.8567,-3.1053],[107.8337,-3.1037],[107.8397,-3.0974],[107.8567,-3.1053]]],[[[120.2567,10.6995],[120.2713,10.7107],[120.2659,10.6963],[120.2567,10.6995]]],[[[107.0685,-2.4239],[107.0697,-2.4067],[107.0817,-2.4195],[107.0685,-2.4239]]],[[[114.7839,-7.126],[114.7633,-7.1334],[114.7791,-7.1214],[114.7839,-7.126]]],[[[115.6909,-7.0739],[115.7021,-7.062],[115.7107,-7.0706],[115.6909,-7.0739]]],[[[123.9489,13.3171],[123.9285,13.3095],[123.9413,13.3245],[123.9489,13.3171]]],[[[97.9847,12.0049],[97.9849,12.0243],[97.9951,12.0049],[97.9847,12.0049]]],[[[121.6923,6.0505],[121.6787,6.0595],[121.6933,6.0549],[121.6923,6.0505]]],[[[98.1459,12.4717],[98.1591,12.4965],[98.1529,12.4663],[98.1459,12.4717]]],[[[130.9599,-7.7433],[130.9477,-7.7486],[130.9633,-7.7332],[130.9599,-7.7433]]],[[[109.0335,-1.4954],[109.0467,-1.4787],[109.0433,-1.4987],[109.0335,-1.4954]]],[[[132.7595,-5.4739],[132.7399,-5.4862],[132.7549,-5.4699],[132.7595,-5.4739]]],[[[158.3053,6.9533],[158.2843,6.9379],[158.3019,6.9635],[158.3053,6.9533]]],[[[93.0639,13.6427],[93.0547,13.6403],[93.0745,13.6553],[93.0639,13.6427]]],[[[122.2495,12.6307],[122.2465,12.6161],[122.2347,12.6205],[122.2495,12.6307]]],[[[128.9291,-1.3852],[128.9127,-1.3995],[128.9195,-1.3832],[128.9291,-1.3852]]],[[[125.4573,11.8545],[125.4765,11.8643],[125.4825,11.8565],[125.4573,11.8545]]],[[[118.9333,9.9367],[118.9153,9.9279],[118.9181,9.9419],[118.9333,9.9367]]],[[[33.1587,-0.0459],[33.1327,-0.0535],[33.1713,-0.031],[33.1587,-0.0459]]],[[[107.5137,-2.855],[107.4917,-2.8734],[107.5121,-2.8527],[107.5137,-2.855]]],[[[132.7773,-5.7348],[132.7821,-5.7688],[132.7783,-5.7732],[132.7773,-5.7348]]],[[[32.2969,-0.654],[32.3195,-0.6295],[32.2999,-0.6566],[32.2969,-0.654]]],[[[94.0561,19.0357],[94.0315,19.0281],[94.0543,19.0381],[94.0561,19.0357]]],[[[123.5517,10.9507],[123.5669,10.9689],[123.5695,10.9535],[123.5517,10.9507]]],[[[115.7673,-7.0999],[115.7513,-7.1034],[115.7651,-7.0866],[115.7673,-7.0999]]],[[[104.4603,0.3491],[104.4771,0.3601],[104.4893,0.3479],[104.4603,0.3491]]],[[[93.6891,19.3979],[93.6777,19.3885],[93.6631,19.4075],[93.6891,19.3979]]],[[[119.0581,-8.5873],[119.0407,-8.5777],[119.0491,-8.5708],[119.0581,-8.5873]]],[[[104.3963,0.4891],[104.3759,0.4831],[104.3885,0.5021],[104.3963,0.4891]]],[[[133.4557,-2.4909],[133.4383,-2.5011],[133.4367,-2.4871],[133.4557,-2.4909]]],[[[124.4015,12.6669],[124.4089,12.6795],[124.4141,12.6547],[124.4015,12.6669]]],[[[95.8951,16.2339],[95.8703,16.2165],[95.8943,16.2393],[95.8951,16.2339]]],[[[119.9631,11.6533],[119.9591,11.6379],[119.9453,11.6565],[119.9631,11.6533]]],[[[124.8361,11.8183],[124.8317,11.7957],[124.8229,11.8169],[124.8361,11.8183]]],[[[134.6091,-5.3919],[134.5887,-5.3875],[134.6013,-5.3776],[134.6091,-5.3919]]],[[[93.4967,19.7303],[93.4831,19.7251],[93.4725,19.7381],[93.4967,19.7303]]],[[[128.6687,0.5795],[128.6409,0.5727],[128.6375,0.5749],[128.6687,0.5795]]],[[[97.9759,10.0617],[97.9935,10.0701],[97.9897,10.0531],[97.9759,10.0617]]],[[[119.7413,11.0247],[119.7377,11.0065],[119.7265,11.0275],[119.7413,11.0247]]],[[[107.4967,-3.0545],[107.5087,-3.036],[107.5029,-3.0555],[107.4967,-3.0545]]],[[[93.9915,18.7313],[93.9961,18.7477],[94.0091,18.7307],[93.9915,18.7313]]],[[[134.3987,7.2665],[134.3835,7.2725],[134.3975,7.2789],[134.3987,7.2665]]],[[[119.6345,11.2585],[119.6207,11.2365],[119.6251,11.2647],[119.6345,11.2585]]],[[[120.7305,10.9735],[120.7295,10.9523],[120.7189,10.9615],[120.7305,10.9735]]],[[[90.6295,22.4057],[90.6489,22.3871],[90.6487,22.3675],[90.6295,22.4057]]],[[[120.9127,10.7367],[120.8957,10.7295],[120.8985,10.7403],[120.9127,10.7367]]],[[[123.8961,-5.7712],[123.9005,-5.7583],[123.9241,-5.7766],[123.8961,-5.7712]]],[[[98.2991,-0.1209],[98.3069,-0.1023],[98.3073,-0.1224],[98.2991,-0.1209]]],[[[120.5851,5.4677],[120.5757,5.4469],[120.5789,5.4671],[120.5851,5.4677]]],[[[125.6017,9.7419],[125.6173,9.7521],[125.6155,9.7381],[125.6017,9.7419]]],[[[121.8337,-0.3625],[121.8513,-0.3515],[121.8645,-0.3473],[121.8337,-0.3625]]],[[[119.8385,11.9875],[119.8611,11.9997],[119.8769,11.9965],[119.8385,11.9875]]],[[[103.6511,0.6235],[103.6525,0.6121],[103.6343,0.6209],[103.6511,0.6235]]],[[[114.6611,-7.1748],[114.6751,-7.1584],[114.6851,-7.1682],[114.6611,-7.1748]]],[[[95.3323,15.9425],[95.3209,15.9479],[95.3329,15.9569],[95.3323,15.9425]]],[[[124.1111,12.5461],[124.0869,12.5271],[124.1093,12.5487],[124.1111,12.5461]]],[[[122.6203,10.3893],[122.6165,10.4003],[122.6259,10.3923],[122.6203,10.3893]]],[[[99.1751,-1.5083],[99.1723,-1.4847],[99.1823,-1.5053],[99.1751,-1.5083]]],[[[119.9937,5.9261],[119.9895,5.9423],[120.0001,5.9421],[119.9937,5.9261]]],[[[116.7153,-1.1242],[116.7309,-1.1167],[116.7303,-1.1349],[116.7153,-1.1242]]],[[[119.2359,10.0771],[119.2131,10.0629],[119.2311,10.0845],[119.2359,10.0771]]],[[[104.4493,0.2339],[104.4569,0.2441],[104.4721,0.2263],[104.4493,0.2339]]],[[[95.1915,15.6663],[95.2045,15.6827],[95.2075,15.6737],[95.1915,15.6663]]],[[[96.6653,17.3235],[96.6597,17.3427],[96.6759,17.3463],[96.6653,17.3235]]],[[[127.2971,-7.5133],[127.2929,-7.5298],[127.2791,-7.523],[127.2971,-7.5133]]],[[[98.1481,12.1931],[98.1415,12.2083],[98.1513,12.2039],[98.1481,12.1931]]],[[[125.5879,9.8113],[125.5983,9.8253],[125.5963,9.8033],[125.5879,9.8113]]],[[[130.6569,-0.5221],[130.6619,-0.5047],[130.6699,-0.5024],[130.6569,-0.5221]]],[[[130.4365,-2.2181],[130.4189,-2.2078],[130.4415,-2.2125],[130.4365,-2.2181]]],[[[121.8293,6.4443],[121.8263,6.4623],[121.8349,6.4585],[121.8293,6.4443]]],[[[97.6131,16.3953],[97.6011,16.3973],[97.6053,16.4101],[97.6131,16.3953]]],[[[27.8451,-16.8854],[27.8421,-16.8999],[27.8399,-16.8956],[27.8451,-16.8854]]],[[[123.4821,-1.9474],[123.4697,-1.9354],[123.4841,-1.9352],[123.4821,-1.9474]]],[[[132.5817,-5.8222],[132.5777,-5.8358],[132.5651,-5.8196],[132.5817,-5.8222]]],[[[149.3137,6.7009],[149.3017,6.6775],[149.3085,6.7045],[149.3137,6.7009]]],[[[31.1269,-8.7094],[31.1157,-8.7201],[31.1189,-8.6958],[31.1269,-8.7094]]],[[[98.0821,9.6411],[98.1019,9.6527],[98.1011,9.6373],[98.0821,9.6411]]],[[[92.7355,12.8641],[92.7145,12.8371],[92.7293,12.8671],[92.7355,12.8641]]],[[[122.0783,-5.2863],[122.0571,-5.294],[122.0773,-5.2849],[122.0783,-5.2863]]],[[[135.7929,-1.7708],[135.7769,-1.763],[135.7927,-1.7608],[135.7929,-1.7708]]],[[[115.8759,-6.9443],[115.8619,-6.9524],[115.8695,-6.9402],[115.8759,-6.9443]]],[[[92.9495,12.2223],[92.9495,12.2025],[92.9509,12.1921],[92.9377,12.2061],[92.9495,12.2223]]],[[[122.0885,-5.4734],[122.0743,-5.4844],[122.0757,-5.4719],[122.0885,-5.4734]]],[[[104.2363,-0.3521],[104.2217,-0.3568],[104.2301,-0.3398],[104.2363,-0.3521]]],[[[121.5147,19.4467],[121.5149,19.4229],[121.5085,19.4543],[121.5147,19.4467]]],[[[124.6215,-6.1198],[124.6043,-6.1368],[124.6169,-6.111],[124.6215,-6.1198]]],[[[97.9399,12.2287],[97.9271,12.2313],[97.9325,12.2427],[97.9399,12.2287]]],[[[122.8923,13.1483],[122.8751,13.1457],[122.8607,13.1717],[122.8923,13.1483]]],[[[94.0403,19.0527],[94.0187,19.0453],[94.0375,19.0623],[94.0403,19.0527]]],[[[107.0211,0.6283],[107.0149,0.6555],[107.0173,0.6561],[107.0211,0.6283]]],[[[115.7923,-6.9466],[115.7749,-6.9605],[115.7847,-6.9402],[115.7923,-6.9466]]],[[[97.8669,12.2795],[97.8671,12.2991],[97.8859,12.2931],[97.8669,12.2795]]],[[[122.1859,13.5093],[122.1667,13.5179],[122.1747,13.5249],[122.1859,13.5093]]],[[[123.8683,-5.5337],[123.8469,-5.5415],[123.8681,-5.5288],[123.8683,-5.5337]]],[[[32.7021,-2.4316],[32.6849,-2.4309],[32.6841,-2.4223],[32.7021,-2.4316]]],[[[98.0141,10.8929],[98.0113,10.8763],[98.0267,10.8689],[98.0005,10.8801],[98.0141,10.8929]]],[[[132.7245,-5.5919],[132.7159,-5.5729],[132.7259,-5.5758],[132.7245,-5.5919]]],[[[32.0039,-2.434],[32.0071,-2.4172],[32.0135,-2.4301],[32.0039,-2.434]]],[[[97.8169,14.2751],[97.8003,14.2719],[97.8067,14.2813],[97.8169,14.2751]]],[[[123.5639,-1.4976],[123.5503,-1.4837],[123.5633,-1.4737],[123.5639,-1.4976]]],[[[121.0063,6.1611],[120.9957,6.1783],[121.0101,6.1683],[121.0063,6.1611]]],[[[94.5345,16.1379],[94.5275,16.1457],[94.5449,16.1503],[94.5345,16.1379]]],[[[122.3389,-4.9271],[122.3265,-4.924],[122.3421,-4.9112],[122.3389,-4.9271]]],[[[107.5011,-2.8366],[107.4859,-2.8324],[107.5081,-2.8316],[107.5011,-2.8366]]],[[[127.2383,-0.5525],[127.2177,-0.5594],[127.2217,-0.5436],[127.2383,-0.5525]]],[[[130.2595,-0.1154],[130.2411,-0.1155],[130.2535,-0.1035],[130.2595,-0.1154]]],[[[119.3207,11.1429],[119.3133,11.1605],[119.3235,11.1577],[119.3207,11.1429]]],[[[92.6207,11.5343],[92.6313,11.5519],[92.6269,11.5309],[92.6207,11.5343]]],[[[130.6725,-0.3261],[130.6503,-0.3263],[130.6637,-0.3127],[130.6725,-0.3261]]],[[[119.8841,11.4889],[119.8943,11.5067],[119.8961,11.4879],[119.8841,11.4889]]],[[[119.8717,0.5251],[119.8655,0.5359],[119.8815,0.5311],[119.8717,0.5251]]],[[[125.5443,9.9757],[125.5573,9.9779],[125.5621,9.9619],[125.5443,9.9757]]],[[[104.5363,0.0973],[104.5439,0.1013],[104.5635,0.0719],[104.5363,0.0973]]],[[[99.2839,-1.6908],[99.2853,-1.6748],[99.3041,-1.6955],[99.2839,-1.6908]]],[[[129.7737,-1.239],[129.7651,-1.2257],[129.7773,-1.2217],[129.7737,-1.239]]],[[[98.3129,12.8729],[98.3165,12.8951],[98.3157,12.8699],[98.3129,12.8729]]],[[[97.7689,12.0359],[97.7825,12.0519],[97.7911,12.0461],[97.7689,12.0359]]],[[[123.1631,-2.1975],[123.1475,-2.2146],[123.1521,-2.1925],[123.1631,-2.1975]]],[[[128.5597,-7.29],[128.5539,-7.3181],[128.5479,-7.3068],[128.5597,-7.29]]],[[[104.6897,-0.0622],[104.6979,-0.0593],[104.7219,-0.0868],[104.6897,-0.0622]]],[[[92.6147,11.5659],[92.6251,11.5837],[92.6263,11.5607],[92.6147,11.5659]]],[[[123.8669,12.2441],[123.8603,12.2323],[123.8475,12.2545],[123.8669,12.2441]]],[[[106.2799,-5.8152],[106.2575,-5.8064],[106.2897,-5.8094],[106.2799,-5.8152]]],[[[128.9619,0.1763],[128.9565,0.1891],[128.9915,0.1595],[128.9619,0.1763]]],[[[121.6901,-1.9367],[121.7071,-1.9255],[121.7045,-1.9421],[121.6901,-1.9367]]],[[[134.6467,-5.3904],[134.6633,-5.3843],[134.6659,-5.3969],[134.6467,-5.3904]]],[[[28.8851,-16.6953],[28.8669,-16.6953],[28.8681,-16.6795],[28.8851,-16.6953]]],[[[131.2805,-8.0594],[131.2789,-8.0373],[131.2879,-8.0385],[131.2805,-8.0594]]],[[[33.7829,-1.38],[33.7657,-1.3833],[33.7749,-1.3716],[33.7829,-1.38]]],[[[32.3347,-0.6665],[32.3239,-0.6787],[32.3397,-0.6426],[32.3347,-0.6665]]],[[[32.6493,-0.0156],[32.6723,-0.0241],[32.6731,-0.0307],[32.6493,-0.0156]]],[[[115.4573,-8.6906],[115.4425,-8.713],[115.4353,-8.7073],[115.4573,-8.6906]]],[[[125.9109,9.9093],[125.8983,9.9189],[125.9091,9.9153],[125.9109,9.9093]]],[[[122.8133,14.3883],[122.8183,14.4035],[122.8187,14.3853],[122.8133,14.3883]]],[[[93.1025,20.1719],[93.0951,20.1789],[93.1131,20.1791],[93.1025,20.1719]]],[[[127.2553,-0.5263],[127.2599,-0.5135],[127.2619,-0.5413],[127.2553,-0.5263]]],[[[123.0577,14.1161],[123.0673,14.1269],[123.0669,14.1057],[123.0577,14.1161]]],[[[112.6017,-6.9644],[112.5987,-6.9485],[112.6273,-6.98],[112.6017,-6.9644]]],[[[134.5203,-6.909],[134.5345,-6.8938],[134.5397,-6.9016],[134.5203,-6.909]]],[[[125.5717,12.0477],[125.5565,12.0367],[125.5629,12.0653],[125.5717,12.0477]]],[[[125.6935,9.7381],[125.6989,9.7541],[125.7047,9.7425],[125.6935,9.7381]]],[[[27.9313,-17.0052],[27.9287,-16.9919],[27.9421,-17.0035],[27.9313,-17.0052]]],[[[119.0259,10.4397],[119.0193,10.4223],[119.0129,10.4451],[119.0259,10.4397]]],[[[92.2441,10.9781],[92.2275,10.9693],[92.2173,10.9743],[92.2441,10.9781]]],[[[97.7537,11.9989],[97.7415,11.9907],[97.7355,12.0087],[97.7537,11.9989]]],[[[122.2417,12.6687],[122.2285,12.6613],[122.2337,12.6715],[122.2417,12.6687]]],[[[122.4039,6.7445],[122.3897,6.7385],[122.3907,6.7491],[122.4039,6.7445]]],[[[129.8069,-1.2389],[129.7959,-1.2322],[129.8199,-1.2292],[129.8069,-1.2389]]],[[[103.6349,0.5143],[103.6233,0.5283],[103.6249,0.5317],[103.6387,0.5309],[103.6407,0.5179],[103.6389,0.5137],[103.6349,0.5143]]],[[[134.7995,-5.8748],[134.7801,-5.8801],[134.7975,-5.8672],[134.7995,-5.8748]]],[[[105.2989,-1.1585],[105.2807,-1.1581],[105.2739,-1.1466],[105.2989,-1.1585]]],[[[93.5339,19.4867],[93.5167,19.4803],[93.5151,19.5023],[93.5339,19.4867]]],[[[134.7095,-5.5451],[134.7023,-5.5743],[134.6959,-5.5731],[134.7095,-5.5451]]],[[[128.0495,-2.995],[128.0365,-3.0046],[128.0469,-2.9873],[128.0495,-2.995]]],[[[121.8457,6.2323],[121.8359,6.2163],[121.8371,6.2391],[121.8457,6.2323]]],[[[88.5323,21.7885],[88.5145,21.7733],[88.5299,21.7965],[88.5323,21.7885]]],[[[120.3869,12.2289],[120.3961,12.2355],[120.3955,12.2133],[120.3869,12.2289]]],[[[119.4041,11.0747],[119.4027,11.0911],[119.4059,11.0747],[119.4041,11.0747]]],[[[123.5991,14.0243],[123.5861,14.0131],[123.5845,14.0197],[123.5991,14.0243]]],[[[104.2963,0.4853],[104.2959,0.5215],[104.3011,0.4803],[104.2963,0.4853]]],[[[104.4853,0.2113],[104.5007,0.2091],[104.5043,0.1965],[104.4853,0.2113]]],[[[134.6641,-5.451],[134.6529,-5.4541],[134.6481,-5.4358],[134.6641,-5.451]]],[[[97.8979,10.4961],[97.9125,10.5139],[97.9209,10.5161],[97.8979,10.4961]]],[[[116.0493,-8.3435],[116.0369,-8.3498],[116.0383,-8.3407],[116.0493,-8.3435]]],[[[124.0207,-8.2198],[124.0359,-8.2107],[124.0219,-8.2326],[124.0207,-8.2198]]],[[[125.6695,11.0953],[125.6791,11.1121],[125.6861,11.1077],[125.6695,11.0953]]],[[[33.0411,0.1063],[33.0301,0.0939],[33.0283,0.0985],[33.0411,0.1063]]],[[[79.8881,8.9431],[79.9087,8.9237],[79.9231,8.8973],[79.8881,8.9431]]],[[[131.0137,-7.7408],[131.0005,-7.7316],[131.0065,-7.7328],[131.0137,-7.7408]]],[[[97.8233,9.0621],[97.8103,9.0609],[97.8151,9.0785],[97.8233,9.0621]]],[[[105.7707,-5.8796],[105.7527,-5.8859],[105.7687,-5.8776],[105.7707,-5.8796]]],[[[120.3193,11.8511],[120.3053,11.8445],[120.3183,11.8537],[120.3193,11.8511]]],[[[122.1965,6.4593],[122.2225,6.4545],[122.2211,6.4515],[122.1965,6.4593]]],[[[127.3711,0.7349],[127.3589,0.7249],[127.3579,0.7379],[127.3711,0.7349]]],[[[119.7981,5.0299],[119.7989,5.0425],[119.8059,5.0357],[119.7981,5.0299]]],[[[33.4249,-1.9092],[33.4143,-1.9023],[33.4249,-1.9004],[33.4249,-1.9092]]],[[[123.2705,9.0721],[123.2759,9.0887],[123.2809,9.0779],[123.2705,9.0721]]],[[[28.8999,-2.2369],[28.8863,-2.2273],[28.8991,-2.2203],[28.8999,-2.2369]]],[[[104.3329,0.2773],[104.3499,0.2719],[104.3599,0.2543],[104.3329,0.2773]]],[[[104.4023,0.4363],[104.3973,0.4481],[104.4251,0.4515],[104.4023,0.4363]]],[[[129.9077,-1.6407],[129.8947,-1.6463],[129.8987,-1.6313],[129.9077,-1.6407]]],[[[124.9595,11.4009],[124.9659,11.4189],[124.9763,11.4071],[124.9595,11.4009]]],[[[117.5129,-0.3603],[117.5019,-0.3599],[117.5115,-0.3573],[117.5129,-0.3603]]],[[[128.3675,-1.1408],[128.3805,-1.1352],[128.4029,-1.1531],[128.3675,-1.1408]]],[[[100.3397,-1.206],[100.3261,-1.2096],[100.3385,-1.1916],[100.3397,-1.206]]],[[[123.8567,13.9511],[123.8623,13.9655],[123.8671,13.9471],[123.8567,13.9511]]],[[[108.7563,0.7627],[108.7635,0.7297],[108.7615,0.7271],[108.7563,0.7627]]],[[[93.6407,19.4241],[93.6363,19.4039],[93.6275,19.4313],[93.6407,19.4241]]],[[[94.0995,18.0545],[94.0827,18.0583],[94.0959,18.0631],[94.0995,18.0545]]],[[[104.4549,0.3959],[104.4413,0.3921],[104.4385,0.4055],[104.4549,0.3959]]],[[[134.8787,-6.1542],[134.8641,-6.1536],[134.8791,-6.1408],[134.8787,-6.1542]]],[[[140.5293,9.7691],[140.5121,9.7601],[140.5287,9.7707],[140.5293,9.7691]]],[[[103.5945,0.6915],[103.5809,0.6885],[103.5833,0.6975],[103.5945,0.6915]]],[[[31.8185,-1.4995],[31.8063,-1.5131],[31.8009,-1.5004],[31.8185,-1.4995]]],[[[129.6139,-1.7829],[129.6125,-1.7997],[129.6053,-1.7839],[129.6139,-1.7829]]],[[[125.0843,11.2915],[125.0859,11.2791],[125.0737,11.2871],[125.0843,11.2915]]],[[[120.1325,11.8113],[120.1239,11.8157],[120.1297,11.8257],[120.1325,11.8113]]],[[[92.6899,12.5157],[92.6825,12.5357],[92.6943,12.5319],[92.6899,12.5157]]],[[[27.4541,-17.5642],[27.4359,-17.5655],[27.4573,-17.5561],[27.4541,-17.5642]]],[[[33.1775,0.2005],[33.1625,0.2041],[33.1683,0.2093],[33.1775,0.2005]]],[[[124.3401,10.2453],[124.3177,10.2407],[124.3407,10.2521],[124.3401,10.2453]]],[[[108.5457,-2.505],[108.5333,-2.517],[108.5389,-2.502],[108.5457,-2.505]]],[[[119.9481,11.9853],[119.9377,11.9979],[119.9611,11.9925],[119.9481,11.9853]]],[[[97.9655,10.4069],[97.9601,10.4339],[97.9637,10.4327],[97.9655,10.4069]]],[[[128.5579,-7.3654],[128.5449,-7.3725],[128.5465,-7.3633],[128.5579,-7.3654]]],[[[124.3741,11.9383],[124.3671,11.9571],[124.3723,11.9581],[124.3741,11.9383]]],[[[129.6711,-1.198],[129.6679,-1.2011],[129.6643,-1.1908],[129.6711,-1.198]]],[[[104.3271,0.7013],[104.3279,0.6875],[104.3149,0.7033],[104.3271,0.7013]]],[[[123.1069,14.0337],[123.1057,14.0503],[123.1133,14.0381],[123.1069,14.0337]]],[[[115.8147,-4.3653],[115.7997,-4.3734],[115.7983,-4.3664],[115.8147,-4.3653]]],[[[127.2969,-0.3506],[127.2757,-0.3534],[127.2843,-0.3415],[127.2969,-0.3506]]],[[[119.5839,-8.4428],[119.5665,-8.4598],[119.5643,-8.4474],[119.5839,-8.4428]]],[[[121.5335,6.8215],[121.5359,6.8343],[121.5439,6.8129],[121.5335,6.8215]]],[[[120.2467,12.1643],[120.2525,12.1849],[120.2537,12.1589],[120.2467,12.1643]]],[[[92.9089,13.5907],[92.8977,13.5907],[92.9091,13.5981],[92.9089,13.5907]]],[[[33.3511,0.3187],[33.3361,0.3211],[33.3537,0.3315],[33.3511,0.3187]]],[[[129.6907,-1.7804],[129.6791,-1.777],[129.6817,-1.7651],[129.6907,-1.7804]]],[[[119.6653,11.5041],[119.6847,11.5029],[119.6813,11.4891],[119.6653,11.5041]]],[[[109.3053,-0.6034],[109.2901,-0.599],[109.3045,-0.6014],[109.3053,-0.6034]]],[[[120.1233,11.6607],[120.1089,11.6637],[120.1143,11.6689],[120.1233,11.6607]]],[[[95.9133,16.2749],[95.9017,16.2555],[95.9079,16.2867],[95.9133,16.2749]]],[[[104.3199,0.3733],[104.3251,0.3851],[104.3253,0.3703],[104.3199,0.3733]]],[[[108.3967,-3.2953],[108.3781,-3.2986],[108.3957,-3.2884],[108.3967,-3.2953]]],[[[121.4369,-1.921],[121.4275,-1.9406],[121.4331,-1.921],[121.4369,-1.921]]],[[[117.2639,-0.8894],[117.2609,-0.8604],[117.2625,-0.8589],[117.2639,-0.8894]]],[[[120.1739,12.0039],[120.1657,11.9967],[120.1455,12.0149],[120.1739,12.0039]]],[[[136.4115,-1.9104],[136.3935,-1.917],[136.3945,-1.9043],[136.4115,-1.9104]]],[[[119.2537,-5.4928],[119.2429,-5.5124],[119.2509,-5.4861],[119.2537,-5.4928]]],[[[125.5117,9.9985],[125.5049,9.9829],[125.4987,10.0153],[125.5117,9.9985]]],[[[122.3809,6.7715],[122.3603,6.7689],[122.3785,6.7755],[122.3809,6.7715]]],[[[119.6653,-8.5317],[119.6629,-8.5637],[119.6537,-8.5517],[119.6653,-8.5317]]],[[[123.8053,12.3113],[123.8095,12.3267],[123.8091,12.3077],[123.8053,12.3113]]],[[[130.4657,-2.1358],[130.4635,-2.131],[130.4869,-2.1309],[130.4657,-2.1358]]],[[[104.4053,0.4645],[104.4229,0.4683],[104.4283,0.4611],[104.4053,0.4645]]],[[[32.2253,-0.5805],[32.2215,-0.5641],[32.2387,-0.5685],[32.2253,-0.5805]]],[[[121.5579,6.8433],[121.5439,6.8387],[121.5505,6.8477],[121.5579,6.8433]]],[[[98.2455,10.2351],[98.2525,10.2527],[98.2513,10.2291],[98.2455,10.2351]]],[[[92.5621,11.5285],[92.5783,11.5221],[92.5743,11.5125],[92.5621,11.5285]]],[[[99.3049,-1.8498],[99.3049,-1.8628],[99.2949,-1.859],[99.3049,-1.8498]]],[[[122.0725,6.8605],[122.0581,6.8559],[122.0499,6.8667],[122.0725,6.8605]]],[[[99.1081,-1.3786],[99.1089,-1.3628],[99.1171,-1.3763],[99.1081,-1.3786]]],[[[31.0959,-8.7586],[31.0993,-8.7428],[31.1061,-8.7489],[31.0959,-8.7586]]],[[[104.4857,0.1689],[104.4653,0.1667],[104.4667,0.1745],[104.4857,0.1689]]],[[[120.3977,17.5033],[120.3989,17.5125],[120.4161,17.5109],[120.3977,17.5033]]],[[[100.3049,-3.1231],[100.2993,-3.1358],[100.2931,-3.1236],[100.3049,-3.1231]]],[[[158.2569,7.0033],[158.2447,7.0001],[158.2511,7.0139],[158.2569,7.0033]]],[[[32.3079,-0.7163],[32.2889,-0.728],[32.3077,-0.7101],[32.3079,-0.7163]]],[[[130.6701,-0.1469],[130.6755,-0.135],[130.6879,-0.1383],[130.6701,-0.1469]]],[[[93.6175,19.4391],[93.5999,19.4421],[93.6141,19.4517],[93.6175,19.4391]]],[[[124.1125,11.3493],[124.1229,11.3287],[124.1183,11.3251],[124.1125,11.3493]]],[[[121.0767,5.8457],[121.0909,5.8579],[121.0865,5.8403],[121.0767,5.8457]]],[[[122.3301,-4.6056],[122.3119,-4.6117],[122.3155,-4.6049],[122.3301,-4.6056]]],[[[120.1975,-2.9806],[120.2017,-2.9686],[120.2077,-2.9861],[120.1975,-2.9806]]],[[[124.4465,12.6173],[124.4285,12.6215],[124.4361,12.6307],[124.4465,12.6173]]],[[[119.4725,10.2737],[119.4587,10.2603],[119.4507,10.2695],[119.4725,10.2737]]],[[[113.1081,-7.1772],[113.1081,-7.1952],[113.0961,-7.1885],[113.1081,-7.1772]]],[[[121.2281,5.8535],[121.2363,5.8415],[121.2187,5.8585],[121.2281,5.8535]]],[[[127.3971,-0.3492],[127.4009,-0.326],[127.4003,-0.3495],[127.3971,-0.3492]]],[[[125.5627,12.1001],[125.5575,12.1177],[125.5683,12.0991],[125.5627,12.1001]]],[[[104.3401,0.2799],[104.3347,0.2965],[104.3503,0.2809],[104.3401,0.2799]]],[[[119.7153,11.3453],[119.6987,11.3361],[119.6997,11.3539],[119.7153,11.3453]]],[[[119.7303,-8.5053],[119.7191,-8.497],[119.7339,-8.4978],[119.7303,-8.5053]]],[[[123.2587,12.1871],[123.2343,12.1697],[123.2567,12.1903],[123.2587,12.1871]]],[[[128.6409,-1.5165],[128.6247,-1.5158],[128.6379,-1.5064],[128.6409,-1.5165]]],[[[120.2831,5.6237],[120.2679,5.6263],[120.2793,5.6317],[120.2831,5.6237]]],[[[122.4657,-3.0662],[122.4717,-3.0577],[122.4769,-3.0725],[122.4657,-3.0662]]],[[[120.1097,16.1163],[120.1275,16.1095],[120.1107,16.1063],[120.1097,16.1163]]],[[[98.0409,12.1799],[98.0393,12.1881],[98.0577,12.1791],[98.0409,12.1799]]],[[[108.6101,0.1281],[108.5933,0.1201],[108.6055,0.1349],[108.6101,0.1281]]],[[[130.0389,-0.0783],[130.0539,-0.071],[130.0561,-0.074],[130.0389,-0.0783]]],[[[133.6337,-2.2331],[133.6169,-2.2316],[133.6281,-2.2243],[133.6337,-2.2331]]],[[[98.2217,10.4609],[98.2133,10.4349],[98.2147,10.4647],[98.2217,10.4609]]],[[[130.4669,-2.2264],[130.4517,-2.2159],[130.4769,-2.2234],[130.4669,-2.2264]]],[[[90.4317,22.0339],[90.4401,22.0439],[90.4457,22.0377],[90.4317,22.0339]]],[[[125.5199,-1.7629],[125.5155,-1.7804],[125.5055,-1.7781],[125.5199,-1.7629]]],[[[120.7765,6.4287],[120.7821,6.4363],[120.7895,6.4175],[120.7765,6.4287]]],[[[136.4209,-1.2815],[136.4181,-1.3203],[136.4155,-1.3212],[136.4115,-1.292],[136.4209,-1.2815]]],[[[31.9923,-1.4991],[31.9779,-1.4961],[31.9859,-1.4883],[31.9923,-1.4991]]],[[[124.5091,10.0873],[124.5127,10.1061],[124.5155,10.0825],[124.5091,10.0873]]],[[[98.2313,10.5605],[98.2353,10.5461],[98.2217,10.5511],[98.2313,10.5605]]],[[[127.1661,-0.0233],[127.1827,-0.0178],[127.1871,-0.0238],[127.1661,-0.0233]]],[[[121.5735,11.9855],[121.5579,11.9803],[121.5633,11.9993],[121.5735,11.9855]]],[[[90.8395,22.2207],[90.8323,22.1853],[90.8307,22.2097],[90.8395,22.2207]]],[[[125.5681,11.1025],[125.5863,11.1017],[125.5807,11.0929],[125.5681,11.1025]]],[[[125.2255,10.4779],[125.2351,10.4471],[125.2229,10.4627],[125.2255,10.4779]]],[[[119.9295,11.5765],[119.9353,11.5911],[119.9463,11.5793],[119.9295,11.5765]]],[[[138.7491,-8.1626],[138.7507,-8.1529],[138.7567,-8.1581],[138.7491,-8.1626]]],[[[88.2141,21.7715],[88.2089,21.7411],[88.2101,21.7763],[88.2141,21.7715]]],[[[119.9147,15.4853],[119.9227,15.4967],[119.9385,15.4839],[119.9147,15.4853]]],[[[117.6667,-8.4361],[117.6603,-8.4268],[117.6661,-8.4258],[117.6667,-8.4361]]],[[[108.3801,-3.2597],[108.3749,-3.2464],[108.3881,-3.2519],[108.3801,-3.2597]]],[[[98.2011,11.8355],[98.2069,11.8475],[98.2155,11.8353],[98.2011,11.8355]]],[[[125.9325,9.4055],[125.9355,9.4187],[125.9411,9.4095],[125.9325,9.4055]]],[[[104.4427,0.4809],[104.4555,0.4789],[104.4615,0.4575],[104.4427,0.4809]]],[[[123.2175,11.2453],[123.2017,11.2403],[123.2161,11.2507],[123.2175,11.2453]]],[[[133.8751,-2.1662],[133.8579,-2.1661],[133.8755,-2.1635],[133.8751,-2.1662]]],[[[128.7289,-1.514],[128.7235,-1.528],[128.7209,-1.5207],[128.7289,-1.514]]],[[[98.1449,10.1353],[98.1403,10.1519],[98.1489,10.1631],[98.1449,10.1353]]],[[[100.1553,-3.0188],[100.1441,-3.0229],[100.1477,-3.01],[100.1553,-3.0188]]],[[[90.2865,22.3645],[90.2793,22.3457],[90.2707,22.3485],[90.2865,22.3645]]],[[[32.4129,-0.3937],[32.4215,-0.3813],[32.4239,-0.3962],[32.4129,-0.3937]]],[[[34.6323,-13.8924],[34.6235,-13.9057],[34.6187,-13.8886],[34.6323,-13.8924]]],[[[122.7407,-5.1947],[122.7255,-5.2031],[122.7413,-5.1864],[122.7407,-5.1947]]],[[[97.9957,12.1247],[98.0025,12.1395],[98.0151,12.1203],[97.9957,12.1247]]],[[[104.2691,-0.3579],[104.2575,-0.3729],[104.2643,-0.3567],[104.2691,-0.3579]]],[[[120.1929,5.4567],[120.1783,5.4511],[120.1843,5.4591],[120.1929,5.4567]]],[[[129.7687,-1.1507],[129.7591,-1.165],[129.7555,-1.161],[129.7687,-1.1507]]],[[[93.3213,20.1133],[93.3257,20.1211],[93.3281,20.1069],[93.3213,20.1133]]],[[[119.7163,10.9537],[119.7037,10.9543],[119.7123,10.9619],[119.7163,10.9537]]],[[[99.2919,0.2043],[99.2903,0.2217],[99.2979,0.2081],[99.2919,0.2043]]],[[[104.4991,0.0705],[104.4897,0.0935],[104.5035,0.0703],[104.4991,0.0705]]],[[[119.1329,10.4949],[119.1369,10.5101],[119.1481,10.4979],[119.1329,10.4949]]],[[[129.6471,-1.2802],[129.6545,-1.2679],[129.6625,-1.2777],[129.6471,-1.2802]]],[[[128.5995,-3.6339],[128.5951,-3.6483],[128.5959,-3.6328],[128.5995,-3.6339]]],[[[120.0077,5.8983],[120.0001,5.9273],[120.0107,5.9075],[120.0077,5.8983]]],[[[124.0485,14.0351],[124.0395,14.0201],[124.0359,14.0345],[124.0485,14.0351]]],[[[92.7657,11.9855],[92.7633,11.9731],[92.7455,11.9755],[92.7657,11.9855]]],[[[33.1309,1.3535],[33.1147,1.3475],[33.1305,1.3579],[33.1309,1.3535]]],[[[121.9305,6.3061],[121.9185,6.3137],[121.9235,6.3229],[121.9305,6.3061]]],[[[88.1917,21.8545],[88.1933,21.8363],[88.1811,21.8623],[88.1917,21.8545]]],[[[105.7975,-2.411],[105.7873,-2.4222],[105.7837,-2.4074],[105.7975,-2.411]]],[[[121.7567,-0.7412],[121.7677,-0.7289],[121.7647,-0.7447],[121.7567,-0.7412]]],[[[120.6415,5.2341],[120.6347,5.2235],[120.6273,5.2317],[120.6415,5.2341]]],[[[117.5671,-0.5021],[117.5605,-0.5122],[117.5553,-0.5111],[117.5671,-0.5021]]],[[[123.5677,13.9765],[123.5747,13.9839],[123.5759,13.9715],[123.5677,13.9765]]],[[[123.1219,-4.7348],[123.1285,-4.7171],[123.1329,-4.7354],[123.1219,-4.7348]]],[[[124.8899,11.6969],[124.8759,11.7197],[124.8929,11.6999],[124.8899,11.6969]]],[[[124.0301,12.3637],[124.0463,12.3567],[124.0277,12.3463],[124.0301,12.3637]]],[[[104.2779,0.4841],[104.2869,0.4887],[104.2845,0.4821],[104.2779,0.4841]]],[[[122.0141,14.8923],[122.0191,14.9071],[122.0247,14.9031],[122.0141,14.8923]]],[[[121.4449,12.3749],[121.4555,12.3831],[121.4537,12.3693],[121.4449,12.3749]]],[[[160.7029,6.2053],[160.7185,6.2161],[160.7095,6.1957],[160.7029,6.2053]]],[[[119.9579,16.3529],[119.9495,16.3619],[119.9641,16.3637],[119.9579,16.3529]]],[[[121.5885,12.1029],[121.5703,12.0973],[121.5817,12.1109],[121.5885,12.1029]]],[[[97.5449,16.5121],[97.5467,16.5021],[97.5285,16.5115],[97.5449,16.5121]]],[[[112.5777,-6.9475],[112.5847,-6.9581],[112.5751,-6.9591],[112.5777,-6.9475]]],[[[126.1833,9.6307],[126.1691,9.6307],[126.1817,9.6451],[126.1833,9.6307]]],[[[123.6697,-2.1689],[123.6781,-2.1574],[123.6761,-2.1701],[123.6697,-2.1689]]],[[[122.2907,-4.8884],[122.2953,-4.8758],[122.3023,-4.8852],[122.2907,-4.8884]]],[[[131.0175,-1.2932],[131.0143,-1.3138],[131.0141,-1.2938],[131.0175,-1.2932]]],[[[107.5169,-2.9396],[107.5127,-2.9507],[107.5091,-2.9446],[107.5169,-2.9396]]],[[[123.7939,13.8729],[123.7793,13.8845],[123.7847,13.8899],[123.7939,13.8729]]],[[[122.3865,-3.2772],[122.3753,-3.2907],[122.3819,-3.268],[122.3865,-3.2772]]],[[[27.4407,-17.5489],[27.4271,-17.5664],[27.4229,-17.5624],[27.4407,-17.5489]]],[[[103.5703,0.7415],[103.5575,0.7427],[103.5603,0.7475],[103.5703,0.7415]]],[[[94.5213,15.9209],[94.5135,15.9171],[94.5225,15.9427],[94.5213,15.9209]]],[[[108.3799,-5.9397],[108.3733,-5.9269],[108.3851,-5.9366],[108.3799,-5.9397]]],[[[128.9795,-2.7282],[128.9813,-2.7416],[128.9725,-2.7476],[128.9795,-2.7282]]],[[[90.6685,22.0281],[90.6603,22.0237],[90.6579,22.0479],[90.6685,22.0281]]],[[[97.9923,10.0489],[97.9959,10.0303],[97.9925,10.0227],[97.9857,10.0313],[97.9923,10.0489]]],[[[98.0005,12.0903],[97.9989,12.1099],[98.0061,12.0973],[98.0005,12.0903]]],[[[134.3141,-6.3091],[134.3193,-6.2968],[134.3263,-6.3178],[134.3141,-6.3091]]],[[[100.5715,-3.2718],[100.5601,-3.2672],[100.5655,-3.2599],[100.5715,-3.2718]]],[[[115.2223,-8.7441],[115.2307,-8.7246],[115.2387,-8.7233],[115.2223,-8.7441]]],[[[97.9605,12.2867],[97.9431,12.2819],[97.9573,12.2947],[97.9605,12.2867]]],[[[126.2707,6.7807],[126.2615,6.7977],[126.2757,6.7823],[126.2707,6.7807]]],[[[134.5045,-5.3407],[134.5121,-5.3259],[134.5281,-5.3293],[134.5045,-5.3407]]],[[[134.6727,-7.0073],[134.6601,-7.0107],[134.6653,-6.9983],[134.6727,-7.0073]]],[[[124.0895,11.8705],[124.0905,11.8835],[124.1007,11.8735],[124.0895,11.8705]]],[[[93.1317,12.1435],[93.1251,12.1243],[93.1211,12.1379],[93.1317,12.1435]]],[[[94.0101,19.1091],[94.0007,19.0971],[93.9973,19.1031],[94.0101,19.1091]]],[[[100.1403,-2.852],[100.1299,-2.8615],[100.1281,-2.8562],[100.1403,-2.852]]],[[[123.7665,-1.8816],[123.7599,-1.8641],[123.7621,-1.8648],[123.7665,-1.8816]]],[[[93.5373,19.4683],[93.5311,19.4769],[93.5523,19.4705],[93.5373,19.4683]]],[[[119.3177,-5.5257],[119.3011,-5.5403],[119.3145,-5.5233],[119.3177,-5.5257]]],[[[106.8011,-2.8474],[106.7925,-2.8368],[106.8045,-2.8438],[106.8011,-2.8474]]],[[[157.9667,6.7485],[157.9319,6.7253],[157.9515,6.7445],[157.9667,6.7485]]],[[[119.7373,11.0765],[119.7277,11.0673],[119.7275,11.0803],[119.7373,11.0765]]],[[[117.0689,-5.096],[117.0577,-5.1013],[117.0573,-5.0913],[117.0689,-5.096]]],[[[134.5041,-5.505],[134.4919,-5.5146],[134.4917,-5.501],[134.5041,-5.505]]],[[[127.0501,-0.2826],[127.0561,-0.2881],[127.0549,-0.3005],[127.0461,-0.2998],[127.0501,-0.2826]]],[[[123.9259,11.1933],[123.9161,11.1897],[123.9233,11.1945],[123.9259,11.1933]]],[[[125.1405,12.5899],[125.1469,12.6039],[125.1509,12.5945],[125.1405,12.5899]]],[[[104.4293,0.3859],[104.4151,0.3741],[104.4117,0.3765],[104.4293,0.3859]]],[[[127.4233,-0.0672],[127.4133,-0.0716],[127.4115,-0.0633],[127.4233,-0.0672]]],[[[92.8607,8.8303],[92.8485,8.8283],[92.8609,8.8389],[92.8607,8.8303]]],[[[122.8573,7.2735],[122.8431,7.2727],[122.8559,7.2863],[122.8573,7.2735]]],[[[124.3745,-8.1809],[124.3589,-8.1841],[124.3625,-8.1745],[124.3745,-8.1809]]],[[[36.0561,4.0547],[36.0425,4.0551],[36.0517,4.0649],[36.0561,4.0547]]],[[[117.1859,-7.5076],[117.1853,-7.4937],[117.2015,-7.5019],[117.1859,-7.5076]]],[[[28.9077,-16.5735],[28.8903,-16.5783],[28.8959,-16.5676],[28.9077,-16.5735]]],[[[90.6699,21.9969],[90.6793,22.0039],[90.6835,21.9899],[90.6699,21.9969]]],[[[128.4139,-1.1577],[128.4277,-1.1464],[128.4335,-1.1527],[128.4139,-1.1577]]],[[[33.4081,0.2387],[33.3983,0.2483],[33.4161,0.2485],[33.4081,0.2387]]],[[[121.3747,-1.9018],[121.3595,-1.9044],[121.3721,-1.8991],[121.3747,-1.9018]]],[[[103.1747,0.6801],[103.1615,0.6787],[103.1741,0.6873],[103.1747,0.6801]]],[[[120.7807,11.4325],[120.7685,11.4365],[120.7685,11.4523],[120.7807,11.4325]]],[[[119.8301,15.7331],[119.8207,15.7401],[119.8303,15.7395],[119.8301,15.7331]]],[[[124.9965,-1.6704],[125.0081,-1.6646],[125.0111,-1.6704],[124.9965,-1.6704]]],[[[120.0357,-8.3696],[120.0389,-8.3516],[120.0467,-8.3606],[120.0357,-8.3696]]],[[[123.5967,-2.1271],[123.6093,-2.1229],[123.6091,-2.1379],[123.5967,-2.1271]]],[[[92.9805,20.2315],[92.9607,20.2095],[92.9575,20.2101],[92.9805,20.2315]]],[[[93.5037,19.9305],[93.4941,19.9175],[93.4897,19.9217],[93.5037,19.9305]]],[[[33.4759,-2.2339],[33.4795,-2.2162],[33.4801,-2.2353],[33.4759,-2.2339]]],[[[104.4777,0.3655],[104.4733,0.3807],[104.4861,0.3661],[104.4777,0.3655]]],[[[122.9201,14.1977],[122.9255,14.2167],[122.9315,14.1981],[122.9201,14.1977]]],[[[80.0175,9.4803],[80.0055,9.4811],[80.0059,9.4859],[80.0175,9.4803]]],[[[27.9301,-17.0318],[27.9399,-17.0206],[27.9389,-17.0371],[27.9301,-17.0318]]],[[[95.0807,16.0085],[95.0779,16.0303],[95.0837,16.0383],[95.0807,16.0085]]],[[[120.8223,11.0043],[120.8279,11.0183],[120.8375,11.0141],[120.8223,11.0043]]],[[[125.7101,3.4843],[125.6933,3.4739],[125.7093,3.4857],[125.7101,3.4843]]],[[[34.0933,-0.5172],[34.0837,-0.5273],[34.0849,-0.5115],[34.0933,-0.5172]]],[[[98.4717,-0.1072],[98.4685,-0.1204],[98.4657,-0.1043],[98.4717,-0.1072]]],[[[99.5723,-1.9944],[99.5581,-1.9984],[99.5635,-1.9901],[99.5723,-1.9944]]],[[[29.1485,-1.9368],[29.1387,-1.9286],[29.1497,-1.9166],[29.1485,-1.9368]]],[[[132.7463,-5.5193],[132.7409,-5.5051],[132.7513,-5.514],[132.7463,-5.5193]]],[[[90.5933,22.1291],[90.5849,22.1171],[90.5773,22.1281],[90.5933,22.1291]]],[[[117.5205,-0.706],[117.5229,-0.7155],[117.5027,-0.7113],[117.5205,-0.706]]],[[[131.4713,-7.2423],[131.4645,-7.2295],[131.4741,-7.2292],[131.4713,-7.2423]]],[[[119.9045,0.5019],[119.8965,0.4933],[119.8927,0.4985],[119.9045,0.5019]]],[[[103.8423,-5.1156],[103.8387,-5.1289],[103.8325,-5.1202],[103.8423,-5.1156]]],[[[121.3269,6.0327],[121.3109,6.0233],[121.3257,6.0367],[121.3269,6.0327]]],[[[27.4421,-17.4637],[27.4403,-17.4451],[27.4457,-17.4648],[27.4421,-17.4637]]],[[[90.5841,22.2485],[90.5687,22.2397],[90.5825,22.2509],[90.5841,22.2485]]],[[[34.6179,-0.1581],[34.6025,-0.1558],[34.6181,-0.1537],[34.6179,-0.1581]]],[[[79.9027,8.9553],[79.8937,8.9453],[79.8909,8.9525],[79.9027,8.9553]]],[[[90.7173,21.9585],[90.7037,21.9665],[90.7139,21.9719],[90.7173,21.9585]]],[[[6.5305,-0.0111],[6.5175,-0.0033],[6.5325,0.0],[6.5305,-0.0111]]],[[[100.4547,-3.2114],[100.4613,-3.2043],[100.4623,-3.2209],[100.4547,-3.2114]]],[[[98.0591,10.5783],[98.0447,10.5785],[98.0471,10.5895],[98.0591,10.5783]]],[[[105.2679,-5.572],[105.2787,-5.5608],[105.2795,-5.5721],[105.2679,-5.572]]],[[[119.2009,-8.5738],[119.2031,-8.5894],[119.1903,-8.5719],[119.2009,-8.5738]]],[[[149.6745,8.6105],[149.6605,8.5737],[149.6563,8.5895],[149.6745,8.6105]]],[[[119.8557,11.5569],[119.8479,11.5459],[119.8441,11.5547],[119.8557,11.5569]]],[[[108.2841,-3.2029],[108.2719,-3.2089],[108.2781,-3.1953],[108.2841,-3.2029]]],[[[90.9929,22.2573],[90.9773,22.2395],[90.9913,22.2609],[90.9929,22.2573]]],[[[123.3835,9.8741],[123.3803,9.8917],[123.3831,9.8925],[123.3835,9.8741]]],[[[132.7133,-5.4443],[132.7147,-5.4282],[132.7175,-5.4475],[132.7133,-5.4443]]],[[[119.7271,-8.57],[119.7191,-8.5792],[119.7115,-8.5722],[119.7271,-8.57]]],[[[120.4741,-5.7541],[120.4843,-5.7447],[120.4847,-5.7598],[120.4741,-5.7541]]],[[[32.1539,-2.1547],[32.1423,-2.1675],[32.1363,-2.1643],[32.1539,-2.1547]]],[[[89.8617,22.2443],[89.8657,22.2577],[89.8707,22.2377],[89.8617,22.2443]]],[[[107.5115,-3.0262],[107.5129,-3.0114],[107.5155,-3.029],[107.5115,-3.0262]]],[[[119.9939,5.1043],[119.9841,5.0917],[119.9907,5.1047],[119.9939,5.1043]]],[[[97.5211,16.5337],[97.5077,16.5229],[97.4991,16.5273],[97.5211,16.5337]]],[[[116.1877,-3.0457],[116.1749,-3.0492],[116.1809,-3.0414],[116.1877,-3.0457]]],[[[88.2153,21.7221],[88.2011,21.7083],[88.2121,21.7319],[88.2153,21.7221]]],[[[98.2427,12.2207],[98.2563,12.1987],[98.2471,12.2005],[98.2427,12.2207]]],[[[104.1645,-0.379],[104.1627,-0.3921],[104.1615,-0.3799],[104.1645,-0.379]]],[[[143.9185,7.3803],[143.9073,7.3691],[143.9129,7.3823],[143.9185,7.3803]]],[[[128.5249,0.6431],[128.5133,0.6295],[128.5085,0.6309],[128.5249,0.6431]]],[[[108.7697,-1.578],[108.7557,-1.5909],[108.7681,-1.5757],[108.7697,-1.578]]],[[[119.3463,10.8787],[119.3295,10.8705],[119.3421,10.8813],[119.3463,10.8787]]],[[[125.3841,-1.8788],[125.3837,-1.891],[125.3701,-1.8866],[125.3841,-1.8788]]],[[[127.9863,-1.4923],[127.9797,-1.502],[127.9767,-1.4882],[127.9863,-1.4923]]],[[[123.9303,9.4995],[123.9217,9.4883],[123.9227,9.5013],[123.9303,9.4995]]],[[[98.3135,-0.0541],[98.3015,-0.0584],[98.3011,-0.05],[98.3135,-0.0541]]],[[[121.3761,12.2657],[121.3799,12.2803],[121.3797,12.2641],[121.3761,12.2657]]],[[[122.2519,12.5963],[122.2341,12.5859],[122.2503,12.6011],[122.2519,12.5963]]],[[[116.8647,-8.5049],[116.8537,-8.5174],[116.8475,-8.5115],[116.8647,-8.5049]]],[[[123.7589,-2.0987],[123.7491,-2.0996],[123.7429,-2.0839],[123.7589,-2.0987]]],[[[124.4687,10.2433],[124.4735,10.2463],[124.4729,10.2391],[124.4687,10.2433]]],[[[98.0073,11.3097],[98.0147,11.3211],[98.0257,11.3147],[98.0073,11.3097]]],[[[123.0989,14.0809],[123.1019,14.0891],[123.1201,14.0805],[123.0989,14.0809]]],[[[31.8729,-1.6001],[31.8649,-1.5803],[31.8785,-1.6003],[31.8729,-1.6001]]],[[[97.9849,12.0937],[97.9757,12.0815],[97.9763,12.1033],[97.9849,12.0937]]],[[[121.0981,-4.0457],[121.0975,-4.0275],[121.1101,-4.027],[121.0981,-4.0457]]],[[[29.1477,-2.2795],[29.1379,-2.2918],[29.1439,-2.2749],[29.1477,-2.2795]]],[[[130.5089,-0.0382],[130.5071,-0.0287],[130.5127,-0.0326],[130.5089,-0.0382]]],[[[32.8797,1.3269],[32.8833,1.3439],[32.8837,1.3237],[32.8797,1.3269]]],[[[29.2657,-1.9021],[29.2557,-1.9231],[29.2629,-1.8987],[29.2657,-1.9021]]],[[[128.3981,-1.1244],[128.3883,-1.1328],[128.3855,-1.1255],[128.3981,-1.1244]]],[[[98.2639,10.6111],[98.2565,10.6181],[98.2645,10.6299],[98.2639,10.6111]]],[[[32.4439,0.0061],[32.4303,0.0],[32.4283,0.0121],[32.4439,0.0061]]],[[[104.2827,0.1577],[104.2957,0.1557],[104.2963,0.1473],[104.2827,0.1577]]],[[[34.8205,-14.0241],[34.8097,-14.0119],[34.8269,-14.0188],[34.8205,-14.0241]]],[[[31.6917,-2.2879],[31.6919,-2.2707],[31.6993,-2.2781],[31.6917,-2.2879]]],[[[128.4341,-0.5851],[128.4267,-0.5803],[128.4341,-0.5766],[128.4341,-0.5851]]],[[[120.5523,14.8075],[120.5521,14.7895],[120.5415,14.8085],[120.5523,14.8075]]],[[[120.3805,5.2663],[120.3691,5.2637],[120.3687,5.2713],[120.3805,5.2663]]],[[[121.7921,6.5481],[121.7925,6.5641],[121.8027,6.5493],[121.7921,6.5481]]],[[[108.2009,-3.1919],[108.1835,-3.2056],[108.1809,-3.2038],[108.2009,-3.1919]]],[[[104.5363,0.0309],[104.5333,0.0509],[104.5437,0.0297],[104.5363,0.0309]]],[[[122.0129,14.8793],[122.0053,14.8863],[122.0147,14.8825],[122.0129,14.8793]]],[[[104.2073,-1.0432],[104.2001,-1.0506],[104.1967,-1.0405],[104.2073,-1.0432]]],[[[122.1169,-0.2531],[122.1049,-0.258],[122.1051,-0.2479],[122.1169,-0.2531]]],[[[93.0327,13.3235],[93.0301,13.3005],[93.0273,13.3271],[93.0327,13.3235]]],[[[120.4595,6.1561],[120.4479,6.1377],[120.4561,6.1585],[120.4595,6.1561]]],[[[91.0461,22.1955],[91.0333,22.1947],[91.0383,22.2043],[91.0461,22.1955]]],[[[100.4053,-3.2049],[100.3977,-3.2141],[100.3981,-3.2033],[100.4053,-3.2049]]],[[[103.6619,0.5551],[103.6683,0.5645],[103.6663,0.5515],[103.6619,0.5551]]],[[[128.2235,-1.0429],[128.2373,-1.0647],[128.2277,-1.0662],[128.2235,-1.0429]]],[[[122.4027,-3.3111],[122.3889,-3.3182],[122.3987,-3.3019],[122.4027,-3.3111]]],[[[30.5189,1.0503],[30.5053,1.0429],[30.5175,1.0523],[30.5189,1.0503]]],[[[92.9649,12.0961],[92.9613,12.0789],[92.9585,12.1065],[92.9649,12.0961]]],[[[127.2161,0.0285],[127.2029,0.0345],[127.2095,0.0403],[127.2161,0.0285]]],[[[123.4749,-1.5384],[123.4621,-1.55],[123.4731,-1.5319],[123.4749,-1.5384]]],[[[125.0735,11.2611],[125.0753,11.2715],[125.0881,11.2557],[125.0735,11.2611]]],[[[132.7037,-5.4453],[132.6931,-5.453],[132.6957,-5.4366],[132.7037,-5.4453]]],[[[98.0209,12.4209],[98.0179,12.4335],[98.0317,12.4327],[98.0209,12.4209]]],[[[103.0541,0.5291],[103.0621,0.5295],[103.0693,0.5177],[103.0541,0.5291]]],[[[121.9361,20.7001],[121.9251,20.7105],[121.9321,20.7131],[121.9361,20.7001]]],[[[121.7615,-5.2522],[121.7629,-5.275],[121.7613,-5.2743],[121.7615,-5.2522]]],[[[100.2429,-3.1238],[100.2287,-3.1228],[100.2257,-3.1191],[100.2429,-3.1238]]],[[[115.6101,-7.0417],[115.5909,-7.045],[115.5853,-7.0384],[115.6101,-7.0417]]],[[[123.5963,13.9171],[123.5835,13.9327],[123.5999,13.9207],[123.5963,13.9171]]],[[[122.9701,11.7179],[122.9547,11.7103],[122.9701,11.7241],[122.9701,11.7179]]],[[[121.0371,9.6185],[121.0263,9.6097],[121.0229,9.6199],[121.0371,9.6185]]],[[[127.5565,-3.2509],[127.5437,-3.255],[127.5435,-3.247],[127.5565,-3.2509]]],[[[125.5435,9.7731],[125.5613,9.7765],[125.5641,9.7681],[125.5435,9.7731]]],[[[92.0135,21.6135],[92.0083,21.6005],[92.0071,21.6241],[92.0135,21.6135]]],[[[121.2051,10.8781],[121.2053,10.8927],[121.2167,10.8869],[121.2051,10.8781]]],[[[29.1009,-1.8966],[29.0951,-1.913],[29.0993,-1.8922],[29.1009,-1.8966]]],[[[123.5769,13.5793],[123.5709,13.5939],[123.5797,13.5817],[123.5769,13.5793]]],[[[104.7431,0.0757],[104.7453,0.0889],[104.7543,0.0763],[104.7431,0.0757]]],[[[120.8573,5.5875],[120.8593,5.5927],[120.8727,5.5963],[120.8573,5.5875]]],[[[119.4267,-8.7589],[119.4339,-8.7478],[119.4365,-8.7635],[119.4267,-8.7589]]],[[[123.5509,-2.0976],[123.5583,-2.0889],[123.5603,-2.0985],[123.5509,-2.0976]]],[[[108.7333,-2.6021],[108.7347,-2.5878],[108.7409,-2.5993],[108.7333,-2.6021]]],[[[27.4069,-17.4399],[27.4215,-17.4352],[27.4221,-17.4466],[27.4069,-17.4399]]],[[[120.4175,5.7623],[120.4057,5.7499],[120.4135,5.7647],[120.4175,5.7623]]],[[[104.3929,0.4521],[104.3829,0.4429],[104.3869,0.4567],[104.3929,0.4521]]],[[[34.1379,-0.2266],[34.1523,-0.2257],[34.1447,-0.2399],[34.1379,-0.2266]]],[[[134.0051,-2.4237],[133.9933,-2.4312],[133.9945,-2.4238],[134.0051,-2.4237]]],[[[121.0293,-2.6744],[121.0385,-2.6784],[121.0273,-2.6924],[121.0293,-2.6744]]],[[[107.2401,-3.0006],[107.2265,-2.9986],[107.2413,-2.9947],[107.2401,-3.0006]]],[[[94.8345,15.8899],[94.8309,15.9063],[94.8423,15.8841],[94.8345,15.8899]]],[[[130.4409,-0.4604],[130.4345,-0.4483],[130.4465,-0.448],[130.4409,-0.4604]]],[[[128.8649,0.4659],[128.8685,0.4769],[128.8703,0.4595],[128.8649,0.4659]]],[[[106.7763,-2.89],[106.7591,-2.8916],[106.7727,-2.8868],[106.7763,-2.89]]],[[[97.9201,10.1463],[97.9161,10.1553],[97.9333,10.1537],[97.9201,10.1463]]],[[[94.2531,16.5291],[94.2423,16.5183],[94.2493,16.5399],[94.2531,16.5291]]],[[[128.1605,-3.2281],[128.1565,-3.2154],[128.1593,-3.2152],[128.1605,-3.2281]]],[[[99.1065,0.3639],[99.0921,0.3593],[99.1047,0.3699],[99.1065,0.3639]]],[[[100.4777,-3.2193],[100.4861,-3.2143],[100.4881,-3.2271],[100.4777,-3.2193]]],[[[98.2823,11.4035],[98.2723,11.3985],[98.2681,11.4111],[98.2823,11.4035]]],[[[123.6179,12.7003],[123.6055,12.6997],[123.6035,12.7109],[123.6179,12.7003]]],[[[134.2997,7.2741],[134.3125,7.2803],[134.3197,7.2753],[134.2997,7.2741]]],[[[99.0765,-1.8634],[99.0669,-1.872],[99.0641,-1.8689],[99.0765,-1.8634]]],[[[124.3229,10.2147],[124.3157,10.2247],[124.3349,10.2253],[124.3229,10.2147]]],[[[104.3417,0.1731],[104.3351,0.2035],[104.3447,0.1803],[104.3417,0.1731]]],[[[121.8183,-0.3952],[121.8061,-0.3997],[121.8075,-0.3871],[121.8183,-0.3952]]],[[[123.4421,-2.1261],[123.4457,-2.1142],[123.4535,-2.1292],[123.4421,-2.1261]]],[[[132.7217,-5.6366],[132.7207,-5.6239],[132.7309,-5.6365],[132.7217,-5.6366]]],[[[122.1381,-4.8149],[122.1223,-4.8274],[122.1207,-4.8255],[122.1381,-4.8149]]],[[[119.8457,12.1127],[119.8445,12.1329],[119.8521,12.1147],[119.8457,12.1127]]],[[[32.8225,-1.9522],[32.8247,-1.9633],[32.8247,-1.9707],[32.8137,-1.9596],[32.8225,-1.9522]]],[[[123.8765,-8.4337],[123.8633,-8.4355],[123.8757,-8.4284],[123.8765,-8.4337]]],[[[80.0067,9.2815],[80.0007,9.2667],[79.9989,9.2869],[80.0067,9.2815]]],[[[123.1205,-4.7396],[123.1209,-4.7511],[123.1105,-4.7326],[123.1205,-4.7396]]],[[[134.7919,-1.0825],[134.7949,-1.1032],[134.7883,-1.0833],[134.7919,-1.0825]]],[[[124.7039,11.9523],[124.7135,11.9575],[124.7135,11.9427],[124.7039,11.9523]]],[[[119.1801,-6.8406],[119.1773,-6.8329],[119.1953,-6.8255],[119.1801,-6.8406]]],[[[114.5247,-8.0924],[114.5201,-8.1],[114.5057,-8.0956],[114.5247,-8.0924]]],[[[93.3417,20.0661],[93.3333,20.0521],[93.3391,20.0729],[93.3417,20.0661]]],[[[93.8355,19.2629],[93.8263,19.2521],[93.8195,19.2599],[93.8355,19.2629]]],[[[104.5101,0.0507],[104.4999,0.0471],[104.4977,0.0615],[104.5101,0.0507]]],[[[120.6745,5.2089],[120.6653,5.2221],[120.6829,5.2105],[120.6745,5.2089]]],[[[133.9385,-2.1108],[133.9285,-2.1036],[133.9369,-2.0964],[133.9385,-2.1108]]],[[[34.0945,-0.471],[34.0849,-0.4692],[34.0955,-0.4662],[34.0945,-0.471]]],[[[123.8553,13.8779],[123.8429,13.8629],[123.8537,13.8809],[123.8553,13.8779]]],[[[120.8115,11.4381],[120.8095,11.4211],[120.8087,11.4377],[120.8115,11.4381]]],[[[127.7393,-0.441],[127.7339,-0.4247],[127.7483,-0.4375],[127.7393,-0.441]]],[[[33.1537,0.1669],[33.1617,0.1749],[33.1611,0.1601],[33.1537,0.1669]]],[[[126.5931,5.5653],[126.5817,5.5563],[126.5917,5.5685],[126.5931,5.5653]]],[[[86.7089,20.2939],[86.6907,20.2881],[86.6889,20.2951],[86.7089,20.2939]]],[[[98.0019,11.3259],[98.0109,11.3365],[98.0067,11.3231],[98.0019,11.3259]]],[[[122.6357,-5.4168],[122.6245,-5.4266],[122.6329,-5.4131],[122.6357,-5.4168]]],[[[116.8865,-8.4978],[116.8757,-8.5066],[116.8709,-8.4993],[116.8865,-8.4978]]],[[[120.7235,11.3551],[120.7237,11.3673],[120.7391,11.3515],[120.7235,11.3551]]],[[[83.4663,17.9167],[83.4535,17.9117],[83.4557,17.9161],[83.4663,17.9167]]],[[[128.0379,-1.5277],[128.0313,-1.5364],[128.0233,-1.5282],[128.0379,-1.5277]]],[[[134.3043,-6.2949],[134.3063,-6.2772],[134.3091,-6.2956],[134.3043,-6.2949]]],[[[121.7101,6.0629],[121.7081,6.0745],[121.7151,6.0621],[121.7101,6.0629]]],[[[100.4087,-3.2307],[100.4145,-3.2229],[100.4227,-3.234],[100.4087,-3.2307]]],[[[121.9175,20.9275],[121.9203,20.9369],[121.9353,20.9233],[121.9175,20.9275]]],[[[131.0677,-0.0531],[131.0713,-0.0411],[131.0747,-0.0454],[131.0677,-0.0531]]],[[[119.2559,11.1177],[119.2557,11.1279],[119.2613,11.1099],[119.2559,11.1177]]],[[[119.6237,10.8581],[119.6353,10.8679],[119.6341,10.8519],[119.6237,10.8581]]],[[[120.4035,5.9705],[120.4019,5.9897],[120.4063,5.9683],[120.4035,5.9705]]],[[[96.3107,16.8501],[96.3017,16.8461],[96.3033,16.8613],[96.3107,16.8501]]],[[[120.4291,-6.4822],[120.4205,-6.4883],[120.4263,-6.4693],[120.4291,-6.4822]]],[[[125.9687,9.9651],[125.9817,9.9479],[125.9733,9.9471],[125.9687,9.9651]]],[[[117.5065,-0.6039],[117.4981,-0.6137],[117.5039,-0.6035],[117.5065,-0.6039]]],[[[123.9009,-2.0463],[123.8955,-2.0288],[123.9035,-2.0432],[123.9009,-2.0463]]],[[[33.6127,0.0561],[33.6087,0.0423],[33.5989,0.0457],[33.6127,0.0561]]],[[[120.5085,5.1935],[120.5163,5.1985],[120.5217,5.1849],[120.5085,5.1935]]],[[[99.2821,-1.8813],[99.2701,-1.886],[99.2667,-1.8792],[99.2821,-1.8813]]],[[[135.5043,-0.6352],[135.4955,-0.6448],[135.4971,-0.6331],[135.5043,-0.6352]]],[[[98.2241,10.0487],[98.2145,10.0379],[98.2105,10.0467],[98.2241,10.0487]]],[[[123.5235,13.9799],[123.5111,13.9731],[123.5169,13.9877],[123.5235,13.9799]]],[[[120.8283,9.2869],[120.8231,9.2757],[120.8159,9.2797],[120.8283,9.2869]]],[[[158.0249,6.7729],[158.0015,6.7559],[158.0249,6.7875],[158.0249,6.7729]]],[[[104.4965,0.2571],[104.4983,0.2643],[104.5111,0.2483],[104.4965,0.2571]]],[[[127.1375,4.6101],[127.1237,4.6173],[127.1465,4.6169],[127.1375,4.6101]]],[[[91.1977,22.5093],[91.2093,22.5065],[91.2107,22.4957],[91.1977,22.5093]]],[[[153.8221,5.5077],[153.7983,5.4969],[153.8173,5.5127],[153.8221,5.5077]]],[[[98.1651,9.7643],[98.1615,9.7523],[98.1523,9.7629],[98.1651,9.7643]]],[[[98.2399,12.3229],[98.2495,12.3233],[98.2453,12.3177],[98.2399,12.3229]]],[[[120.0383,11.6747],[120.0491,11.6863],[120.0447,11.6721],[120.0383,11.6747]]],[[[33.2513,1.6399],[33.2407,1.6353],[33.2441,1.6411],[33.2513,1.6399]]],[[[121.3631,-4.0802],[121.3595,-4.0937],[121.3525,-4.0873],[121.3631,-4.0802]]],[[[121.2963,11.8573],[121.2897,11.8723],[121.3011,11.8585],[121.2963,11.8573]]],[[[90.3331,21.9789],[90.3229,21.9689],[90.3317,21.9817],[90.3331,21.9789]]],[[[32.7723,-2.1043],[32.7697,-2.0916],[32.7763,-2.0956],[32.7723,-2.1043]]],[[[33.1967,0.2175],[33.1813,0.2123],[33.1945,0.2207],[33.1967,0.2175]]],[[[90.5781,21.9243],[90.5689,21.9167],[90.5681,21.9287],[90.5781,21.9243]]],[[[93.8351,19.2743],[93.8451,19.2769],[93.8395,19.2715],[93.8351,19.2743]]],[[[114.4979,-3.4184],[114.5001,-3.4],[114.5053,-3.425],[114.4979,-3.4184]]],[[[33.1253,-2.2856],[33.1209,-2.2745],[33.1353,-2.2784],[33.1253,-2.2856]]],[[[127.2047,0.1501],[127.1961,0.1401],[127.1951,0.1479],[127.2047,0.1501]]],[[[92.9287,12.3495],[92.9171,12.3405],[92.9253,12.3533],[92.9287,12.3495]]],[[[124.4767,-1.6012],[124.4789,-1.5805],[124.4801,-1.6014],[124.4767,-1.6012]]],[[[123.8151,-5.5748],[123.8247,-5.5879],[123.8203,-5.5927],[123.8151,-5.5748]]],[[[130.6869,-0.5696],[130.6623,-0.5786],[130.6615,-0.5761],[130.6869,-0.5696]]],[[[120.2939,5.2743],[120.2895,5.2611],[120.2843,5.2695],[120.2939,5.2743]]],[[[117.8353,-8.5943],[117.8431,-8.5818],[117.8377,-8.5954],[117.8353,-8.5943]]],[[[28.0993,-17.0125],[28.0921,-17.0221],[28.0831,-17.0168],[28.0993,-17.0125]]],[[[130.6675,-0.7212],[130.6563,-0.7248],[130.6837,-0.712],[130.6675,-0.7212]]],[[[103.5733,0.6693],[103.5787,0.6799],[103.5877,0.6717],[103.5733,0.6693]]],[[[118.4297,-5.4137],[118.4327,-5.3968],[118.4367,-5.4092],[118.4297,-5.4137]]],[[[124.1009,11.5237],[124.0971,11.5105],[124.0933,11.5239],[124.1009,11.5237]]],[[[119.3091,10.7039],[119.3013,10.6933],[119.3037,10.7053],[119.3091,10.7039]]],[[[106.9747,0.6065],[106.9795,0.6193],[106.9879,0.6091],[106.9747,0.6065]]],[[[134.2139,-6.1971],[134.2041,-6.201],[134.2079,-6.192],[134.2139,-6.1971]]],[[[32.5737,-0.3556],[32.5621,-0.3614],[32.5707,-0.3467],[32.5737,-0.3556]]],[[[90.9367,22.2121],[90.9265,22.1973],[90.9305,22.2157],[90.9367,22.2121]]],[[[134.7239,8.0783],[134.7173,8.0677],[134.7203,8.0929],[134.7239,8.0783]]],[[[157.1527,5.7815],[157.1591,5.7869],[157.1675,5.7785],[157.1527,5.7815]]],[[[130.4579,-1.9884],[130.4515,-1.974],[130.4623,-1.9854],[130.4579,-1.9884]]],[[[119.6329,10.7083],[119.6301,10.7227],[119.6379,10.7177],[119.6329,10.7083]]],[[[119.3993,10.2731],[119.3881,10.2661],[119.3845,10.2687],[119.3993,10.2731]]],[[[120.0701,5.8765],[120.0693,5.8937],[120.0751,5.8713],[120.0701,5.8765]]],[[[115.3131,-7.0218],[115.3145,-7.0082],[115.3179,-7.0201],[115.3131,-7.0218]]],[[[79.7959,8.3849],[79.7867,8.3829],[79.7887,8.3867],[79.7959,8.3849]]],[[[125.6161,9.7567],[125.6111,9.7681],[125.6171,9.7607],[125.6161,9.7567]]],[[[130.3359,-0.2035],[130.3221,-0.2187],[130.3159,-0.2173],[130.3359,-0.2035]]],[[[98.2667,11.1945],[98.2615,11.1785],[98.2573,11.1941],[98.2667,11.1945]]],[[[108.0423,0.2497],[108.0367,0.2369],[108.0307,0.2443],[108.0423,0.2497]]],[[[123.8507,13.8265],[123.8497,13.8413],[123.8539,13.8299],[123.8507,13.8265]]],[[[93.0987,11.7833],[93.0893,11.7753],[93.0877,11.7867],[93.0987,11.7833]]],[[[98.2469,0.0],[98.2615,0.0137],[98.2647,0.0143],[98.2565,0.0],[98.2469,0.0]]],[[[123.4861,-1.9793],[123.4749,-1.9911],[123.4839,-1.9768],[123.4861,-1.9793]]],[[[119.9351,11.7473],[119.9269,11.7313],[119.9271,11.7513],[119.9351,11.7473]]],[[[118.1519,-5.1326],[118.1451,-5.1202],[118.1505,-5.1213],[118.1519,-5.1326]]],[[[79.8559,9.6243],[79.8577,9.6349],[79.8633,9.6189],[79.8559,9.6243]]],[[[119.7113,5.7819],[119.6819,5.7733],[119.7223,5.7917],[119.7113,5.7819]]],[[[98.0235,12.0695],[98.0179,12.0565],[98.0061,12.0697],[98.0235,12.0695]]],[[[119.5383,11.3771],[119.5357,11.3653],[119.5243,11.3669],[119.5383,11.3771]]],[[[121.0697,11.2177],[121.0675,11.2301],[121.0767,11.2243],[121.0697,11.2177]]],[[[132.7357,-5.4906],[132.7253,-5.49],[132.7345,-5.4874],[132.7357,-5.4906]]],[[[120.8553,6.2217],[120.8457,6.2095],[120.8425,6.2117],[120.8553,6.2217]]],[[[126.4053,8.3135],[126.3957,8.3011],[126.3931,8.3045],[126.4053,8.3135]]],[[[128.6409,-3.5154],[128.6383,-3.5258],[128.6295,-3.5094],[128.6409,-3.5154]]],[[[97.8635,12.6145],[97.8675,12.6275],[97.8821,12.6221],[97.8635,12.6145]]],[[[32.7217,-0.3258],[32.7125,-0.3164],[32.7241,-0.3222],[32.7217,-0.3258]]],[[[129.7573,-1.2813],[129.7537,-1.2726],[129.7599,-1.2776],[129.7573,-1.2813]]],[[[122.0533,6.8829],[122.0363,6.8799],[122.0307,6.8849],[122.0533,6.8829]]],[[[98.2351,0.0],[98.2179,0.0],[98.2321,0.0085],[98.2351,0.0]]],[[[32.2053,-2.2504],[32.1951,-2.2539],[32.1919,-2.2444],[32.2053,-2.2504]]],[[[31.7969,-2.3277],[31.7883,-2.3435],[31.7865,-2.3269],[31.7969,-2.3277]]],[[[104.5251,0.0607],[104.5189,0.0541],[104.5133,0.0685],[104.5251,0.0607]]],[[[119.5031,11.4247],[119.5049,11.4419],[119.5053,11.4253],[119.5031,11.4247]]],[[[104.2161,0.5527],[104.2233,0.5677],[104.2251,0.5629],[104.2161,0.5527]]],[[[117.5157,-0.4539],[117.5027,-0.4638],[117.5227,-0.4436],[117.5157,-0.4539]]],[[[97.7391,15.0667],[97.7275,15.0641],[97.7391,15.0757],[97.7391,15.0667]]],[[[27.6137,-17.1265],[27.6099,-17.1372],[27.6021,-17.1279],[27.6137,-17.1265]]],[[[126.1725,9.7445],[126.1579,9.7453],[126.1727,9.7499],[126.1725,9.7445]]],[[[123.2205,11.5899],[123.2039,11.5863],[123.2105,11.5951],[123.2205,11.5899]]],[[[124.7091,11.8059],[124.7133,11.8181],[124.7131,11.8057],[124.7091,11.8059]]],[[[125.6957,-1.7611],[125.6911,-1.7495],[125.7005,-1.7553],[125.6957,-1.7611]]],[[[97.6391,8.4771],[97.6351,8.4879],[97.6505,8.4805],[97.6391,8.4771]]],[[[97.8573,12.6003],[97.8555,12.6137],[97.8639,12.6069],[97.8573,12.6003]]],[[[128.0871,-1.5757],[128.0829,-1.5646],[128.0947,-1.563],[128.0871,-1.5757]]],[[[125.5845,9.7463],[125.5729,9.7395],[125.5731,9.7433],[125.5845,9.7463]]],[[[119.2939,11.1975],[119.2951,11.2163],[119.2983,11.1937],[119.2939,11.1975]]],[[[93.3777,14.1913],[93.3739,14.1813],[93.3641,14.1885],[93.3777,14.1913]]],[[[123.0345,-4.7599],[123.0373,-4.7468],[123.0475,-4.7602],[123.0345,-4.7599]]],[[[128.3409,-1.1233],[128.3357,-1.1114],[128.3439,-1.1198],[128.3409,-1.1233]]],[[[79.8149,9.7137],[79.8127,9.6843],[79.8091,9.6937],[79.8149,9.7137]]],[[[120.5421,-7.0728],[120.5425,-7.0609],[120.5463,-7.0694],[120.5421,-7.0728]]],[[[32.8311,-0.0774],[32.8301,-0.0648],[32.8369,-0.0783],[32.8311,-0.0774]]],[[[92.8257,20.3997],[92.8279,20.4109],[92.8327,20.4021],[92.8257,20.3997]]],[[[116.0843,-8.3644],[116.0923,-8.3513],[116.0949,-8.363],[116.0843,-8.3644]]],[[[121.4353,6.7659],[121.4269,6.7677],[121.4307,6.7749],[121.4353,6.7659]]],[[[110.6055,-5.8425],[110.6013,-5.8666],[110.6021,-5.8409],[110.6055,-5.8425]]],[[[119.4117,4.8467],[119.4127,4.8655],[119.4141,4.8441],[119.4117,4.8467]]],[[[121.5921,6.9015],[121.5851,6.8909],[121.5879,6.9063],[121.5921,6.9015]]],[[[134.7869,-5.7774],[134.7763,-5.7846],[134.7799,-5.775],[134.7869,-5.7774]]],[[[119.8993,15.4977],[119.8855,15.4955],[119.8901,15.5025],[119.8993,15.4977]]],[[[33.4745,0.0423],[33.4787,0.0569],[33.4775,0.0407],[33.4745,0.0423]]],[[[109.3963,-1.4884],[109.3923,-1.5082],[109.3887,-1.5078],[109.3963,-1.4884]]],[[[130.8283,-7.4815],[130.8293,-7.4927],[130.8193,-7.4771],[130.8283,-7.4815]]],[[[33.4261,-1.6739],[33.4171,-1.6798],[33.4185,-1.6762],[33.4261,-1.6739]]],[[[91.0693,22.1389],[91.0661,22.1319],[91.0611,22.1333],[91.0693,22.1389]]],[[[119.5687,-8.4687],[119.5551,-8.4746],[119.5619,-8.4654],[119.5687,-8.4687]]],[[[116.6717,-2.2681],[116.6725,-2.2542],[116.6737,-2.2676],[116.6717,-2.2681]]],[[[121.8639,-0.5207],[121.8643,-0.5082],[121.8677,-0.5154],[121.8639,-0.5207]]],[[[97.8027,12.4965],[97.7967,12.5113],[97.8109,12.5043],[97.8027,12.4965]]],[[[123.2475,12.4375],[123.2569,12.4327],[123.2481,12.4237],[123.2475,12.4375]]],[[[120.6263,14.3611],[120.6117,14.3573],[120.6095,14.3619],[120.6263,14.3611]]],[[[28.6983,-16.7313],[28.6873,-16.7337],[28.6907,-16.7221],[28.6983,-16.7313]]],[[[121.3675,12.2885],[121.3797,12.2935],[121.3761,12.2813],[121.3675,12.2885]]],[[[90.5979,22.1139],[90.5853,22.1001],[90.5965,22.1177],[90.5979,22.1139]]],[[[125.5589,11.2475],[125.5519,11.2565],[125.5573,11.2609],[125.5589,11.2475]]],[[[97.9453,10.3575],[97.9419,10.3597],[97.9521,10.3679],[97.9453,10.3575]]],[[[123.1399,-4.7597],[123.1391,-4.7655],[123.1367,-4.753],[123.1399,-4.7597]]],[[[98.3191,11.5311],[98.3101,11.5231],[98.3139,11.5351],[98.3191,11.5311]]],[[[34.4901,-13.4187],[34.4849,-13.4338],[34.4819,-13.4286],[34.4901,-13.4187]]],[[[123.9143,-2.0875],[123.9263,-2.0965],[123.9245,-2.1034],[123.9143,-2.0875]]],[[[105.3391,-5.8236],[105.3439,-5.8133],[105.3465,-5.8216],[105.3391,-5.8236]]],[[[39.3115,-6.2685],[39.3103,-6.2593],[39.3271,-6.2644],[39.3115,-6.2685]]],[[[104.6615,-0.0224],[104.6641,-0.0334],[104.6537,-0.024],[104.6615,-0.0224]]],[[[119.3613,10.2793],[119.3505,10.2731],[119.3597,10.2831],[119.3613,10.2793]]],[[[92.7713,11.9949],[92.7765,12.0055],[92.7801,11.9911],[92.7713,11.9949]]],[[[153.5857,5.5829],[153.5807,5.5609],[153.5733,5.5649],[153.5857,5.5829]]],[[[89.7771,21.8561],[89.7681,21.8485],[89.7553,21.8509],[89.7771,21.8561]]],[[[122.5183,0.4855],[122.5229,0.4961],[122.5273,0.4877],[122.5183,0.4855]]],[[[130.5505,-2.0016],[130.5573,-1.994],[130.5649,-2.001],[130.5505,-2.0016]]],[[[122.7957,-8.4511],[122.7867,-8.4596],[122.7841,-8.454],[122.7957,-8.4511]]],[[[110.1261,-2.6263],[110.1105,-2.6324],[110.1237,-2.6202],[110.1261,-2.6263]]],[[[28.1657,-16.82],[28.1739,-16.8111],[28.1791,-16.8149],[28.1657,-16.82]]],[[[124.9191,12.5715],[124.9067,12.5645],[124.9055,12.5679],[124.9191,12.5715]]],[[[121.6613,6.0951],[121.6573,6.0807],[121.6551,6.0835],[121.6613,6.0951]]],[[[134.7455,-5.8031],[134.7467,-5.7881],[134.7531,-5.7987],[134.7455,-5.8031]]],[[[133.8387,-2.3178],[133.8259,-2.3243],[133.8247,-2.3214],[133.8387,-2.3178]]],[[[119.9211,5.8703],[119.9201,5.8803],[119.9403,5.8655],[119.9211,5.8703]]],[[[126.3983,8.4087],[126.3877,8.4029],[126.3917,8.4109],[126.3983,8.4087]]],[[[117.5311,-0.4341],[117.5377,-0.4198],[117.5403,-0.4214],[117.5311,-0.4341]]],[[[94.7035,16.3871],[94.6979,16.3683],[94.7007,16.3907],[94.7035,16.3871]]],[[[121.7001,11.5923],[121.6963,11.6053],[121.7043,11.5903],[121.7001,11.5923]]],[[[98.1025,10.5649],[98.0979,10.5591],[98.0933,10.5795],[98.1025,10.5649]]],[[[119.0053,10.4545],[118.9959,10.4541],[119.0011,10.4601],[119.0053,10.4545]]],[[[121.4791,-1.9402],[121.4805,-1.9284],[121.4865,-1.9406],[121.4791,-1.9402]]],[[[32.3283,-2.2351],[32.3149,-2.2391],[32.3135,-2.2328],[32.3283,-2.2351]]],[[[28.6083,-16.5246],[28.6003,-16.5299],[28.5863,-16.5254],[28.6083,-16.5246]]],[[[93.7519,19.2755],[93.7539,19.2867],[93.7605,19.2793],[93.7519,19.2755]]],[[[30.9023,-8.0545],[30.8931,-8.0573],[30.8947,-8.0447],[30.9023,-8.0545]]],[[[32.4721,-2.2642],[32.4691,-2.2719],[32.4659,-2.2635],[32.4721,-2.2642]]],[[[90.5639,21.8897],[90.5543,21.8825],[90.5613,21.8977],[90.5639,21.8897]]],[[[92.9591,12.9365],[92.9669,12.9465],[92.9765,12.9435],[92.9591,12.9365]]],[[[136.3765,-1.8977],[136.3635,-1.8995],[136.3669,-1.8891],[136.3765,-1.8977]]],[[[130.3611,-0.1845],[130.3519,-0.1933],[130.3453,-0.187],[130.3611,-0.1845]]],[[[98.0343,9.7617],[98.0253,9.7719],[98.0351,9.7721],[98.0343,9.7617]]],[[[128.3171,-0.555],[128.3351,-0.5605],[128.3141,-0.5569],[128.3171,-0.555]]],[[[104.4267,0.3619],[104.4251,0.3719],[104.4355,0.3647],[104.4267,0.3619]]],[[[28.5661,-16.5428],[28.5463,-16.5497],[28.5639,-16.5403],[28.5661,-16.5428]]],[[[118.0013,-8.6328],[117.9903,-8.6216],[118.0027,-8.6306],[118.0013,-8.6328]]],[[[90.6691,22.0761],[90.6559,22.0635],[90.6675,22.0801],[90.6691,22.0761]]],[[[127.3869,-0.6117],[127.3795,-0.6195],[127.3773,-0.6081],[127.3869,-0.6117]]],[[[97.8761,10.1897],[97.8819,10.2027],[97.8851,10.1921],[97.8761,10.1897]]],[[[125.6375,3.5581],[125.6307,3.5487],[125.6299,3.5591],[125.6375,3.5581]]],[[[99.9825,-2.7517],[99.9725,-2.7594],[99.9773,-2.7456],[99.9825,-2.7517]]],[[[98.3265,10.1245],[98.3361,10.1319],[98.3361,10.1223],[98.3265,10.1245]]],[[[121.2679,18.8785],[121.2573,18.8895],[121.2715,18.8827],[121.2679,18.8785]]],[[[121.4353,12.2079],[121.4309,12.1939],[121.4251,12.2021],[121.4353,12.2079]]],[[[110.4153,-5.7397],[110.4079,-5.7324],[110.4137,-5.7278],[110.4153,-5.7397]]],[[[92.7443,11.9515],[92.7363,11.9479],[92.7437,11.9543],[92.7443,11.9515]]],[[[122.6995,-4.5729],[122.6857,-4.5696],[122.6899,-4.5613],[122.6995,-4.5729]]],[[[122.1309,14.8363],[122.1407,14.8479],[122.1419,14.8445],[122.1309,14.8363]]],[[[107.5117,-2.9867],[107.5097,-3.0048],[107.5077,-2.9793],[107.5117,-2.9867]]],[[[130.7093,-8.2582],[130.6991,-8.2582],[130.7103,-8.2508],[130.7093,-8.2582]]],[[[32.3283,-0.487],[32.3335,-0.4763],[32.3373,-0.4823],[32.3283,-0.487]]],[[[121.7971,6.6173],[121.7881,6.6105],[121.7905,6.6213],[121.7971,6.6173]]],[[[125.6037,9.7001],[125.6083,9.6871],[125.6017,9.6947],[125.6037,9.7001]]],[[[114.4977,-6.9891],[114.4873,-6.9984],[114.4965,-6.9875],[114.4977,-6.9891]]],[[[120.5739,5.2981],[120.5623,5.2991],[120.5655,5.3037],[120.5739,5.2981]]],[[[123.4269,8.8623],[123.4161,8.8689],[123.4179,8.8711],[123.4269,8.8623]]],[[[39.1855,-6.2786],[39.1913,-6.2741],[39.1981,-6.2898],[39.1855,-6.2786]]],[[[121.7879,-0.4195],[121.7919,-0.4273],[121.7865,-0.426],[121.7879,-0.4195]]],[[[97.6509,16.5699],[97.6515,16.5873],[97.6535,16.5681],[97.6509,16.5699]]],[[[93.7143,19.9279],[93.7113,19.9183],[93.7097,19.9207],[93.7143,19.9279]]],[[[107.0859,0.6035],[107.0957,0.6149],[107.0977,0.6115],[107.0859,0.6035]]],[[[147.0395,7.3575],[147.0313,7.3609],[147.0455,7.3641],[147.0395,7.3575]]],[[[104.9241,-0.1413],[104.9105,-0.1408],[104.9161,-0.1333],[104.9241,-0.1413]]],[[[119.4163,11.3661],[119.4073,11.3511],[119.4039,11.3547],[119.4163,11.3661]]],[[[122.1741,-4.9735],[122.1653,-4.9862],[122.1711,-4.9694],[122.1741,-4.9735]]],[[[98.1377,12.3835],[98.1357,12.3669],[98.1309,12.3715],[98.1377,12.3835]]],[[[121.0151,-3.8459],[121.0073,-3.8393],[121.0181,-3.8415],[121.0151,-3.8459]]],[[[158.2095,6.9811],[158.2087,6.9915],[158.2171,6.9865],[158.2095,6.9811]]],[[[125.0701,12.5631],[125.0547,12.5531],[125.0681,12.5655],[125.0701,12.5631]]],[[[120.4499,5.5017],[120.4453,5.4917],[120.4457,5.5023],[120.4499,5.5017]]],[[[134.8603,-5.9522],[134.8531,-5.9603],[134.8513,-5.9495],[134.8603,-5.9522]]],[[[123.6359,11.0595],[123.6267,11.0467],[123.6249,11.0517],[123.6359,11.0595]]],[[[121.2725,6.0937],[121.2791,6.0823],[121.2657,6.0797],[121.2725,6.0937]]],[[[119.3337,10.2419],[119.3221,10.2391],[119.3273,10.2495],[119.3337,10.2419]]],[[[135.3403,-1.5157],[135.3513,-1.5091],[135.3511,-1.5188],[135.3403,-1.5157]]],[[[90.3973,21.9327],[90.3879,21.9225],[90.3941,21.9377],[90.3973,21.9327]]],[[[134.7795,-5.7101],[134.7717,-5.7133],[134.7677,-5.7041],[134.7795,-5.7101]]],[[[125.5585,9.7801],[125.5513,9.7901],[125.5583,9.7879],[125.5585,9.7801]]],[[[125.6673,9.7057],[125.6739,9.7019],[125.6673,9.6937],[125.6673,9.7057]]],[[[97.9311,11.9991],[97.9227,11.9877],[97.9233,12.0011],[97.9311,11.9991]]],[[[119.9455,5.0847],[119.9319,5.0819],[119.9433,5.0891],[119.9455,5.0847]]],[[[120.7801,11.0079],[120.7665,11.0001],[120.7629,11.0021],[120.7801,11.0079]]],[[[98.2415,0.0611],[98.2351,0.0523],[98.2317,0.0637],[98.2415,0.0611]]],[[[121.8655,13.2397],[121.8655,13.2489],[121.8697,13.2429],[121.8655,13.2397]]],[[[134.6159,-5.406],[134.6193,-5.3918],[134.6207,-5.403],[134.6159,-5.406]]],[[[34.1949,-0.3501],[34.1869,-0.3443],[34.1903,-0.3434],[34.1949,-0.3501]]],[[[116.0623,-8.3565],[116.0661,-8.3454],[116.0665,-8.3601],[116.0623,-8.3565]]],[[[127.4189,-0.0041],[127.4111,-0.0147],[127.4097,0.0],[127.4189,-0.0041]]],[[[134.7521,-6.4836],[134.7557,-6.4926],[134.7469,-6.4911],[134.7521,-6.4836]]],[[[104.9301,-0.7907],[104.9295,-0.7774],[104.9323,-0.7795],[104.9301,-0.7907]]],[[[127.4609,-0.0727],[127.4541,-0.0849],[127.4507,-0.0812],[127.4609,-0.0727]]],[[[119.9107,12.3691],[119.8947,12.3647],[119.9097,12.3715],[119.9107,12.3691]]],[[[123.9169,11.8179],[123.9067,11.8133],[123.9097,11.8263],[123.9169,11.8179]]],[[[122.0085,-0.2779],[121.9971,-0.2802],[122.0089,-0.2694],[122.0085,-0.2779]]],[[[151.8999,7.1397],[151.9025,7.1451],[151.9167,7.1483],[151.8999,7.1397]]],[[[120.0247,11.9725],[120.0215,11.9867],[120.0275,11.9759],[120.0247,11.9725]]],[[[122.0099,12.8893],[121.9999,12.8843],[122.0043,12.8935],[122.0099,12.8893]]],[[[98.0753,12.3217],[98.0623,12.3113],[98.0741,12.3237],[98.0753,12.3217]]],[[[79.8531,9.6067],[79.8467,9.6175],[79.8545,9.6093],[79.8531,9.6067]]],[[[134.9515,-1.0406],[134.9443,-1.0371],[134.9443,-1.0259],[134.9515,-1.0406]]],[[[98.1515,12.1733],[98.1421,12.1697],[98.1489,12.1793],[98.1515,12.1733]]],[[[90.5627,22.0093],[90.5511,22.0073],[90.5581,22.0227],[90.5627,22.0093]]],[[[115.4427,-6.9305],[115.4375,-6.9401],[115.4395,-6.9206],[115.4427,-6.9305]]],[[[131.4133,-7.2483],[131.4029,-7.2486],[131.4067,-7.245],[131.4133,-7.2483]]],[[[33.2499,-0.0965],[33.2553,-0.0829],[33.2531,-0.0978],[33.2499,-0.0965]]],[[[118.2005,-8.6519],[118.2061,-8.6424],[118.2141,-8.651],[118.2005,-8.6519]]],[[[33.4233,0.2129],[33.4183,0.2041],[33.4121,0.2105],[33.4233,0.2129]]],[[[107.1331,0.5875],[107.1331,0.5997],[107.1363,0.5983],[107.1331,0.5875]]],[[[119.8759,5.2089],[119.8849,5.2255],[119.8943,5.2303],[119.8759,5.2089]]],[[[139.7945,10.0203],[139.7883,10.0101],[139.7841,10.0195],[139.7945,10.0203]]],[[[121.6941,6.5621],[121.6891,6.5815],[121.6907,6.5825],[121.6941,6.5621]]],[[[89.7831,21.8145],[89.7807,21.8233],[89.7905,21.8225],[89.7831,21.8145]]],[[[95.0717,15.6793],[95.0567,15.6657],[95.0529,15.6671],[95.0717,15.6793]]],[[[125.8329,7.2841],[125.8297,7.2687],[125.8289,7.2853],[125.8329,7.2841]]],[[[33.3607,-1.9396],[33.3537,-1.9481],[33.3553,-1.9389],[33.3607,-1.9396]]],[[[126.3927,8.4461],[126.3887,8.4549],[126.3995,8.4489],[126.3927,8.4461]]],[[[100.1609,-2.8861],[100.1589,-2.8716],[100.1655,-2.8827],[100.1609,-2.8861]]],[[[127.5487,-7.536],[127.5389,-7.5398],[127.5473,-7.5277],[127.5487,-7.536]]],[[[90.4015,22.0153],[90.4055,22.0319],[90.4039,22.0149],[90.4015,22.0153]]],[[[32.5261,-2.2433],[32.5223,-2.2277],[32.5289,-2.2433],[32.5261,-2.2433]]],[[[104.5583,0.3351],[104.5553,0.3507],[104.5645,0.3409],[104.5583,0.3351]]],[[[134.7999,-5.8167],[134.8043,-5.8047],[134.8077,-5.8187],[134.7999,-5.8167]]],[[[134.7817,-5.8949],[134.7803,-5.9063],[134.7719,-5.9058],[134.7817,-5.8949]]],[[[88.5029,21.9081],[88.4917,21.8977],[88.4889,21.9005],[88.5029,21.9081]]],[[[97.5739,16.4879],[97.5719,16.4957],[97.5905,16.4883],[97.5739,16.4879]]],[[[92.7365,20.2369],[92.7343,20.2213],[92.7339,20.2383],[92.7365,20.2369]]],[[[123.1881,11.4367],[123.1771,11.4305],[123.1877,11.4423],[123.1881,11.4367]]],[[[122.1861,6.9293],[122.1811,6.9195],[122.1823,6.9319],[122.1861,6.9293]]],[[[130.1537,-2.0732],[130.1439,-2.065],[130.1563,-2.0665],[130.1537,-2.0732]]],[[[121.3791,6.0597],[121.3629,6.0495],[121.3613,6.0515],[121.3791,6.0597]]],[[[125.5937,9.7373],[125.5963,9.7483],[125.6039,9.7313],[125.5937,9.7373]]],[[[93.8183,18.7147],[93.8111,18.7247],[93.8159,18.7253],[93.8183,18.7147]]],[[[98.2239,12.6345],[98.2173,12.6485],[98.2251,12.6357],[98.2239,12.6345]]],[[[29.1737,-2.2447],[29.1759,-2.2343],[29.1819,-2.2409],[29.1737,-2.2447]]],[[[97.9735,12.1183],[97.9673,12.1057],[97.9683,12.1183],[97.9735,12.1183]]],[[[123.0745,14.0665],[123.0723,14.0777],[123.0789,14.0709],[123.0745,14.0665]]],[[[120.9233,5.4869],[120.9203,5.4983],[120.9273,5.4905],[120.9233,5.4869]]],[[[126.0895,9.6935],[126.0873,9.7003],[126.0919,9.6963],[126.0895,9.6935]]],[[[95.3465,15.9631],[95.3385,15.9631],[95.3453,15.9715],[95.3465,15.9631]]],[[[98.3121,13.0245],[98.3215,13.0201],[98.3165,13.0115],[98.3121,13.0245]]],[[[33.0021,-2.364],[32.9915,-2.3693],[32.9871,-2.3626],[33.0021,-2.364]]],[[[100.4393,-3.2707],[100.4379,-3.2564],[100.4413,-3.2708],[100.4393,-3.2707]]],[[[116.2003,-4.0363],[116.2019,-4.0287],[116.2127,-4.0348],[116.2003,-4.0363]]],[[[117.8693,-7.4431],[117.8867,-7.4604],[117.8865,-7.4632],[117.8693,-7.4431]]],[[[124.5743,9.8637],[124.5623,9.8557],[124.5711,9.8677],[124.5743,9.8637]]],[[[151.9503,7.1687],[151.9251,7.1515],[151.9347,7.1629],[151.9503,7.1687]]],[[[79.9145,8.9439],[79.9039,8.9385],[79.9107,8.9483],[79.9145,8.9439]]],[[[92.7523,20.3625],[92.7469,20.3513],[92.7419,20.3583],[92.7523,20.3625]]],[[[135.3749,-1.5037],[135.3675,-1.5098],[135.3661,-1.4992],[135.3749,-1.5037]]],[[[120.9645,6.1151],[120.9487,6.1063],[120.9613,6.1165],[120.9645,6.1151]]],[[[135.8165,-1.7452],[135.7999,-1.7499],[135.8143,-1.7412],[135.8165,-1.7452]]],[[[121.7569,-7.2244],[121.7509,-7.2347],[121.7417,-7.23],[121.7569,-7.2244]]],[[[92.3513,20.7131],[92.3431,20.7245],[92.3599,20.7179],[92.3513,20.7131]]],[[[125.7181,9.5939],[125.7079,9.5885],[125.7081,9.6003],[125.7181,9.5939]]],[[[120.9239,5.5425],[120.9113,5.5519],[120.9261,5.5467],[120.9239,5.5425]]],[[[105.3179,-5.8218],[105.3061,-5.8286],[105.3061,-5.8261],[105.3179,-5.8218]]],[[[33.4681,-2.2044],[33.4609,-2.1944],[33.4695,-2.2017],[33.4681,-2.2044]]],[[[105.7801,-5.8899],[105.7861,-5.8811],[105.7867,-5.8867],[105.7801,-5.8899]]],[[[130.2947,-0.377],[130.2819,-0.383],[130.2823,-0.3709],[130.2947,-0.377]]],[[[28.2385,-16.7917],[28.2279,-16.7965],[28.2191,-16.7927],[28.2385,-16.7917]]],[[[118.1741,-7.0848],[118.1593,-7.0912],[118.1745,-7.0768],[118.1741,-7.0848]]],[[[123.2597,-1.8094],[123.2487,-1.8069],[123.2583,-1.8009],[123.2597,-1.8094]]],[[[121.0461,10.9103],[121.0521,10.9147],[121.0551,10.9073],[121.0461,10.9103]]],[[[97.6337,8.5047],[97.6335,8.5135],[97.6445,8.5005],[97.6337,8.5047]]],[[[104.4295,0.1505],[104.4349,0.1543],[104.4417,0.1433],[104.4295,0.1505]]],[[[94.0555,19.3461],[94.0403,19.3419],[94.0545,19.3489],[94.0555,19.3461]]],[[[119.7889,-8.6733],[119.7803,-8.6798],[119.7781,-8.665],[119.7889,-8.6733]]],[[[117.2979,-0.779],[117.2885,-0.7885],[117.2947,-0.7729],[117.2979,-0.779]]],[[[104.4177,0.5003],[104.4215,0.5107],[104.4213,0.4977],[104.4177,0.5003]]],[[[122.7387,13.7857],[122.7333,13.7777],[122.7237,13.7803],[122.7387,13.7857]]],[[[123.2071,14.0251],[123.2195,14.0287],[123.2209,14.0223],[123.2071,14.0251]]],[[[119.6101,10.9533],[119.6133,10.9671],[119.6173,10.9529],[119.6101,10.9533]]],[[[158.3475,6.8479],[158.3589,6.8577],[158.3603,6.8529],[158.3475,6.8479]]],[[[134.7625,-6.4146],[134.7563,-6.4239],[134.7559,-6.4157],[134.7625,-6.4146]]],[[[98.0123,11.3485],[98.0075,11.3601],[98.0175,11.3499],[98.0123,11.3485]]],[[[107.4955,-2.9323],[107.4885,-2.9441],[107.4941,-2.929],[107.4955,-2.9323]]],[[[122.0483,6.3213],[122.0397,6.3127],[122.0471,6.3325],[122.0483,6.3213]]],[[[134.3361,-5.6889],[134.3267,-5.6967],[134.3237,-5.6891],[134.3361,-5.6889]]],[[[98.1593,10.4643],[98.1703,10.4733],[98.1715,10.4697],[98.1593,10.4643]]],[[[128.7077,-1.5296],[128.7109,-1.5179],[128.7127,-1.5271],[128.7077,-1.5296]]],[[[118.8403,-6.5823],[118.8461,-6.5738],[118.8475,-6.5796],[118.8403,-6.5823]]],[[[28.9301,-2.3944],[28.9273,-2.3842],[28.9369,-2.383],[28.9301,-2.3944]]],[[[100.5215,-3.2505],[100.5163,-3.2373],[100.5189,-3.2347],[100.5215,-3.2505]]],[[[33.6061,0.1167],[33.5979,0.1085],[33.5951,0.1125],[33.6061,0.1167]]],[[[99.5297,-2.1364],[99.5155,-2.1363],[99.5265,-2.1322],[99.5297,-2.1364]]],[[[119.1649,10.4611],[119.1761,10.4637],[119.1795,10.4535],[119.1649,10.4611]]],[[[97.7351,15.2073],[97.7377,15.1921],[97.7325,15.1931],[97.7351,15.2073]]],[[[104.2351,0.1295],[104.2349,0.1383],[104.2433,0.1317],[104.2351,0.1295]]],[[[105.4221,-6.1083],[105.4175,-6.0972],[105.4251,-6.1029],[105.4221,-6.1083]]],[[[121.8941,13.0313],[121.8885,13.0241],[121.8799,13.0295],[121.8941,13.0313]]],[[[119.3525,11.2611],[119.3581,11.2631],[119.3549,11.2547],[119.3525,11.2611]]],[[[124.9209,11.5961],[124.9089,11.6051],[124.9225,11.6005],[124.9209,11.5961]]],[[[97.8751,9.3763],[97.8671,9.3691],[97.8715,9.3759],[97.8751,9.3763]]],[[[107.5205,-2.965],[107.5131,-2.9746],[107.5111,-2.9663],[107.5205,-2.965]]],[[[98.2303,9.9245],[98.2387,9.9295],[98.2417,9.9231],[98.2303,9.9245]]],[[[34.0325,-0.7387],[34.0219,-0.7494],[34.0283,-0.7392],[34.0325,-0.7387]]],[[[34.4687,-0.2027],[34.4589,-0.2139],[34.4539,-0.211],[34.4687,-0.2027]]],[[[133.8579,-2.3211],[133.8437,-2.3214],[133.8573,-2.3189],[133.8579,-2.3211]]],[[[32.8739,-2.7981],[32.8683,-2.8073],[32.8707,-2.7979],[32.8739,-2.7981]]],[[[110.1919,-5.813],[110.1871,-5.8231],[110.1853,-5.8201],[110.1919,-5.813]]],[[[108.0349,-2.5716],[108.0311,-2.5821],[108.0281,-2.5755],[108.0349,-2.5716]]],[[[135.8373,-1.5294],[135.8335,-1.5224],[135.8457,-1.5268],[135.8373,-1.5294]]],[[[134.5823,-5.3891],[134.5723,-5.3963],[134.5721,-5.3951],[134.5823,-5.3891]]],[[[33.2161,-1.9276],[33.2097,-1.9336],[33.2029,-1.9286],[33.2161,-1.9276]]],[[[32.2307,-0.4893],[32.2355,-0.4748],[32.2399,-0.4753],[32.2307,-0.4893]]],[[[114.4359,-6.9691],[114.4301,-6.9705],[114.4333,-6.9645],[114.4359,-6.9691]]],[[[106.6735,-2.9593],[106.6699,-2.9687],[106.6639,-2.9604],[106.6735,-2.9593]]],[[[122.7871,-1.5113],[122.7825,-1.5265],[122.7801,-1.505],[122.7871,-1.5113]]],[[[94.2437,18.5307],[94.2421,18.5409],[94.2479,18.5369],[94.2437,18.5307]]],[[[98.2435,-0.0077],[98.2469,0.0],[98.2541,-0.0033],[98.2435,-0.0077]]],[[[104.4241,0.2787],[104.4237,0.2889],[104.4301,0.2911],[104.4241,0.2787]]],[[[99.3131,0.1869],[99.3043,0.1793],[99.3105,0.1911],[99.3131,0.1869]]],[[[121.2585,9.6599],[121.2497,9.6529],[121.2575,9.6659],[121.2585,9.6599]]],[[[124.4169,12.6307],[124.4223,12.6399],[124.4305,12.6345],[124.4169,12.6307]]],[[[90.3975,21.9627],[90.3871,21.9533],[90.3959,21.9657],[90.3975,21.9627]]],[[[113.2587,-7.6801],[113.2475,-7.688],[113.2455,-7.6833],[113.2587,-7.6801]]],[[[107.5709,-2.8628],[107.5683,-2.8753],[107.5649,-2.8723],[107.5709,-2.8628]]],[[[120.1787,11.4279],[120.1689,11.4233],[120.1777,11.4295],[120.1787,11.4279]]],[[[33.4981,0.0829],[33.4897,0.0841],[33.4933,0.0927],[33.4981,0.0829]]],[[[130.9443,-0.0243],[130.9403,-0.0345],[130.9349,-0.0239],[130.9443,-0.0243]]],[[[151.6641,7.3551],[151.6643,7.3421],[151.6577,7.3571],[151.6641,7.3551]]],[[[88.3011,21.7953],[88.3091,21.7865],[88.2981,21.7929],[88.3011,21.7953]]],[[[104.3593,0.2653],[104.3671,0.2689],[104.3675,0.2605],[104.3593,0.2653]]],[[[98.3221,11.5711],[98.3153,11.5699],[98.3207,11.5749],[98.3221,11.5711]]],[[[127.1341,0.1667],[127.1299,0.1571],[127.1291,0.1591],[127.1341,0.1667]]],[[[93.6551,19.4219],[93.6617,19.4291],[93.6675,19.4217],[93.6551,19.4219]]],[[[92.6191,10.9233],[92.6199,10.9343],[92.6265,10.9247],[92.6191,10.9233]]],[[[125.9623,9.8545],[125.9521,9.8439],[125.9505,9.8455],[125.9623,9.8545]]],[[[125.5603,11.4331],[125.5527,11.4445],[125.5627,11.4359],[125.5603,11.4331]]],[[[119.9421,5.2313],[119.9473,5.2447],[119.9537,5.2435],[119.9421,5.2313]]],[[[104.5029,0.1627],[104.4947,0.1601],[104.4909,0.1679],[104.5029,0.1627]]],[[[92.6793,10.9811],[92.6691,10.9785],[92.6707,10.9869],[92.6793,10.9811]]],[[[120.3603,12.2447],[120.3583,12.2599],[120.3645,12.2425],[120.3603,12.2447]]],[[[98.2099,13.6039],[98.2031,13.6035],[98.2077,13.6097],[98.2099,13.6039]]],[[[125.2267,10.4287],[125.2253,10.4389],[125.2301,10.4297],[125.2267,10.4287]]],[[[122.6171,-3.9804],[122.6057,-3.9787],[122.6077,-3.976],[122.6171,-3.9804]]],[[[122.1965,6.9417],[122.1845,6.9379],[122.1913,6.9467],[122.1965,6.9417]]],[[[130.4081,-2.0942],[130.3999,-2.0908],[130.4077,-2.0882],[130.4081,-2.0942]]],[[[32.6899,-2.3448],[32.6875,-2.3331],[32.6977,-2.3495],[32.6899,-2.3448]]],[[[122.1645,14.8871],[122.1621,14.8729],[122.1567,14.8843],[122.1645,14.8871]]],[[[104.2633,0.1777],[104.2531,0.1735],[104.2607,0.1833],[104.2633,0.1777]]],[[[100.2935,-3.2172],[100.2951,-3.2069],[100.3007,-3.2175],[100.2935,-3.2172]]],[[[33.0869,1.5033],[33.0819,1.4951],[33.0755,1.5001],[33.0869,1.5033]]],[[[98.1841,10.4543],[98.1805,10.4625],[98.1929,10.4611],[98.1841,10.4543]]],[[[33.2253,-0.1215],[33.2149,-0.1307],[33.2231,-0.1198],[33.2253,-0.1215]]],[[[129.0159,-2.7576],[129.0125,-2.7454],[129.0203,-2.7523],[129.0159,-2.7576]]],[[[120.1007,11.7243],[120.1091,11.7309],[120.1031,11.7231],[120.1007,11.7243]]],[[[120.2559,12.1423],[120.2539,12.1537],[120.2629,12.1549],[120.2559,12.1423]]],[[[151.9771,7.1845],[151.9651,7.1797],[151.9783,7.1919],[151.9771,7.1845]]],[[[126.1493,9.6165],[126.1325,9.6077],[126.1497,9.6201],[126.1493,9.6165]]],[[[96.0721,16.3487],[96.0779,16.3521],[96.0805,16.3437],[96.0721,16.3487]]],[[[28.4663,-16.7613],[28.4589,-16.747],[28.4679,-16.7592],[28.4663,-16.7613]]],[[[94.6695,16.1319],[94.6615,16.1223],[94.6683,16.1347],[94.6695,16.1319]]],[[[119.3969,4.6371],[119.3937,4.6501],[119.4021,4.6419],[119.3969,4.6371]]],[[[120.3525,12.0331],[120.3553,12.0443],[120.3581,12.0279],[120.3525,12.0331]]],[[[39.2915,-6.3818],[39.2953,-6.3744],[39.2973,-6.3826],[39.2915,-6.3818]]],[[[121.1683,6.0727],[121.1647,6.0817],[121.1777,6.0785],[121.1683,6.0727]]],[[[127.7969,-5.3946],[127.7919,-5.4018],[127.7915,-5.3965],[127.7969,-5.3946]]],[[[93.6379,8.3911],[93.6287,8.3867],[93.6257,8.3915],[93.6379,8.3911]]],[[[121.0461,6.1965],[121.0457,6.2021],[121.0543,6.2013],[121.0461,6.1965]]],[[[124.3493,-1.696],[124.3399,-1.7033],[124.3433,-1.6925],[124.3493,-1.696]]],[[[126.6637,-6.6303],[126.6573,-6.6382],[126.6543,-6.6328],[126.6637,-6.6303]]],[[[129.8563,-1.6682],[129.8449,-1.6775],[129.8425,-1.6748],[129.8563,-1.6682]]],[[[120.9999,-6.4972],[120.9835,-6.5017],[121.0001,-6.4945],[120.9999,-6.4972]]],[[[123.7657,-1.9251],[123.7707,-1.9198],[123.7677,-1.9262],[123.7657,-1.9251]]],[[[34.6129,-13.8811],[34.6077,-13.8885],[34.6059,-13.8811],[34.6129,-13.8811]]],[[[119.5525,11.1669],[119.5429,11.1641],[119.5527,11.1733],[119.5525,11.1669]]],[[[108.5685,-2.5743],[108.5675,-2.5884],[108.5631,-2.5736],[108.5685,-2.5743]]],[[[131.3907,-7.2788],[131.3855,-7.2892],[131.3869,-7.2802],[131.3907,-7.2788]]],[[[97.8301,9.4363],[97.8203,9.4279],[97.8267,9.4371],[97.8301,9.4363]]],[[[34.7571,-13.9925],[34.7539,-13.9807],[34.7609,-13.9872],[34.7571,-13.9925]]],[[[134.3361,-6.3504],[134.3267,-6.3572],[134.3313,-6.3484],[134.3361,-6.3504]]],[[[33.8945,-0.1607],[33.8879,-0.1667],[33.8867,-0.1585],[33.8945,-0.1607]]],[[[120.5069,6.1093],[120.5005,6.1039],[120.4975,6.1115],[120.5069,6.1093]]],[[[130.3467,-2.0111],[130.3461,-2.0039],[130.3563,-2.0096],[130.3467,-2.0111]]],[[[97.9973,10.8459],[97.9895,10.8407],[97.9957,10.8499],[97.9973,10.8459]]],[[[95.1617,16.1199],[95.1455,16.1153],[95.1399,16.1177],[95.1617,16.1199]]],[[[32.3451,-0.0193],[32.3473,-0.0129],[32.3507,-0.0234],[32.3451,-0.0193]]],[[[97.6559,16.5235],[97.6493,16.5079],[97.6467,16.5085],[97.6559,16.5235]]],[[[124.3093,-1.7837],[124.3047,-1.7964],[124.3023,-1.7954],[124.3093,-1.7837]]],[[[104.4381,0.2971],[104.4417,0.3063],[104.4487,0.2979],[104.4381,0.2971]]],[[[134.3541,-6.3849],[134.3465,-6.3863],[134.3485,-6.3747],[134.3541,-6.3849]]],[[[108.1869,-3.1666],[108.1857,-3.1585],[108.1887,-3.1646],[108.1869,-3.1666]]],[[[124.3157,10.7241],[124.3253,10.7247],[124.3281,10.7153],[124.3157,10.7241]]],[[[124.2825,10.1863],[124.2859,10.1951],[124.2871,10.1923],[124.2825,10.1863]]],[[[27.4223,-17.4161],[27.4267,-17.4101],[27.4387,-17.4144],[27.4223,-17.4161]]],[[[104.4203,0.1687],[104.4079,0.1793],[104.4083,0.1821],[104.4203,0.1687]]],[[[120.2699,5.2987],[120.2663,5.3103],[120.2763,5.3003],[120.2699,5.2987]]],[[[119.8987,10.6519],[119.8971,10.6415],[119.8895,10.6471],[119.8987,10.6519]]],[[[123.8375,12.2597],[123.8337,12.2705],[123.8423,12.2661],[123.8375,12.2597]]],[[[31.7467,-2.5179],[31.7421,-2.5111],[31.7549,-2.516],[31.7467,-2.5179]]],[[[124.9483,-1.6729],[124.9587,-1.6654],[124.9625,-1.6692],[124.9483,-1.6729]]],[[[122.7175,10.4989],[122.7225,10.5055],[122.7305,10.4977],[122.7175,10.4989]]],[[[119.7197,11.3997],[119.7167,11.4125],[119.7213,11.4181],[119.7197,11.3997]]],[[[134.6761,-5.4574],[134.6697,-5.4699],[134.6757,-5.4541],[134.6761,-5.4574]]],[[[80.0001,9.6335],[80.0001,9.6437],[80.0065,9.6329],[80.0001,9.6335]]],[[[100.1777,-2.891],[100.1681,-2.8911],[100.1749,-2.8841],[100.1777,-2.891]]],[[[33.8687,-0.1479],[33.8703,-0.138],[33.8781,-0.1486],[33.8687,-0.1479]]],[[[98.1595,10.1369],[98.1615,10.1593],[98.1655,10.1623],[98.1595,10.1369]]],[[[123.6425,-2.1316],[123.6453,-2.1213],[123.6475,-2.1244],[123.6425,-2.1316]]],[[[120.5959,14.8235],[120.5897,14.8123],[120.5863,14.8129],[120.5959,14.8235]]],[[[92.7651,12.9017],[92.7569,12.8925],[92.7619,12.9099],[92.7651,12.9017]]],[[[132.7483,-5.6731],[132.7511,-5.6639],[132.7535,-5.677],[132.7483,-5.6731]]],[[[124.3335,-1.7199],[124.3301,-1.7081],[124.3345,-1.7058],[124.3335,-1.7199]]],[[[32.0667,-2.2314],[32.0649,-2.2162],[32.0687,-2.2148],[32.0667,-2.2314]]],[[[121.2239,18.9825],[121.2191,18.9905],[121.2273,18.9875],[121.2239,18.9825]]],[[[121.2805,12.2667],[121.2735,12.2611],[121.2727,12.2697],[121.2805,12.2667]]],[[[32.3919,-0.2593],[32.3979,-0.2494],[32.4039,-0.2526],[32.3919,-0.2593]]],[[[127.1449,4.7029],[127.1365,4.6961],[127.1419,4.7041],[127.1449,4.7029]]],[[[79.8049,8.3189],[79.8047,8.3359],[79.8079,8.3169],[79.8049,8.3189]]],[[[107.8679,-2.5475],[107.8531,-2.5487],[107.8675,-2.5457],[107.8679,-2.5475]]],[[[127.1869,-0.0313],[127.1789,-0.0346],[127.1801,-0.0304],[127.1869,-0.0313]]],[[[123.6071,11.9075],[123.6065,11.9187],[123.6099,11.9103],[123.6071,11.9075]]],[[[121.9321,13.0187],[121.9251,13.0269],[121.9341,13.0233],[121.9321,13.0187]]],[[[39.4125,-6.4063],[39.4161,-6.3933],[39.4149,-6.4077],[39.4125,-6.4063]]],[[[128.2351,-1.0507],[128.2381,-1.0442],[128.2449,-1.0541],[128.2351,-1.0507]]],[[[97.9335,11.2753],[97.9233,11.2711],[97.9279,11.2775],[97.9335,11.2753]]],[[[28.9181,-2.019],[28.9111,-2.0333],[28.9091,-2.0306],[28.9181,-2.019]]],[[[98.3781,-0.2688],[98.3707,-0.2679],[98.3755,-0.2651],[98.3781,-0.2688]]],[[[98.5703,-0.3373],[98.5593,-0.3368],[98.5689,-0.335],[98.5703,-0.3373]]],[[[97.6343,8.5659],[97.6299,8.5527],[97.6267,8.5675],[97.6343,8.5659]]],[[[121.8177,13.2275],[121.8065,13.2261],[121.8079,13.2285],[121.8177,13.2275]]],[[[88.6849,22.0171],[88.6837,22.0087],[88.6733,22.0153],[88.6849,22.0171]]],[[[93.5903,19.4723],[93.5945,19.4729],[93.5981,19.4617],[93.5903,19.4723]]],[[[80.0807,9.3119],[80.0829,9.3195],[80.0917,9.3117],[80.0807,9.3119]]],[[[93.4939,19.5533],[93.4999,19.5533],[93.5015,19.5447],[93.4939,19.5533]]],[[[80.0553,9.3317],[80.0579,9.3457],[80.0591,9.3283],[80.0553,9.3317]]],[[[117.8899,-5.1726],[117.8799,-5.1755],[117.8881,-5.1698],[117.8899,-5.1726]]],[[[98.2353,10.6141],[98.2389,10.6251],[98.2399,10.6171],[98.2353,10.6141]]],[[[130.3197,-1.4421],[130.3141,-1.4345],[130.3237,-1.44],[130.3197,-1.4421]]],[[[91.8241,22.2213],[91.8145,22.2101],[91.8229,22.2237],[91.8241,22.2213]]],[[[32.2513,-0.6145],[32.2445,-0.6124],[32.2535,-0.6062],[32.2513,-0.6145]]],[[[98.2151,-0.0052],[98.2069,-0.0122],[98.2087,-0.0016],[98.2151,-0.0052]]],[[[93.1285,20.0621],[93.1189,20.0585],[93.1265,20.0691],[93.1285,20.0621]]],[[[130.2443,-1.716],[130.2491,-1.7065],[130.2497,-1.7081],[130.2443,-1.716]]],[[[105.2599,-1.2016],[105.2595,-1.2156],[105.2555,-1.201],[105.2599,-1.2016]]],[[[123.0331,11.7657],[123.0229,11.7609],[123.0319,11.7689],[123.0331,11.7657]]],[[[39.3327,-6.4265],[39.3357,-6.4189],[39.3397,-6.4333],[39.3327,-6.4265]]],[[[123.9605,13.2949],[123.9641,13.3075],[123.9683,13.2987],[123.9605,13.2949]]],[[[123.6351,-5.3875],[123.6269,-5.381],[123.6375,-5.382],[123.6351,-5.3875]]],[[[104.3165,0.2499],[104.3135,0.2611],[104.3245,0.2535],[104.3165,0.2499]]],[[[31.8145,-2.6975],[31.8133,-2.6912],[31.8225,-2.6838],[31.8145,-2.6975]]],[[[124.6839,10.4939],[124.6683,10.4903],[124.6829,10.4969],[124.6839,10.4939]]],[[[34.0961,-0.115],[34.0985,-0.1311],[34.0929,-0.116],[34.0961,-0.115]]],[[[122.4327,-3.2719],[122.4237,-3.2785],[122.4277,-3.2652],[122.4327,-3.2719]]],[[[119.9311,5.8785],[119.9393,5.8849],[119.9483,5.8749],[119.9311,5.8785]]],[[[122.3043,-4.6536],[122.2999,-4.6469],[122.3025,-4.6474],[122.3043,-4.6536]]],[[[31.7779,-1.9385],[31.7853,-1.933],[31.7839,-1.9424],[31.7779,-1.9385]]],[[[124.0113,12.3623],[124.0129,12.3765],[124.0147,12.3615],[124.0113,12.3623]]],[[[128.6379,0.6313],[128.6367,0.6411],[128.6417,0.6335],[128.6379,0.6313]]],[[[120.2645,12.3459],[120.2687,12.3513],[120.2697,12.3431],[120.2645,12.3459]]],[[[130.3539,-0.3246],[130.3519,-0.3171],[130.3557,-0.3225],[130.3539,-0.3246]]],[[[28.8797,-2.1271],[28.8897,-2.1355],[28.8753,-2.1308],[28.8797,-2.1271]]],[[[130.4297,-2.1256],[130.4269,-2.1192],[130.4395,-2.1251],[130.4297,-2.1256]]],[[[120.0627,11.8219],[120.0587,11.8149],[120.0571,11.8177],[120.0627,11.8219]]],[[[129.6439,-1.7895],[129.6469,-1.7826],[129.6521,-1.7939],[129.6439,-1.7895]]],[[[134.7141,8.0493],[134.7123,8.0613],[134.7167,8.0633],[134.7141,8.0493]]],[[[122.1771,14.9225],[122.1747,14.9329],[122.1839,14.9257],[122.1771,14.9225]]],[[[108.8215,-7.6625],[108.8265,-7.6512],[108.8289,-7.6549],[108.8215,-7.6625]]],[[[31.7035,-1.8668],[31.6921,-1.8711],[31.7021,-1.8643],[31.7035,-1.8668]]],[[[123.6741,11.1003],[123.6631,11.0979],[123.6743,11.1049],[123.6741,11.1003]]],[[[97.9507,10.3959],[97.9397,10.4023],[97.9455,10.4061],[97.9507,10.3959]]],[[[123.1149,-4.7863],[123.1145,-4.7771],[123.1187,-4.7821],[123.1149,-4.7863]]],[[[134.5377,-6.5796],[134.5347,-6.597],[134.5337,-6.58],[134.5377,-6.5796]]],[[[92.7289,12.7695],[92.7299,12.7839],[92.7319,12.7665],[92.7289,12.7695]]],[[[30.9405,-8.213],[30.9495,-8.2134],[30.9463,-8.2182],[30.9405,-8.213]]],[[[119.6961,11.1547],[119.6873,11.1515],[119.6951,11.1609],[119.6961,11.1547]]],[[[125.5945,10.3741],[125.5893,10.3829],[125.5983,10.3825],[125.5945,10.3741]]],[[[31.8243,-2.7805],[31.8173,-2.7881],[31.8221,-2.7768],[31.8243,-2.7805]]],[[[132.6603,-5.7409],[132.6491,-5.7448],[132.6593,-5.7389],[132.6603,-5.7409]]],[[[98.2297,11.3877],[98.2239,11.4029],[98.2329,11.3895],[98.2297,11.3877]]],[[[99.0397,-1.8113],[99.0333,-1.8169],[99.0335,-1.8089],[99.0397,-1.8113]]],[[[120.0595,11.7649],[120.0553,11.7697],[120.0683,11.7757],[120.0595,11.7649]]],[[[33.9043,-0.1657],[33.9015,-0.1594],[33.9153,-0.1617],[33.9043,-0.1657]]],[[[119.7911,-8.5313],[119.7953,-8.5221],[119.8023,-8.5268],[119.7911,-8.5313]]],[[[97.8007,8.8183],[97.8077,8.8265],[97.8103,8.8175],[97.8007,8.8183]]],[[[98.2103,12.2273],[98.2065,12.2191],[98.2027,12.2207],[98.2103,12.2273]]],[[[103.5699,0.5437],[103.5599,0.5375],[103.5653,0.5475],[103.5699,0.5437]]],[[[122.0505,-4.8868],[122.0401,-4.8869],[122.0555,-4.8811],[122.0505,-4.8868]]],[[[129.7581,-1.7204],[129.7633,-1.7176],[129.7615,-1.7238],[129.7581,-1.7204]]],[[[130.6485,-0.728],[130.6501,-0.7215],[130.6509,-0.7239],[130.6485,-0.728]]],[[[120.8445,13.6911],[120.8373,13.6829],[120.8421,13.6935],[120.8445,13.6911]]],[[[32.3699,-2.1296],[32.3637,-2.1381],[32.3641,-2.1286],[32.3699,-2.1296]]],[[[98.0471,12.3061],[98.0371,12.3047],[98.0463,12.3095],[98.0471,12.3061]]],[[[107.5539,-3.0562],[107.5593,-3.049],[107.5559,-3.0587],[107.5539,-3.0562]]],[[[92.8819,13.5065],[92.8769,13.4975],[92.8783,13.5107],[92.8819,13.5065]]],[[[129.7725,-1.7231],[129.7659,-1.7275],[129.7653,-1.7118],[129.7725,-1.7231]]],[[[34.2619,-0.3429],[34.2529,-0.3528],[34.2487,-0.3521],[34.2527,-0.3424],[34.2619,-0.3429]]],[[[124.1179,12.5449],[124.1179,12.5603],[124.1199,12.5447],[124.1179,12.5449]]],[[[93.6953,19.6531],[93.6973,19.6617],[93.7001,19.6579],[93.6953,19.6531]]],[[[122.3359,-4.5723],[122.3241,-4.5743],[122.3361,-4.5677],[122.3359,-4.5723]]],[[[104.4697,0.1539],[104.4747,0.1629],[104.4779,0.1579],[104.4697,0.1539]]],[[[125.4829,10.1357],[125.4793,10.1251],[125.4775,10.1405],[125.4829,10.1357]]],[[[119.6899,-8.5816],[119.6937,-8.576],[119.7015,-8.5795],[119.6899,-8.5816]]],[[[117.4565,-7.5808],[117.4491,-7.5844],[117.4473,-7.5747],[117.4565,-7.5808]]],[[[98.3097,10.1259],[98.3129,10.1357],[98.3179,10.1243],[98.3097,10.1259]]],[[[121.3977,12.3373],[121.4011,12.3515],[121.4003,12.3355],[121.3977,12.3373]]],[[[33.7219,-1.4148],[33.7129,-1.4155],[33.7149,-1.4072],[33.7219,-1.4148]]],[[[120.4213,-5.0573],[120.4263,-5.0499],[120.4303,-5.0605],[120.4213,-5.0573]]],[[[97.7371,15.0881],[97.7417,15.0953],[97.7419,15.0801],[97.7371,15.0881]]],[[[122.4427,-4.6601],[122.4473,-4.6504],[122.4477,-4.6578],[122.4427,-4.6601]]],[[[130.1897,-2.1388],[130.1855,-2.1437],[130.1809,-2.1411],[130.1897,-2.1388]]],[[[103.1617,0.4077],[103.1547,0.4035],[103.1697,0.4179],[103.1617,0.4077]]],[[[123.8545,9.9427],[123.8531,9.9533],[123.8589,9.9387],[123.8545,9.9427]]],[[[122.4107,6.7579],[122.4037,6.7521],[122.4019,6.7625],[122.4107,6.7579]]],[[[131.1647,-7.5179],[131.1615,-7.526],[131.1601,-7.5189],[131.1647,-7.5179]]],[[[123.6197,-10.041],[123.6089,-10.0415],[123.6171,-10.0338],[123.6197,-10.041]]],[[[151.7871,7.3627],[151.7815,7.3521],[151.7811,7.3649],[151.7871,7.3627]]],[[[121.3629,6.0121],[121.3687,6.0187],[121.3691,6.0119],[121.3629,6.0121]]],[[[134.6953,-5.5328],[134.6913,-5.5406],[134.6871,-5.5322],[134.6953,-5.5328]]],[[[27.6371,-17.2994],[27.6281,-17.3039],[27.6361,-17.2964],[27.6371,-17.2994]]],[[[103.6359,0.4905],[103.6259,0.4865],[103.6313,0.4953],[103.6359,0.4905]]],[[[159.7809,6.6593],[159.7721,6.6537],[159.7725,6.6591],[159.7809,6.6593]]],[[[32.6477,0.1627],[32.6559,0.1651],[32.6589,0.1557],[32.6477,0.1627]]],[[[98.2929,8.8895],[98.2819,8.8821],[98.2913,8.8917],[98.2929,8.8895]]],[[[120.7583,11.2203],[120.7563,11.2105],[120.7521,11.2193],[120.7583,11.2203]]],[[[134.2995,-5.8233],[134.3003,-5.8377],[134.2943,-5.837],[134.2995,-5.8233]]],[[[90.6477,22.4203],[90.6393,22.4253],[90.6409,22.4303],[90.6477,22.4203]]],[[[108.1937,-3.2122],[108.1873,-3.2207],[108.1865,-3.2146],[108.1937,-3.2122]]],[[[121.9073,20.9025],[121.8993,20.9011],[121.9017,20.9103],[121.9073,20.9025]]],[[[122.2739,7.1629],[122.2705,7.1719],[122.2759,7.1667],[122.2739,7.1629]]],[[[119.3899,4.6135],[119.3847,4.6227],[119.3903,4.6223],[119.3899,4.6135]]],[[[95.2643,15.6731],[95.2757,15.6791],[95.2779,15.6769],[95.2643,15.6731]]],[[[39.2575,-5.8167],[39.2485,-5.82],[39.2565,-5.8131],[39.2575,-5.8167]]],[[[98.3009,13.1327],[98.2979,13.1209],[98.2959,13.1353],[98.3009,13.1327]]],[[[93.5253,18.8955],[93.5279,18.9017],[93.5367,18.8949],[93.5253,18.8955]]],[[[33.9201,0.1087],[33.9097,0.1041],[33.9169,0.1117],[33.9201,0.1087]]],[[[123.1215,-4.7674],[123.1117,-4.7713],[123.1149,-4.7603],[123.1215,-4.7674]]],[[[98.1203,9.8167],[98.1181,9.8283],[98.1229,9.8227],[98.1203,9.8167]]],[[[128.4953,-8.3265],[128.5027,-8.3431],[128.5021,-8.3452],[128.4943,-8.339],[128.4953,-8.3265]]],[[[135.5431,-0.649],[135.5409,-0.6608],[135.5389,-0.6508],[135.5431,-0.649]]],[[[119.5777,-8.5428],[119.5741,-8.5348],[119.5841,-8.5373],[119.5777,-8.5428]]],[[[116.7649,-8.4276],[116.7553,-8.4327],[116.7641,-8.4247],[116.7649,-8.4276]]],[[[122.0457,12.1477],[122.0349,12.1429],[122.0447,12.1521],[122.0457,12.1477]]],[[[122.3831,9.8713],[122.3781,9.8653],[122.3777,9.8803],[122.3831,9.8713]]],[[[106.4919,-3.1292],[106.4841,-3.1354],[106.4813,-3.131],[106.4919,-3.1292]]],[[[118.9451,-4.6997],[118.9583,-4.6995],[118.9589,-4.7022],[118.9451,-4.6997]]],[[[124.3105,-1.7301],[124.3157,-1.7184],[124.3161,-1.7301],[124.3105,-1.7301]]],[[[32.7931,-1.7968],[32.7945,-1.8097],[32.7901,-1.797],[32.7931,-1.7968]]],[[[127.4269,-0.3604],[127.4227,-0.368],[127.4145,-0.3628],[127.4269,-0.3604]]],[[[98.1335,12.2123],[98.1299,12.2235],[98.1359,12.2157],[98.1335,12.2123]]],[[[121.8353,18.9081],[121.8353,18.8981],[121.8307,18.9049],[121.8353,18.9081]]],[[[119.9637,11.7559],[119.9531,11.7557],[119.9631,11.7583],[119.9637,11.7559]]],[[[32.2897,-2.21],[32.2829,-2.2137],[32.2751,-2.2088],[32.2897,-2.21]]],[[[97.7759,14.4339],[97.7657,14.4377],[97.7783,14.4397],[97.7759,14.4339]]],[[[116.2119,-4.0965],[116.2021,-4.0973],[116.2047,-4.0924],[116.2119,-4.0965]]],[[[94.4545,15.9197],[94.4557,15.9113],[94.4509,15.9177],[94.4545,15.9197]]],[[[124.9091,11.6955],[124.9005,11.6857],[124.9093,11.7017],[124.9091,11.6955]]],[[[104.2487,0.6393],[104.2447,0.6529],[104.2537,0.6393],[104.2487,0.6393]]],[[[127.4587,-0.0597],[127.4529,-0.0523],[127.4587,-0.0482],[127.4587,-0.0597]]],[[[130.1773,-0.1054],[130.1805,-0.0969],[130.1799,-0.1081],[130.1773,-0.1054]]],[[[125.9197,9.8733],[125.9109,9.8873],[125.9217,9.8761],[125.9197,9.8733]]],[[[32.6439,-2.3933],[32.6475,-2.3814],[32.6499,-2.3819],[32.6439,-2.3933]]],[[[123.5511,12.0297],[123.5487,12.0419],[123.5515,12.0425],[123.5511,12.0297]]],[[[33.2263,-0.1167],[33.2341,-0.1017],[33.2373,-0.1042],[33.2263,-0.1167]]],[[[126.0547,9.3909],[126.0559,9.4011],[126.0593,9.4015],[126.0547,9.3909]]],[[[119.2911,-5.5476],[119.2831,-5.5407],[119.2941,-5.5417],[119.2911,-5.5476]]],[[[121.5669,6.6523],[121.5603,6.6453],[121.5679,6.6617],[121.5669,6.6523]]],[[[104.1885,0.1667],[104.1865,0.1783],[104.1923,0.1633],[104.1885,0.1667]]],[[[100.4707,-3.0824],[100.4663,-3.0902],[100.4659,-3.0838],[100.4707,-3.0824]]],[[[33.4757,0.0703],[33.4703,0.0787],[33.4785,0.0751],[33.4757,0.0703]]],[[[32.2975,-0.2291],[32.2999,-0.2201],[32.3061,-0.2235],[32.2975,-0.2291]]],[[[27.6275,-17.1473],[27.6191,-17.1544],[27.6149,-17.1465],[27.6275,-17.1473]]],[[[117.8197,-8.5669],[117.8221,-8.5586],[117.8297,-8.5656],[117.8197,-8.5669]]],[[[118.9507,10.3355],[118.9403,10.3297],[118.9377,10.3313],[118.9507,10.3355]]],[[[122.2939,-4.639],[122.2811,-4.6444],[122.2915,-4.6355],[122.2939,-4.639]]],[[[95.0665,15.8747],[95.0607,15.8773],[95.0651,15.8835],[95.0665,15.8747]]],[[[122.9961,11.7303],[122.9867,11.7281],[122.9905,11.7351],[122.9961,11.7303]]],[[[134.7857,-6.6844],[134.7897,-6.6776],[134.7909,-6.6812],[134.7857,-6.6844]]],[[[95.1273,16.1447],[95.1335,16.1565],[95.1277,16.1379],[95.1273,16.1447]]],[[[122.7607,-4.0187],[122.7699,-4.0097],[122.7729,-4.0127],[122.7607,-4.0187]]],[[[120.2657,5.3481],[120.2659,5.3405],[120.2599,5.3439],[120.2657,5.3481]]],[[[120.9537,-6.5176],[120.9497,-6.5111],[120.9535,-6.5078],[120.9537,-6.5176]]],[[[93.8141,19.7109],[93.8105,19.7265],[93.8121,19.7273],[93.8141,19.7109]]],[[[157.9949,6.7541],[157.9721,6.7499],[157.9951,6.7555],[157.9949,6.7541]]],[[[128.0611,-1.5375],[128.0509,-1.5428],[128.0539,-1.5382],[128.0611,-1.5375]]],[[[28.4721,-16.5922],[28.4571,-16.5894],[28.4785,-16.5874],[28.4721,-16.5922]]],[[[33.1815,-2.4514],[33.1777,-2.459],[33.1761,-2.4567],[33.1815,-2.4514]]],[[[134.6915,-5.5557],[134.6849,-5.5651],[134.6863,-5.5543],[134.6915,-5.5557]]],[[[134.1651,-5.908],[134.1577,-5.914],[134.1595,-5.909],[134.1651,-5.908]]],[[[119.6891,-8.5556],[119.6907,-8.5469],[119.6945,-8.5489],[119.6891,-8.5556]]],[[[119.9479,5.8623],[119.9597,5.8699],[119.9615,5.8627],[119.9479,5.8623]]],[[[117.0477,-5.0526],[117.0521,-5.0431],[117.0511,-5.0528],[117.0477,-5.0526]]],[[[130.1133,-1.4473],[130.1069,-1.4427],[130.1155,-1.4377],[130.1133,-1.4473]]],[[[33.3683,-1.9609],[33.3607,-1.9639],[33.3601,-1.9561],[33.3683,-1.9609]]],[[[119.6835,11.2395],[119.6805,11.2481],[119.6843,11.2511],[119.6835,11.2395]]],[[[120.3099,5.2715],[120.3075,5.2809],[120.3133,5.2751],[120.3099,5.2715]]],[[[118.9337,4.4659],[118.9335,4.4753],[118.9405,4.4659],[118.9337,4.4659]]],[[[102.3997,-5.4419],[102.3943,-5.4483],[102.3949,-5.4435],[102.3997,-5.4419]]],[[[32.8165,-0.0586],[32.8259,-0.0496],[32.8279,-0.0558],[32.8165,-0.0586]]],[[[121.0001,-3.857],[120.9931,-3.8657],[120.9977,-3.8557],[121.0001,-3.857]]],[[[119.8973,12.0409],[119.8901,12.0399],[119.9045,12.0467],[119.8973,12.0409]]],[[[123.5859,-5.3906],[123.5953,-5.3844],[123.5969,-5.3903],[123.5859,-5.3906]]],[[[33.1353,0.1583],[33.1365,0.1667],[33.1433,0.1597],[33.1353,0.1583]]],[[[123.5965,12.7131],[123.5859,12.7241],[123.6003,12.7149],[123.5965,12.7131]]],[[[98.2709,-0.1118],[98.2775,-0.1063],[98.2765,-0.1158],[98.2709,-0.1118]]],[[[121.5221,6.0507],[121.5121,6.0453],[121.5165,6.0557],[121.5221,6.0507]]],[[[95.9437,16.3837],[95.9477,16.3901],[95.9497,16.3739],[95.9437,16.3837]]],[[[92.8169,13.3987],[92.8175,13.4149],[92.8227,13.4111],[92.8169,13.3987]]],[[[108.2425,-3.0017],[108.2339,-3.0049],[108.2401,-2.9999],[108.2425,-3.0017]]],[[[93.6539,19.6291],[93.6551,19.6393],[93.6609,19.6273],[93.6539,19.6291]]],[[[98.1891,12.2063],[98.1797,12.1953],[98.1875,12.2083],[98.1891,12.2063]]],[[[96.3119,16.4667],[96.3095,16.4759],[96.3193,16.4689],[96.3119,16.4667]]],[[[122.8311,14.4701],[122.8349,14.4783],[122.8341,14.4689],[122.8311,14.4701]]],[[[104.5235,0.0381],[104.5159,0.0261],[104.5201,0.0423],[104.5235,0.0381]]],[[[119.3279,10.8809],[119.3221,10.8771],[119.3155,10.8883],[119.3279,10.8809]]],[[[28.6595,-16.5738],[28.6523,-16.572],[28.6689,-16.5674],[28.6595,-16.5738]]],[[[120.4323,-4.6864],[120.4427,-4.6812],[120.4435,-4.6849],[120.4323,-4.6864]]],[[[92.2123,21.1257],[92.2179,21.1305],[92.2195,21.1255],[92.2123,21.1257]]],[[[132.6111,-5.8087],[132.6159,-5.7969],[132.6149,-5.8139],[132.6111,-5.8087]]],[[[122.8391,11.6401],[122.8389,11.6457],[122.8473,11.6431],[122.8391,11.6401]]],[[[119.2469,10.1461],[119.2455,10.1567],[119.2503,10.1431],[119.2469,10.1461]]],[[[116.1291,-2.9915],[116.1337,-2.9822],[116.1363,-2.9948],[116.1291,-2.9915]]],[[[134.4771,-5.5088],[134.4753,-5.5188],[134.4701,-5.5142],[134.4771,-5.5088]]],[[[124.3477,-1.7597],[124.3453,-1.7735],[124.3439,-1.7569],[124.3477,-1.7597]]],[[[132.7527,-5.6993],[132.7539,-5.712],[132.7493,-5.7],[132.7527,-5.6993]]],[[[94.4503,18.1389],[94.4471,18.1291],[94.4417,18.1333],[94.4503,18.1389]]],[[[93.0789,13.4077],[93.0817,13.4225],[93.0809,13.4061],[93.0789,13.4077]]],[[[121.5527,6.6187],[121.5411,6.6147],[121.5445,6.6235],[121.5527,6.6187]]],[[[128.4965,-0.61],[128.5013,-0.6043],[128.5055,-0.6089],[128.4965,-0.61]]],[[[119.7079,-8.5095],[119.7067,-8.5174],[119.7013,-8.5136],[119.7079,-8.5095]]],[[[118.9207,-6.8899],[118.9085,-6.8984],[118.9205,-6.8866],[118.9207,-6.8899]]],[[[120.0001,10.4957],[119.9921,10.4981],[119.9991,10.5011],[120.0001,10.4957]]],[[[116.1739,-4.0495],[116.1659,-4.059],[116.1647,-4.0567],[116.1739,-4.0495]]],[[[122.5965,-3.1151],[122.5921,-3.1248],[122.5915,-3.1223],[122.5965,-3.1151]]],[[[30.5445,-7.4498],[30.5479,-7.4411],[30.5475,-7.4514],[30.5445,-7.4498]]],[[[96.0039,16.3851],[95.9967,16.3987],[96.0071,16.3859],[96.0039,16.3851]]],[[[130.6871,-0.4212],[130.6761,-0.4261],[130.6861,-0.4191],[130.6871,-0.4212]]],[[[107.5415,-3.0292],[107.5385,-3.036],[107.5389,-3.0295],[107.5415,-3.0292]]],[[[98.0145,12.4141],[98.0051,12.4099],[98.0091,12.4197],[98.0145,12.4141]]],[[[92.8723,12.2367],[92.8753,12.2469],[92.8759,12.2345],[92.8723,12.2367]]],[[[119.6455,-8.5098],[119.6391,-8.5172],[119.6401,-8.5106],[119.6455,-8.5098]]],[[[94.2839,15.8653],[94.2739,15.8647],[94.2795,15.8707],[94.2839,15.8653]]],[[[33.4991,0.1007],[33.5041,0.1135],[33.5019,0.1003],[33.4991,0.1007]]],[[[97.6891,10.4663],[97.6851,10.4575],[97.6795,10.4619],[97.6891,10.4663]]],[[[123.2075,-1.3352],[123.2105,-1.3308],[123.2157,-1.3438],[123.2075,-1.3352]]],[[[134.3689,-6.3792],[134.3629,-6.3855],[134.3669,-6.3773],[134.3689,-6.3792]]],[[[120.8293,13.6809],[120.8349,13.6855],[120.8351,13.6753],[120.8293,13.6809]]],[[[103.6295,0.5479],[103.6271,0.5351],[103.6263,0.5483],[103.6295,0.5479]]],[[[107.2335,-2.9718],[107.2345,-2.9621],[107.2371,-2.9651],[107.2335,-2.9718]]],[[[131.0829,-8.0891],[131.0897,-8.084],[131.0899,-8.0886],[131.0829,-8.0891]]],[[[92.6161,11.9123],[92.6079,11.9095],[92.6119,11.9159],[92.6161,11.9123]]],[[[131.1893,-7.4063],[131.1821,-7.4051],[131.1895,-7.4005],[131.1893,-7.4063]]],[[[128.6241,0.5693],[128.6241,0.5763],[128.6293,0.5707],[128.6241,0.5693]]],[[[108.8819,-7.7049],[108.8829,-7.6964],[108.8919,-7.7051],[108.8819,-7.7049]]],[[[107.5675,-3.2345],[107.5651,-3.2436],[107.5639,-3.2358],[107.5675,-3.2345]]],[[[132.6125,-5.7075],[132.6119,-5.698],[132.6207,-5.7019],[132.6125,-5.7075]]],[[[79.7777,8.2611],[79.7791,8.2723],[79.7825,8.2591],[79.7777,8.2611]]],[[[91.0415,22.0781],[91.0367,22.0863],[91.0491,22.0835],[91.0415,22.0781]]],[[[134.1773,-6.4557],[134.1705,-6.4658],[134.1677,-6.463],[134.1773,-6.4557]]],[[[118.8729,4.3081],[118.8713,4.3165],[118.8807,4.3107],[118.8729,4.3081]]],[[[121.0917,-3.9306],[121.0895,-3.9391],[121.0853,-3.9391],[121.0917,-3.9306]]],[[[122.3909,-4.594],[122.3821,-4.6002],[122.3813,-4.5979],[122.3909,-4.594]]],[[[127.4295,-7.637],[127.4311,-7.6285],[127.4411,-7.6343],[127.4295,-7.637]]],[[[132.9775,-5.6301],[132.9739,-5.6241],[132.9763,-5.6241],[132.9775,-5.6301]]],[[[104.3785,0.2071],[104.3811,0.2101],[104.3897,0.1971],[104.3785,0.2071]]],[[[34.5463,-0.1839],[34.5387,-0.1855],[34.5371,-0.1782],[34.5463,-0.1839]]],[[[120.3167,5.2031],[120.3093,5.1991],[120.3127,5.2095],[120.3167,5.2031]]],[[[128.4105,-8.1943],[128.3989,-8.1968],[128.4053,-8.1895],[128.4105,-8.1943]]],[[[120.2839,5.1567],[120.2797,5.1501],[120.2759,5.1551],[120.2839,5.1567]]],[[[122.7907,-4.9722],[122.7949,-4.963],[122.7947,-4.9734],[122.7907,-4.9722]]],[[[128.7277,-8.1632],[128.7279,-8.1571],[128.7313,-8.161],[128.7277,-8.1632]]],[[[33.0939,0.0661],[33.0893,0.0757],[33.0959,0.0681],[33.0939,0.0661]]],[[[124.0193,14.0207],[124.0235,14.0281],[124.0225,14.0191],[124.0193,14.0207]]],[[[114.6487,-7.0882],[114.6515,-7.0808],[114.6517,-7.0888],[114.6487,-7.0882]]],[[[93.7185,19.5939],[93.7067,19.5967],[93.7035,19.6043],[93.7185,19.5939]]],[[[95.1155,15.6605],[95.1105,15.6707],[95.1191,15.6653],[95.1155,15.6605]]],[[[134.7645,-5.6753],[134.7551,-5.6807],[134.7615,-5.6729],[134.7645,-5.6753]]],[[[79.8373,9.6099],[79.8257,9.6075],[79.8273,9.6121],[79.8373,9.6099]]],[[[134.2925,7.2903],[134.2895,7.2823],[134.2873,7.2925],[134.2925,7.2903]]],[[[88.3015,21.7283],[88.3065,21.7345],[88.3061,21.7207],[88.3015,21.7283]]],[[[93.6729,19.5735],[93.6681,19.5679],[93.6597,19.5781],[93.6729,19.5735]]],[[[122.1455,19.9541],[122.1461,19.9663],[122.1491,19.9537],[122.1455,19.9541]]],[[[33.8405,-1.497],[33.8317,-1.5028],[33.8393,-1.4936],[33.8405,-1.497]]],[[[123.8759,9.9245],[123.8677,9.9203],[123.8701,9.9303],[123.8759,9.9245]]],[[[123.1911,-4.6371],[123.1955,-4.6261],[123.1945,-4.6392],[123.1911,-4.6371]]],[[[120.1447,11.6841],[120.1479,11.6953],[120.1497,11.6923],[120.1447,11.6841]]],[[[122.7375,10.5099],[122.7419,10.5179],[122.7401,10.5093],[122.7375,10.5099]]],[[[130.4511,-2.1443],[130.4587,-2.1408],[130.4677,-2.1429],[130.4511,-2.1443]]],[[[104.6495,0.0413],[104.6577,0.0367],[104.6569,0.0293],[104.6495,0.0413]]],[[[123.8331,13.8755],[123.8251,13.8741],[123.8283,13.8811],[123.8331,13.8755]]],[[[125.4801,11.6439],[125.4815,11.6531],[125.4863,11.6431],[125.4801,11.6439]]],[[[122.7429,-0.6383],[122.7383,-0.6325],[122.7489,-0.6303],[122.7429,-0.6383]]],[[[97.6391,8.6657],[97.6355,8.6725],[97.6447,8.6709],[97.6391,8.6657]]],[[[120.2653,5.1699],[120.2617,5.1617],[120.2611,5.1723],[120.2653,5.1699]]],[[[121.8965,-1.7223],[121.8849,-1.7245],[121.8831,-1.7176],[121.8965,-1.7223]]],[[[109.3299,-0.6186],[109.3253,-0.6161],[109.3395,-0.612],[109.3299,-0.6186]]],[[[95.9387,16.3893],[95.9399,16.3965],[95.9419,16.3885],[95.9387,16.3893]]],[[[100.2685,-2.8263],[100.2607,-2.8256],[100.2639,-2.8203],[100.2685,-2.8263]]],[[[119.8591,11.5977],[119.8571,11.6105],[119.8625,11.5953],[119.8591,11.5977]]],[[[81.2153,8.5395],[81.2077,8.5365],[81.2081,8.5447],[81.2153,8.5395]]],[[[119.8739,4.9465],[119.8635,4.9417],[119.8731,4.9487],[119.8739,4.9465]]],[[[90.3623,21.7465],[90.3541,21.7361],[90.3509,21.7389],[90.3623,21.7465]]],[[[123.2303,8.7503],[123.2251,8.7595],[123.2329,8.7531],[123.2303,8.7503]]],[[[123.7535,-2.017],[123.7497,-2.0074],[123.7539,-2.006],[123.7535,-2.017]]],[[[123.8955,-2.0838],[123.8941,-2.0913],[123.8885,-2.0863],[123.8955,-2.0838]]],[[[124.3057,10.1785],[124.3009,10.1861],[124.3067,10.1851],[124.3057,10.1785]]],[[[99.1387,-1.8468],[99.1357,-1.8385],[99.1439,-1.8448],[99.1387,-1.8468]]],[[[120.5203,-6.9923],[120.5293,-7.0011],[120.5293,-7.0072],[120.5203,-6.9923]]],[[[121.7785,6.5265],[121.7743,6.5169],[121.7715,6.5187],[121.7785,6.5265]]],[[[33.4947,-2.1831],[33.5013,-2.1916],[33.4951,-2.1925],[33.4947,-2.1831]]],[[[104.2075,0.1441],[104.2125,0.1509],[104.2125,0.1415],[104.2075,0.1441]]],[[[33.0823,-1.9261],[33.0779,-1.935],[33.0745,-1.9309],[33.0823,-1.9261]]],[[[98.3225,12.8353],[98.3239,12.8473],[98.3245,12.8351],[98.3225,12.8353]]],[[[122.5169,-5.5889],[122.5057,-5.5971],[122.5043,-5.5955],[122.5169,-5.5889]]],[[[98.2231,12.8115],[98.2193,12.8199],[98.2255,12.8147],[98.2231,12.8115]]],[[[134.9589,-1.0197],[134.9627,-1.0086],[134.9657,-1.0183],[134.9589,-1.0197]]],[[[117.4811,-7.4966],[117.4797,-7.4839],[117.4827,-7.4833],[117.4811,-7.4966]]],[[[92.2201,21.1089],[92.2111,21.1083],[92.2169,21.1149],[92.2201,21.1089]]],[[[99.5357,-2.2239],[99.5297,-2.2284],[99.5309,-2.216],[99.5357,-2.2239]]],[[[98.1961,13.6621],[98.1925,13.6515],[98.1889,13.6615],[98.1961,13.6621]]],[[[98.1601,12.2869],[98.1517,12.2859],[98.1587,12.2907],[98.1601,12.2869]]],[[[98.1993,12.6569],[98.1885,12.6551],[98.1987,12.6587],[98.1993,12.6569]]],[[[120.0301,12.4665],[120.0285,12.4767],[120.0317,12.4759],[120.0301,12.4665]]],[[[128.0787,-1.5421],[128.0729,-1.5349],[128.0855,-1.5418],[128.0787,-1.5421]]],[[[123.4623,7.6119],[123.4549,7.6087],[123.4601,7.6161],[123.4623,7.6119]]],[[[33.4021,-1.6712],[33.4025,-1.6629],[33.4063,-1.665],[33.4021,-1.6712]]],[[[110.4281,-5.8883],[110.4347,-5.8858],[110.4379,-5.8939],[110.4281,-5.8883]]],[[[32.1645,-0.4153],[32.1719,-0.4162],[32.1665,-0.4198],[32.1645,-0.4153]]],[[[98.3109,13.1075],[98.3119,13.1167],[98.3155,13.1083],[98.3109,13.1075]]],[[[32.0527,-2.3701],[32.0499,-2.3604],[32.0533,-2.3577],[32.0527,-2.3701]]],[[[97.4753,11.8233],[97.4681,11.8165],[97.4739,11.8261],[97.4753,11.8233]]],[[[124.4259,12.6653],[124.4219,12.6563],[124.4211,12.6671],[124.4259,12.6653]]],[[[93.3999,19.7957],[93.4055,19.7979],[93.4019,19.7933],[93.3999,19.7957]]],[[[136.3789,-1.2675],[136.3687,-1.2661],[136.3693,-1.2635],[136.3789,-1.2675]]],[[[28.9893,-2.3064],[28.9819,-2.3103],[28.9881,-2.3029],[28.9893,-2.3064]]],[[[118.9497,4.5673],[118.9517,4.5777],[118.9525,4.5663],[118.9497,4.5673]]],[[[134.5221,-6.7475],[134.5127,-6.7491],[134.5199,-6.7437],[134.5221,-6.7475]]],[[[108.2005,-3.1629],[108.1981,-3.1699],[108.1927,-3.1646],[108.2005,-3.1629]]],[[[125.8347,10.9255],[125.8391,10.9319],[125.8405,10.9221],[125.8347,10.9255]]],[[[35.1487,-14.2444],[35.1423,-14.2538],[35.1471,-14.2419],[35.1487,-14.2444]]],[[[124.5633,10.1885],[124.5661,10.2009],[124.5671,10.1839],[124.5633,10.1885]]],[[[94.3769,18.3427],[94.3769,18.3505],[94.3823,18.3461],[94.3769,18.3427]]],[[[32.3067,-0.1719],[32.3035,-0.18],[32.2977,-0.1758],[32.3067,-0.1719]]],[[[123.0309,-3.5395],[123.0279,-3.5329],[123.0379,-3.5379],[123.0309,-3.5395]]],[[[119.8189,12.1477],[119.8129,12.1453],[119.8167,12.1547],[119.8189,12.1477]]],[[[123.9209,10.2555],[123.9147,10.2563],[123.9163,10.2597],[123.9209,10.2555]]],[[[118.3767,-7.1923],[118.3891,-7.1888],[118.3775,-7.1979],[118.3767,-7.1923]]],[[[119.3669,-3.4696],[119.3625,-3.4814],[119.3633,-3.4688],[119.3669,-3.4696]]],[[[98.1927,10.9817],[98.1905,10.9883],[98.1953,10.9797],[98.1927,10.9817]]],[[[119.2397,11.1355],[119.2461,11.1361],[119.2455,11.1309],[119.2397,11.1355]]],[[[122.2101,-6.9074],[122.2063,-6.8971],[122.2109,-6.8976],[122.2101,-6.9074]]],[[[32.9893,0.0483],[32.9877,0.0557],[32.9935,0.0501],[32.9893,0.0483]]],[[[130.2705,-2.1288],[130.2693,-2.1206],[130.2735,-2.1198],[130.2705,-2.1288]]],[[[122.3605,0.4683],[122.3509,0.4617],[122.3481,0.4631],[122.3605,0.4683]]],[[[121.7575,-5.338],[121.7503,-5.3476],[121.7473,-5.3473],[121.7575,-5.338]]],[[[130.7999,-0.3073],[130.7891,-0.3111],[130.7867,-0.3066],[130.7999,-0.3073]]],[[[36.6251,2.6327],[36.6209,2.6441],[36.6285,2.6377],[36.6251,2.6327]]],[[[126.3395,8.8821],[126.3293,8.8851],[126.3401,8.8877],[126.3395,8.8821]]],[[[121.5121,6.6129],[121.5143,6.6227],[121.5157,6.6137],[121.5121,6.6129]]],[[[122.0919,-7.4262],[122.0847,-7.4287],[122.0821,-7.4209],[122.0919,-7.4262]]],[[[122.2301,-0.2952],[122.2225,-0.2956],[122.2289,-0.2936],[122.2301,-0.2952]]],[[[128.0999,-0.834],[128.0945,-0.8265],[128.1005,-0.8261],[128.0999,-0.834]]],[[[108.4081,-2.8171],[108.4041,-2.8267],[108.4031,-2.8166],[108.4081,-2.8171]]],[[[130.3699,-2.1266],[130.3791,-2.1217],[130.3821,-2.1256],[130.3699,-2.1266]]],[[[97.8771,12.2435],[97.8665,12.2387],[97.8757,12.2469],[97.8771,12.2435]]],[[[117.0915,-8.3656],[117.0869,-8.372],[117.0813,-8.3658],[117.0915,-8.3656]]],[[[97.9109,9.6817],[97.9061,9.6705],[97.9041,9.6739],[97.9109,9.6817]]],[[[121.6705,0.5199],[121.6679,0.5107],[121.6649,0.5135],[121.6705,0.5199]]],[[[134.7695,-5.7954],[134.7733,-5.7878],[134.7741,-5.7959],[134.7695,-5.7954]]],[[[125.7353,3.4873],[125.7305,3.4953],[125.7375,3.4905],[125.7353,3.4873]]],[[[127.4579,0.0449],[127.4591,0.0535],[127.4625,0.0441],[127.4579,0.0449]]],[[[129.7039,-1.7735],[129.6973,-1.7774],[129.6991,-1.7693],[129.7039,-1.7735]]],[[[121.7827,20.3293],[121.7861,20.3359],[121.7927,20.3293],[121.7827,20.3293]]],[[[117.7509,-7.368],[117.7433,-7.3763],[117.7491,-7.3659],[117.7509,-7.368]]],[[[79.7967,8.3043],[79.8009,8.2925],[79.7975,8.2909],[79.7925,8.2999],[79.7967,8.3043]]],[[[120.9371,5.4887],[120.9321,5.4973],[120.9425,5.4913],[120.9371,5.4887]]],[[[120.4795,6.1441],[120.4717,6.1397],[120.4775,6.1505],[120.4795,6.1441]]],[[[130.4601,-1.9087],[130.4525,-1.9029],[130.4615,-1.9036],[130.4601,-1.9087]]],[[[118.8749,-6.5991],[118.8675,-6.5889],[118.8767,-6.5978],[118.8749,-6.5991]]],[[[93.1129,13.4275],[93.1045,13.4277],[93.1067,13.4319],[93.1129,13.4275]]],[[[93.0371,12.2787],[93.0319,12.2701],[93.0289,12.2743],[93.0371,12.2787]]],[[[90.5525,22.0017],[90.5577,22.0055],[90.5481,21.9917],[90.5525,22.0017]]],[[[133.9881,-2.4543],[133.9927,-2.4503],[133.9905,-2.4586],[133.9881,-2.4543]]],[[[123.2217,13.9641],[123.2213,13.9717],[123.2315,13.9611],[123.2217,13.9641]]],[[[123.2761,13.7801],[123.2699,13.7737],[123.2661,13.7765],[123.2761,13.7801]]],[[[125.5021,9.9289],[125.4971,9.9203],[125.4947,9.9279],[125.5021,9.9289]]],[[[97.9705,12.2819],[97.9675,12.2969],[97.9699,12.2971],[97.9705,12.2819]]],[[[122.9737,14.4449],[122.9689,14.4515],[122.9759,14.4539],[122.9737,14.4449]]],[[[98.3073,13.1213],[98.3087,13.1277],[98.3157,13.1221],[98.3073,13.1213]]],[[[94.6647,15.9599],[94.6673,15.9685],[94.6687,15.9667],[94.6647,15.9599]]],[[[97.6375,8.5901],[97.6311,8.5843],[97.6309,8.5955],[97.6375,8.5901]]],[[[125.7441,-7.9684],[125.7467,-7.9613],[125.7515,-7.9787],[125.7441,-7.9684]]],[[[119.1403,10.4187],[119.1365,10.4087],[119.1373,10.4199],[119.1403,10.4187]]],[[[119.3785,-8.7445],[119.3769,-8.7412],[119.3839,-8.7433],[119.3785,-8.7445]]],[[[108.7315,-1.5782],[108.7325,-1.5718],[108.7345,-1.577],[108.7315,-1.5782]]],[[[114.6871,-7.1057],[114.6833,-7.0979],[114.6893,-7.1045],[114.6871,-7.1057]]],[[[33.9375,-0.1736],[33.9377,-0.1628],[33.9425,-0.1768],[33.9375,-0.1736]]],[[[118.2785,-6.6867],[118.2771,-6.6957],[118.2777,-6.6807],[118.2785,-6.6867]]],[[[103.6431,0.6281],[103.6435,0.6345],[103.6445,0.6315],[103.6431,0.6281]]],[[[119.3163,-5.5121],[119.3175,-5.5071],[119.3189,-5.5208],[119.3163,-5.5121]]],[[[121.7549,6.5327],[121.7551,6.5411],[121.7633,6.5357],[121.7549,6.5327]]],[[[30.9501,-8.1556],[30.9419,-8.1562],[30.9493,-8.1535],[30.9501,-8.1556]]],[[[98.0181,12.3599],[98.0143,12.3701],[98.0209,12.3599],[98.0181,12.3599]]],[[[123.0537,-1.7143],[123.0623,-1.7215],[123.0467,-1.7152],[123.0537,-1.7143]]],[[[112.7915,-5.7796],[112.7957,-5.7768],[112.7925,-5.7884],[112.7915,-5.7796]]],[[[134.6801,-5.9619],[134.6843,-5.9587],[134.6881,-5.9645],[134.6801,-5.9619]]],[[[119.6209,0.0893],[119.6203,0.0969],[119.6239,0.0907],[119.6209,0.0893]]],[[[107.1531,-3.044],[107.1553,-3.0348],[107.1595,-3.0411],[107.1531,-3.044]]],[[[33.0087,0.0687],[33.0057,0.0603],[33.0025,0.0611],[33.0087,0.0687]]],[[[121.6139,-0.5823],[121.6111,-0.591],[121.6123,-0.5829],[121.6139,-0.5823]]],[[[104.2645,0.3681],[104.2625,0.3749],[104.2655,0.3701],[104.2645,0.3681]]],[[[97.9733,10.3579],[97.9677,10.3471],[97.9703,10.3619],[97.9733,10.3579]]],[[[108.0205,0.2347],[108.0213,0.2425],[108.0269,0.2339],[108.0205,0.2347]]],[[[132.6751,-5.5805],[132.6703,-5.587],[132.6705,-5.5727],[132.6751,-5.5805]]],[[[121.4789,-4.1693],[121.4855,-4.1699],[121.4847,-4.174],[121.4789,-4.1693]]],[[[97.9811,12.1299],[97.9745,12.1261],[97.9749,12.1337],[97.9811,12.1299]]],[[[98.1767,12.3551],[98.1711,12.3631],[98.1795,12.3573],[98.1767,12.3551]]],[[[120.9491,13.5273],[120.9483,13.5355],[120.9565,13.5281],[120.9491,13.5273]]],[[[33.3369,-2.286],[33.3277,-2.2903],[33.3263,-2.2839],[33.3369,-2.286]]],[[[130.4583,-2.1653],[130.4469,-2.17],[130.4587,-2.1612],[130.4583,-2.1653]]],[[[130.4809,-1.9861],[130.4761,-1.9807],[130.4777,-1.9793],[130.4809,-1.9861]]],[[[125.6567,3.5435],[125.6491,3.5405],[125.6477,3.5479],[125.6567,3.5435]]],[[[98.9455,-1.0785],[98.9465,-1.0697],[98.9501,-1.0792],[98.9455,-1.0785]]],[[[122.0213,11.4129],[122.0129,11.4143],[122.0289,11.4189],[122.0213,11.4129]]],[[[132.6329,-5.7207],[132.6273,-5.7281],[132.6253,-5.7193],[132.6329,-5.7207]]],[[[127.2789,-0.5468],[127.2715,-0.5532],[127.2753,-0.5415],[127.2789,-0.5468]]],[[[119.7959,12.0559],[119.7899,12.0553],[119.7931,12.0591],[119.7959,12.0559]]],[[[121.3589,-1.929],[121.3557,-1.9389],[121.3547,-1.9264],[121.3589,-1.929]]],[[[127.0667,4.7971],[127.0597,4.7937],[127.0621,4.8017],[127.0667,4.7971]]],[[[109.1683,-1.5767],[109.1635,-1.5829],[109.1593,-1.5808],[109.1683,-1.5767]]],[[[123.5389,-1.9154],[123.5287,-1.9145],[123.5375,-1.9107],[123.5389,-1.9154]]],[[[32.9873,-2.1264],[32.9855,-2.1335],[32.9823,-2.1252],[32.9873,-2.1264]]],[[[125.7581,9.5781],[125.7571,9.5867],[125.7655,9.5787],[125.7581,9.5781]]],[[[120.4833,6.0605],[120.4811,6.0521],[120.4779,6.0617],[120.4833,6.0605]]],[[[139.6633,9.9175],[139.6559,9.9125],[139.6619,9.9183],[139.6633,9.9175]]],[[[134.3423,7.2671],[134.3457,7.2703],[134.3471,7.2631],[134.3423,7.2671]]],[[[134.4219,7.2903],[134.4207,7.2991],[134.4261,7.2907],[134.4219,7.2903]]],[[[120.4183,-5.0796],[120.4105,-5.0716],[120.4199,-5.0769],[120.4183,-5.0796]]],[[[130.3763,-0.3332],[130.3739,-0.3246],[130.3817,-0.328],[130.3763,-0.3332]]],[[[104.4783,0.1313],[104.4811,0.1407],[104.4855,0.1365],[104.4783,0.1313]]],[[[122.3143,7.3137],[122.3083,7.3063],[122.3051,7.3093],[122.3143,7.3137]]],[[[123.9059,9.9561],[123.8977,9.9629],[123.9073,9.9579],[123.9059,9.9561]]],[[[109.2049,-1.2322],[109.1953,-1.2342],[109.2027,-1.2282],[109.2049,-1.2322]]],[[[32.3661,-0.3286],[32.3613,-0.3192],[32.3681,-0.3254],[32.3661,-0.3286]]],[[[125.4117,-1.8974],[125.4143,-1.8857],[125.4171,-1.8853],[125.4117,-1.8974]]],[[[116.0481,-4.0927],[116.0439,-4.0859],[116.0461,-4.0849],[116.0481,-4.0927]]],[[[92.6877,11.1735],[92.6837,11.1853],[92.6905,11.1739],[92.6877,11.1735]]],[[[33.9259,-0.5608],[33.9191,-0.5634],[33.9249,-0.5562],[33.9259,-0.5608]]],[[[120.3177,5.2357],[120.3191,5.2449],[120.3239,5.2353],[120.3177,5.2357]]],[[[128.1097,-0.8528],[128.1085,-0.8631],[128.1061,-0.8602],[128.1097,-0.8528]]],[[[125.3901,3.9155],[125.3833,3.9125],[125.3839,3.9223],[125.3901,3.9155]]],[[[32.4375,-0.2529],[32.4415,-0.2464],[32.4459,-0.2511],[32.4375,-0.2529]]],[[[93.0997,13.4013],[93.0959,13.4101],[93.0991,13.4149],[93.0997,13.4013]]],[[[125.6481,9.7427],[125.6415,9.7333],[125.6391,9.7369],[125.6481,9.7427]]],[[[118.4049,-7.178],[118.4015,-7.1866],[118.3987,-7.1823],[118.4049,-7.178]]],[[[136.3265,-1.2981],[136.3189,-1.2975],[136.3257,-1.296],[136.3265,-1.2981]]],[[[79.7959,9.5809],[79.7995,9.5899],[79.8003,9.5789],[79.7959,9.5809]]],[[[98.0407,9.6413],[98.0349,9.6357],[98.0375,9.6445],[98.0407,9.6413]]],[[[27.5569,-17.4325],[27.5529,-17.425],[27.5581,-17.4298],[27.5569,-17.4325]]],[[[104.3649,0.4667],[104.3699,0.4759],[104.3763,0.4761],[104.3649,0.4667]]],[[[92.2639,21.0273],[92.2567,21.0235],[92.2613,21.0311],[92.2639,21.0273]]],[[[121.0699,10.7529],[121.0671,10.7593],[121.0757,10.7563],[121.0699,10.7529]]],[[[104.4881,0.1199],[104.4915,0.1241],[104.4979,0.1135],[104.4881,0.1199]]],[[[32.6531,-0.0946],[32.6475,-0.1035],[32.6451,-0.1021],[32.6531,-0.0946]]],[[[119.8147,11.5423],[119.8069,11.5477],[119.8169,11.5497],[119.8147,11.5423]]],[[[116.0471,-3.3788],[116.0409,-3.3803],[116.0457,-3.376],[116.0471,-3.3788]]],[[[120.3919,17.5199],[120.3857,17.5133],[120.3827,17.5195],[120.3919,17.5199]]],[[[130.1819,-0.2969],[130.1827,-0.2918],[130.1857,-0.2992],[130.1819,-0.2969]]],[[[28.8875,-2.44],[28.8811,-2.4438],[28.8865,-2.4387],[28.8875,-2.44]]],[[[92.7749,11.6749],[92.7687,11.6757],[92.7773,11.6787],[92.7749,11.6749]]],[[[126.4697,-3.769],[126.4789,-3.7694],[126.4819,-3.7748],[126.4697,-3.769]]],[[[98.5051,-0.5097],[98.5111,-0.501],[98.5093,-0.5127],[98.5051,-0.5097]]],[[[31.8027,-1.8228],[31.7967,-1.8311],[31.8007,-1.8221],[31.8027,-1.8228]]],[[[123.8679,-2.091],[123.8587,-2.0915],[123.8677,-2.0885],[123.8679,-2.091]]],[[[93.5395,19.6493],[93.5373,19.6579],[93.5453,19.6467],[93.5395,19.6493]]],[[[32.9647,-2.1719],[32.9551,-2.1717],[32.9649,-2.1676],[32.9647,-2.1719]]],[[[96.7781,17.3695],[96.7679,17.3663],[96.7777,17.3755],[96.7781,17.3695]]],[[[119.9701,4.9313],[119.9681,4.9421],[119.9709,4.9439],[119.9701,4.9313]]],[[[119.7729,-8.7],[119.7701,-8.7113],[119.7695,-8.6977],[119.7729,-8.7]]],[[[122.2527,6.7311],[122.2555,6.7387],[122.2611,6.7277],[122.2527,6.7311]]],[[[130.1719,-2.146],[130.1723,-2.1405],[130.1745,-2.1435],[130.1719,-2.146]]],[[[122.9629,14.3689],[122.9519,14.3733],[122.9633,14.3737],[122.9629,14.3689]]],[[[109.1661,-1.6052],[109.1573,-1.6082],[109.1567,-1.6007],[109.1661,-1.6052]]],[[[122.8445,-1.599],[122.8467,-1.6102],[122.8443,-1.6137],[122.8445,-1.599]]],[[[94.6843,16.3101],[94.6781,16.2989],[94.6813,16.3123],[94.6843,16.3101]]],[[[32.7423,0.0713],[32.7383,0.0793],[32.7455,0.0717],[32.7423,0.0713]]],[[[28.1563,-16.7835],[28.1475,-16.7896],[28.1455,-16.7882],[28.1563,-16.7835]]],[[[119.3367,11.1959],[119.3377,11.2065],[119.3417,11.2069],[119.3367,11.1959]]],[[[134.5847,-6.5902],[134.5873,-6.5808],[134.5871,-6.5906],[134.5847,-6.5902]]],[[[119.3215,11.1355],[119.3133,11.1315],[119.3207,11.1391],[119.3215,11.1355]]],[[[157.7723,7.0875],[157.7785,7.0883],[157.7787,7.0853],[157.7723,7.0875]]],[[[97.5035,11.6357],[97.5053,11.6437],[97.5099,11.6451],[97.5035,11.6357]]],[[[127.4761,-5.5734],[127.4749,-5.581],[127.4691,-5.5686],[127.4761,-5.5734]]],[[[123.5125,-1.4864],[123.5057,-1.4939],[123.5105,-1.4829],[123.5125,-1.4864]]],[[[121.5021,-4.7132],[121.5055,-4.724],[121.4975,-4.7175],[121.5021,-4.7132]]],[[[119.8477,12.2407],[119.8367,12.2407],[119.8495,12.2435],[119.8477,12.2407]]],[[[120.1667,11.9563],[120.1623,11.9631],[120.1689,11.9625],[120.1667,11.9563]]],[[[31.7877,-0.9519],[31.7909,-0.9427],[31.7907,-0.9519],[31.7877,-0.9519]]],[[[103.7755,0.5423],[103.7779,0.5529],[103.7823,0.5417],[103.7755,0.5423]]],[[[33.0457,0.0465],[33.0381,0.0477],[33.0491,0.0539],[33.0457,0.0465]]],[[[33.7631,0.1759],[33.7675,0.1811],[33.7707,0.1723],[33.7631,0.1759]]],[[[103.6285,0.5103],[103.6349,0.5143],[103.6343,0.5099],[103.6285,0.5103]]],[[[119.2167,-5.4402],[119.2147,-5.4474],[119.2119,-5.4464],[119.2167,-5.4402]]],[[[120.9725,-6.7584],[120.9671,-6.7563],[120.9699,-6.7541],[120.9725,-6.7584]]],[[[119.2293,-5.4571],[119.2195,-5.4628],[119.2267,-5.4546],[119.2293,-5.4571]]],[[[123.9941,9.9707],[123.9955,9.9769],[123.9979,9.9721],[123.9941,9.9707]]],[[[93.2915,20.3531],[93.2847,20.3437],[93.2903,20.3545],[93.2915,20.3531]]],[[[134.3125,-5.7729],[134.3069,-5.7661],[134.3131,-5.7649],[134.3125,-5.7729]]],[[[160.6955,6.2237],[160.7019,6.2297],[160.7057,6.2237],[160.6955,6.2237]]],[[[158.2859,6.9869],[158.2807,6.9813],[158.2779,6.9849],[158.2859,6.9869]]],[[[104.4209,0.2897],[104.4137,0.2903],[104.4247,0.2967],[104.4209,0.2897]]],[[[32.4301,-0.3241],[32.4311,-0.3199],[32.4431,-0.3261],[32.4301,-0.3241]]],[[[123.6939,11.1277],[123.7007,11.1295],[123.6971,11.1249],[123.6939,11.1277]]],[[[91.0695,22.1019],[91.0745,22.1087],[91.0757,22.1065],[91.0695,22.1019]]],[[[121.3861,12.2605],[121.3813,12.2511],[121.3847,12.2629],[121.3861,12.2605]]],[[[32.1959,-0.591],[32.1913,-0.58],[32.1929,-0.5786],[32.1959,-0.591]]],[[[128.1381,-3.2999],[128.1321,-3.3017],[128.1375,-3.2969],[128.1381,-3.2999]]],[[[120.7881,10.7269],[120.7967,10.7277],[120.7979,10.7217],[120.7881,10.7269]]],[[[104.3679,0.1789],[104.3715,0.1847],[104.3709,0.1777],[104.3679,0.1789]]],[[[92.7327,11.3127],[92.7263,11.3115],[92.7331,11.3199],[92.7327,11.3127]]],[[[114.2235,-3.389],[114.2141,-3.3922],[114.2235,-3.3838],[114.2235,-3.389]]],[[[99.6031,-2.0288],[99.6025,-2.0229],[99.6045,-2.0265],[99.6031,-2.0288]]],[[[98.1385,11.9969],[98.1457,11.9993],[98.1463,11.9911],[98.1385,11.9969]]],[[[79.8237,7.9485],[79.8175,7.9443],[79.8221,7.9553],[79.8237,7.9485]]],[[[97.9463,12.0477],[97.9397,12.0445],[97.9451,12.0527],[97.9463,12.0477]]],[[[130.2177,-2.1435],[130.2085,-2.1408],[130.2171,-2.1404],[130.2177,-2.1435]]],[[[120.1571,11.7301],[120.1509,11.7265],[120.1547,11.7331],[120.1571,11.7301]]],[[[98.0853,12.4519],[98.0845,12.4475],[98.0827,12.4515],[98.0853,12.4519]]],[[[125.9399,9.9273],[125.9335,9.9221],[125.9387,9.9305],[125.9399,9.9273]]],[[[98.1241,11.7631],[98.1135,11.7581],[98.1225,11.7657],[98.1241,11.7631]]],[[[104.3381,0.6769],[104.3443,0.6795],[104.3491,0.6711],[104.3381,0.6769]]],[[[32.3189,-0.4666],[32.3151,-0.4616],[32.3239,-0.462],[32.3189,-0.4666]]],[[[132.4613,-5.9093],[132.4615,-5.9168],[132.4629,-5.9016],[132.4613,-5.9093]]],[[[121.5595,6.5899],[121.5567,6.6021],[121.5643,6.5935],[121.5595,6.5899]]],[[[98.1627,10.4415],[98.1601,10.4473],[98.1643,10.4533],[98.1627,10.4415]]],[[[91.0239,22.5531],[91.0279,22.5595],[91.0325,22.5577],[91.0239,22.5531]]],[[[124.7431,11.8127],[124.7441,11.8221],[124.7457,11.8113],[124.7431,11.8127]]],[[[119.9395,12.0189],[119.9495,12.0273],[119.9505,12.0219],[119.9395,12.0189]]],[[[109.3573,-1.6637],[109.3495,-1.6686],[109.3499,-1.6629],[109.3573,-1.6637]]],[[[98.2125,12.6611],[98.2157,12.6667],[98.2225,12.6595],[98.2125,12.6611]]],[[[119.9279,5.2443],[119.9133,5.2389],[119.9265,5.2473],[119.9279,5.2443]]],[[[109.1197,-1.2739],[109.1161,-1.2829],[109.1147,-1.2808],[109.1197,-1.2739]]],[[[90.6461,22.5017],[90.6453,22.5117],[90.6497,22.4987],[90.6461,22.5017]]],[[[90.4441,21.7665],[90.4467,21.7713],[90.4519,21.7673],[90.4441,21.7665]]],[[[106.2193,-3.2231],[106.2105,-3.2234],[106.2099,-3.219],[106.2193,-3.2231]]],[[[92.6173,11.5249],[92.6127,11.5205],[92.6159,11.5313],[92.6173,11.5249]]],[[[98.0827,12.3395],[98.0767,12.3323],[98.0803,12.3427],[98.0827,12.3395]]],[[[98.0453,9.6499],[98.0417,9.6437],[98.0413,9.6545],[98.0453,9.6499]]],[[[93.6007,19.5511],[93.5987,19.5569],[93.6021,19.5531],[93.6007,19.5511]]],[[[109.2519,-0.6063],[109.2543,-0.5996],[109.2601,-0.6026],[109.2519,-0.6063]]],[[[99.5117,-2.13],[99.5121,-2.1223],[99.5165,-2.1286],[99.5117,-2.13]]],[[[104.3789,0.2657],[104.3739,0.2591],[104.3775,0.2677],[104.3789,0.2657]]],[[[90.6487,22.4075],[90.6505,22.4139],[90.6513,22.3999],[90.6487,22.4075]]],[[[159.7789,6.6693],[159.7871,6.6831],[159.7877,6.6757],[159.7789,6.6693]]],[[[32.1697,-2.2389],[32.1725,-2.2456],[32.1661,-2.2416],[32.1697,-2.2389]]],[[[94.5871,17.5687],[94.5919,17.5725],[94.5905,17.5607],[94.5871,17.5687]]],[[[94.6635,16.2765],[94.6561,16.2711],[94.6625,16.2783],[94.6635,16.2765]]],[[[104.3725,0.2133],[104.3651,0.2225],[104.3765,0.2141],[104.3725,0.2133]]],[[[121.3303,-4.0827],[121.3223,-4.0836],[121.3317,-4.0763],[121.3303,-4.0827]]],[[[32.4807,-0.3195],[32.4697,-0.3234],[32.4675,-0.3218],[32.4807,-0.3195]]],[[[128.4859,-0.5974],[128.4775,-0.5992],[128.4773,-0.5919],[128.4859,-0.5974]]],[[[117.5375,0.0847],[117.5391,0.0775],[117.5325,0.0807],[117.5375,0.0847]]],[[[123.4627,-1.5638],[123.4645,-1.5572],[123.4675,-1.5661],[123.4627,-1.5638]]],[[[122.3305,-4.6845],[122.3257,-4.687],[122.3349,-4.6786],[122.3305,-4.6845]]],[[[119.4559,-4.6984],[119.4473,-4.7088],[119.4447,-4.7063],[119.4559,-4.6984]]],[[[119.4779,-8.6956],[119.4771,-8.6878],[119.4811,-8.6944],[119.4779,-8.6956]]],[[[94.2309,16.3757],[94.2305,16.3867],[94.2321,16.3873],[94.2309,16.3757]]],[[[104.4855,0.2467],[104.4789,0.2491],[104.4835,0.2521],[104.4855,0.2467]]],[[[119.4731,-4.705],[119.4655,-4.7061],[119.4703,-4.7024],[119.4731,-4.705]]],[[[110.0541,-2.3853],[110.0585,-2.3797],[110.0585,-2.3869],[110.0541,-2.3853]]],[[[119.9035,5.2383],[119.8961,5.2327],[119.8957,5.2345],[119.9035,5.2383]]],[[[152.2359,8.6011],[152.2361,8.6047],[152.2443,8.6041],[152.2359,8.6011]]],[[[143.8455,7.3215],[143.8475,7.3271],[143.8517,7.3223],[143.8455,7.3215]]],[[[27.9287,-16.8122],[27.9199,-16.8196],[27.9169,-16.8173],[27.9287,-16.8122]]],[[[130.7893,-0.7912],[130.7809,-0.7963],[130.7869,-0.7864],[130.7893,-0.7912]]],[[[109.1235,-0.1048],[109.1161,-0.1119],[109.1225,-0.103],[109.1235,-0.1048]]],[[[132.6305,-5.6478],[132.6253,-5.6529],[132.6293,-5.6451],[132.6305,-5.6478]]],[[[119.6471,11.1655],[119.6503,11.1719],[119.6513,11.1597],[119.6471,11.1655]]],[[[98.1949,10.8135],[98.1971,10.8211],[98.1979,10.8105],[98.1949,10.8135]]],[[[120.8231,11.4599],[120.8177,11.4531],[120.8163,11.4597],[120.8231,11.4599]]],[[[129.6461,-1.2203],[129.6437,-1.2075],[129.6465,-1.2068],[129.6461,-1.2203]]],[[[120.4083,12.6611],[120.4115,12.6681],[120.4139,12.6569],[120.4083,12.6611]]],[[[130.4457,-0.5307],[130.4521,-0.5295],[130.4531,-0.5349],[130.4457,-0.5307]]],[[[134.5913,-5.3796],[134.5813,-5.3821],[134.5871,-5.3756],[134.5913,-5.3796]]],[[[123.0543,-1.4397],[123.0487,-1.4477],[123.0447,-1.4459],[123.0543,-1.4397]]],[[[128.1307,-0.8208],[128.1289,-0.8158],[128.1403,-0.8172],[128.1307,-0.8208]]],[[[117.9455,-7.5],[117.9437,-7.5061],[117.9395,-7.5016],[117.9455,-7.5]]],[[[123.2435,12.4055],[123.2499,12.4125],[123.2521,12.4081],[123.2435,12.4055]]],[[[93.0413,13.6431],[93.0417,13.6507],[93.0461,13.6383],[93.0413,13.6431]]],[[[152.0045,7.2329],[151.9973,7.2303],[152.0031,7.2363],[152.0045,7.2329]]],[[[33.7709,-1.4065],[33.7759,-1.3962],[33.7767,-1.3975],[33.7709,-1.4065]]],[[[33.1551,-0.0595],[33.1499,-0.057],[33.1603,-0.0553],[33.1551,-0.0595]]],[[[32.6471,-0.0854],[32.6443,-0.0815],[32.6509,-0.0801],[32.6471,-0.0854]]],[[[131.6565,-7.0768],[131.6507,-7.0777],[131.6557,-7.0717],[131.6565,-7.0768]]],[[[121.8355,-5.3463],[121.8423,-5.3447],[121.8415,-5.3542],[121.8355,-5.3463]]],[[[119.8057,4.8131],[119.8011,4.8175],[119.8039,4.8203],[119.8057,4.8131]]],[[[113.2095,-7.3178],[113.2075,-7.3135],[113.2199,-7.3164],[113.2095,-7.3178]]],[[[93.9067,18.4305],[93.9055,18.4415],[93.9109,18.4305],[93.9067,18.4305]]],[[[93.7227,19.8865],[93.7207,19.8915],[93.7239,19.8883],[93.7227,19.8865]]],[[[139.6783,9.8909],[139.6843,9.8863],[139.6829,9.8785],[139.6783,9.8909]]],[[[108.8599,0.7037],[108.8573,0.7143],[108.8619,0.7045],[108.8599,0.7037]]],[[[120.3963,12.2047],[120.4001,12.2073],[120.3997,12.1957],[120.3963,12.2047]]],[[[124.0581,14.0271],[124.0577,14.0387],[124.0597,14.0267],[124.0581,14.0271]]],[[[114.5105,-3.4276],[114.5039,-3.432],[114.5095,-3.4225],[114.5105,-3.4276]]],[[[109.3523,-1.5208],[109.3509,-1.5299],[109.3481,-1.5216],[109.3523,-1.5208]]],[[[119.2015,10.5561],[119.1973,10.5511],[119.1953,10.5587],[119.2015,10.5561]]],[[[119.8647,-8.4673],[119.8703,-8.474],[119.8677,-8.4764],[119.8647,-8.4673]]],[[[117.4859,0.0735],[117.4855,0.0657],[117.4801,0.0661],[117.4859,0.0735]]],[[[123.2035,11.0409],[123.2093,11.0461],[123.2103,11.0437],[123.2035,11.0409]]],[[[118.0441,-7.0425],[118.0421,-7.0369],[118.0467,-7.0368],[118.0441,-7.0425]]],[[[90.6169,22.1769],[90.6113,22.1743],[90.6161,22.1833],[90.6169,22.1769]]],[[[128.3707,-0.5656],[128.3635,-0.5586],[128.3751,-0.5638],[128.3707,-0.5656]]],[[[117.0303,-8.4153],[117.0267,-8.4042],[117.0331,-8.4149],[117.0303,-8.4153]]],[[[95.9343,16.3799],[95.9279,16.3735],[95.9335,16.3835],[95.9343,16.3799]]],[[[97.7111,16.5603],[97.7153,16.5643],[97.7161,16.5623],[97.7111,16.5603]]],[[[119.2261,10.5331],[119.2303,10.5389],[119.2315,10.5311],[119.2261,10.5331]]],[[[127.2609,-0.4948],[127.2649,-0.4892],[127.2685,-0.494],[127.2609,-0.4948]]],[[[79.6883,9.0711],[79.6985,9.0755],[79.6993,9.0735],[79.6883,9.0711]]],[[[117.9195,-5.05],[117.9147,-5.0581],[117.9147,-5.05],[117.9195,-5.05]]],[[[151.7783,7.3383],[151.7711,7.3347],[151.7769,7.3419],[151.7783,7.3383]]],[[[92.7807,12.9221],[92.7841,12.9291],[92.7819,12.9213],[92.7807,12.9221]]],[[[158.0203,6.8011],[158.0191,6.7957],[158.0153,6.8081],[158.0203,6.8011]]],[[[119.9733,5.8893],[119.9675,5.8959],[119.9689,5.8965],[119.9733,5.8893]]],[[[82.3489,16.6109],[82.3413,16.6071],[82.3467,16.6111],[82.3489,16.6109]]],[[[151.9203,8.5613],[151.9167,8.5547],[151.9141,8.5569],[151.9203,8.5613]]],[[[109.2279,-1.4153],[109.2289,-1.4071],[109.2295,-1.4153],[109.2279,-1.4153]]],[[[119.9559,5.8747],[119.9543,5.8811],[119.9585,5.8773],[119.9559,5.8747]]],[[[150.4073,8.5829],[150.4001,8.5821],[150.4001,8.5863],[150.4073,8.5829]]],[[[123.5743,8.6209],[123.5729,8.6261],[123.5777,8.6315],[123.5743,8.6209]]],[[[112.7607,-5.7969],[112.7581,-5.8033],[112.7583,-5.7969],[112.7607,-5.7969]]],[[[121.2489,9.5911],[121.2369,9.5909],[121.2471,9.5961],[121.2489,9.5911]]],[[[31.8629,-1.2901],[31.8651,-1.2793],[31.8653,-1.2922],[31.8629,-1.2901]]],[[[122.4133,7.4869],[122.4145,7.4971],[122.4209,7.4951],[122.4133,7.4869]]],[[[120.2841,5.1615],[120.2881,5.1665],[120.2867,5.1607],[120.2841,5.1615]]],[[[93.5311,19.5285],[93.5251,19.5391],[93.5335,19.5295],[93.5311,19.5285]]],[[[108.1203,-3.1817],[108.1217,-3.1761],[108.1251,-3.1811],[108.1203,-3.1817]]],[[[109.1183,-1.3429],[109.1121,-1.3435],[109.1133,-1.3407],[109.1183,-1.3429]]],[[[151.8173,7.2897],[151.8177,7.2999],[151.8219,7.2893],[151.8173,7.2897]]],[[[115.5121,-6.9507],[115.5039,-6.9521],[115.5133,-6.9474],[115.5121,-6.9507]]],[[[110.1431,-2.6353],[110.1443,-2.6281],[110.1463,-2.6361],[110.1431,-2.6353]]],[[[117.4801,-0.8193],[117.4797,-0.814],[117.4861,-0.8225],[117.4801,-0.8193]]],[[[134.4723,-6.46],[134.4721,-6.4457],[134.4749,-6.462],[134.4723,-6.46]]],[[[104.4699,0.3697],[104.4647,0.3689],[104.4647,0.3717],[104.4699,0.3697]]],[[[110.1967,-5.7442],[110.1973,-5.7389],[110.1987,-5.742],[110.1967,-5.7442]]],[[[112.7579,-5.8593],[112.7521,-5.8651],[112.7515,-5.8619],[112.7579,-5.8593]]],[[[117.0847,-5.0187],[117.0805,-5.0176],[117.0839,-5.0163],[117.0847,-5.0187]]],[[[123.4605,-0.8222],[123.4559,-0.8249],[123.4501,-0.8161],[123.4605,-0.8222]]],[[[119.9281,4.8851],[119.9231,4.8837],[119.9249,4.8887],[119.9281,4.8851]]],[[[118.9781,-6.8632],[118.9737,-6.8678],[118.9729,-6.8601],[118.9781,-6.8632]]],[[[119.9251,5.0769],[119.9209,5.0711],[119.9193,5.0737],[119.9251,5.0769]]],[[[118.4567,-5.5096],[118.4557,-5.5027],[118.4577,-5.5069],[118.4567,-5.5096]]],[[[109.1199,-1.7013],[109.1161,-1.6969],[109.1219,-1.6959],[109.1199,-1.7013]]],[[[109.3609,-1.5055],[109.3611,-1.4984],[109.3643,-1.4992],[109.3609,-1.5055]]],[[[119.1881,-5.4005],[119.1837,-5.4063],[119.1813,-5.4032],[119.1881,-5.4005]]],[[[120.5591,-7.0746],[120.5547,-7.0693],[120.5595,-7.0694],[120.5591,-7.0746]]],[[[120.4045,-5.0693],[120.4049,-5.0619],[120.4071,-5.0677],[120.4045,-5.0693]]],[[[29.1341,-2.2857],[29.1273,-2.2876],[29.1263,-2.2839],[29.1341,-2.2857]]],[[[118.1097,-7.3021],[118.1059,-7.3083],[118.1031,-7.3045],[118.1097,-7.3021]]],[[[109.0965,-1.695],[109.0999,-1.6932],[109.0995,-1.7042],[109.0965,-1.695]]],[[[115.7729,-7.1167],[115.7707,-7.1102],[115.7733,-7.1117],[115.7729,-7.1167]]],[[[115.7735,-7.13],[115.7679,-7.1249],[115.7745,-7.1274],[115.7735,-7.13]]],[[[109.2735,-1.1971],[109.2681,-1.1999],[109.2699,-1.1941],[109.2735,-1.1971]]],[[[120.4343,-5.0716],[120.4293,-5.0674],[120.4335,-5.0675],[120.4343,-5.0716]]],[[[116.7261,-1.0929],[116.7299,-1.087],[116.7281,-1.0953],[116.7261,-1.0929]]],[[[116.7481,-1.1505],[116.7453,-1.1444],[116.7491,-1.1465],[116.7481,-1.1505]]],[[[79.8027,8.1733],[79.8053,8.1739],[79.8073,8.1617],[79.8027,8.1733]]],[[[115.8417,-7.1401],[115.8395,-7.1343],[115.8453,-7.1388],[115.8417,-7.1401]]],[[[119.7281,5.7989],[119.7241,5.8011],[119.7273,5.8033],[119.7281,5.7989]]],[[[152.0417,8.5871],[152.0365,8.5887],[152.0407,8.5903],[152.0417,8.5871]]],[[[121.1285,-6.4507],[121.1361,-6.4581],[121.1345,-6.4604],[121.1285,-6.4507]]],[[[80.0101,9.6409],[80.0129,9.6429],[80.0151,9.6393],[80.0101,9.6409]]],[[[119.9713,5.8799],[119.9667,5.8825],[119.9683,5.8867],[119.9713,5.8799]]],[[[109.3437,-1.5244],[109.3379,-1.5288],[109.3379,-1.525],[109.3437,-1.5244]]],[[[151.3599,8.5767],[151.3585,8.5683],[151.3575,8.5801],[151.3599,8.5767]]],[[[118.5341,-4.9683],[118.5351,-4.9627],[118.5371,-4.9652],[118.5341,-4.9683]]],[[[150.3301,8.7513],[150.3277,8.7465],[150.3245,8.7565],[150.3301,8.7513]]],[[[118.0183,-7.2165],[118.0133,-7.2208],[118.0117,-7.217],[118.0183,-7.2165]]],[[[110.0587,-1.4401],[110.0529,-1.4354],[110.0589,-1.4374],[110.0587,-1.4401]]],[[[150.1249,8.9911],[150.1179,8.9887],[150.1185,8.9923],[150.1249,8.9911]]],[[[117.9879,-7.5338],[117.9835,-7.5389],[117.9813,-7.5379],[117.9879,-7.5338]]],[[[152.3417,8.6895],[152.3365,8.6867],[152.3407,8.6907],[152.3417,8.6895]]],[[[109.3385,-1.7401],[109.3407,-1.7356],[109.3447,-1.7382],[109.3385,-1.7401]]],[[[111.9213,-8.3138],[111.9265,-8.3129],[111.9255,-8.3171],[111.9213,-8.3138]]],[[[117.0665,-5.0399],[117.0689,-5.0329],[117.0695,-5.0368],[117.0665,-5.0399]]],[[[117.5541,0.0823],[117.5517,0.0879],[117.5543,0.0889],[117.5541,0.0823]]],[[[118.6321,-5.4956],[118.6345,-5.4903],[118.6351,-5.494],[118.6321,-5.4956]]],[[[109.3049,-1.7122],[109.3017,-1.7192],[109.2989,-1.7181],[109.3049,-1.7122]]],[[[119.5807,-8.4995],[119.5831,-8.4944],[119.5851,-8.498],[119.5807,-8.4995]]],[[[119.3853,-3.474],[119.3887,-3.4677],[119.3885,-3.4742],[119.3853,-3.474]]],[[[113.6675,-7.254],[113.6645,-7.2502],[113.6689,-7.2474],[113.6675,-7.254]]],[[[128.4869,-8.3354],[128.4837,-8.3409],[128.4803,-8.3398],[128.4869,-8.3354]]],[[[115.5209,-6.9585],[115.5183,-6.9541],[115.5211,-6.9503],[115.5209,-6.9585]]],[[[119.7111,-8.6328],[119.7143,-8.6296],[119.7149,-8.6326],[119.7111,-8.6328]]],[[[114.0519,-7.2027],[114.0473,-7.2057],[114.0477,-7.2021],[114.0519,-7.2027]]],[[[114.5779,-7.0829],[114.5763,-7.0786],[114.5803,-7.0766],[114.5779,-7.0829]]],[[[110.3597,-6.9504],[110.3539,-6.9463],[110.3609,-6.9486],[110.3597,-6.9504]]],[[[104.5043,0.0],[104.5069,0.0045],[104.5115,0.0],[104.5043,0.0]]],[[[109.2381,-1.4073],[109.2349,-1.4132],[109.2347,-1.4084],[109.2381,-1.4073]]],[[[119.9747,5.8677],[119.9709,5.8647],[119.9691,5.8705],[119.9747,5.8677]]],[[[109.3071,-1.7461],[109.3119,-1.7418],[109.3123,-1.7446],[109.3071,-1.7461]]],[[[110.4125,-5.8955],[110.4117,-5.8874],[110.4139,-5.8866],[110.4125,-5.8955]]],[[[110.0219,-1.4402],[110.0231,-1.4333],[110.0255,-1.4399],[110.0219,-1.4402]]],[[[120.3987,-5.0696],[120.3963,-5.0754],[120.3959,-5.0707],[120.3987,-5.0696]]],[[[117.5383,-7.3542],[117.5373,-7.3459],[117.5399,-7.3532],[117.5383,-7.3542]]],[[[117.7997,-7.4361],[117.7947,-7.4401],[117.7941,-7.4362],[117.7997,-7.4361]]],[[[119.9367,5.2439],[119.9339,5.2509],[119.9361,5.2521],[119.9367,5.2439]]],[[[119.9317,4.8981],[119.9267,4.8989],[119.9313,4.9023],[119.9317,4.8981]]],[[[109.1157,-0.1373],[109.1177,-0.1321],[109.1199,-0.1394],[109.1157,-0.1373]]],[[[119.9459,5.2569],[119.9401,5.2565],[119.9465,5.2589],[119.9459,5.2569]]],[[[119.9751,5.9237],[119.9811,5.9245],[119.9811,5.9197],[119.9751,5.9237]]],[[[118.0011,-7.0681],[117.9949,-7.0682],[118.0005,-7.0653],[118.0011,-7.0681]]],[[[147.6339,8.0847],[147.6311,8.0903],[147.6335,8.0919],[147.6339,8.0847]]],[[[117.0843,-5.0494],[117.0833,-5.043],[117.0857,-5.046],[117.0843,-5.0494]]],[[[115.5857,-6.9936],[115.5827,-6.9896],[115.5885,-6.9901],[115.5857,-6.9936]]],[[[150.3695,8.6221],[150.3689,8.6165],[150.3659,8.6207],[150.3695,8.6221]]],[[[114.2471,-3.4126],[114.2449,-3.4174],[114.2425,-3.4094],[114.2471,-3.4126]]],[[[118.1599,-7.0766],[118.1539,-7.0804],[118.1533,-7.0757],[118.1599,-7.0766]]],[[[117.5895,-7.4023],[117.5933,-7.4022],[117.5919,-7.4076],[117.5895,-7.4023]]],[[[151.7449,8.4255],[151.7471,8.4289],[151.7481,8.4249],[151.7449,8.4255]]],[[[119.9653,5.2503],[119.9597,5.2507],[119.9641,5.2537],[119.9653,5.2503]]],[[[119.9211,5.2281],[119.9175,5.2283],[119.9201,5.2333],[119.9211,5.2281]]],[[[109.3493,-1.6509],[109.3453,-1.6551],[109.3445,-1.653],[109.3493,-1.6509]]],[[[150.0669,8.9585],[150.0611,8.9541],[150.0635,8.9601],[150.0669,8.9585]]],[[[79.7921,9.6827],[79.7953,9.6863],[79.7937,9.6801],[79.7921,9.6827]]],[[[109.2851,-1.2058],[109.2799,-1.205],[109.2851,-1.2041],[109.2851,-1.2058]]],[[[118.2387,-7.0932],[118.2399,-7.0846],[118.2419,-7.0915],[118.2387,-7.0932]]],[[[109.2535,-1.2318],[109.2491,-1.2342],[109.2515,-1.2286],[109.2535,-1.2318]]],[[[119.5939,-8.5707],[119.5927,-8.565],[119.5967,-8.5647],[119.5939,-8.5707]]],[[[119.3205,-5.0573],[119.3243,-5.0504],[119.3231,-5.058],[119.3205,-5.0573]]],[[[150.2795,8.7969],[150.2759,8.8027],[150.2821,8.7973],[150.2795,8.7969]]],[[[116.7341,-1.0797],[116.7361,-1.075],[116.7371,-1.081],[116.7341,-1.0797]]],[[[118.0813,-8.6178],[118.0811,-8.6119],[118.0839,-8.6166],[118.0813,-8.6178]]],[[[113.6629,-8.5078],[113.6633,-8.5027],[113.6651,-8.505],[113.6629,-8.5078]]],[[[109.3609,-1.6608],[109.3633,-1.6563],[109.3637,-1.6596],[109.3609,-1.6608]]],[[[115.4919,-6.9474],[115.4937,-6.9432],[115.4941,-6.9471],[115.4919,-6.9474]]],[[[115.7581,-7.119],[115.7627,-7.1184],[115.7607,-7.1234],[115.7581,-7.119]]],[[[111.4805,-8.3359],[111.4823,-8.333],[111.4851,-8.3313],[111.4805,-8.3359]]],[[[119.4087,-4.9099],[119.4059,-4.904],[119.4087,-4.9033],[119.4087,-4.9099]]],[[[118.2845,-7.1446],[118.2821,-7.1479],[118.2813,-7.1421],[118.2845,-7.1446]]],[[[111.6349,-8.3615],[111.6305,-8.3628],[111.6337,-8.3608],[111.6349,-8.3615]]],[[[109.3953,-1.4781],[109.3929,-1.4825],[109.3923,-1.4762],[109.3953,-1.4781]]],[[[109.2975,-1.7367],[109.2947,-1.7318],[109.2973,-1.7311],[109.2975,-1.7367]]],[[[119.3699,-8.5343],[119.3727,-8.5305],[119.3731,-8.5331],[119.3699,-8.5343]]],[[[118.0491,-8.6339],[118.0529,-8.629],[118.0541,-8.6299],[118.0491,-8.6339]]],[[[111.7093,-8.4032],[111.7061,-8.4001],[111.7079,-8.3991],[111.7093,-8.4032]]],[[[113.6725,-7.2432],[113.6747,-7.2389],[113.6755,-7.2428],[113.6725,-7.2432]]],[[[119.8479,-8.4401],[119.8503,-8.4369],[119.8515,-8.4385],[119.8479,-8.4401]]],[[[115.5335,-8.8082],[115.5313,-8.8047],[115.5359,-8.8046],[115.5335,-8.8082]]],[[[110.6053,-8.1563],[110.6093,-8.1538],[110.6105,-8.1557],[110.6053,-8.1563]]],[[[119.5901,-8.4923],[119.5909,-8.4878],[119.5931,-8.4934],[119.5901,-8.4923]]],[[[119.4145,-8.5219],[119.4161,-8.5198],[119.4175,-8.5263],[119.4145,-8.5219]]],[[[118.2123,-8.6637],[118.2163,-8.6621],[118.2187,-8.665],[118.2123,-8.6637]]],[[[119.5967,-8.5501],[119.5961,-8.5456],[119.5993,-8.5431],[119.5967,-8.5501]]],[[[119.9841,5.9099],[119.9843,5.9051],[119.9823,5.9091],[119.9841,5.9099]]],[[[119.9695,5.2643],[119.9665,5.2615],[119.9659,5.2629],[119.9695,5.2643]]],[[[119.4573,-8.6939],[119.4623,-8.6935],[119.4637,-8.6972],[119.4573,-8.6939]]],[[[112.2411,-8.3557],[112.2391,-8.3531],[112.2433,-8.3521],[112.2411,-8.3557]]],[[[116.8055,-8.8093],[116.8069,-8.8051],[116.8077,-8.8101],[116.8055,-8.8093]]],[[[116.7343,-8.6854],[116.7285,-8.6864],[116.7345,-8.6822],[116.7343,-8.6854]]],[[[119.9857,5.9171],[119.9835,5.9137],[119.9823,5.9171],[119.9857,5.9171]]],[[[111.6245,-8.3636],[111.6265,-8.3604],[111.6285,-8.3624],[111.6245,-8.3636]]],[[[113.8999,-8.5981],[113.8993,-8.5946],[113.9009,-8.5951],[113.8999,-8.5981]]],[[[111.4385,-8.2743],[111.4407,-8.2727],[111.4393,-8.2782],[111.4385,-8.2743]]],[[[115.9141,-8.728],[115.9193,-8.7273],[115.9153,-8.7312],[115.9141,-8.728]]],[[[110.9993,-8.2627],[110.9971,-8.2583],[111.0001,-8.2607],[110.9993,-8.2627]]],[[[119.7609,-8.5896],[119.7649,-8.5937],[119.7611,-8.594],[119.7609,-8.5896]]],[[[117.9441,-8.6249],[117.9503,-8.6253],[117.9475,-8.6271],[117.9441,-8.6249]]],[[[111.6453,-8.3603],[111.6427,-8.3576],[111.6441,-8.3573],[111.6453,-8.3603]]],[[[112.1835,-8.3346],[112.1851,-8.3316],[112.1865,-8.3343],[112.1835,-8.3346]]],[[[119.5049,-8.6548],[119.5049,-8.6519],[119.5069,-8.6544],[119.5049,-8.6548]]],[[[111.7647,-8.3936],[111.7665,-8.3919],[111.7661,-8.3939],[111.7647,-8.3936]]],[[[119.9739,5.2605],[119.9769,5.2587],[119.9757,5.2567],[119.9739,5.2605]]],[[[118.1993,-8.6006],[118.2057,-8.6006],[118.2047,-8.6026],[118.1993,-8.6006]]],[[[116.0135,-8.7239],[116.0153,-8.7196],[116.0161,-8.7244],[116.0135,-8.7239]]],[[[115.9743,-8.734],[115.9753,-8.732],[115.9789,-8.7329],[115.9743,-8.734]]],[[[108.8713,0.7041],[108.8679,0.7053],[108.8711,0.7055],[108.8713,0.7041]]],[[[119.9719,5.8791],[119.9747,5.8777],[119.9725,5.8759],[119.9719,5.8791]]],[[[116.0483,-8.8772],[116.0505,-8.8771],[116.0485,-8.8817],[116.0483,-8.8772]]],[[[115.9853,-8.7149],[115.9871,-8.714],[115.9873,-8.7184],[115.9853,-8.7149]]],[[[113.9037,-8.5902],[113.9005,-8.5908],[113.9023,-8.5884],[113.9037,-8.5902]]],[[[116.0923,-8.8958],[116.0943,-8.8957],[116.0937,-8.8998],[116.0923,-8.8958]]],[[[126.5723,7.7235],[126.5737,7.7253],[126.5749,7.7235],[126.5723,7.7235]]]]}},{"type":"Feature","properties":{"birdlifeId":"22712252","scientificName":"Hirundo rustica","rangeType":"breeding","speciesId":"avibase-58C502EA","speciesName":"Barn Swallow","speciesLatin":"Hirundo rustica"},"geometry":{"type":"MultiPolygon","coordinates":[[[[-128.4921,52.9205],[-128.4312,53.0963],[-128.8567,53.2731],[-128.9854,53.5345],[-128.4699,53.3159],[-128.1484,53.4483],[-127.8232,53.0729],[-127.5445,53.0945],[-128.0512,53.3783],[-127.993,53.5199],[-128.5425,53.4201],[-128.7954,53.5801],[-128.7876,53.7827],[-128.4735,53.8039],[-128.7105,53.8789],[-128.524,54.2587],[-128.812,53.8527],[-129.359,53.6495],[-129.2851,53.3565],[-130.1082,53.9465],[-129.9532,54.1581],[-129.8406,54.0263],[-129.7442,53.9573],[-129.682,53.9545],[-129.6613,53.9161],[-129.6154,53.8775],[-129.5836,53.8755],[-129.9383,54.1789],[-129.5968,54.1733],[-129.2506,54.3209],[-130.1249,54.1475],[-130.2386,54.3959],[-130.4865,54.3623],[-130.3745,54.4619],[-130.4295,54.6297],[-130.0708,54.3439],[-129.9845,54.3001],[-129.9853,54.5049],[-130.109,54.4135],[-130.3834,54.6325],[-130.1855,54.7059],[-130.043,54.6213],[-129.9522,54.5917],[-129.9137,54.5995],[-130.2147,54.7189],[-130.0511,54.8847],[-130.1667,54.8547],[-130.0183,54.9701],[-129.6579,54.9653],[-129.4753,55.0363],[-129.4001,55.1009],[-129.4056,55.1255],[-129.3374,55.1397],[-129.3328,55.1561],[-129.2951,55.1529],[-129.2702,55.1621],[-129.2531,55.1811],[-129.2923,55.1833],[-129.3656,55.1663],[-129.6726,54.9825],[-130.0085,55.0073],[-129.4587,55.4637],[-129.7006,55.4039],[-129.8097,55.6231],[-129.7705,55.3599],[-130.1191,54.9897],[-129.9442,55.2851],[-130.1438,55.7375],[-130.0132,55.8677],[-129.9974,55.9283],[-130.1723,55.7475],[-129.9916,55.2781],[-130.4817,54.8291],[-130.6416,54.9603],[-130.63,54.7955],[-130.7099,54.7597],[-130.7382,54.9563],[-130.8494,54.7651],[-131.0053,55.0149],[-130.6844,55.0181],[-130.4682,55.3347],[-130.7463,55.0915],[-131.0871,55.1855],[-130.619,55.2979],[-130.8684,55.3119],[-130.8635,55.5363],[-130.6704,55.5481],[-130.6357,55.6481],[-130.8669,55.5515],[-130.695,55.7463],[-130.9546,55.7661],[-130.848,55.8257],[-130.8224,55.8903],[-130.9824,55.7909],[-131.1703,56.0001],[-131.5326,56.0001],[-131.7317,55.8837],[-131.8432,55.9431],[-131.7481,55.8789],[-131.9171,55.8561],[-131.8189,55.6629],[-132.1471,55.5565],[-132.2824,55.7569],[-131.9978,55.7755],[-132.0951,55.8435],[-131.9312,55.9729],[-131.9652,56.1703],[-131.5885,56.1583],[-131.4521,56.2301],[-131.9206,56.2339],[-131.9565,56.3845],[-132.3551,56.5911],[-132.2022,56.6521],[-132.1574,56.7005],[-131.8803,56.6433],[-131.8028,56.6529],[-131.8048,56.6705],[-132.1283,56.7921],[-132.4494,56.6753],[-132.3621,56.8211],[-132.9363,56.9869],[-132.7807,56.9633],[-132.8037,57.0937],[-133.56,57.1823],[-133.0436,57.3533],[-133.4406,57.3517],[-133.3336,57.4451],[-133.6375,57.7147],[-133.0592,57.5093],[-132.8831,57.5029],[-133.5708,57.7709],[-133.5664,57.9151],[-133.1234,57.8647],[-133.5731,57.9263],[-133.6601,57.7873],[-133.8359,57.9373],[-133.6722,57.9299],[-133.3651,58.1349],[-134.0368,58.0597],[-133.9953,58.4037],[-133.7026,58.5403],[-133.7798,58.5209],[-133.8431,58.5293],[-133.9401,58.5085],[-134.0695,58.4131],[-134.1346,58.1985],[-134.5036,58.3545],[-134.7594,58.3861],[-134.7719,58.4939],[-134.9724,58.6733],[-134.8958,58.6629],[-134.9162,58.9537],[-135.0165,58.7339],[-135.2751,59.1967],[-135.0743,59.2399],[-135.33,59.2347],[-135.3406,59.4815],[-135.399,59.2877],[-135.7105,59.4637],[-135.7118,59.4201],[-135.4383,59.2753],[-135.2865,59.0955],[-135.4724,59.2337],[-135.6122,59.2623],[-135.3681,59.1027],[-135.3689,58.9253],[-135.1324,58.6221],[-135.0791,58.2381],[-135.5006,58.5117],[-135.4604,58.3761],[-135.6128,58.4283],[-135.9106,58.3825],[-135.8258,58.4797],[-135.8291,58.5449],[-135.8919,58.5749],[-135.8239,58.6039],[-136.0757,58.8215],[-135.7544,58.8881],[-135.8305,58.9123],[-135.9692,58.9145],[-136.047,58.8553],[-136.1739,59.0725],[-136.1999,58.7519],[-136.4886,58.9695],[-137.0649,59.0617],[-136.9079,58.9315],[-137.0218,58.9215],[-137.1331,58.8299],[-136.6631,58.8575],[-136.5313,58.7005],[-136.3393,58.6859],[-136.544,58.6121],[-136.3014,58.6709],[-136.0315,58.3825],[-136.5194,58.4515],[-136.3575,58.3021],[-136.5996,58.3681],[-136.6454,58.2067],[-136.8036,58.4177],[-137.0913,58.3851],[-138.1759,59.0323],[-138.601,59.1249],[-138.4989,59.1209],[-138.4565,59.1957],[-139.2452,59.3623],[-139.2195,59.3909],[-139.018,59.4263],[-139.0255,59.4361],[-139.2655,59.3921],[-139.308,59.3475],[-139.8521,59.5365],[-139.6343,59.5673],[-139.4615,59.7051],[-139.6285,59.8937],[-139.4765,59.9959],[-139.2926,59.5625],[-139.2775,59.8257],[-139.0378,59.8379],[-138.9555,59.7989],[-138.8684,59.8123],[-139.5049,60.0551],[-140.3048,59.6941],[-141.4562,59.8763],[-141.2091,59.9761],[-141.4062,60.1509],[-141.5488,60.0973],[-141.3711,60.0301],[-141.7118,59.9489],[-142.781,60.1061],[-143.8899,59.9895],[-144.2539,60.0267],[-143.9818,60.0485],[-144.1968,60.2147],[-144.9422,60.2899],[-144.735,60.4609],[-145.0743,60.4729],[-145.33,60.3395],[-145.9579,60.4673],[-145.7598,60.5389],[-145.6363,60.6677],[-146.2652,60.6253],[-145.9801,60.7477],[-146.0526,60.7949],[-146.5026,60.6675],[-146.6968,60.7239],[-146.0959,60.8329],[-146.6462,60.8167],[-146.7665,60.9419],[-146.5,61.0015],[-146.6455,61.0745],[-146.2907,61.0807],[-146.195,61.1183],[-146.1896,61.1341],[-147.2411,61.0109],[-147.3944,60.8713],[-147.4206,61.0163],[-147.4983,61.0089],[-147.5066,60.9093],[-147.5608,60.9051],[-147.5257,61.1521],[-147.6128,60.8481],[-148.0777,60.9289],[-147.7265,61.2741],[-148.3547,60.8051],[-148.5241,60.8345],[-148.7281,60.7853],[-148.4667,60.7987],[-148.6408,60.7455],[-148.6917,60.6549],[-148.5356,60.7627],[-148.3755,60.7641],[-148.4438,60.6173],[-148.3542,60.6483],[-148.3606,60.6881],[-148.2374,60.7615],[-148.3095,60.6767],[-148.2027,60.6087],[-148.4564,60.5245],[-148.2922,60.4313],[-148.0929,60.5955],[-147.9437,60.4387],[-148.3984,60.2797],[-148.0977,60.2169],[-148.3432,60.1883],[-148.4367,59.9483],[-149.1312,59.9645],[-149.0122,60.0779],[-149.0346,60.0953],[-149.3028,59.8687],[-149.3059,60.0095],[-149.4395,60.1217],[-149.6311,59.8195],[-149.5431,59.7803],[-149.5315,59.7037],[-149.6495,59.7373],[-149.7337,59.9535],[-149.8742,59.8501],[-149.7665,59.7929],[-149.7425,59.6401],[-149.7702,59.7045],[-150.0382,59.7989],[-149.9468,59.6555],[-150.1449,59.6921],[-150.0918,59.5801],[-150.2094,59.5821],[-150.2544,59.4903],[-150.4013,59.4655],[-150.2387,59.7313],[-150.4822,59.4637],[-150.6726,59.5485],[-150.5923,59.4429],[-150.747,59.4245],[-150.9621,59.3119],[-150.9671,59.2001],[-151.0454,59.3255],[-151.5934,59.1629],[-151.9817,59.2579],[-151.8925,59.4289],[-151.5036,59.4519],[-151.4504,59.5447],[-151.2506,59.5501],[-150.9246,59.7939],[-151.4259,59.6001],[-151.8586,59.7391],[-151.2194,60.5261],[-151.4175,60.7193],[-150.3821,61.0351],[-149.0046,60.8193],[-150.0744,61.1581],[-149.3178,61.4757],[-149.4629,61.5051],[-149.9874,61.2363],[-150.6607,61.3129],[-151.7395,60.9157],[-151.7137,60.7169],[-152.7224,60.2449],[-152.5714,60.0757],[-152.7069,59.9203],[-153.2351,59.8599],[-152.9937,59.8083],[-153.2177,59.6351],[-153.4599,59.7861],[-154.2668,59.1421],[-154.1646,59.0185],[-153.6996,59.0755],[-153.2531,58.8485],[-154.0915,58.4849],[-153.9881,58.3919],[-154.3578,58.2849],[-154.1114,58.2861],[-154.2199,58.1351],[-155.0318,58.0245],[-155.3047,57.7233],[-155.6132,57.7911],[-155.735,57.5399],[-156.0412,57.5643],[-156.0255,57.4335],[-156.2033,57.4759],[-156.5415,57.3231],[-156.3224,57.2899],[-156.5606,56.9771],[-156.7747,57.0367],[-157.2033,56.7643],[-157.4381,56.8589],[-157.4624,56.6235],[-157.7713,56.6797],[-158.1378,56.5345],[-157.8196,56.5561],[-157.8666,56.4711],[-158.4057,56.4513],[-158.6634,56.2639],[-158.1181,56.2367],[-158.486,56.1091],[-158.4327,55.9915],[-158.5987,56.0461],[-158.4569,56.1905],[-158.6209,56.1983],[-158.6496,55.9807],[-158.8342,56.0159],[-158.9056,55.9127],[-159.3694,55.8669],[-159.4154,55.7849],[-159.4557,55.8965],[-159.5238,55.8841],[-159.5912,55.5607],[-159.7371,55.5975],[-159.5802,55.8009],[-159.8079,55.8549],[-160.4116,55.6589],[-160.4964,55.4755],[-160.589,55.6063],[-161.2391,55.3547],[-161.4994,55.3619],[-161.3921,55.6271],[-161.6808,55.5665],[-161.8227,55.2931],[-162.5141,55.4909],[-161.8045,55.8879],[-161.1875,56.0085],[-161.1161,56.0091],[-161.3641,55.9539],[-161.3838,55.9121],[-160.8734,56.0001],[-161.0182,55.8951],[-160.7997,55.7101],[-160.6521,55.7273],[-160.7831,55.8831],[-160.5206,55.8675],[-160.4542,55.7829],[-160.2444,55.7691],[-160.5772,55.9109],[-160.3452,56.2839],[-158.8871,56.8849],[-158.6865,56.7831],[-158.3596,57.2629],[-157.5899,57.4963],[-157.713,57.6365],[-157.5874,58.1275],[-157.3653,58.2309],[-157.5424,58.3825],[-156.9806,58.7201],[-156.8926,58.9787],[-157.0165,58.9677],[-157.0952,58.8755],[-157.7049,58.7287],[-157.4679,59.0409],[-153.5714,61.3101],[-151.473,62.0853],[-147.3958,62.5903],[-138.1107,61.7593],[-135.3426,61.8435],[-133.5251,62.2203],[-131.9983,63.0425],[-131.0725,64.0821],[-131.0889,64.6771],[-131.8764,66.2349],[-131.7748,66.6655],[-130.704,67.0389],[-129.5901,67.0735],[-127.3171,66.6529],[-125.2594,65.9593],[-120.1253,62.9677],[-117.9626,62.2137],[-116.7047,61.3185],[-116.6887,61.2073],[-116.9146,61.1877],[-117.0689,61.1429],[-117.0613,61.0531],[-116.6178,61.0147],[-116.5469,61.0317],[-116.482,61.0131],[-115.8801,60.6975],[-116.0024,60.6619],[-116.0783,60.6183],[-116.1078,60.5965],[-116.1017,60.5589],[-116.1405,60.5529],[-116.1566,60.5299],[-116.1643,60.5331],[-116.2116,60.5257],[-116.3005,60.4887],[-116.335,60.4421],[-116.3131,60.4205],[-116.3675,60.3971],[-116.3814,60.3551],[-116.4576,60.3343],[-116.6624,60.1955],[-116.7348,60.1121],[-116.7248,60.0929],[-116.8058,60.0707],[-116.8435,60.0287],[-116.8904,60.0349],[-116.9652,60.0035],[-116.9432,59.9915],[-116.9197,60.0225],[-116.8289,60.0273],[-116.7174,60.0905],[-116.3733,60.3519],[-116.3016,60.4189],[-116.2928,60.4877],[-116.148,60.5253],[-115.8711,60.6947],[-112.6375,58.4157],[-110.7922,58.1687],[-107.4345,56.5271],[-97.6531,55.1073],[-98.2871,54.9651],[-98.3807,54.8827],[-98.3366,54.8055],[-98.1172,54.9313],[-98.2921,54.7947],[-97.8858,54.6727],[-97.9208,54.6555],[-97.964,54.6641],[-97.9933,54.6511],[-98.182,54.5357],[-98.1856,54.5451],[-98.2937,54.5513],[-98.472,54.5161],[-98.0335,54.5345],[-98.7363,54.2471],[-98.3248,54.3191],[-98.4932,54.1385],[-98.0913,53.7449],[-98.9616,53.7339],[-98.7116,53.8301],[-98.9406,53.8631],[-99.2739,53.1585],[-99.4515,53.1841],[-99.4157,53.2095],[-99.4255,53.2879],[-99.3814,53.3281],[-99.4399,53.3591],[-99.763,53.3171],[-99.8935,53.1901],[-99.9908,53.5227],[-100.3109,53.6329],[-99.9264,53.7259],[-99.9558,53.7969],[-99.8333,53.8779],[-99.8783,53.8213],[-99.7544,53.7675],[-99.6003,53.9877],[-100.1416,53.7709],[-100.0345,53.9377],[-100.2645,54.0197],[-99.803,54.1713],[-100.1618,54.2551],[-100.3985,54.1789],[-100.2517,53.9273],[-100.5255,53.9245],[-100.151,53.9271],[-100.4716,53.8063],[-100.2842,53.6823],[-100.32,53.6377],[-100.3097,53.6149],[-100.3308,53.5563],[-100.9357,53.4353],[-99.9571,53.0683],[-99.6554,53.2193],[-99.5664,53.0211],[-99.466,53.1311],[-99.2853,53.1347],[-99.2145,53.1839],[-99.2196,53.1115],[-99.0273,53.0167],[-98.4285,53.0309],[-98.9321,52.8785],[-98.0518,51.9395],[-97.7875,51.8599],[-97.7771,52.1247],[-97.4884,52.1277],[-97.6203,51.9789],[-97.5476,51.9143],[-97.4441,52.0427],[-97.3265,52.0235],[-97.2846,51.4373],[-97.1286,51.4971],[-97.1115,51.6719],[-96.722,51.6119],[-97.0087,51.1811],[-96.6017,51.3451],[-96.9604,51.0435],[-96.988,50.5699],[-96.7774,50.3603],[-96.5716,50.4467],[-96.5348,50.7321],[-96.4656,50.6561],[-96.3216,50.6307],[-96.2459,50.5757],[-96.1511,50.5613],[-96.1399,50.5337],[-96.1258,50.5203],[-96.0932,50.5177],[-96.0647,50.4717],[-96.005,50.4611],[-96.0016,50.3005],[-96.0606,50.2327],[-96.0691,50.1991],[-96.0583,50.1633],[-95.7546,50.4027],[-96.39,50.7093],[-96.4378,51.0727],[-96.2577,51.1935],[-97.1183,52.2401],[-96.9651,52.2309],[-97.4594,52.9545],[-97.2148,52.9801],[-97.4056,53.0331],[-97.3969,53.1685],[-97.579,53.2687],[-97.7948,53.7123],[-97.98,53.8485],[-97.9493,53.9049],[-97.8703,53.9235],[-97.7904,53.9725],[-97.7762,54.0099],[-97.7213,54.0327],[-97.7383,54.0829],[-97.6132,54.1531],[-97.5263,54.3021],[-97.6267,54.3967],[-97.5603,54.4133],[-97.5849,54.4387],[-97.6407,54.3843],[-97.6064,54.3005],[-97.5479,54.2859],[-97.6245,54.2315],[-97.6313,54.1973],[-97.6766,54.1539],[-97.6839,54.1279],[-97.8083,54.0459],[-97.789,54.0327],[-98.2441,53.9835],[-98.1708,54.1779],[-97.7708,54.2957],[-97.9396,54.2947],[-97.8693,54.3381],[-97.9704,54.4341],[-98.0579,54.4065],[-97.9701,54.5837],[-97.8438,54.5377],[-97.8109,54.5535],[-97.9167,54.4767],[-97.5088,54.4759],[-97.7721,54.6449],[-97.5198,54.7221],[-97.5573,54.6829],[-97.4955,54.6579],[-97.3929,54.6615],[-97.3276,54.6845],[-97.3548,54.6963],[-97.2799,54.6883],[-97.3445,54.7111],[-97.3915,54.7023],[-97.4146,54.6681],[-97.5169,54.6881],[-96.9939,54.7827],[-97.1625,54.8011],[-96.6879,54.9383],[-96.9253,54.9609],[-97.6301,54.7277],[-97.7144,54.7567],[-97.8436,54.7411],[-98.0437,54.8015],[-97.6927,55.0105],[-89.1731,54.6259],[-87.1519,54.3819],[-84.0987,53.3643],[-80.419,51.3305],[-76.0655,49.4847],[-71.5351,48.7131],[-68.8312,49.1227],[-68.1816,49.1453],[-69.0718,48.7689],[-69.9106,47.7643],[-70.5026,47.4385],[-71.2428,46.7707],[-71.8882,46.6849],[-72.2159,46.5599],[-72.5864,46.3013],[-72.8535,46.2685],[-72.997,46.1691],[-73.0133,46.1649],[-73.113,46.1393],[-73.1526,46.1127],[-73.4741,45.7135],[-73.6068,45.4165],[-74.0155,45.4165],[-75.3019,44.8539],[-75.4321,44.7809],[-75.7629,44.5439],[-75.9526,44.3773],[-76.6241,44.2413],[-76.9286,44.1045],[-76.8446,44.1049],[-77.0157,43.9905],[-77.0387,43.9211],[-76.8658,43.9379],[-77.1227,43.8437],[-77.6751,44.0341],[-79.09,43.8209],[-79.5378,43.5803],[-79.7925,43.3081],[-79.0631,43.2555],[-79.113,43.0445],[-78.9275,42.8831],[-80.2066,42.7791],[-80.4445,42.6079],[-80.4298,42.5775],[-80.0371,42.5445],[-80.0654,42.5395],[-81.3277,42.6453],[-82.5052,41.9017],[-83.103,42.0411],[-83.1021,42.2503],[-82.4435,42.3091],[-82.5755,42.5521],[-82.4834,42.5511],[-82.5024,42.6589],[-82.4605,42.7495],[-82.4497,42.9183],[-82.4027,42.9721],[-82.4146,42.9977],[-81.7061,43.3907],[-81.7502,44.0683],[-81.2683,44.6353],[-81.2799,44.7983],[-81.3653,44.9955],[-81.7223,45.2201],[-81.2795,45.2385],[-81.1508,44.8993],[-80.9547,44.9509],[-81.1354,44.7427],[-80.9009,44.7891],[-80.9378,44.5767],[-80.6446,44.7187],[-80.1061,44.4627],[-79.9692,44.6651],[-80.1155,44.8081],[-79.7022,44.7593],[-79.6879,44.8291],[-79.7818,44.8091],[-79.7638,44.8703],[-79.8211,44.9401],[-80.1021,45.1135],[-79.8734,45.0945],[-80.0748,45.2791],[-80.1399,45.2751],[-80.1619,45.2215],[-80.1803,45.2225],[-80.2136,45.2981],[-80.1068,45.3079],[-80.7353,45.9445],[-81.4927,46.0085],[-81.6765,45.9341],[-81.5592,45.9963],[-81.7121,46.0097],[-81.5469,46.0463],[-81.5402,46.0855],[-81.6584,46.1121],[-81.7589,46.0051],[-81.7238,46.1035],[-82.3712,46.1539],[-82.2353,46.1851],[-83.1002,46.1625],[-83.0476,46.1813],[-83.8869,46.3299],[-84.0508,46.3149],[-84.0511,46.5017],[-84.1708,46.5427],[-84.5168,46.4687],[-84.4208,46.6861],[-84.5567,46.8119],[-84.3583,46.8801],[-84.7771,46.9705],[-84.5832,47.2981],[-84.7875,47.4731],[-85.0396,47.5895],[-84.8527,47.9505],[-85.8519,47.9709],[-86.4298,48.7725],[-87.287,48.7601],[-87.562,48.8677],[-87.9497,48.9287],[-88.0487,49.0087],[-88.2582,49.0107],[-88.2416,48.8529],[-88.0942,48.7759],[-88.2036,48.5869],[-88.3427,48.6427],[-88.5617,48.4075],[-88.3037,48.7501],[-88.3417,48.8147],[-88.4961,48.8345],[-88.7542,48.3455],[-88.9464,48.3019],[-88.7761,48.5721],[-89.1444,48.4767],[-89.2315,48.4199],[-89.3454,48.0931],[-90.7214,47.6205],[-92.0801,46.7847],[-91.7931,46.6907],[-90.8531,46.9615],[-90.7441,46.8835],[-90.9353,46.5837],[-90.6916,46.6559],[-90.7969,46.7265],[-90.4082,46.5605],[-88.6301,47.2235],[-88.6375,47.1637],[-88.6179,47.1271],[-88.4439,46.9987],[-88.4842,46.7523],[-88.1256,46.9613],[-88.2339,46.8859],[-88.2761,46.8191],[-87.7788,46.8741],[-87.3354,46.4901],[-86.6406,46.4087],[-86.1549,46.6627],[-84.9499,46.7705],[-84.9964,46.4745],[-84.5791,46.4103],[-84.3,46.4837],[-84.2654,46.1961],[-84.0219,46.1285],[-84.0619,46.0903],[-83.8962,46.0033],[-83.9008,45.9485],[-84.6526,46.0485],[-84.7525,45.8317],[-85.5086,46.0873],[-86.2638,45.9435],[-86.6073,45.5965],[-86.7141,45.6821],[-86.5388,45.8867],[-86.966,45.6659],[-86.9686,45.9139],[-87.9656,44.7363],[-88.0055,44.5233],[-87.5713,44.8527],[-87.3124,44.7911],[-87.9049,43.2389],[-87.825,42.2791],[-87.3976,41.6375],[-86.6778,41.8341],[-86.3123,42.3069],[-86.1783,42.8993],[-86.526,43.6089],[-86.5037,44.0689],[-86.1953,44.3555],[-86.2516,44.6863],[-86.0661,44.8979],[-85.5349,45.2067],[-85.6418,44.8351],[-85.587,44.7689],[-85.4648,44.9873],[-85.5271,44.7473],[-85.3671,45.2621],[-84.911,45.3917],[-85.1079,45.5165],[-85.0038,45.7589],[-84.2158,45.6317],[-83.3759,45.2645],[-83.3213,44.3345],[-83.8697,43.9563],[-83.909,43.6809],[-83.6792,43.5857],[-83.3257,43.8801],[-83.3976,43.9121],[-82.8968,44.0735],[-82.6349,43.8471],[-82.4135,42.9681],[-82.4524,42.9295],[-82.4705,42.8865],[-82.5099,42.6261],[-82.799,42.6463],[-82.8855,42.3861],[-83.0688,42.3083],[-83.1386,42.2325],[-83.4616,41.7023],[-82.7072,41.5313],[-82.9337,41.4153],[-81.738,41.4927],[-81.2901,41.7643],[-80.2942,42.0451],[-79.1287,42.5685],[-78.851,42.7899],[-78.8901,43.0507],[-79.0604,43.0825],[-79.0523,43.2613],[-76.8313,43.2795],[-76.2228,43.5393],[-76.302,43.8625],[-76.0675,43.9929],[-76.3763,44.1059],[-75.863,44.3623],[-75.3021,44.8417],[-74.4854,45.0417],[-73.9972,45.2287],[-73.9027,45.3155],[-73.8261,45.3329],[-73.7585,45.4003],[-73.5081,45.4117],[-73.4322,45.7147],[-73.2309,45.8683],[-73.1552,46.0405],[-72.9262,46.0713],[-72.6703,46.1991],[-72.1708,46.5419],[-71.3615,46.7121],[-70.491,47.0163],[-68.825,48.3705],[-66.1751,49.1993],[-64.9535,49.2015],[-64.2152,48.8613],[-64.1681,48.7443],[-64.5478,48.8741],[-64.6344,48.8321],[-64.1881,48.6363],[-64.3293,48.4101],[-65.2511,48.0041],[-65.9118,48.1997],[-66.7846,47.9865],[-66.3691,48.0653],[-65.8313,47.9039],[-65.6198,47.6455],[-65.1087,47.8271],[-64.6823,47.7267],[-64.979,47.2801],[-65.1094,47.2337],[-65.2752,47.1135],[-65.3651,47.0909],[-65.1704,47.0339],[-64.8065,47.0763],[-64.872,46.7717],[-64.9101,46.8825],[-65.0016,46.8365],[-64.809,46.6619],[-64.7224,46.6875],[-64.5614,46.2125],[-63.7951,46.1337],[-63.8114,46.0819],[-64.0591,46.0651],[-64.0985,46.0529],[-64.1057,46.0153],[-63.2691,45.6917],[-63.1148,45.8055],[-62.6855,45.7609],[-62.7765,45.7557],[-62.5066,45.5887],[-61.9314,45.8911],[-61.9742,45.6275],[-61.6352,45.6189],[-61.5074,45.7017],[-61.3559,45.5629],[-61.2536,45.5237],[-61.6181,45.4647],[-61.5172,45.3517],[-61.1548,45.3627],[-61.0021,45.3421],[-60.9688,45.3245],[-61.4773,45.1581],[-61.8188,45.2511],[-61.6672,45.1013],[-62.0,45.1407],[-61.8999,45.0371],[-62.8847,44.8153],[-62.808,44.7109],[-63.1266,44.7897],[-63.1485,44.6857],[-63.1542,44.7813],[-63.1924,44.6841],[-63.2558,44.7349],[-63.4521,44.5889],[-63.6056,44.6771],[-63.5254,44.5045],[-63.6504,44.4307],[-63.7934,44.5327],[-63.9368,44.5015],[-63.8948,44.6881],[-64.0893,44.4683],[-64.1761,44.5879],[-64.307,44.5673],[-64.3752,44.4461],[-64.315,44.3811],[-64.2174,44.3603],[-64.3465,44.3631],[-64.3409,44.3197],[-64.2655,44.3231],[-64.3022,44.2917],[-64.2337,44.2897],[-64.2516,44.2561],[-64.3594,44.2829],[-64.6181,44.1561],[-65.0321,43.6963],[-65.3814,43.7477],[-65.4764,43.4527],[-65.5837,43.5669],[-65.7316,43.4947],[-65.8623,43.8121],[-66.0098,43.8465],[-66.0191,43.6837],[-66.0457,43.7471],[-66.0669,43.7057],[-66.0848,43.7689],[-66.126,43.7405],[-66.2115,44.1093],[-65.8524,44.5721],[-66.2038,44.3733],[-66.1857,44.4313],[-64.5025,45.3315],[-64.2051,44.9489],[-64.1692,45.1901],[-63.3464,45.3679],[-64.557,45.4023],[-64.9486,45.3249],[-64.2871,45.7915],[-64.5548,45.7219],[-64.4953,45.8035],[-64.5474,45.8593],[-64.529,45.9243],[-64.5575,45.9755],[-64.7823,45.5913],[-65.5782,45.3001],[-66.4641,45.0583],[-67.0398,45.1683],[-67.1087,45.0365],[-66.979,44.8693],[-66.9363,44.8939],[-66.9467,44.9281],[-66.9076,44.9547],[-66.9582,44.8085],[-67.8523,44.5595],[-67.9046,44.3931],[-68.0348,44.4865],[-68.0557,44.3307],[-68.1057,44.4677],[-68.2677,44.4941],[-68.1818,44.3277],[-68.3235,44.2973],[-68.3366,44.2247],[-68.3998,44.4341],[-68.5905,44.4097],[-68.5317,44.2277],[-68.7593,44.3469],[-68.8354,44.3111],[-68.7661,44.5237],[-69.0581,44.4475],[-68.9535,44.3441],[-69.2119,43.9409],[-69.3621,44.0263],[-69.6943,43.8977],[-69.838,43.7047],[-69.9209,43.8105],[-70.0494,43.7425],[-69.9433,43.8611],[-69.9844,43.8753],[-70.2644,43.7163],[-70.2099,43.5625],[-70.3626,43.5641],[-70.8192,42.8993],[-70.8303,42.6855],[-70.5954,42.6375],[-71.0555,42.3063],[-70.7698,42.2513],[-70.3412,41.7091],[-70.0128,41.8083],[-69.9983,41.9117],[-70.1039,42.0335],[-70.2511,42.0637],[-70.0778,42.0489],[-69.9408,41.8191],[-69.9321,41.6801],[-69.9963,41.5585],[-70.1668,41.6893],[-70.2688,41.6133],[-70.4135,41.6415],[-70.6946,41.5251],[-70.719,41.7607],[-71.2021,41.4599],[-71.1775,41.7165],[-71.385,41.8069],[-71.4884,41.3647],[-72.9565,41.3075],[-73.1057,41.1535],[-73.1886,41.1843],[-73.2651,41.1185],[-73.4121,41.1143],[-73.4362,41.0575],[-73.448,41.0737],[-73.5281,41.0177],[-73.5323,41.0457],[-73.5665,41.0133],[-73.5956,41.0309],[-73.6264,41.0043],[-73.644,41.0087],[-73.6527,40.9985],[-73.6557,40.9987],[-73.6596,41.0019],[-73.828,40.8871],[-73.7971,40.8047],[-73.9275,40.8557],[-74.2788,40.4921],[-73.9847,40.4455],[-74.1007,39.7581],[-74.0638,40.0001],[-74.1927,39.9341],[-74.1067,39.9169],[-74.3396,39.5649],[-74.3071,39.4993],[-74.4119,39.5443],[-74.4074,39.4129],[-74.4466,39.4487],[-74.6526,39.2953],[-74.5544,39.2835],[-74.7986,39.0887],[-74.864,38.9389],[-74.9734,38.9311],[-74.9019,39.1637],[-75.5379,39.4575],[-75.5108,39.6711],[-75.6281,39.5991],[-75.3125,38.9215],[-75.0862,38.7805],[-75.0609,38.6061],[-75.2858,38.5867],[-75.0674,38.5991],[-75.0509,38.4381],[-75.1968,38.4389],[-75.099,38.3213],[-75.1898,38.3029],[-75.6875,37.6381],[-75.7052,37.5731],[-75.675,37.5619],[-75.6736,37.4809],[-75.7166,37.5513],[-75.8091,37.5139],[-75.7994,37.3953],[-75.8453,37.4055],[-75.9141,37.3293],[-75.9492,37.1169],[-75.9449,37.5667],[-75.6432,37.9733],[-75.8979,37.9293],[-75.7517,38.0845],[-75.96,38.1311],[-75.8593,38.3469],[-76.0362,38.2149],[-76.3368,38.4707],[-76.1339,38.5365],[-76.2741,38.5381],[-76.2905,38.6281],[-76.0511,38.5583],[-75.9826,38.5801],[-76.1759,38.6631],[-76.0949,38.7637],[-76.206,38.6659],[-76.2492,38.8009],[-76.2983,38.7159],[-76.2605,38.8125],[-76.3506,38.6851],[-76.3051,38.8235],[-76.2546,38.8581],[-76.1753,38.7427],[-76.0728,38.8889],[-76.2995,38.9801],[-76.3796,38.8471],[-76.3125,39.0273],[-76.235,38.9641],[-76.1589,38.9837],[-76.1472,38.9995],[-76.2711,39.1673],[-75.9455,39.5807],[-76.2821,39.4367],[-76.2807,39.2937],[-76.3124,39.3807],[-76.4177,39.3765],[-76.4405,39.1873],[-76.4797,39.2685],[-76.6081,39.2757],[-76.3985,39.0141],[-76.6131,39.0699],[-76.3225,38.0409],[-77.0221,38.4911],[-77.2459,38.3725],[-77.2066,38.6477],[-77.3086,38.3707],[-77.2206,38.3315],[-77.0409,38.3939],[-76.9568,38.2079],[-76.2483,37.8905],[-76.3637,37.6029],[-76.5218,37.6403],[-76.5949,37.7697],[-76.875,37.9863],[-76.9063,37.9751],[-76.5736,37.6275],[-76.3045,37.5531],[-76.4032,37.5305],[-76.274,37.3069],[-76.4632,37.2433],[-76.7865,37.5153],[-76.8089,37.4933],[-76.2988,37.1225],[-76.3059,37.0001],[-76.6484,37.2121],[-76.9477,37.2245],[-76.4468,36.9049],[-76.001,36.9255],[-75.5438,35.7935],[-75.6994,36.0527],[-75.7427,36.0471],[-75.8903,36.5933],[-75.9417,36.7149],[-75.9745,36.7135],[-75.9934,36.5587],[-75.9093,36.4855],[-76.0398,36.4977],[-75.7981,36.0739],[-76.1402,36.2877],[-76.071,36.1383],[-76.7242,35.9559],[-76.0551,35.9843],[-76.037,35.6445],[-75.8315,35.9661],[-75.7316,35.6249],[-76.1532,35.3215],[-76.9315,35.4455],[-76.4714,35.2591],[-76.9404,34.9719],[-76.3031,35.0099],[-76.5172,34.7197],[-76.9522,34.7285],[-77.0601,34.6773],[-77.0537,34.6687],[-76.9722,34.6761],[-76.7619,34.7137],[-76.6828,34.6951],[-77.101,34.6421],[-77.1021,34.6687],[-77.4594,34.4755],[-77.846,34.2155],[-77.9356,33.9385],[-77.9304,34.1025],[-77.9724,34.1677],[-78.0189,33.8899],[-78.7786,33.7723],[-79.0984,33.4733],[-79.1963,33.3305],[-79.1794,33.2063],[-79.1988,33.2989],[-79.2702,33.3041],[-79.2881,33.2835],[-79.2521,33.1181],[-79.4222,33.0817],[-79.4527,33.0533],[-79.4129,33.0095],[-79.5701,33.0093],[-79.9309,32.7641],[-80.0091,32.6145],[-80.5463,32.5125],[-80.622,32.2655],[-80.838,32.4753],[-80.805,32.3203],[-80.6742,32.2177],[-81.088,31.8813],[-81.0605,31.7709],[-81.2022,31.7361],[-81.2819,31.2407],[-81.4754,31.1063],[-81.3361,30.0845],[-83.1921,29.3575],[-84.1714,30.2121],[-84.4618,30.0169],[-84.3501,29.8965],[-85.3563,29.6623],[-85.3116,29.8293],[-85.677,30.1243],[-85.466,30.0125],[-85.3863,30.0505],[-85.7339,30.1835],[-85.5979,30.2359],[-85.5788,30.3103],[-85.8446,30.2875],[-85.7257,30.1217],[-86.5119,30.3909],[-86.1085,30.3653],[-86.1949,30.4925],[-87.1849,30.3415],[-86.8705,30.4353],[-87.0232,30.6315],[-87.3167,30.3127],[-87.5472,30.2735],[-87.3424,30.4195],[-87.4325,30.4743],[-87.5575,30.2679],[-88.0174,30.2147],[-87.7204,30.2693],[-87.99,30.8087],[-88.1325,30.3081],[-88.958,30.4519],[-88.8545,30.3901],[-89.4025,30.3901],[-89.4392,30.1845],[-89.6508,30.1637],[-90.1516,30.4005],[-90.4107,30.2011],[-90.1358,30.0197],[-89.7354,30.1727],[-89.8529,29.9979],[-89.6753,29.8657],[-89.5722,29.9957],[-89.4271,30.0517],[-89.3391,29.7773],[-89.5187,29.8409],[-89.4221,29.7281],[-89.7755,29.6011],[-88.9955,29.1737],[-89.4114,28.9203],[-89.4629,29.2485],[-89.8225,29.3071],[-89.7569,29.4731],[-89.9499,29.5321],[-90.2176,29.5345],[-90.0422,29.4429],[-90.0955,29.2097],[-89.9514,29.2569],[-90.1808,29.0929],[-90.5116,29.3519],[-90.7577,29.1309],[-90.8983,29.3287],[-91.1237,29.2097],[-91.0136,29.3393],[-91.2231,29.3855],[-91.2663,29.4719],[-91.2129,29.5813],[-91.2497,29.6297],[-91.2857,29.4685],[-91.3874,29.6589],[-91.4383,29.5359],[-91.5525,29.5143],[-91.5688,29.7421],[-91.8634,29.6983],[-91.8272,29.8313],[-92.2022,29.7503],[-92.0099,29.6089],[-92.3007,29.5287],[-93.3359,29.7605],[-93.3099,30.0651],[-93.3462,29.7525],[-93.8313,29.6887],[-93.7454,29.9965],[-93.86,29.9883],[-93.8354,29.6727],[-94.761,29.3569],[-94.4641,29.5535],[-94.7791,29.5257],[-94.7285,29.7841],[-94.9694,29.6971],[-95.0776,29.5409],[-94.8136,29.3583],[-95.2163,29.2219],[-95.3926,28.8625],[-96.3628,28.3953],[-95.976,28.6535],[-96.2286,28.5731],[-96.1488,28.7577],[-96.3637,28.6205],[-96.3897,28.7233],[-96.4416,28.7639],[-96.3741,28.6179],[-96.4874,28.5633],[-96.661,28.7173],[-96.3973,28.4331],[-96.6657,28.3095],[-96.7938,28.4803],[-96.7829,28.2243],[-97.2078,28.0881],[-97.0376,28.1103],[-97.0248,28.0277],[-97.3911,27.8117],[-97.2415,27.6871],[-97.3288,27.5565],[-97.4163,27.3173],[-97.7784,27.4513],[-97.6532,27.2993],[-97.7755,27.2701],[-97.4234,27.2597],[-97.5862,26.8477],[-97.462,26.3649],[-97.3489,26.3559],[-97.3111,26.1177],[-97.1579,26.0629],[-97.3816,26.8589],[-97.3894,27.1611],[-97.2605,27.6545],[-97.0533,27.8317],[-97.3786,27.0943],[-97.353,26.8023],[-97.1995,26.3377],[-97.1526,26.0579],[-97.1501,25.9477],[-97.4226,25.8363],[-99.0816,26.3961],[-99.4306,27.0075],[-99.7027,24.5683],[-99.3012,22.7335],[-98.8999,21.7589],[-97.0917,19.3995],[-98.8426,20.6695],[-102.2828,22.3895],[-103.3435,22.7909],[-105.0759,22.8277],[-107.6438,26.9479],[-108.4178,29.8719],[-108.7618,30.0439],[-111.17,29.5567],[-111.4853,29.6427],[-111.6,30.4739],[-111.3706,31.1333],[-110.8137,31.7433],[-109.414,34.4011],[-109.5141,35.4883],[-110.245,36.3585],[-111.5326,36.8457],[-114.0731,36.8457],[-115.0171,36.6401],[-116.6136,35.9757],[-118.0404,34.3399],[-118.3175,33.7163],[-118.5426,34.0415],[-119.1305,34.1023],[-119.5625,34.4151],[-120.6416,34.5659],[-120.6491,35.1415],[-121.9019,36.3095],[-121.8662,36.9377],[-122.4038,37.1945],[-122.511,37.7839],[-122.109,37.5173],[-122.3316,37.7975],[-122.215,37.7419],[-122.2083,37.7533],[-122.3276,37.8025],[-122.3129,37.8961],[-122.4273,37.9653],[-122.2719,38.0833],[-122.5252,38.1479],[-122.5284,37.8157],[-123.0203,37.9947],[-122.9769,38.2715],[-123.7235,38.9169],[-123.8505,39.8315],[-124.4054,40.4427],[-124.0548,41.5389],[-124.5614,42.8381],[-124.1321,44.0129],[-123.9343,45.4141],[-124.0221,46.2265],[-123.8634,46.1519],[-123.5907,46.1781],[-123.4921,46.2649],[-124.0152,46.3121],[-124.0838,46.2641],[-124.0608,46.6351],[-124.0138,46.3811],[-123.9496,46.3663],[-123.8435,46.4019],[-123.9594,46.6349],[-123.7937,46.6667],[-124.0866,46.7207],[-124.135,46.9017],[-124.0213,46.8363],[-123.6881,46.9571],[-124.0907,47.0411],[-124.1712,46.9283],[-124.7277,48.3813],[-123.9734,48.1611],[-123.1024,48.1839],[-122.8653,48.0001],[-122.7599,48.1421],[-122.7488,48.0235],[-122.7195,48.0001],[-122.5823,48.0001],[-122.769,48.2243],[-122.6079,48.4107],[-122.5061,48.2935],[-122.7338,48.2291],[-122.539,48.0109],[-122.4919,48.0947],[-122.3656,48.0001],[-122.1737,48.0001],[-122.5071,48.3699],[-122.4624,48.4749],[-122.5586,48.5829],[-122.4208,48.5995],[-122.4829,48.7519],[-122.6733,48.7333],[-122.8333,49.0867],[-123.1524,49.0633],[-122.9392,49.1547],[-122.8791,49.2071],[-122.8214,49.2133],[-122.7087,49.1775],[-122.6013,49.2043],[-122.5736,49.1663],[-122.344,49.1061],[-122.1375,49.1409],[-122.0573,49.0883],[-122.1045,49.1409],[-121.6983,49.2129],[-121.4191,49.4055],[-121.9583,49.2329],[-121.7494,49.3261],[-121.7665,49.5263],[-121.8289,49.5949],[-122.1372,49.7555],[-121.8417,49.4413],[-121.8095,49.3069],[-121.9998,49.2335],[-121.9489,49.2145],[-122.4193,49.1689],[-122.2494,49.2709],[-122.2386,49.4625],[-122.428,49.1715],[-122.5321,49.1703],[-122.6096,49.2105],[-122.7535,49.2191],[-122.5954,49.3353],[-122.5129,49.4319],[-122.5193,49.4709],[-122.6101,49.5459],[-122.7301,49.2453],[-123.1401,49.1995],[-123.2608,49.2623],[-122.833,49.2809],[-122.8551,49.4315],[-123.2639,49.3293],[-123.1386,49.7427],[-123.3052,49.9383],[-123.1505,49.7429],[-123.4779,49.5251],[-123.5049,49.3903],[-123.967,49.5115],[-124.0107,49.7543],[-123.7549,49.4769],[-123.5293,49.7039],[-123.8056,49.6241],[-123.8373,49.6595],[-123.7334,49.7287],[-123.7204,49.7867],[-123.9439,49.7757],[-123.8648,49.9199],[-123.975,49.9823],[-123.7456,50.0905],[-123.7721,50.2041],[-123.9869,50.2095],[-123.8033,50.0931],[-124.0191,50.0097],[-123.9182,49.8277],[-124.0326,49.9309],[-124.2609,49.7459],[-124.5172,49.8065],[-124.8407,50.0627],[-124.6723,49.9705],[-124.8025,50.0731],[-124.7044,50.1001],[-124.589,50.2421],[-124.7337,50.3233],[-124.6538,50.3979],[-124.5271,50.3951],[-124.3182,50.5099],[-125.0919,50.3457],[-124.8548,50.5947],[-124.8393,50.8691],[-124.7715,50.8885],[-124.712,50.8613],[-124.5407,50.8269],[-124.501,50.8305],[-124.4242,50.8839],[-124.3473,50.9753],[-124.7863,50.8883],[-124.8175,50.9247],[-124.8731,50.9551],[-124.8963,50.9543],[-124.849,50.9161],[-124.8952,50.6327],[-125.1703,50.4057],[-125.3612,50.5615],[-125.5917,50.4477],[-125.4202,50.7181],[-125.6663,50.4251],[-125.7206,50.5261],[-126.0862,50.4847],[-125.8999,50.5469],[-125.9323,50.5605],[-126.0954,50.4835],[-126.2895,50.5197],[-125.7277,50.6553],[-125.501,50.9377],[-125.5907,51.0823],[-125.6405,50.7757],[-125.9568,50.6833],[-126.1819,50.6685],[-126.0139,50.8013],[-126.1718,50.8779],[-126.5826,50.8423],[-126.2026,50.9041],[-126.1187,50.9905],[-126.1167,51.0131],[-126.1679,51.0551],[-126.1361,51.1419],[-126.1571,51.1497],[-126.1774,51.1917],[-126.2213,51.2271],[-126.2375,50.9241],[-126.4862,50.9623],[-126.4691,51.1095],[-126.4908,51.1875],[-126.5263,51.2239],[-126.6618,50.8645],[-126.7848,51.0201],[-127.1953,50.9187],[-126.8978,50.8829],[-127.0183,50.8165],[-127.2528,50.9021],[-127.2197,50.9411],[-127.3985,50.9219],[-127.5167,51.0913],[-127.209,50.9507],[-127.3249,51.0429],[-126.7785,51.0681],[-126.7126,50.9905],[-126.6532,51.1789],[-127.6542,51.0857],[-127.7676,51.2441],[-127.6296,51.2761],[-127.5855,51.2585],[-127.4709,51.2617],[-127.3582,51.2883],[-127.46,51.2343],[-127.2743,51.2397],[-127.0631,51.3501],[-127.7845,51.3587],[-127.2475,51.4023],[-127.5584,51.4695],[-127.3319,51.6629],[-126.5953,51.6175],[-126.6621,51.8381],[-126.6951,51.6619],[-127.3383,51.7235],[-127.4321,51.6517],[-127.449,51.7513],[-127.3785,51.7739],[-127.3597,51.8693],[-127.6593,51.7019],[-127.4779,51.6499],[-127.7788,51.5151],[-127.6759,51.6005],[-127.8777,51.6687],[-127.8813,51.8953],[-127.6747,51.9433],[-127.6133,52.1155],[-127.5237,52.1543],[-127.6123,52.0263],[-127.3687,52.0987],[-127.4713,52.1805],[-127.144,52.3123],[-126.6704,51.9581],[-126.9594,52.3095],[-126.3089,52.4311],[-127.1635,52.3369],[-127.2353,52.5225],[-126.9908,52.6283],[-126.9182,52.7151],[-126.9723,52.8335],[-127.0806,52.8825],[-126.9607,52.7135],[-127.237,52.5737],[-127.3324,52.4173],[-127.6317,52.6021],[-127.4824,52.3375],[-127.7171,52.3539],[-127.8778,52.1969],[-127.8419,52.3391],[-127.9239,52.4413],[-127.712,52.4467],[-127.8897,52.4967],[-128.0089,52.3151],[-127.9635,52.4725],[-128.031,52.3189],[-127.9862,52.5129],[-128.0989,52.5485],[-128.029,52.6185],[-128.0443,52.6309],[-128.1985,52.4563],[-128.1605,52.3919],[-128.237,52.3967],[-128.2333,52.3065],[-128.3473,52.2605],[-128.1203,52.7523],[-127.9536,52.7247],[-127.8972,52.7365],[-127.8864,52.7543],[-128.1302,52.7687],[-128.014,52.9273],[-128.4336,52.8109],[-128.3741,52.9981],[-128.4921,52.9205]],[[-124.9692,51.0751],[-125.0681,51.1531],[-125.0031,51.1879],[-124.9567,51.2361],[-125.0748,51.1567],[-124.9705,51.0141],[-124.8963,50.9543],[-124.9692,51.0751]],[[-130.0,63.5795],[-130.0003,63.5819],[-130.0003,63.5795],[-130.0,63.5795]],[[-74.8855,38.9631],[-74.8563,38.9709],[-74.8645,38.9761],[-74.8855,38.9631]],[[-94.3453,49.3749],[-94.0702,49.2765],[-94.1204,49.1979],[-93.9765,49.3395],[-94.0058,49.3751],[-94.1204,49.4101],[-93.9706,49.3883],[-93.8246,49.4225],[-94.3283,49.5185],[-94.3177,49.5585],[-94.4291,49.5977],[-94.3747,49.5799],[-94.2249,49.5927],[-94.4144,49.6323],[-94.309,49.6215],[-94.2914,49.6647],[-94.3617,49.7309],[-94.5155,49.7237],[-94.4771,49.7527],[-94.4994,49.7715],[-94.9217,49.6781],[-94.774,49.6297],[-94.8333,49.6117],[-94.8649,49.5757],[-94.9182,49.5623],[-94.9538,49.6287],[-95.1642,49.6477],[-95.1213,49.4403],[-94.6042,49.6455],[-95.156,49.3943],[-94.9416,49.2069],[-95.2762,49.1425],[-95.322,48.9291],[-94.6827,48.8349],[-94.2519,49.0479],[-94.3045,49.1357],[-94.1921,49.0841],[-94.0282,49.0917],[-94.0063,49.0453],[-93.9437,49.0847],[-94.0999,49.1301],[-93.9652,49.1885],[-94.2085,49.1741],[-94.2149,49.2201],[-94.2254,49.1925],[-94.2726,49.2091],[-94.1404,49.2537],[-94.1516,49.2781],[-94.2926,49.2249],[-94.3265,49.2887],[-94.5319,49.2491],[-94.5672,49.3631],[-94.693,49.3601],[-94.6734,49.4381],[-94.7381,49.4483],[-94.3666,49.4837],[-94.3453,49.3749]],[[-97.9634,50.4299],[-98.3988,50.8175],[-98.6263,50.9339],[-98.782,50.9219],[-98.562,51.2053],[-98.8253,51.3751],[-98.8377,51.6935],[-99.0313,51.6439],[-98.9052,51.3125],[-99.1885,51.7975],[-99.225,51.5925],[-99.5089,51.7883],[-99.5789,51.6673],[-99.5404,51.4821],[-99.3279,51.6399],[-99.0725,51.2525],[-98.8626,51.2635],[-98.8455,50.9643],[-99.0004,51.1491],[-99.0382,51.0993],[-98.428,50.1797],[-97.9634,50.4299]],[[-88.9015,49.7573],[-88.9663,49.4721],[-88.601,49.6471],[-88.8066,49.4639],[-88.6088,49.4025],[-88.5465,49.5627],[-88.5104,49.4261],[-88.3091,49.3027],[-88.1294,49.4117],[-88.1838,49.9033],[-87.9886,49.9543],[-88.2304,49.9811],[-88.1252,50.1055],[-88.324,50.2825],[-88.4266,50.2661],[-88.2604,50.1201],[-88.6606,50.2789],[-88.9443,50.0397],[-88.8324,49.9215],[-88.9739,49.8857],[-88.9557,49.8609],[-88.9157,49.8061],[-89.1122,49.7579],[-88.9015,49.7573]],[[-113.1162,41.7211],[-113.066,41.1821],[-112.8391,41.2129],[-112.8155,41.1169],[-112.8547,41.0329],[-112.8429,41.0045],[-112.501,40.9317],[-112.4983,40.7143],[-112.3417,40.6609],[-111.8911,40.9287],[-112.106,41.2343],[-112.4787,41.2185],[-112.7367,41.7087],[-113.0475,41.7487],[-113.1162,41.7211]],[[-99.6254,51.6159],[-99.6637,51.8821],[-99.8466,51.7599],[-99.8498,51.8811],[-99.7691,51.8979],[-99.7604,52.0059],[-99.8894,52.2463],[-99.7896,52.2763],[-99.6614,52.5143],[-99.6717,52.8991],[-100.5036,53.1693],[-101.0967,53.1241],[-100.8387,52.7283],[-100.6895,52.7437],[-100.6101,52.8671],[-100.7405,52.9717],[-100.4192,53.0285],[-100.4765,52.8543],[-100.3723,52.6433],[-100.2907,52.6047],[-100.2431,52.6373],[-100.4036,52.7727],[-100.2655,52.8911],[-100.0717,52.7935],[-100.0956,52.6553],[-100.0237,52.4255],[-100.1612,52.3477],[-100.2498,52.1407],[-100.0396,51.7035],[-99.9598,51.8297],[-99.984,51.9209],[-100.0155,51.8733],[-100.049,51.9989],[-99.9865,52.0475],[-99.8291,51.5687],[-99.6254,51.6159]]],[[[-54.0979,47.8829],[-54.1018,47.8347],[-54.2783,47.9135],[-54.2173,47.7999],[-54.4909,47.4915],[-54.4226,47.4481],[-54.6239,47.3635],[-54.5089,47.4755],[-54.417,47.6117],[-54.4408,47.6201],[-54.6397,47.3935],[-54.8483,47.4323],[-55.2794,46.9209],[-55.7594,46.8503],[-55.9887,46.9987],[-54.7116,47.6767],[-55.1018,47.5921],[-54.9578,47.7681],[-54.9457,47.7975],[-54.9551,47.8269],[-55.1314,47.5785],[-55.1286,47.6973],[-55.4526,47.7333],[-55.4231,47.4827],[-55.6075,47.4029],[-55.594,47.5799],[-55.7918,47.4541],[-55.7293,47.5941],[-55.8212,47.4581],[-55.9482,47.4377],[-55.8393,47.5111],[-55.7375,47.6199],[-55.9942,47.5005],[-56.2015,47.4981],[-55.9339,47.5613],[-55.6318,47.6859],[-55.9421,47.6639],[-55.7091,47.8467],[-55.8276,47.7819],[-55.7041,47.9103],[-55.7961,47.9681],[-56.084,47.7015],[-56.1803,47.8777],[-56.1805,47.6391],[-56.3335,47.7947],[-56.3515,47.6207],[-56.5942,47.7295],[-56.538,47.6199],[-56.859,47.5305],[-57.1982,47.7017],[-57.2024,47.6149],[-57.3561,47.5905],[-57.3033,47.7285],[-57.3149,47.7549],[-57.2835,47.7717],[-57.2837,47.7909],[-57.3199,47.7631],[-57.3478,47.6613],[-57.4051,47.6297],[-57.9178,47.7447],[-57.9688,47.6649],[-58.0426,47.7395],[-58.0913,47.6765],[-58.1686,47.7027],[-58.1507,47.6891],[-58.2981,47.6841],[-58.3713,47.6537],[-58.304,47.8367],[-58.4522,47.6393],[-59.3188,47.6197],[-59.201,47.8453],[-59.4045,47.9245],[-58.2777,48.5153],[-59.2381,48.5375],[-58.7707,48.7917],[-58.976,48.6313],[-58.7242,48.5659],[-58.4233,48.9045],[-54.0979,47.8829]]],[[[-126.8709,50.5279],[-126.138,50.4575],[-125.9478,50.3837],[-125.4414,50.3335],[-125.3879,50.1263],[-124.8633,49.7051],[-124.9836,49.6783],[-124.7904,49.4603],[-123.9441,49.2277],[-123.9661,49.2007],[-123.9201,49.1403],[-123.7445,49.0389],[-123.8556,49.0205],[-123.5633,48.7973],[-123.6493,48.7535],[-123.5597,48.4821],[-123.4415,48.7007],[-123.263,48.4505],[-123.6505,48.3135],[-124.8479,48.6683],[-124.7373,48.7407],[-124.6659,48.8141],[-124.6816,48.8243],[-124.857,48.6703],[-125.208,48.7819],[-124.863,49.0027],[-124.7923,49.1425],[-124.8142,49.2521],[-124.9116,48.9853],[-125.1991,49.0927],[-125.5376,48.9201],[-125.8849,49.0915],[-125.9168,49.1383],[-125.7358,49.0721],[-125.6025,49.2029],[-125.7896,49.1383],[-125.7292,49.2563],[-125.7766,49.3701],[-125.9706,49.2261],[-126.0315,49.2805],[-125.9496,49.2999],[-125.8974,49.4129],[-125.9112,49.4313],[-126.0124,49.3181],[-126.024,49.4567],[-126.3003,49.5111],[-126.2593,49.3497],[-126.5368,49.3781],[-126.4778,49.6453],[-126.0462,49.6117],[-126.1201,49.6931],[-126.4447,49.6513],[-126.4414,49.7959],[-126.588,49.6937],[-126.6526,49.9251],[-126.8491,49.9851],[-127.1554,49.8577],[-127.0956,50.1427],[-127.9141,50.1083],[-127.7257,50.2939],[-127.9739,50.3211],[-127.9344,50.4609],[-127.4353,50.3315],[-127.6055,50.5179],[-127.514,50.5345],[-127.5292,50.5659],[-127.4219,50.5817],[-127.42,50.6035],[-128.0317,50.6625],[-127.5608,50.5519],[-128.0479,50.4431],[-128.432,50.7825],[-128.0572,50.8719],[-126.8709,50.5279]]],[[[-60.3111,46.8519],[-60.6334,46.2169],[-60.4311,46.3013],[-61.1449,45.9729],[-61.1596,45.9499],[-61.0873,45.9351],[-60.7482,46.0777],[-61.1823,45.7173],[-60.7484,45.6959],[-60.3669,46.0377],[-60.8083,45.9565],[-60.3364,46.2141],[-60.3873,46.2479],[-60.6758,46.0885],[-60.3709,46.3337],[-60.2317,46.1245],[-60.143,46.2729],[-59.8269,46.1887],[-59.9781,46.0389],[-59.7965,45.9589],[-60.6966,45.5715],[-60.8946,45.6597],[-61.3387,45.5691],[-61.5607,46.0537],[-60.5594,47.0365],[-60.3111,46.8519]]],[[[-53.2977,47.5999],[-53.1749,47.3813],[-52.9351,47.5443],[-52.8163,47.8061],[-52.6737,47.6509],[-52.9684,47.0905],[-52.9623,46.7889],[-53.631,46.6401],[-53.4724,46.9297],[-53.6734,46.7919],[-53.5219,46.9807],[-53.6678,46.9901],[-53.4219,47.1745],[-53.5594,47.2179],[-54.2109,46.8267],[-53.8246,47.4199],[-54.0889,47.8809],[-53.5718,47.5199],[-53.3244,47.9955],[-52.9486,48.1681],[-53.2977,47.5999]]],[[[-152.9928,57.9079],[-152.8133,57.9151],[-152.9139,57.8193],[-152.8703,57.7193],[-152.4927,57.9015],[-152.3308,57.8213],[-152.5644,57.7109],[-152.4752,57.5981],[-152.1607,57.5873],[-152.3525,57.4183],[-152.955,57.5189],[-153.0584,57.4275],[-152.6122,57.3587],[-153.1571,57.3607],[-152.9477,57.2595],[-153.5417,57.1779],[-153.7656,57.0513],[-153.5557,56.9705],[-153.9803,56.7427],[-154.1496,56.7503],[-153.7647,56.9965],[-153.9781,56.9605],[-153.7804,57.1689],[-154.2602,56.9395],[-154.2303,56.8745],[-154.3138,56.8417],[-154.8003,57.2867],[-154.2051,57.6613],[-153.9883,57.6281],[-154.1059,57.5215],[-153.9394,57.5343],[-153.8952,57.4127],[-153.7638,57.3073],[-153.6341,57.2707],[-153.8811,57.6299],[-153.5562,57.5965],[-153.9378,57.8079],[-153.624,57.8809],[-153.6474,57.8585],[-153.5641,57.8089],[-153.5441,57.6821],[-153.5022,57.6189],[-153.4883,57.6131],[-153.4927,57.7715],[-153.3583,57.7017],[-153.3158,57.7155],[-153.4811,57.8407],[-153.1982,57.7011],[-153.1847,57.8163],[-153.2369,57.8933],[-153.0456,57.8161],[-153.3095,57.9905],[-152.9928,57.9079]]],[[[-62.705,49.6555],[-61.6718,49.1299],[-63.0978,49.2257],[-64.5228,49.8563],[-62.705,49.6555]]],[[[-133.1687,56.3271],[-133.1433,56.1135],[-132.9749,55.9253],[-132.7292,55.9797],[-132.4378,55.7101],[-132.5931,55.6921],[-132.1418,55.4655],[-132.5629,55.6211],[-132.7362,55.3517],[-132.4034,55.5095],[-132.2792,55.4349],[-132.4659,55.4201],[-132.5158,55.3713],[-132.4645,55.3085],[-132.0924,55.2751],[-132.4612,55.2551],[-132.3521,55.1271],[-131.9989,55.2653],[-132.3091,54.9791],[-131.9803,55.0359],[-132.109,54.8971],[-132.0131,54.6897],[-132.2979,54.7133],[-132.2263,54.8011],[-132.38,55.0843],[-132.4185,54.9059],[-132.4435,54.9175],[-132.488,54.8955],[-132.521,54.9177],[-132.4695,54.9351],[-132.4549,54.9827],[-132.5922,55.0269],[-132.4547,55.1459],[-132.6242,55.0523],[-132.5732,55.1679],[-132.6516,55.2491],[-132.5462,55.2739],[-132.6,55.2847],[-132.6366,55.2815],[-132.6946,55.2371],[-132.62,55.1687],[-132.6678,55.1361],[-132.8218,55.2749],[-133.2333,55.2827],[-132.8578,55.3453],[-133.136,55.4607],[-132.9061,55.4767],[-133.0885,55.5511],[-132.9235,55.6183],[-133.3777,55.6155],[-133.1187,55.8787],[-133.2677,56.1529],[-133.6331,56.2129],[-133.5744,56.2995],[-133.1687,56.3271]]],[[[-64.0985,46.7703],[-63.7895,46.4325],[-63.6795,46.5631],[-61.9848,46.4583],[-62.3747,46.3531],[-62.5591,46.1431],[-62.4707,45.9959],[-62.7578,45.9471],[-63.0451,46.0531],[-62.9453,46.1877],[-63.6558,46.2187],[-64.1385,46.4009],[-64.0573,46.5675],[-64.0831,46.6491],[-64.4168,46.6537],[-64.0021,47.0605],[-64.0985,46.7703]]],[[[-135.4844,58.1691],[-135.7835,57.9781],[-135.3948,58.1411],[-134.9314,58.0287],[-134.9287,57.8459],[-135.0135,57.8967],[-135.2126,57.9479],[-134.9355,57.8067],[-135.0592,57.7751],[-135.8926,58.0001],[-135.3161,57.7477],[-135.4488,57.7329],[-134.9276,57.7607],[-134.8307,57.4829],[-135.8265,57.7715],[-135.5401,57.4817],[-135.8347,57.3917],[-135.8464,57.4253],[-136.027,57.5189],[-135.8064,57.4459],[-135.903,57.5809],[-136.0194,57.5603],[-136.213,57.7977],[-136.4135,57.8247],[-136.2557,57.8939],[-136.3413,58.0025],[-136.1025,57.8693],[-136.0057,57.8355],[-136.4187,58.0793],[-136.2614,58.1005],[-136.3484,58.2173],[-136.2693,58.2221],[-136.1975,58.0947],[-136.0855,58.0569],[-136.1543,58.2183],[-135.9605,58.1703],[-135.4844,58.1691]]],[[[-134.0962,57.5051],[-133.8684,57.3491],[-134.1855,57.3937],[-134.1002,57.2429],[-134.2839,57.2533],[-134.6137,57.0169],[-134.636,57.2355],[-134.4292,57.3043],[-134.5662,57.3977],[-134.31,57.3355],[-134.5912,57.5087],[-134.5462,57.4905],[-134.4936,57.4967],[-134.4386,57.5375],[-134.4699,57.5111],[-134.4511,57.4941],[-134.3902,57.4895],[-134.3184,57.5599],[-134.662,57.6123],[-134.7163,58.1751],[-134.8874,58.1939],[-134.9406,58.4069],[-134.6798,58.1573],[-134.159,58.1513],[-134.2147,58.1207],[-133.7935,57.5709],[-134.2997,58.0939],[-134.2956,57.8343],[-133.9174,57.4817],[-134.0962,57.5051]]],[[[-135.3932,57.4341],[-135.1831,57.4789],[-134.9173,57.3433],[-135.0721,57.3397],[-135.0042,57.2547],[-134.8421,57.2607],[-134.7456,56.7065],[-134.6167,56.7027],[-134.7513,56.5451],[-134.6623,56.1609],[-135.052,56.5325],[-134.9305,56.5771],[-134.82,56.7491],[-135.1115,56.5989],[-134.9891,56.7567],[-135.0254,56.7813],[-135.136,56.6927],[-135.2205,56.6905],[-135.01,56.8165],[-135.1834,56.8487],[-135.1896,56.8123],[-135.2925,56.7795],[-135.3709,56.8895],[-135.3256,56.8447],[-135.1266,56.9205],[-135.3969,56.9503],[-135.1086,56.9849],[-135.396,57.0995],[-135.3359,57.2567],[-135.6827,57.3549],[-135.4756,57.3585],[-135.623,57.3971],[-135.4092,57.5581],[-135.3932,57.4341]]],[[[-72.4145,41.0839],[-72.3861,41.0311],[-72.6476,40.9157],[-72.4966,40.8707],[-72.6037,40.8113],[-74.0323,40.5767],[-73.6379,40.8991],[-72.2422,41.1567],[-72.4145,41.0839]]],[[[-130.94,55.6169],[-131.1602,55.1937],[-131.3153,55.2419],[-131.2311,55.2957],[-131.1984,55.3951],[-131.4705,55.2901],[-131.2745,55.4275],[-131.3607,55.6449],[-131.3236,55.4331],[-131.4842,55.3229],[-131.4145,55.3731],[-131.4384,55.5205],[-131.5127,55.5041],[-131.5356,55.2897],[-131.8319,55.4471],[-131.5876,55.5827],[-131.7091,55.6791],[-131.5096,55.7293],[-131.7276,55.7361],[-131.4915,55.7819],[-131.7093,55.8299],[-131.4641,55.8237],[-131.5918,55.9073],[-131.5442,55.9011],[-131.3792,55.9299],[-130.94,55.6169]]],[[[-133.0514,56.9771],[-132.9316,56.6553],[-133.3631,56.8431],[-133.0848,56.5263],[-133.6454,56.4361],[-133.6747,56.8561],[-134.0407,57.0219],[-133.0514,56.9771]]],[[[-82.7484,45.8295],[-82.5387,45.7767],[-82.287,45.9887],[-82.1524,45.8225],[-81.9279,45.9825],[-81.7926,45.7205],[-81.6746,45.9011],[-81.5742,45.7831],[-81.8543,45.5117],[-83.0705,45.8409],[-82.825,45.9813],[-82.7484,45.8295]]],[[[-128.5808,53.1017],[-128.5916,52.6021],[-128.7123,52.6089],[-128.7472,52.5975],[-128.7586,52.6039],[-128.7282,52.6495],[-128.7562,52.7513],[-128.6548,52.8961],[-128.6469,52.9445],[-128.6587,52.9681],[-128.687,52.9561],[-128.6759,52.9011],[-128.7727,52.8379],[-128.7635,52.6623],[-128.8045,52.7061],[-128.8882,52.6449],[-129.1064,52.7899],[-128.8323,53.0187],[-128.9011,53.0789],[-129.0335,53.1453],[-128.8679,53.0287],[-129.1816,52.9309],[-129.0999,53.1827],[-128.9811,53.1339],[-128.8908,53.1575],[-129.0219,53.3007],[-128.5808,53.1017]]],[[[-134.2484,56.9365],[-134.148,56.9163],[-134.0127,56.8785],[-133.934,56.8039],[-134.0418,56.6455],[-133.8512,56.8081],[-133.6892,56.6007],[-133.9291,56.6173],[-133.825,56.3221],[-133.9742,56.3691],[-133.9592,56.0823],[-134.0558,56.3155],[-134.1241,56.2615],[-134.1264,56.0009],[-134.2873,56.3465],[-134.0496,56.3423],[-134.0257,56.4197],[-134.0848,56.4831],[-134.0276,56.4927],[-134.3167,56.5547],[-134.0738,56.6455],[-134.3911,56.7243],[-134.3434,56.8937],[-134.1045,56.8431],[-134.2484,56.9365]]],[[[-152.432,58.3033],[-152.3089,58.4277],[-152.2448,58.3425],[-152.0936,58.3655],[-152.1458,58.2181],[-151.9693,58.2607],[-152.5511,58.0835],[-152.5605,58.2131],[-152.5819,58.2195],[-152.7773,57.9911],[-153.2292,58.1635],[-152.8565,58.1545],[-153.1071,58.2583],[-152.7661,58.2413],[-152.7318,58.3413],[-152.8927,58.4087],[-152.764,58.3881],[-152.777,58.4351],[-152.6792,58.4189],[-152.432,58.3033]]],[[[-87.7078,47.4059],[-88.4153,46.9737],[-88.3935,47.1849],[-88.6117,47.1295],[-88.4201,47.3659],[-87.7078,47.4059]]],[[[-129.4206,53.4083],[-129.5505,53.3373],[-129.4933,53.2061],[-129.9036,53.6029],[-130.058,53.5963],[-129.9258,53.6489],[-130.2085,53.7209],[-130.2143,53.9041],[-129.4206,53.4083]]],[[[-129.9804,53.4401],[-129.7528,53.1993],[-129.9622,53.1663],[-130.1183,53.3279],[-130.0017,53.3739],[-130.3094,53.3861],[-130.4741,53.6315],[-129.9804,53.4401]]],[[[-132.4195,56.3503],[-132.4995,56.1829],[-132.3589,56.2249],[-132.0951,56.1043],[-132.2534,56.1327],[-132.1609,56.0427],[-132.2069,56.0469],[-132.2148,55.9287],[-132.3485,55.9071],[-132.4533,56.1685],[-132.6587,56.1317],[-132.4195,56.3503]]],[[[-127.2122,52.3151],[-127.6382,52.1325],[-127.7148,51.9609],[-127.8957,51.9313],[-127.7705,52.2419],[-127.594,52.2237],[-127.271,52.4331],[-127.2122,52.3151]]],[[[-146.9193,60.2951],[-147.469,59.8601],[-147.9331,59.7805],[-147.1587,60.3411],[-146.9193,60.2951]]],[[[-87.0465,45.0883],[-87.3727,44.8339],[-87.2317,45.1675],[-87.0424,45.2849],[-87.0465,45.0883]]],[[[-133.0734,55.0439],[-132.6723,54.6665],[-133.1604,54.9467],[-133.1516,55.2505],[-133.0734,55.0439]]],[[[-88.9142,47.8807],[-89.2263,47.8477],[-88.4347,48.1845],[-88.9142,47.8807]]],[[[-132.0016,56.3369],[-131.9168,56.2003],[-132.3194,56.2339],[-132.3834,56.4855],[-132.0016,56.3369]]],[[[-132.5282,56.5873],[-132.9468,56.5183],[-132.8091,56.6119],[-132.9645,56.8069],[-132.5282,56.5873]]],[[[-130.2331,53.9735],[-130.3376,53.8263],[-130.5099,53.8653],[-130.3395,53.9607],[-130.4292,53.9813],[-130.6729,53.9533],[-130.7011,53.8441],[-130.6667,54.0051],[-130.6365,53.9715],[-130.4328,54.0941],[-130.2331,53.9735]]],[[[-126.6737,49.8549],[-126.6117,49.5983],[-126.8265,49.6197],[-126.9788,49.7445],[-126.6737,49.8549]]],[[[-132.6418,56.4289],[-132.651,56.2753],[-133.0595,56.3331],[-132.6418,56.4289]]],[[[-160.5185,55.3817],[-160.5642,55.2361],[-160.4513,55.1901],[-160.8161,55.1173],[-160.7813,55.3921],[-160.5185,55.3817]]],[[[-146.3847,60.4813],[-146.3767,60.4055],[-146.0841,60.4025],[-146.6523,60.2385],[-146.4897,60.3641],[-146.7287,60.3459],[-146.3847,60.4813]]],[[[-133.2835,56.0177],[-133.4813,56.0455],[-133.7893,55.9161],[-133.4539,56.1465],[-133.2835,56.0177]]],[[[-135.5552,57.1453],[-135.6267,57.0107],[-135.8496,57.0031],[-135.773,57.3083],[-135.5552,57.1453]]],[[[-128.9722,52.4471],[-129.0168,52.5273],[-129.2113,52.6241],[-129.2926,52.8163],[-129.0625,52.6915],[-128.9722,52.4471]]],[[[-126.1591,50.7527],[-126.6166,50.6625],[-126.5578,50.7411],[-126.448,50.7623],[-126.458,50.7787],[-126.3739,50.7839],[-126.1591,50.7527]]],[[[-128.8841,53.5555],[-129.025,53.5477],[-129.1631,53.3765],[-129.1778,53.6161],[-128.8913,53.7003],[-128.8841,53.5555]]],[[[-71.86,41.0721],[-72.0136,40.9957],[-72.4685,40.8423],[-72.5011,40.8797],[-71.86,41.0721]]],[[[-84.0526,46.2873],[-83.9811,46.3079],[-83.9433,46.2849],[-83.9185,46.2917],[-83.7665,46.2097],[-83.9408,46.0595],[-84.0526,46.2873]]],[[[-131.3608,55.0377],[-131.604,54.9937],[-131.5272,55.1349],[-131.6032,55.2503],[-131.3608,55.0377]]],[[[-83.5049,45.9205],[-83.8704,45.9617],[-83.6626,46.0323],[-83.5049,45.9205]]],[[[-127.9479,52.0475],[-128.0687,51.7873],[-128.0276,51.9407],[-128.1675,51.8433],[-128.1715,51.8597],[-128.229,51.8587],[-128.2421,51.8811],[-127.9479,52.0475]]],[[[-128.1059,51.6355],[-127.9493,51.6395],[-127.8877,51.4253],[-128.0872,51.4799],[-128.1059,51.6355]]],[[[-124.3495,49.7063],[-124.1222,49.4953],[-124.6205,49.7235],[-124.3495,49.7063]]],[[[-128.5049,52.4255],[-128.6889,52.5151],[-128.7575,52.4731],[-128.8252,52.5083],[-128.6571,52.5331],[-128.536,52.6381],[-128.5049,52.4255]]],[[[-87.7607,48.8387],[-87.7546,48.7823],[-87.9769,48.7505],[-88.0489,48.6853],[-87.9905,48.8543],[-87.7607,48.8387]]],[[[-130.3302,53.6147],[-130.3954,53.7025],[-130.2397,53.7893],[-130.1619,53.5813],[-130.3302,53.6147]]],[[[-147.6295,60.3673],[-147.778,60.1531],[-147.9209,60.2599],[-147.7047,60.5067],[-147.6295,60.3673]]],[[[-125.1371,50.2049],[-125.2322,50.1277],[-125.159,50.0001],[-125.2111,50.0803],[-125.35,50.1435],[-125.2975,50.3019],[-125.1371,50.2049]]],[[[-154.1015,56.6153],[-153.8705,56.5453],[-154.0561,56.4917],[-154.2408,56.4891],[-154.3491,56.5063],[-154.3679,56.5197],[-154.1015,56.6153]]],[[[-119.644,34.0171],[-119.5215,34.0363],[-119.8188,33.9629],[-119.92,34.0727],[-119.644,34.0171]]],[[[-131.6172,55.2925],[-131.7463,55.1259],[-131.8259,55.1865],[-131.852,55.4169],[-131.6172,55.2925]]],[[[-98.2339,54.1609],[-98.2231,54.0627],[-98.4079,54.0721],[-98.0406,54.3553],[-98.2339,54.1609]]],[[[-129.1548,53.0927],[-129.339,53.1325],[-129.2672,53.3207],[-129.1548,53.0927]]],[[[-70.5708,41.4693],[-70.579,41.4177],[-70.4847,41.3467],[-70.7827,41.3011],[-70.8457,41.3461],[-70.5708,41.4693]]],[[[-128.2914,52.6731],[-128.2917,52.5207],[-128.438,52.5427],[-128.3873,52.7999],[-128.2914,52.6731]]],[[[-153.0647,57.1863],[-153.3114,56.9941],[-153.4058,57.0797],[-153.0647,57.1863]]],[[[-159.8487,55.1007],[-160.1755,55.0505],[-159.9673,55.1199],[-159.8708,55.2899],[-159.8487,55.1007]]],[[[-64.4903,48.0001],[-64.4709,47.9485],[-64.5125,47.8457],[-64.5938,47.7577],[-64.667,47.7179],[-64.4903,48.0001]]],[[[-130.1479,54.9565],[-130.2676,54.8273],[-130.4753,54.8203],[-130.1479,54.9565]]],[[[-129.1145,53.3085],[-129.1543,53.3347],[-129.0132,53.5271],[-128.9233,53.3315],[-129.1145,53.3085]]],[[[-136.3333,58.0129],[-136.3794,57.9687],[-136.3669,57.9295],[-136.4497,57.8459],[-136.4898,58.0957],[-136.3333,58.0129]]],[[[-116.6617,61.1813],[-116.4579,61.1281],[-116.7339,61.0657],[-116.8526,61.1675],[-116.6617,61.1813]]],[[[-134.4757,58.3265],[-134.2464,58.1923],[-134.6753,58.2963],[-134.4757,58.3265]]],[[[-56.2647,47.0437],[-56.3642,46.7861],[-56.4206,46.8389],[-56.3449,46.9059],[-56.4146,47.1135],[-56.3586,47.1463],[-56.2647,47.0437]]],[[[-153.0974,58.0909],[-152.9264,57.9873],[-153.4209,58.0617],[-153.0974,58.0909]]],[[[-85.7336,47.7903],[-85.5888,47.7373],[-85.9449,47.7137],[-85.7336,47.7903]]],[[[-70.8933,46.9207],[-71.1436,46.8487],[-70.946,46.9923],[-70.8933,46.9207]]],[[[-123.4245,48.8499],[-123.3657,48.7705],[-123.5495,48.7469],[-123.5936,48.9427],[-123.4245,48.8499]]],[[[-61.4308,47.6391],[-61.394,47.6181],[-61.5569,47.6241],[-61.8798,47.4235],[-61.8813,47.3611],[-61.9475,47.3537],[-61.9932,47.2779],[-61.8352,47.2271],[-62.0245,47.2291],[-61.9569,47.3995],[-61.8371,47.4515],[-61.7231,47.5377],[-61.5808,47.6171],[-61.5275,47.6347],[-61.4308,47.6391]]],[[[-83.2592,45.9545],[-83.2549,45.9025],[-83.4721,45.8707],[-83.2592,45.9545]]],[[[-152.4829,58.4689],[-152.6607,58.5049],[-152.6719,58.5401],[-152.5862,58.5393],[-152.5929,58.5605],[-152.5533,58.5817],[-152.5581,58.5953],[-152.373,58.6269],[-152.4829,58.4689]]],[[[-133.4895,55.7869],[-133.3047,55.7959],[-133.5192,55.6913],[-133.4895,55.7869]]],[[[-154.5249,56.6009],[-154.4644,56.5999],[-154.4049,56.5779],[-154.3944,56.5541],[-154.7997,56.4219],[-154.5249,56.6009]]],[[[-97.9749,52.2865],[-97.9889,52.3319],[-98.093,52.4207],[-97.9815,52.5545],[-97.9749,52.2865]]],[[[-129.3118,53.0443],[-129.2983,52.9657],[-129.5375,53.1037],[-129.3118,53.0443]]],[[[-146.094,60.4783],[-146.3328,60.4601],[-145.7647,60.6105],[-146.094,60.4783]]],[[[-124.7889,50.2847],[-124.8218,50.2203],[-124.7523,50.1667],[-124.8147,50.1555],[-124.752,50.1569],[-124.8131,50.1153],[-124.8808,50.2989],[-124.7889,50.2847]]],[[[-125.1523,50.3807],[-125.1303,50.3293],[-125.3924,50.2939],[-125.1523,50.3807]]],[[[-132.7009,55.0981],[-132.6828,55.0221],[-132.8838,55.0313],[-132.8726,55.0497],[-132.8545,55.0441],[-132.8094,55.0851],[-132.7009,55.0981]]],[[[-128.2439,52.5969],[-128.2857,52.5847],[-128.2734,52.6681],[-128.342,52.7797],[-128.1535,52.7739],[-128.2439,52.5969]]],[[[-128.6192,52.4395],[-128.6621,52.2775],[-128.7712,52.4251],[-128.6192,52.4395]]],[[[-98.015,54.8221],[-98.1739,54.8199],[-98.085,54.9507],[-97.842,55.0001],[-98.015,54.8221]]],[[[-96.7011,51.0381],[-96.786,50.9927],[-96.8756,51.0095],[-96.6136,51.1913],[-96.7011,51.0381]]],[[[-85.476,45.6409],[-85.5543,45.5661],[-85.6206,45.5909],[-85.5658,45.7529],[-85.476,45.6409]]],[[[-126.0859,49.3661],[-126.0556,49.2593],[-126.2314,49.2805],[-126.0859,49.3661]]],[[[-133.2965,55.3301],[-133.3277,55.2751],[-133.2145,55.2693],[-133.4422,55.2147],[-133.2965,55.3301]]],[[[-122.8724,48.7117],[-122.7418,48.6619],[-123.0263,48.6139],[-122.8724,48.7117]]],[[[-153.2871,57.9047],[-153.2036,57.8071],[-153.453,57.8757],[-153.2871,57.9047]]],[[[-126.2094,50.5677],[-126.4222,50.5143],[-126.6827,50.5479],[-126.4304,50.5481],[-126.2094,50.5677]]],[[[-99.8792,52.3473],[-99.9434,52.2893],[-99.9925,52.3931],[-99.8899,52.5167],[-99.8792,52.3473]]],[[[-131.2175,54.8801],[-131.4941,54.9305],[-131.4616,54.9587],[-131.3389,54.9537],[-131.2175,54.8801]]],[[[-130.8886,54.5809],[-130.7477,54.5883],[-130.9361,54.4661],[-130.8886,54.5809]]],[[[-66.7436,44.6869],[-66.914,44.5983],[-66.8628,44.7309],[-66.7436,44.6869]]],[[[-123.1,48.6195],[-122.972,48.5271],[-122.9611,48.4513],[-123.1,48.6195]]],[[[-70.0302,41.3755],[-69.9707,41.2825],[-69.9853,41.2477],[-70.2439,41.2791],[-70.0302,41.3755]]],[[[-128.1583,52.2037],[-128.1131,52.1791],[-128.2212,52.0737],[-128.1809,52.0385],[-128.1926,52.0047],[-128.2502,52.0269],[-128.2073,52.0545],[-128.2745,52.0997],[-128.2345,52.1319],[-128.2849,52.1169],[-128.1583,52.2037]]],[[[-147.9663,60.8945],[-147.9286,60.8095],[-148.1447,60.7893],[-147.9663,60.8945]]],[[[-83.0774,45.9093],[-82.993,45.9365],[-83.1576,45.8579],[-83.0774,45.9093]]],[[[-84.1126,46.5115],[-84.1867,46.4233],[-84.1109,46.3157],[-84.2798,46.4643],[-84.1126,46.5115]]],[[[-94.6477,49.1627],[-94.5243,49.1863],[-94.7163,49.0797],[-94.6477,49.1627]]],[[[-127.9488,52.0717],[-128.1319,52.1457],[-127.9078,52.1527],[-127.8828,52.1825],[-127.9488,52.0717]]],[[[-126.5342,50.7887],[-126.7809,50.7639],[-126.925,50.8307],[-126.5342,50.7887]]],[[[-54.2708,47.3931],[-54.3767,47.4013],[-54.1712,47.5731],[-54.165,47.6369],[-54.1375,47.6801],[-54.1604,47.5749],[-54.2708,47.3931]]],[[[-155.5761,55.7603],[-155.7404,55.8239],[-155.6016,55.9159],[-155.5761,55.7603]]],[[[-124.8941,50.1385],[-124.8795,50.0637],[-124.9367,50.0647],[-124.9842,50.0163],[-124.9894,50.2381],[-124.8941,50.1385]]],[[[-132.6272,54.8879],[-132.6314,54.7497],[-132.8042,54.8817],[-132.6272,54.8879]]],[[[-112.2538,40.9505],[-112.2535,41.0681],[-112.1637,40.9623],[-112.2538,40.9505]]],[[[-73.998,45.2411],[-74.1668,45.2411],[-74.161,45.2859],[-73.998,45.2411]]],[[[-133.4507,55.3795],[-133.6083,55.2363],[-133.6659,55.3713],[-133.4507,55.3795]]],[[[-60.9311,45.5973],[-60.9159,45.5935],[-60.8982,45.5831],[-60.9024,45.5635],[-60.9881,45.5425],[-61.0111,45.4727],[-60.9981,45.5159],[-61.1457,45.5689],[-60.9138,45.5837],[-60.9141,45.5889],[-60.9311,45.5973]]],[[[-75.5318,35.2217],[-75.7463,35.1913],[-75.5237,35.2733],[-75.5296,35.7745],[-75.5198,35.2633],[-75.5318,35.2217]]],[[[-119.9677,33.9471],[-120.2492,34.0057],[-120.1373,34.0297],[-119.9677,33.9471]]],[[[-127.9115,52.1629],[-128.0933,52.1971],[-127.9966,52.2121],[-127.9898,52.2961],[-127.9115,52.1629]]],[[[-125.3848,50.3635],[-125.5489,50.3753],[-125.4822,50.3981],[-125.4909,50.4263],[-125.3848,50.3635]]],[[[-122.5546,48.4995],[-122.4969,48.3941],[-122.5449,48.4525],[-122.6651,48.4157],[-122.5546,48.4995]]],[[[-96.3316,51.2451],[-96.4186,51.1835],[-96.5906,51.1663],[-96.3316,51.2451]]],[[[-122.9782,49.1751],[-122.9264,49.1881],[-123.1228,49.1073],[-123.1917,49.1253],[-122.9782,49.1751]]],[[[-122.4784,48.1729],[-122.3574,48.0519],[-122.5306,48.1693],[-122.4784,48.1729]]],[[[-148.0451,60.1835],[-148.1651,60.0305],[-148.2326,60.0141],[-148.3257,60.0303],[-148.0451,60.1835]]],[[[-71.2411,41.4863],[-71.3666,41.4521],[-71.326,41.4847],[-71.2544,41.6383],[-71.2411,41.4863]]],[[[-124.6977,50.2957],[-124.6432,50.2353],[-124.7047,50.1633],[-124.6977,50.2957]]],[[[-124.0879,49.6467],[-124.2021,49.6767],[-124.1397,49.7609],[-124.0879,49.6467]]],[[[-84.4164,45.8051],[-84.3496,45.7645],[-84.4151,45.7117],[-84.5848,45.8023],[-84.4164,45.8051]]],[[[-133.6042,55.5497],[-133.5714,55.5087],[-133.8055,55.4361],[-133.6042,55.5497]]],[[[-53.8188,47.8995],[-53.7362,47.8891],[-53.8119,47.7731],[-53.8188,47.8995]]],[[[-160.3255,55.2435],[-160.5227,55.3177],[-160.4837,55.3579],[-160.3255,55.2435]]],[[[-130.4676,54.6999],[-130.5322,54.6979],[-130.6334,54.7563],[-130.4676,54.6999]]],[[[-55.9473,47.6555],[-55.9001,47.6077],[-56.1227,47.6439],[-55.9473,47.6555]]],[[[-128.0508,52.3121],[-128.2013,52.2797],[-128.1068,52.4317],[-128.0508,52.3121]]],[[[-128.4892,52.7759],[-128.5193,52.6399],[-128.5123,52.8785],[-128.4892,52.7759]]],[[[-97.9529,53.7605],[-97.8686,53.6901],[-98.0153,53.6753],[-97.9529,53.7605]]],[[[-128.3653,52.3671],[-128.476,52.3901],[-128.4035,52.4473],[-128.3653,52.3671]]],[[[-134.8219,57.4135],[-134.7952,57.3085],[-134.9992,57.4045],[-134.8219,57.4135]]],[[[-81.7923,45.9703],[-81.9563,46.0067],[-81.9486,46.0439],[-81.7923,45.9703]]],[[[-76.3593,44.1817],[-76.3285,44.1909],[-76.4928,44.1053],[-76.3593,44.1817]]],[[[-133.3299,55.5641],[-133.2682,55.4975],[-133.3556,55.4491],[-133.3299,55.5641]]],[[[-157.0906,56.5809],[-156.9696,56.5347],[-157.3283,56.5237],[-157.0906,56.5809]]],[[[-126.8943,50.6703],[-126.8241,50.6215],[-127.1607,50.6311],[-126.8943,50.6703]]],[[[-153.3479,59.3585],[-153.5556,59.3351],[-153.5143,59.3941],[-153.3479,59.3585]]],[[[-88.623,49.9025],[-88.5641,49.7957],[-88.7622,49.8545],[-88.623,49.9025]]],[[[-159.5165,55.0627],[-159.6433,55.0553],[-159.5807,55.2119],[-159.5165,55.0627]]],[[[-125.4969,50.4055],[-125.7845,50.3973],[-125.6629,50.4103],[-125.4969,50.4055]]],[[[-82.5683,45.9537],[-82.5663,45.9111],[-82.7318,45.9073],[-82.5683,45.9537]]],[[[-80.4635,32.3271],[-80.587,32.2703],[-80.55,32.3459],[-80.4635,32.3271]]],[[[-125.7701,49.2165],[-125.7968,49.1197],[-125.9248,49.1759],[-125.7701,49.2165]]],[[[-147.901,60.0997],[-148.067,60.0551],[-148.1305,59.9855],[-148.1609,59.9959],[-147.9718,60.1357],[-147.901,60.0997]]],[[[-125.7315,50.4265],[-125.9717,50.4355],[-125.8687,50.4661],[-125.7315,50.4265]]],[[[-122.8595,48.4587],[-122.8112,48.4223],[-122.9457,48.4655],[-122.8595,48.4587]]],[[[-57.3617,-37.4859],[-57.3211,-37.428],[-57.2632,-37.4685],[-57.3617,-37.4859]]],[[[-134.2188,55.8943],[-134.1026,55.9135],[-134.2604,55.8215],[-134.2188,55.8943]]],[[[-147.8843,59.9899],[-148.0639,59.9497],[-147.9468,60.0163],[-147.8843,59.9899]]],[[[-132.4234,56.6649],[-132.3069,56.6697],[-132.4623,56.6055],[-132.4234,56.6649]]],[[[-87.5963,48.7491],[-87.7578,48.7555],[-87.7384,48.8365],[-87.5963,48.7491]]],[[[-144.4331,59.8983],[-144.6057,59.8019],[-144.4363,59.9393],[-144.2456,59.9841],[-144.4331,59.8983]]],[[[-133.4213,55.4427],[-133.6121,55.4485],[-133.527,55.4797],[-133.4213,55.4427]]],[[[-148.1252,60.7481],[-148.0956,60.6621],[-148.1775,60.6315],[-148.1252,60.7481]]],[[[-78.8926,43.0339],[-78.9369,42.9559],[-79.0116,42.9877],[-78.8926,43.0339]]],[[[-75.3531,37.8723],[-75.3724,37.8595],[-75.4076,37.8767],[-75.3597,37.8721],[-75.1183,38.2717],[-75.3531,37.8723]]],[[[-76.6202,44.1815],[-76.8156,44.1291],[-76.7273,44.1725],[-76.6202,44.1815]]],[[[-133.2116,55.8561],[-133.2432,55.7745],[-133.3489,55.8423],[-133.2116,55.8561]]],[[[-123.3331,49.4965],[-123.3154,49.4439],[-123.4428,49.4353],[-123.3331,49.4965]]],[[[-160.1371,55.4493],[-160.1397,55.3795],[-160.3131,55.3943],[-160.1371,55.4493]]],[[[-152.9496,57.1883],[-152.8776,57.1537],[-153.0833,57.1115],[-152.9496,57.1883]]],[[[-124.2386,49.5041],[-124.1576,49.4509],[-124.3146,49.4597],[-124.2386,49.5041]]],[[[-130.6685,54.1607],[-130.6391,54.1223],[-130.7909,54.1427],[-130.6685,54.1607]]],[[[-148.0335,60.2797],[-148.1577,60.2947],[-148.1641,60.3221],[-148.0335,60.2797]]],[[[-150.6141,59.3701],[-150.7802,59.3089],[-150.6896,59.3949],[-150.6141,59.3701]]],[[[-127.7063,50.9059],[-127.6772,50.8877],[-127.6463,50.8423],[-127.7063,50.9059]]],[[[-90.646,46.7855],[-90.7828,46.7501],[-90.604,46.8689],[-90.646,46.7855]]],[[[-132.4647,56.4347],[-132.3879,56.3829],[-132.5488,56.3543],[-132.4647,56.4347]]],[[[-86.6422,46.5515],[-86.6031,46.4645],[-86.6831,46.4501],[-86.6422,46.5515]]],[[[-88.2552,49.3843],[-88.3662,49.4023],[-88.3521,49.4639],[-88.2552,49.3843]]],[[[-86.8415,45.3931],[-86.8697,45.3281],[-86.9555,45.3457],[-86.8415,45.3931]]],[[[-151.9555,60.3747],[-152.081,60.3449],[-151.9504,60.5135],[-151.9555,60.3747]]],[[[-94.5219,49.0979],[-94.503,49.0645],[-94.6285,49.0267],[-94.5219,49.0979]]],[[[-88.4684,49.5927],[-88.492,49.6261],[-88.3738,49.6911],[-88.4684,49.5927]]],[[[-125.1228,50.3265],[-125.0864,50.2683],[-125.1505,50.2323],[-125.1228,50.3265]]],[[[-123.3446,48.9027],[-123.3113,48.8625],[-123.3893,48.8707],[-123.3902,48.8915],[-123.5548,48.9645],[-123.3446,48.9027]]],[[[-129.672,53.1279],[-129.5932,53.0673],[-129.7265,53.0743],[-129.672,53.1279]]],[[[-125.0442,50.1839],[-125.1435,50.1335],[-125.0745,50.2733],[-125.0442,50.1839]]],[[[-86.0027,45.0541],[-86.0508,45.1479],[-85.9771,45.1427],[-86.0027,45.0541]]],[[[-81.7879,45.4363],[-81.831,45.4689],[-81.7812,45.5129],[-81.7879,45.4363]]],[[[-130.234,54.7161],[-130.3779,54.6879],[-130.2073,54.7939],[-130.234,54.7161]]],[[[-126.3467,50.6249],[-126.5642,50.5975],[-126.5082,50.6225],[-126.3467,50.6249]]],[[[-129.3384,53.3615],[-129.3346,53.2951],[-129.4173,53.2901],[-129.3384,53.3615]]],[[[-84.0982,46.2541],[-84.1416,46.2099],[-84.2053,46.2887],[-84.0982,46.2541]]],[[[-98.2155,54.2977],[-98.3066,54.2695],[-98.2753,54.3469],[-98.2101,54.3451],[-98.1483,54.3887],[-98.2155,54.2977]]],[[[-97.3044,52.2629],[-97.3949,52.3003],[-97.2713,52.3635],[-97.3044,52.2629]]],[[[-131.5096,55.9131],[-131.6126,55.9225],[-131.4284,55.9909],[-131.5096,55.9131]]],[[[-123.7018,49.1563],[-123.6886,49.1367],[-123.8547,49.1541],[-123.7018,49.1563]]],[[[-123.3368,49.3495],[-123.4328,49.3377],[-123.394,49.3945],[-123.3368,49.3495]]],[[[-94.7234,49.4235],[-94.7022,49.4087],[-94.7158,49.3433],[-94.7234,49.4235]]],[[[-124.6845,49.4781],[-124.8325,49.5449],[-124.8388,49.6113],[-124.6845,49.4781]]],[[[-127.9623,51.6513],[-128.0823,51.6563],[-128.0655,51.7091],[-127.9623,51.6513]]],[[[-128.2781,52.5135],[-128.2715,52.4879],[-128.4157,52.4611],[-128.2781,52.5135]]],[[[-135.6214,58.3821],[-135.5249,58.3417],[-135.6676,58.3297],[-135.6214,58.3821]]],[[[-88.5402,50.0293],[-88.6158,49.9295],[-88.6403,50.0347],[-88.5402,50.0293]]],[[[-76.1859,44.2305],[-76.2508,44.2043],[-76.4448,44.2057],[-76.1859,44.2305]]],[[[-89.0351,48.2427],[-89.1761,48.2183],[-89.1624,48.2477],[-89.0351,48.2427]]],[[[-128.0035,52.2817],[-128.0783,52.2255],[-128.1861,52.2337],[-128.0035,52.2817]]],[[[-130.2175,54.1879],[-130.1532,54.1459],[-130.2344,54.1141],[-130.2175,54.1879]]],[[[-133.8342,55.8651],[-133.8969,55.8489],[-133.9336,55.9109],[-133.8342,55.8651]]],[[[-130.3214,54.2365],[-130.3514,54.2657],[-130.2823,54.3317],[-130.3214,54.2365]]],[[[-75.6614,35.8597],[-75.722,35.9333],[-75.6457,35.9021],[-75.6161,35.8225],[-75.6228,35.8251],[-75.6325,35.8197],[-75.6485,35.8215],[-75.6614,35.8597]]],[[[-129.0536,53.6747],[-129.0827,53.6915],[-128.8617,53.7705],[-129.0536,53.6747]]],[[[-130.2163,54.0171],[-130.1921,54.0817],[-130.1284,54.0195],[-130.2163,54.0171]]],[[[-158.7472,55.8755],[-158.6968,55.8245],[-158.8802,55.8075],[-158.7472,55.8755]]],[[[-126.7316,50.8601],[-126.8474,50.8367],[-126.9231,50.8465],[-126.7316,50.8601]]],[[[-82.617,41.7505],[-82.6717,41.7083],[-82.6797,41.8127],[-82.617,41.7505]]],[[[-151.9001,58.1957],[-151.8717,58.2549],[-151.7967,58.2517],[-151.9001,58.1957]]],[[[-68.8464,44.0739],[-68.7864,44.0631],[-68.8807,44.0563],[-68.8464,44.0739]]],[[[-152.3294,57.9119],[-152.5288,57.9113],[-152.49,57.9565],[-152.3294,57.9119]]],[[[-68.6495,44.1801],[-68.6224,44.1807],[-68.7151,44.1587],[-68.6495,44.1801]]],[[[-90.5362,46.9053],[-90.6457,46.9185],[-90.5158,46.9641],[-90.5362,46.9053]]],[[[-132.972,56.5883],[-132.984,56.5093],[-133.0652,56.5545],[-132.972,56.5883]]],[[[-147.902,60.7263],[-147.8555,60.6827],[-148.0089,60.6875],[-147.902,60.7263]]],[[[-80.1496,44.8503],[-80.1513,44.7817],[-80.2371,44.8291],[-80.1496,44.8503]]],[[[-97.8589,53.9557],[-97.9253,53.9361],[-97.9553,53.9177],[-97.9659,53.9021],[-97.984,53.9011],[-97.8633,53.9879],[-97.8589,53.9557]]],[[[-129.9505,53.4619],[-130.024,53.5057],[-129.8926,53.5309],[-129.9505,53.4619]]],[[[-120.2965,34.0251],[-120.4507,34.0343],[-120.3692,34.0797],[-120.2965,34.0251]]],[[[-148.1643,59.9357],[-148.2598,59.9337],[-148.23,59.9769],[-148.1668,59.9593],[-148.1165,59.9661],[-148.0031,60.0363],[-148.1643,59.9357]]],[[[-65.5636,43.4875],[-65.6256,43.4111],[-65.6593,43.4575],[-65.5636,43.4875]]],[[[-100.1513,53.3195],[-100.3504,53.3113],[-100.1354,53.3799],[-100.1513,53.3195]]],[[[-147.0884,60.8915],[-147.1642,60.8511],[-147.3402,60.8735],[-147.0884,60.8915]]],[[[-97.1772,51.5989],[-97.2182,51.5819],[-97.1,51.7541],[-97.1772,51.5989]]],[[[-128.3791,52.2309],[-128.4189,52.1801],[-128.3932,52.1583],[-128.502,52.1507],[-128.3791,52.2309]]],[[[-73.9527,45.4015],[-73.854,45.3703],[-73.9078,45.3453],[-73.9527,45.4015]]],[[[-55.92,47.7309],[-56.0461,47.7161],[-55.9857,47.7525],[-55.92,47.7309]]],[[[-127.4381,51.3023],[-127.3858,51.2917],[-127.6076,51.2907],[-127.4381,51.3023]]],[[[-128.3452,52.2319],[-128.2625,52.2247],[-128.3645,52.1501],[-128.3452,52.2319]]],[[[-130.3785,54.2963],[-130.3722,54.2327],[-130.4663,54.2893],[-130.3785,54.2963]]],[[[-66.3291,44.2497],[-66.2174,44.4035],[-66.2159,44.3739],[-66.3291,44.2497]]],[[[-147.3895,60.6483],[-147.3159,60.6585],[-147.4922,60.6169],[-147.3895,60.6483]]],[[[-61.7815,47.3967],[-61.8457,47.4071],[-61.6688,47.5489],[-61.6057,47.5613],[-61.7815,47.3967]]],[[[-94.0223,49.4395],[-94.0013,49.4261],[-94.1397,49.4173],[-94.0223,49.4395]]],[[[-54.0683,47.6417],[-54.0967,47.4773],[-54.1201,47.5477],[-54.0683,47.6417]]],[[[-152.728,57.9841],[-152.7736,57.9217],[-152.8684,57.9533],[-152.728,57.9841]]],[[[-123.0888,48.7885],[-123.0405,48.7843],[-123.1726,48.7679],[-123.0888,48.7885]]],[[[-75.8709,37.1911],[-75.9141,37.1461],[-75.922,37.2275],[-75.8709,37.1911]]],[[[-126.515,50.5657],[-126.6405,50.5499],[-126.6872,50.5929],[-126.6043,50.5865],[-126.515,50.5657]]],[[[-130.5573,53.7857],[-130.6433,53.8063],[-130.5698,53.8461],[-130.5573,53.7857]]],[[[-135.4701,57.2503],[-135.38,57.2407],[-135.4319,57.1835],[-135.4701,57.2503]]],[[[-75.9641,44.3433],[-75.9369,44.3529],[-76.0392,44.2867],[-75.9641,44.3433]]],[[[-132.023,56.0901],[-131.9767,56.0039],[-132.0309,55.9695],[-132.0257,56.0171],[-132.023,56.0901]]],[[[-88.3301,50.0049],[-88.321,49.9607],[-88.4162,50.0069],[-88.3301,50.0049]]],[[[-90.3995,47.0129],[-90.4608,46.9865],[-90.4483,47.0501],[-90.3995,47.0129]]],[[[-72.2755,41.0763],[-72.2712,41.0235],[-72.3716,41.0499],[-72.2755,41.0763]]],[[[-66.9538,44.9749],[-66.9881,44.9251],[-67.0245,44.9747],[-66.9538,44.9749]]],[[[-76.2073,44.3029],[-76.3107,44.2483],[-76.3595,44.2537],[-76.2073,44.3029]]],[[[-129.5808,52.9991],[-129.5378,52.9515],[-129.6219,52.9503],[-129.5808,52.9991]]],[[[-146.7094,60.8421],[-146.7228,60.8125],[-146.8245,60.8131],[-146.7094,60.8421]]],[[[-135.6164,57.3011],[-135.5595,57.2281],[-135.6352,57.2475],[-135.6164,57.3011]]],[[[-52.9579,47.6557],[-52.9235,47.6531],[-53.0203,47.5937],[-52.9579,47.6557]]],[[[-73.1109,46.1331],[-73.0454,46.1523],[-73.0827,46.1307],[-73.0857,46.0901],[-73.1109,46.1331]]],[[[-97.9925,54.5913],[-98.0506,54.5921],[-97.9038,54.6559],[-97.9925,54.5913]]],[[[-76.5432,34.5887],[-76.4773,34.6889],[-76.2893,34.8799],[-76.5432,34.5887]]],[[[-125.9557,49.2067],[-125.9354,49.1835],[-125.9822,49.1479],[-125.9557,49.2067]]],[[[-153.8329,57.5239],[-153.8361,57.4279],[-153.8921,57.4931],[-153.8329,57.5239]]],[[[-128.2065,52.2081],[-128.3214,52.1235],[-128.2997,52.1959],[-128.2065,52.2081]]],[[[-70.4381,47.3947],[-70.3218,47.4259],[-70.3698,47.3875],[-70.4381,47.3947]]],[[[-68.9156,44.2519],[-68.9372,44.2337],[-68.8864,44.3905],[-68.9156,44.2519]]],[[[-152.2513,58.9373],[-152.2755,58.9527],[-152.155,58.9419],[-152.2513,58.9373]]],[[[-133.0108,56.1147],[-132.9675,56.0717],[-133.0561,56.0567],[-133.0108,56.1147]]],[[[-68.8087,44.1515],[-68.9525,44.1147],[-68.9201,44.1513],[-68.8087,44.1515]]],[[[-68.6309,44.2565],[-68.6135,44.2309],[-68.6781,44.2143],[-68.6309,44.2565]]],[[[-147.3606,60.2725],[-147.5105,60.2375],[-147.5106,60.2633],[-147.3606,60.2725]]],[[[-68.4076,44.1369],[-68.5102,44.1539],[-68.4728,44.1825],[-68.4076,44.1369]]],[[[-75.8932,35.1347],[-76.0176,35.0631],[-75.9945,35.1143],[-75.7798,35.1773],[-75.8932,35.1347]]],[[[-68.6137,44.0153],[-68.6656,44.0069],[-68.6612,44.0637],[-68.6137,44.0153]]],[[[-124.6693,49.5493],[-124.5864,49.5185],[-124.6724,49.4921],[-124.6693,49.5493]]],[[[-127.5977,51.4901],[-127.6806,51.4931],[-127.5874,51.5675],[-127.5977,51.4901]]],[[[-152.8487,58.3399],[-152.7831,58.2881],[-152.94,58.3307],[-152.8487,58.3399]]],[[[-127.2794,49.9711],[-127.3178,49.9987],[-127.2862,50.0337],[-127.2794,49.9711]]],[[[-122.087,49.1697],[-122.0163,49.2061],[-122.006,49.2003],[-122.0876,49.1501],[-122.1913,49.1557],[-122.087,49.1697]]],[[[-86.9698,48.6685],[-86.9588,48.6371],[-87.0606,48.6405],[-86.9698,48.6685]]],[[[-122.6682,48.0293],[-122.6859,48.0051],[-122.7315,48.0309],[-122.7477,48.0693],[-122.6682,48.0293]]],[[[-127.8422,50.9327],[-127.831,50.9035],[-127.9253,50.8945],[-127.8422,50.9327]]],[[[-82.5179,42.6047],[-82.5904,42.5461],[-82.6328,42.5545],[-82.6637,42.5331],[-82.5853,42.6057],[-82.5179,42.6047]]],[[[-97.5143,55.0931],[-97.5658,55.0469],[-97.6228,55.0581],[-97.6587,55.0411],[-97.6985,55.0403],[-97.6448,55.0531],[-97.6868,55.0541],[-97.5143,55.0931]]],[[[-136.0703,58.2605],[-136.1466,58.2763],[-136.0375,58.3179],[-136.0703,58.2605]]],[[[-96.6129,51.2623],[-96.5581,51.3123],[-96.474,51.3083],[-96.6129,51.2623]]],[[[-123.2619,48.7577],[-123.2238,48.7359],[-123.3118,48.7709],[-123.3243,48.8081],[-123.2619,48.7577]]],[[[-71.5613,41.1517],[-71.6245,41.1641],[-71.5865,41.2339],[-71.5613,41.1517]]],[[[-135.4475,57.1803],[-135.4447,57.1705],[-135.5255,57.1469],[-135.4475,57.1803]]],[[[-97.825,54.6937],[-97.8812,54.7131],[-97.8205,54.7395],[-97.825,54.6937]]],[[[-99.5448,53.2017],[-99.6059,53.2121],[-99.5929,53.2435],[-99.5448,53.2017]]],[[[-56.1661,46.7715],[-56.255,46.7657],[-56.1765,46.8179],[-56.1905,46.7795],[-56.1661,46.7715]]],[[[-75.6725,37.5253],[-75.6021,37.5719],[-75.6411,37.5009],[-75.6725,37.5253]]],[[[-74.1057,39.7527],[-74.1394,39.6861],[-74.2907,39.4965],[-74.1057,39.7527]]],[[[-152.5814,60.1745],[-152.5562,60.0995],[-152.6007,60.1187],[-152.5814,60.1745]]],[[[-130.7257,54.3553],[-130.8186,54.3857],[-130.7724,54.3861],[-130.7257,54.3553]]],[[[-122.6167,48.6705],[-122.6095,48.6421],[-122.7168,48.7157],[-122.6167,48.6705]]],[[[-82.1991,45.9813],[-82.2643,46.0211],[-82.2334,46.0501],[-82.1991,45.9813]]],[[[-150.2997,59.4199],[-150.4372,59.3969],[-150.4081,59.4491],[-150.2997,59.4199]]],[[[-76.125,44.2523],[-76.1639,44.2621],[-76.1325,44.2989],[-76.125,44.2523]]],[[[-133.3567,55.9875],[-133.32,55.9825],[-133.4204,55.9029],[-133.3567,55.9875]]],[[[-123.6254,49.0645],[-123.5917,49.0157],[-123.7137,49.1215],[-123.6254,49.0645]]],[[[-98.1005,54.4169],[-98.0656,54.4007],[-98.0243,54.4031],[-98.1207,54.3643],[-98.1005,54.4169]]],[[[-133.2193,55.4309],[-133.3191,55.4061],[-133.2903,55.4409],[-133.2193,55.4309]]],[[[-71.4044,41.4545],[-71.3796,41.5757],[-71.368,41.5593],[-71.4044,41.4545]]],[[[-157.8272,56.3055],[-157.909,56.3389],[-157.8335,56.3657],[-157.8272,56.3055]]],[[[-133.3968,55.9767],[-133.4359,55.9357],[-133.4945,55.9509],[-133.3968,55.9767]]],[[[-97.7772,54.5965],[-97.8744,54.5977],[-97.818,54.6431],[-97.7881,54.6435],[-97.7772,54.5965]]],[[[-79.6469,32.8733],[-79.6571,32.8827],[-79.648,32.9083],[-79.6469,32.8733]]],[[[-83.171,42.1053],[-83.1401,42.1907],[-83.1354,42.1141],[-83.171,42.1053]]],[[[-80.4256,32.4831],[-80.4132,32.5363],[-80.3678,32.5011],[-80.4256,32.4831]]],[[[-97.1966,54.8047],[-97.1657,54.7867],[-97.242,54.7479],[-97.1966,54.8047]]],[[[-74.4104,39.3575],[-74.5396,39.2997],[-74.5339,39.3305],[-74.4104,39.3575]]],[[[-54.1902,47.4163],[-54.1574,47.4051],[-54.1888,47.3591],[-54.1902,47.4163]]],[[[-134.1029,57.8129],[-134.0905,57.7743],[-134.2068,57.8923],[-134.1029,57.8129]]],[[[-84.4807,46.8845],[-84.422,46.8835],[-84.5376,46.8631],[-84.4807,46.8845]]],[[[-134.8318,58.4183],[-134.7981,58.3693],[-134.8276,58.3687],[-134.8318,58.4183]]],[[[-126.4852,49.6641],[-126.5335,49.6035],[-126.5653,49.6405],[-126.4852,49.6641]]],[[[-131.5918,55.8489],[-131.699,55.8631],[-131.6898,55.8717],[-131.5918,55.8489]]],[[[-122.666,48.5671],[-122.6836,48.5445],[-122.7372,48.5737],[-122.666,48.5671]]],[[[-86.1369,44.9919],[-86.146,45.0069],[-86.1047,45.0471],[-86.1369,44.9919]]],[[[-123.9405,46.4599],[-123.9408,46.4075],[-123.9968,46.4503],[-123.9405,46.4599]]],[[[-88.0263,48.9339],[-88.0202,48.8851],[-88.1007,48.9241],[-88.0263,48.9339]]],[[[-73.2564,40.6431],[-73.315,40.6423],[-73.495,40.5969],[-73.5797,40.5899],[-73.4052,40.6203],[-73.3324,40.6467],[-73.2564,40.6431]]],[[[-72.9096,40.7213],[-73.063,40.6665],[-73.256,40.6237],[-73.3155,40.6265],[-72.9096,40.7213]]],[[[-123.2387,48.8243],[-123.3424,48.8563],[-123.2981,48.8497],[-123.2387,48.8243]]],[[[-70.5418,47.0539],[-70.5764,47.0439],[-70.518,47.1221],[-70.5418,47.0539]]],[[[-135.6119,57.6667],[-135.5812,57.6617],[-135.6267,57.6447],[-135.6119,57.6667]]],[[[-145.2259,60.3053],[-145.3022,60.3319],[-145.1756,60.3621],[-145.2259,60.3053]]],[[[-90.7021,46.9537],[-90.685,46.9131],[-90.7301,46.9123],[-90.7021,46.9537]]],[[[-122.6493,48.5287],[-122.6487,48.5859],[-122.6425,48.5891],[-122.6493,48.5287]]],[[[-75.6415,37.6331],[-75.5913,37.6703],[-75.5823,37.6629],[-75.6415,37.6331]]],[[[-135.2198,56.7419],[-135.2694,56.7591],[-135.1902,56.8047],[-135.2198,56.7419]]],[[[-123.6327,48.9797],[-123.6264,48.9341],[-123.6927,48.9895],[-123.6327,48.9797]]],[[[-132.1505,55.9787],[-132.1281,55.9521],[-132.1745,55.9223],[-132.1505,55.9787]]],[[[-84.4146,45.9687],[-84.4131,45.9741],[-84.4235,45.9879],[-84.3893,45.9865],[-84.3413,45.9407],[-84.4146,45.9687]]],[[[-55.8526,47.2765],[-55.9801,47.2675],[-55.9752,47.2765],[-55.8526,47.2765]]],[[[-85.4963,45.7711],[-85.5219,45.8223],[-85.4683,45.8075],[-85.4963,45.7711]]],[[[-127.539,51.0517],[-127.6074,51.0663],[-127.5644,51.0867],[-127.539,51.0517]]],[[[-135.286,58.9659],[-135.2964,58.9055],[-135.3366,58.9817],[-135.286,58.9659]]],[[[-134.1744,57.9321],[-134.165,57.9091],[-134.2314,57.9091],[-134.1744,57.9321]]],[[[-122.9363,48.5745],[-122.9026,48.5775],[-122.9662,48.5499],[-122.9363,48.5745]]],[[[-70.7959,41.4783],[-70.7146,41.5113],[-70.7235,41.4933],[-70.7959,41.4783]]],[[[-159.1333,55.8237],[-159.1806,55.8375],[-159.1383,55.8741],[-159.1333,55.8237]]],[[[-131.1764,55.0829],[-131.1936,55.0415],[-131.2451,55.0705],[-131.1764,55.0829]]],[[[-99.073,53.3509],[-99.0759,53.3107],[-99.1241,53.2745],[-99.073,53.3509]]],[[[-159.2713,55.7723],[-159.3001,55.7465],[-159.3357,55.7907],[-159.3617,55.7829],[-159.3205,55.8135],[-159.2713,55.7723]]],[[[-100.5508,53.0533],[-100.5337,53.0331],[-100.6637,53.0353],[-100.5508,53.0533]]],[[[-87.4667,48.7893],[-87.4471,48.7721],[-87.498,48.7571],[-87.4667,48.7893]]],[[[-154.0393,56.6821],[-154.136,56.6993],[-154.0577,56.7303],[-154.0393,56.6821]]],[[[-74.7627,39.0941],[-74.7105,39.1061],[-74.7101,39.0959],[-74.7627,39.0941]]],[[[-75.4258,37.8955],[-75.3175,37.9825],[-75.3492,37.9465],[-75.3519,37.9221],[-75.4258,37.8955]]],[[[-70.4554,41.4173],[-70.461,41.3469],[-70.5109,41.3723],[-70.463,41.3837],[-70.4554,41.4173]]],[[[-128.413,51.9561],[-128.4527,51.9235],[-128.4749,51.9469],[-128.413,51.9561]]],[[[-125.1479,50.4017],[-125.1184,50.4203],[-125.0835,50.3783],[-125.1479,50.4017]]],[[[-125.023,50.2795],[-125.0396,50.2975],[-124.9862,50.3227],[-125.023,50.2795]]],[[[-122.7705,48.5571],[-122.8048,48.5335],[-122.8297,48.5635],[-122.7705,48.5571]]],[[[-54.2005,47.7949],[-54.1883,47.8497],[-54.1485,47.8235],[-54.2005,47.7949]]],[[[-68.491,44.3335],[-68.4953,44.3109],[-68.5382,44.3305],[-68.491,44.3335]]],[[[-88.4614,50.0821],[-88.4472,50.1575],[-88.4294,50.1583],[-88.4614,50.0821]]],[[[-125.047,48.9405],[-125.1125,48.8955],[-125.105,48.9275],[-125.047,48.9405]]],[[[-128.4223,52.3081],[-128.4569,52.3431],[-128.3839,52.3547],[-128.4223,52.3081]]],[[[-112.3116,41.1343],[-112.3922,41.1747],[-112.3496,41.1891],[-112.3116,41.1343]]],[[[-74.4052,39.3715],[-74.4311,39.3915],[-74.3396,39.4309],[-74.4052,39.3715]]],[[[-130.7352,54.4163],[-130.8177,54.4307],[-130.7765,54.4641],[-130.7352,54.4163]]],[[[-59.713,46.0059],[-59.805,46.0147],[-59.6925,46.0449],[-59.713,46.0059]]],[[[-151.8,59.1779],[-151.7939,59.1399],[-151.8833,59.1463],[-151.8,59.1779]]],[[[-150.2274,61.1651],[-150.1643,61.1683],[-150.2234,61.1253],[-150.2274,61.1651]]],[[[-160.0571,55.3453],[-160.016,55.3227],[-160.1048,55.3179],[-160.0571,55.3453]]],[[[-82.9345,45.6811],[-82.9377,45.6307],[-82.9646,45.6379],[-82.9345,45.6811]]],[[[-88.5908,48.4183],[-88.6156,48.3769],[-88.6491,48.3527],[-88.6623,48.3569],[-88.5908,48.4183]]],[[[-130.946,55.3745],[-130.9295,55.3313],[-130.9654,55.3133],[-130.946,55.3745]]],[[[-76.021,38.1769],[-76.0333,38.1473],[-76.0862,38.1841],[-76.021,38.1769]]],[[[-132.88,55.1687],[-132.9323,55.1713],[-132.9251,55.2109],[-132.88,55.1687]]],[[[-85.6838,45.7439],[-85.6402,45.7413],[-85.6691,45.6943],[-85.6838,45.7439]]],[[[-77.9671,33.8431],[-78.014,33.8693],[-77.965,33.8711],[-77.9549,33.9083],[-77.9671,33.8431]]],[[[-94.4458,49.1849],[-94.4368,49.1673],[-94.5193,49.1659],[-94.4458,49.1849]]],[[[-130.5837,54.0967],[-130.572,54.0645],[-130.6538,54.1075],[-130.5837,54.0967]]],[[[-121.8191,49.4955],[-121.8211,49.4543],[-121.8503,49.4803],[-121.8191,49.4955]]],[[[-131.7835,55.5347],[-131.7691,55.5165],[-131.8279,55.4821],[-131.7835,55.5347]]],[[[-53.7433,47.9153],[-53.696,47.9211],[-53.8119,47.9029],[-53.7433,47.9153]]],[[[-161.3277,55.1841],[-161.4258,55.2047],[-161.3924,55.2205],[-161.3277,55.1841]]],[[[-75.9876,38.0195],[-75.9983,37.9807],[-76.0512,38.0137],[-75.9876,38.0195]]],[[[-88.073,48.6611],[-88.1238,48.6335],[-88.0932,48.6971],[-88.073,48.6611]]],[[[-97.8845,54.6135],[-97.9311,54.6029],[-97.8355,54.6803],[-97.8845,54.6135]]],[[[-130.6009,53.9125],[-130.5838,53.8913],[-130.6219,53.8719],[-130.6009,53.9125]]],[[[-129.2569,53.3597],[-129.2704,53.3915],[-129.2276,53.4029],[-129.2569,53.3597]]],[[[-98.0799,53.8981],[-98.0107,53.9493],[-98.0098,53.9187],[-98.0799,53.8981]]],[[[-53.7339,46.9549],[-53.677,47.0165],[-53.6914,46.9941],[-53.7339,46.9549]]],[[[-71.3407,41.5947],[-71.3529,41.6659],[-71.313,41.6283],[-71.3407,41.5947]]],[[[-132.9247,56.2293],[-132.9139,56.2067],[-132.9834,56.2101],[-132.9247,56.2293]]],[[[-151.4386,59.1375],[-151.4351,59.1167],[-151.5182,59.1259],[-151.4386,59.1375]]],[[[-87.3303,45.2091],[-87.3285,45.1561],[-87.3763,45.1811],[-87.3303,45.2091]]],[[[-129.3317,52.7987],[-129.3677,52.8145],[-129.3509,52.8521],[-129.3317,52.7987]]],[[[-85.869,45.4201],[-85.8745,45.4399],[-85.8316,45.4243],[-85.869,45.4201]]],[[[-62.532,45.8279],[-62.5113,45.8247],[-62.6068,45.8081],[-62.532,45.8279]]],[[[-130.4164,53.7911],[-130.3995,53.7657],[-130.4439,53.7477],[-130.4164,53.7911]]],[[[-132.3654,55.8449],[-132.3922,55.8967],[-132.3429,55.8921],[-132.3654,55.8449]]],[[[-65.8888,43.7411],[-65.9339,43.7673],[-65.9172,43.7181],[-65.9486,43.7711],[-65.9209,43.7935],[-65.8888,43.7411]]],[[[-82.3635,46.1309],[-82.5104,46.1355],[-82.4894,46.1399],[-82.3635,46.1309]]],[[[-156.7668,56.2243],[-156.7771,56.1461],[-156.8077,56.1537],[-156.7668,56.2243]]],[[[-156.6971,56.0025],[-156.754,56.0379],[-156.6993,56.0649],[-156.6971,56.0025]]],[[[-67.5872,44.5099],[-67.5767,44.4509],[-67.627,44.5049],[-67.5872,44.5099]]],[[[-126.7093,50.5791],[-126.6936,50.5635],[-126.7381,50.5565],[-126.7093,50.5791]]],[[[-72.537,40.8217],[-72.7566,40.7667],[-72.5191,40.8313],[-72.5053,40.8421],[-72.487,40.8389],[-72.537,40.8217]]],[[[-69.495,47.9857],[-69.4576,48.0391],[-69.4052,48.0661],[-69.495,47.9857]]],[[[-82.5899,42.6127],[-82.688,42.5913],[-82.6482,42.6109],[-82.5899,42.6127]]],[[[-54.2163,47.7139],[-54.2651,47.6879],[-54.2428,47.7443],[-54.2163,47.7139]]],[[[-128.8311,53.7145],[-128.8948,53.7115],[-128.886,53.7397],[-128.8311,53.7145]]],[[[-82.5349,46.1303],[-82.5454,46.1221],[-82.6413,46.1317],[-82.5349,46.1303]]],[[[-126.5777,50.7375],[-126.6144,50.7489],[-126.6029,50.7631],[-126.5777,50.7375]]],[[[-69.652,43.8347],[-69.6625,43.7859],[-69.6877,43.8273],[-69.652,43.8347]]],[[[-75.7027,37.4317],[-75.6737,37.4535],[-75.674,37.4301],[-75.7027,37.4317]]],[[[-123.1473,49.1985],[-123.1357,49.1921],[-123.2083,49.1825],[-123.1473,49.1985]]],[[[-73.0004,46.1361],[-73.0403,46.1229],[-73.0725,46.0999],[-73.0279,46.1385],[-73.0004,46.1361]]],[[[-73.3908,45.7651],[-73.4003,45.7635],[-73.292,45.8395],[-73.3908,45.7651]]],[[[-64.7521,47.8143],[-64.7534,47.7787],[-64.7845,47.7761],[-64.7521,47.8143]]],[[[-97.0649,51.8123],[-97.162,51.7957],[-97.1245,51.8255],[-97.0649,51.8123]]],[[[-72.0797,41.0959],[-72.0935,41.0567],[-72.1458,41.0979],[-72.0797,41.0959]]],[[[-79.8092,44.8835],[-79.8451,44.8883],[-79.8639,44.8279],[-79.8609,44.8951],[-79.8092,44.8835]]],[[[-160.7964,55.9023],[-160.9347,55.8921],[-160.8557,55.9119],[-160.7964,55.9023]]],[[[-129.5364,53.0071],[-129.5964,53.0237],[-129.572,53.0457],[-129.5364,53.0071]]],[[[-97.2099,51.6427],[-97.2453,51.6277],[-97.238,51.6627],[-97.2099,51.6427]]],[[[-72.01,41.2515],[-72.041,41.2503],[-71.928,41.2931],[-72.01,41.2515]]],[[[-53.6958,47.9275],[-53.7596,47.9287],[-53.6664,47.9737],[-53.6958,47.9275]]],[[[-136.3297,58.2713],[-136.2688,58.2661],[-136.3087,58.2287],[-136.3297,58.2713]]],[[[-66.3705,44.2291],[-66.391,44.2335],[-66.3448,44.2831],[-66.3705,44.2291]]],[[[-73.6444,40.5857],[-73.7597,40.5883],[-73.7442,40.5963],[-73.6444,40.5857]]],[[[-132.9245,56.0581],[-132.9249,56.0141],[-132.9531,56.0161],[-132.9245,56.0581]]],[[[-128.0326,51.7429],[-128.0531,51.7637],[-128.0106,51.7969],[-128.0326,51.7429]]],[[[-147.5648,60.5723],[-147.5664,60.5399],[-147.639,60.5469],[-147.5648,60.5723]]],[[[-126.6909,50.7667],[-126.6343,50.7591],[-126.6925,50.7381],[-126.6909,50.7667]]],[[[-94.3687,49.6559],[-94.3283,49.6415],[-94.4278,49.6457],[-94.3687,49.6559]]],[[[-63.7262,46.5799],[-63.7176,46.5685],[-63.7965,46.5847],[-63.7262,46.5799]]],[[[-123.0652,48.6993],[-123.0084,48.7221],[-123.0069,48.6897],[-123.0652,48.6993]]],[[[-94.5595,49.1059],[-94.4818,49.1445],[-94.4934,49.1331],[-94.5595,49.1059]]],[[[-90.9605,46.9599],[-90.9753,46.9717],[-90.9266,46.9977],[-90.9605,46.9599]]],[[[-133.4751,56.1551],[-133.4988,56.1267],[-133.5653,56.1305],[-133.487,56.1509],[-133.4751,56.1551]]],[[[-80.0279,45.1701],[-80.0008,45.1277],[-80.0774,45.1471],[-80.0279,45.1701]]],[[[-128.0919,51.7427],[-128.1343,51.7277],[-128.1197,51.7787],[-128.0919,51.7427]]],[[[-126.6326,50.6825],[-126.6704,50.6837],[-126.6195,50.7215],[-126.6326,50.6825]]],[[[-130.6629,54.7593],[-130.6323,54.7269],[-130.6671,54.7243],[-130.6629,54.7593]]],[[[-130.8131,54.4435],[-130.852,54.4381],[-130.7871,54.4917],[-130.8131,54.4435]]],[[[-132.6141,56.4883],[-132.5675,56.4521],[-132.5904,56.4481],[-132.6141,56.4883]]],[[[-96.5356,50.7371],[-96.5689,50.7491],[-96.5111,50.7807],[-96.5356,50.7371]]],[[[-94.4922,49.4769],[-94.5296,49.4877],[-94.4153,49.5091],[-94.4922,49.4769]]],[[[-82.5678,42.5199],[-82.5904,42.4869],[-82.6205,42.5259],[-82.5678,42.5199]]],[[[-159.3241,55.7641],[-159.393,55.7091],[-159.3805,55.7481],[-159.3241,55.7641]]],[[[-81.8347,45.9239],[-81.8781,45.8999],[-81.8523,45.9679],[-81.8347,45.9239]]],[[[-132.1956,55.9945],[-132.1955,56.0381],[-132.1489,56.0055],[-132.1956,55.9945]]],[[[-80.3142,45.4103],[-80.3295,45.3663],[-80.349,45.3893],[-80.3142,45.4103]]],[[[-84.6443,45.8539],[-84.6397,45.8819],[-84.5978,45.8483],[-84.6443,45.8539]]],[[[-81.5599,46.0869],[-81.545,46.0769],[-81.5972,46.0673],[-81.5599,46.0869]]],[[[-94.6559,49.6829],[-94.716,49.6555],[-94.7198,49.7011],[-94.6559,49.6829]]],[[[-74.8653,45.0013],[-74.8758,45.0093],[-74.8026,45.0095],[-74.8653,45.0013]]],[[[-151.6863,59.1297],[-151.644,59.1091],[-151.7114,59.1005],[-151.6863,59.1297]]],[[[-129.3263,53.2793],[-129.3172,53.2675],[-129.364,53.2283],[-129.3263,53.2793]]],[[[-82.6906,41.5829],[-82.7295,41.5997],[-82.7094,41.6159],[-82.6906,41.5829]]],[[[-131.0685,54.5767],[-131.0937,54.5841],[-131.0805,54.6201],[-131.0685,54.5767]]],[[[-75.9061,37.2925],[-75.8609,37.3615],[-75.8705,37.3359],[-75.9061,37.2925]]],[[[-128.7729,53.8331],[-128.7288,53.8649],[-128.7242,53.8369],[-128.7729,53.8331]]],[[[-97.2587,52.1873],[-97.2174,52.1783],[-97.2701,52.1543],[-97.2587,52.1873]]],[[[-130.3412,53.7753],[-130.3209,53.7525],[-130.3823,53.7493],[-130.3412,53.7753]]],[[[-87.5642,48.8011],[-87.5367,48.7807],[-87.5849,48.7715],[-87.5642,48.8011]]],[[[-130.12,54.1099],[-130.1451,54.0853],[-130.1437,54.1427],[-130.12,54.1099]]],[[[-152.5498,58.6117],[-152.5714,58.5739],[-152.6098,58.5695],[-152.5498,58.6117]]],[[[-76.5766,34.6677],[-76.5318,34.6325],[-76.6557,34.6845],[-76.5766,34.6677]]],[[[-146.3448,59.4103],[-146.3722,59.4137],[-146.3081,59.4727],[-146.3448,59.4103]]],[[[-126.8158,50.9471],[-126.7799,50.9297],[-126.8386,50.9171],[-126.8158,50.9471]]],[[[-94.4873,49.2255],[-94.4357,49.1999],[-94.5076,49.2005],[-94.4873,49.2255]]],[[[-86.6046,48.7113],[-86.5923,48.6877],[-86.6581,48.6963],[-86.6046,48.7113]]],[[[-139.5598,59.7059],[-139.5879,59.7163],[-139.5512,59.7367],[-139.5598,59.7059]]],[[[-129.6206,53.0407],[-129.5985,53.0139],[-129.6453,53.0219],[-129.6206,53.0407]]],[[[-159.765,55.0869],[-159.7473,55.0669],[-159.8009,55.0617],[-159.765,55.0869]]],[[[-144.3698,60.0971],[-144.393,60.1537],[-144.3417,60.1335],[-144.3698,60.0971]]],[[[-147.6131,60.5003],[-147.6169,60.4839],[-147.6748,60.5379],[-147.6131,60.5003]]],[[[-81.7093,45.3043],[-81.6975,45.2867],[-81.7693,45.3073],[-81.7093,45.3043]]],[[[-80.4187,45.4867],[-80.4724,45.5071],[-80.4007,45.5235],[-80.4187,45.4867]]],[[[-76.2007,39.0113],[-76.2133,39.0009],[-76.2412,39.0175],[-76.2007,39.0113]]],[[[-76.1355,38.9005],[-76.1133,38.8813],[-76.1892,38.8651],[-76.1355,38.9005]]],[[[-75.8109,37.1909],[-75.895,37.1511],[-75.8673,37.1885],[-75.8109,37.1909]]],[[[-129.745,55.4505],[-129.7275,55.4151],[-129.7257,55.3791],[-129.7432,55.3701],[-129.745,55.4505]]],[[[-136.8017,58.9393],[-136.7828,58.9061],[-136.854,58.9373],[-136.8017,58.9393]]],[[[-87.3568,48.7535],[-87.44,48.7701],[-87.4331,48.7771],[-87.3568,48.7535]]],[[[-82.0669,46.0203],[-82.0194,46.0373],[-82.021,46.0165],[-82.0669,46.0203]]],[[[-136.0966,58.6039],[-136.077,58.5715],[-136.0906,58.5617],[-136.0966,58.6039]]],[[[-76.0365,37.9279],[-76.0494,37.9959],[-76.0263,37.9823],[-76.0349,37.9701],[-76.0365,37.9279]]],[[[-145.1679,60.3397],[-145.091,60.3979],[-145.1083,60.3603],[-145.1679,60.3397]]],[[[-133.1059,55.5623],[-133.1341,55.5209],[-133.1181,55.5929],[-133.1059,55.5623]]],[[[-69.7244,47.8497],[-69.7718,47.7985],[-69.6887,47.8981],[-69.7244,47.8497]]],[[[-80.7428,32.3203],[-80.7368,32.3057],[-80.7615,32.3085],[-80.7428,32.3203]]],[[[-75.696,36.0215],[-75.6924,35.9949],[-75.7293,35.9969],[-75.696,36.0215]]],[[[-123.273,48.6075],[-123.2694,48.5905],[-123.3053,48.6011],[-123.273,48.6075]]],[[[-112.5899,41.0041],[-112.5807,41.0279],[-112.5414,41.0103],[-112.5899,41.0041]]],[[[-60.9255,45.5163],[-60.9388,45.4881],[-60.9721,45.4891],[-60.9255,45.5163]]],[[[-73.0022,46.1053],[-73.0754,46.0747],[-73.0454,46.1079],[-73.0022,46.1053]]],[[[-94.2732,49.4825],[-94.2174,49.4739],[-94.2528,49.4607],[-94.2732,49.4825]]],[[[-126.2174,50.6673],[-126.2344,50.6971],[-126.2049,50.7135],[-126.2174,50.6673]]],[[[-136.2666,57.7277],[-136.3086,57.7527],[-136.2911,57.7651],[-136.2666,57.7277]]],[[[-123.204,48.7587],[-123.1776,48.7453],[-123.2017,48.7317],[-123.204,48.7587]]],[[[-127.7019,51.5039],[-127.7075,51.4727],[-127.7687,51.4875],[-127.7019,51.5039]]],[[[-133.4367,55.3879],[-133.4146,55.4219],[-133.3968,55.3995],[-133.4367,55.3879]]],[[[-88.6675,49.9605],[-88.675,49.9233],[-88.7163,49.9467],[-88.6675,49.9605]]],[[[-81.6129,45.9441],[-81.568,45.9605],[-81.5921,45.9273],[-81.6129,45.9441]]],[[[-123.2842,49.5221],[-123.3064,49.5117],[-123.3272,49.5397],[-123.2842,49.5221]]],[[[-61.1704,45.5559],[-61.155,45.5499],[-61.1989,45.5205],[-61.1704,45.5559]]],[[[-65.3059,43.6313],[-65.3083,43.6613],[-65.2795,43.6473],[-65.3059,43.6313]]],[[[-126.5119,50.6261],[-126.5772,50.6115],[-126.5804,50.6293],[-126.5119,50.6261]]],[[[-128.6148,50.7839],[-128.6383,50.8071],[-128.573,50.8055],[-128.6148,50.7839]]],[[[-80.1369,42.1355],[-80.1125,42.1607],[-80.0688,42.1673],[-80.1369,42.1355]]],[[[-84.7138,46.6381],[-84.7372,46.6815],[-84.7289,46.7103],[-84.7138,46.6381]]],[[[-68.4626,44.3369],[-68.4326,44.3715],[-68.4236,44.3507],[-68.4626,44.3369]]],[[[-128.6746,50.8307],[-128.6598,50.8051],[-128.6935,50.8003],[-128.6746,50.8307]]],[[[-85.3879,45.7711],[-85.3579,45.8149],[-85.3456,45.7957],[-85.3879,45.7711]]],[[[-139.7344,59.5817],[-139.7828,59.5603],[-139.792,59.5845],[-139.7668,59.5949],[-139.7505,59.6139],[-139.7168,59.6343],[-139.709,59.6345],[-139.7437,59.6093],[-139.742,59.5981],[-139.7344,59.5817]]],[[[-80.0962,44.8639],[-80.0937,44.8397],[-80.1208,44.8349],[-80.0962,44.8639]]],[[[-74.6698,45.0169],[-74.7768,45.0043],[-74.7769,45.0071],[-74.6698,45.0169]]],[[[-134.9301,58.4735],[-134.9925,58.4859],[-135.0183,58.5167],[-134.9301,58.4735]]],[[[-55.3648,47.5675],[-55.3678,47.5245],[-55.4047,47.5477],[-55.3648,47.5675]]],[[[-149.7911,59.6433],[-149.7654,59.6095],[-149.8498,59.6779],[-149.7911,59.6433]]],[[[-100.117,53.7571],[-100.2119,53.7213],[-100.2107,53.7339],[-100.117,53.7571]]],[[[-100.0,52.8521],[-100.0441,52.8057],[-100.0434,52.8295],[-100.0,52.8521]]],[[[-122.7922,48.5259],[-122.7878,48.5091],[-122.8172,48.4823],[-122.7922,48.5259]]],[[[-133.8148,56.4985],[-133.766,56.4689],[-133.8099,56.4701],[-133.8148,56.4985]]],[[[-128.3211,52.0847],[-128.3739,52.0873],[-128.3673,52.1059],[-128.3211,52.0847]]],[[[-94.7382,49.7033],[-94.7665,49.6761],[-94.8312,49.6841],[-94.7382,49.7033]]],[[[-124.8993,49.9973],[-124.8833,49.9893],[-124.9078,49.9649],[-124.8993,49.9973]]],[[[-135.211,56.7085],[-135.2694,56.7039],[-135.204,56.7437],[-135.211,56.7085]]],[[[-90.7534,46.8461],[-90.7183,46.8647],[-90.7188,46.8549],[-90.7534,46.8461]]],[[[-125.0725,50.0711],[-125.0517,50.0875],[-125.0251,50.0653],[-125.0725,50.0711]]],[[[-68.5907,44.2143],[-68.5705,44.1925],[-68.6599,44.2097],[-68.5907,44.2143]]],[[[-98.0395,54.5503],[-98.0836,54.5573],[-97.9886,54.5805],[-98.0395,54.5503]]],[[[-96.9718,51.7209],[-96.9108,51.7595],[-96.9095,51.7477],[-96.9718,51.7209]]],[[[-76.089,39.4359],[-76.0862,39.4695],[-76.0649,39.4605],[-76.089,39.4359]]],[[[-54.2229,47.5613],[-54.2481,47.5575],[-54.1903,47.6239],[-54.2229,47.5613]]],[[[-76.5779,34.6949],[-76.5917,34.7123],[-76.5666,34.7121],[-76.5779,34.6949]]],[[[-72.8053,40.7621],[-72.7638,40.7673],[-72.7818,40.7561],[-72.8053,40.7621]]],[[[-70.8636,41.4511],[-70.8545,41.4351],[-70.9145,41.4253],[-70.8636,41.4511]]],[[[-82.1405,46.0301],[-82.1677,46.0393],[-82.1451,46.0607],[-82.1405,46.0301]]],[[[-54.8427,47.2753],[-54.7987,47.2685],[-54.8263,47.2351],[-54.8427,47.2753]]],[[[-80.9144,44.8243],[-80.9193,44.8375],[-80.896,44.8555],[-80.9144,44.8243]]],[[[-82.8261,41.6241],[-82.8387,41.6265],[-82.839,41.6473],[-82.8261,41.6241]]],[[[-94.6469,49.3445],[-94.6143,49.3475],[-94.659,49.3227],[-94.6469,49.3445]]],[[[-88.5842,50.0791],[-88.5557,50.0555],[-88.5746,50.0451],[-88.5842,50.0791]]],[[[-97.5076,55.0923],[-97.3907,55.0791],[-97.4482,55.0765],[-97.5076,55.0923]]],[[[-124.672,49.8613],[-124.6514,49.8861],[-124.6301,49.8665],[-124.672,49.8613]]],[[[-86.6513,45.5565],[-86.6496,45.5817],[-86.6175,45.5617],[-86.6513,45.5565]]],[[[-76.3827,43.9225],[-76.4515,43.8925],[-76.4176,43.9221],[-76.3827,43.9225]]],[[[-159.748,55.0991],[-159.7054,55.1295],[-159.7036,55.0933],[-159.748,55.0991]]],[[[-73.1742,46.0825],[-73.1274,46.1201],[-73.1567,46.0871],[-73.1742,46.0825]]],[[[-94.158,49.3235],[-94.2013,49.3287],[-94.1833,49.3617],[-94.158,49.3235]]],[[[-94.6281,49.5297],[-94.7104,49.5185],[-94.6781,49.5365],[-94.6281,49.5297]]],[[[-100.0429,51.9697],[-100.0735,51.9205],[-100.0583,51.9927],[-100.0429,51.9697]]],[[[-97.7912,53.9781],[-97.8524,53.9537],[-97.8352,53.9781],[-97.7912,53.9781]]],[[[-97.7268,54.5547],[-97.6945,54.5343],[-97.7446,54.5349],[-97.7268,54.5547]]],[[[-161.5484,55.2301],[-161.6072,55.2429],[-161.5306,55.2573],[-161.5484,55.2301]]],[[[-132.4284,56.5717],[-132.4439,56.5899],[-132.3908,56.6057],[-132.4284,56.5717]]],[[[-135.499,56.8653],[-135.4936,56.8513],[-135.5306,56.8363],[-135.499,56.8653]]],[[[-68.7322,44.2811],[-68.7472,44.3047],[-68.7149,44.2961],[-68.7322,44.2811]]],[[[-145.0998,60.4147],[-145.1943,60.3729],[-145.1585,60.3965],[-145.0998,60.4147]]],[[[-147.3932,60.7321],[-147.441,60.7165],[-147.4975,60.7243],[-147.3932,60.7321]]],[[[-75.7946,37.2249],[-75.8458,37.2047],[-75.8478,37.2145],[-75.7946,37.2249]]],[[[-135.8528,58.4667],[-135.9477,58.4603],[-135.8855,58.4835],[-135.8528,58.4667]]],[[[-84.7459,47.2997],[-84.7531,47.3223],[-84.7157,47.3229],[-84.7459,47.2997]]],[[[-87.005,48.6923],[-86.9889,48.6801],[-87.0797,48.6695],[-87.005,48.6923]]],[[[-126.0959,49.3897],[-126.1263,49.4037],[-126.1123,49.4147],[-126.0959,49.3897]]],[[[-88.6086,50.1763],[-88.5938,50.1533],[-88.6265,50.1401],[-88.6086,50.1763]]],[[[-132.9583,56.2769],[-132.961,56.2479],[-132.9974,56.2527],[-132.9583,56.2769]]],[[[-149.3495,59.8985],[-149.3792,59.9031],[-149.3478,59.9453],[-149.3495,59.8985]]],[[[-123.2014,48.6881],[-123.163,48.6741],[-123.1832,48.6601],[-123.2014,48.6881]]],[[[-76.1661,38.2861],[-76.1576,38.2393],[-76.1855,38.2595],[-76.1661,38.2861]]],[[[-97.419,55.0693],[-97.4569,55.0583],[-97.4063,55.0619],[-97.467,55.0561],[-97.419,55.0693]]],[[[-88.8278,49.6867],[-88.8441,49.6579],[-88.8695,49.6797],[-88.8278,49.6867]]],[[[-54.4063,47.5051],[-54.3957,47.5145],[-54.3789,47.4907],[-54.4063,47.5051]]],[[[-124.1599,49.7557],[-124.1555,49.7465],[-124.2223,49.7267],[-124.1599,49.7557]]],[[[-127.9461,50.9219],[-127.9336,50.9105],[-127.9941,50.9101],[-127.9461,50.9219]]],[[[-70.1449,43.7281],[-70.1057,43.7599],[-70.1177,43.7263],[-70.1449,43.7281]]],[[[-76.0465,38.1045],[-76.0356,38.1195],[-76.0097,38.0925],[-76.0465,38.1045]]],[[[-123.1485,49.0967],[-123.1244,49.0789],[-123.1703,49.0765],[-123.1485,49.0967]]],[[[-133.5686,55.6839],[-133.5304,55.6639],[-133.5575,55.6493],[-133.5686,55.6839]]],[[[-76.2899,37.5087],[-76.2667,37.4733],[-76.3128,37.4847],[-76.2899,37.5087]]],[[[-152.0082,58.9409],[-152.0811,58.9113],[-152.0671,58.9441],[-152.0082,58.9409]]],[[[-127.241,50.0389],[-127.1908,50.0573],[-127.1862,50.0375],[-127.241,50.0389]]],[[[-144.3702,59.9927],[-144.4026,59.9933],[-144.3972,60.0521],[-144.3702,59.9927]]],[[[-130.6133,53.4719],[-130.6258,53.4963],[-130.6021,53.4943],[-130.6133,53.4719]]],[[[-80.0076,44.9037],[-79.9752,44.9293],[-79.9828,44.8981],[-80.0076,44.9037]]],[[[-123.9576,49.4905],[-123.9538,49.4645],[-123.9771,49.4709],[-123.9576,49.4905]]],[[[-158.7083,55.9767],[-158.661,55.9599],[-158.6764,55.9499],[-158.7083,55.9767]]],[[[-130.3827,54.6639],[-130.3952,54.6281],[-130.4317,54.6463],[-130.3827,54.6639]]],[[[-153.6048,56.8853],[-153.6203,56.9001],[-153.5497,56.9077],[-153.6048,56.8853]]],[[[-135.9016,58.8825],[-135.9148,58.8945],[-135.8445,58.9005],[-135.9016,58.8825]]],[[[-94.8565,49.3657],[-94.8161,49.3649],[-94.8628,49.3389],[-94.8565,49.3657]]],[[[-152.3577,57.7623],[-152.3621,57.7861],[-152.3255,57.7955],[-152.3577,57.7623]]],[[[-152.2235,57.7817],[-152.3159,57.7463],[-152.309,57.7603],[-152.2235,57.7817]]],[[[-132.464,56.5155],[-132.4621,56.5437],[-132.4339,56.5407],[-132.464,56.5155]]],[[[-130.917,55.4239],[-130.9013,55.4573],[-130.8882,55.4227],[-130.917,55.4239]]],[[[-67.4917,44.5807],[-67.5388,44.5645],[-67.5462,44.5889],[-67.4917,44.5807]]],[[[-75.8822,44.4223],[-75.8537,44.4365],[-75.8464,44.4251],[-75.8822,44.4223]]],[[[-132.5547,56.5259],[-132.5059,56.5561],[-132.5119,56.5335],[-132.5547,56.5259]]],[[[-61.4599,47.8089],[-61.4273,47.8017],[-61.5182,47.7887],[-61.4599,47.8089]]],[[[-144.9239,60.2245],[-144.9341,60.2153],[-145.0588,60.2289],[-144.9239,60.2245]]],[[[-148.0108,60.1823],[-148.0044,60.1695],[-148.0494,60.1473],[-148.0108,60.1823]]],[[[-85.8184,47.3561],[-85.8044,47.3791],[-85.7857,47.3529],[-85.8184,47.3561]]],[[[-132.567,56.5113],[-132.5482,56.4963],[-132.5948,56.4893],[-132.567,56.5113]]],[[[-82.4206,46.0617],[-82.4269,46.0685],[-82.3897,46.0849],[-82.4206,46.0617]]],[[[-90.7643,47.0013],[-90.7542,47.0267],[-90.7326,47.0071],[-90.7643,47.0013]]],[[[-74.8973,45.0001],[-74.8772,45.0001],[-74.9361,44.9683],[-74.8973,45.0001]]],[[[-123.4007,48.8483],[-123.3501,48.8295],[-123.3751,48.8145],[-123.4007,48.8483]]],[[[-100.2137,53.3719],[-100.3082,53.3567],[-100.2851,53.3707],[-100.2137,53.3719]]],[[[-74.9649,44.9875],[-74.9535,44.9835],[-74.9583,44.9673],[-74.9649,44.9875]]],[[[-79.3566,33.0179],[-79.3709,33.0029],[-79.3667,33.0501],[-79.3566,33.0179]]],[[[-127.6405,51.4563],[-127.6744,51.4611],[-127.633,51.4885],[-127.6405,51.4563]]],[[[-132.7997,56.9795],[-132.8417,56.9969],[-132.8357,57.0227],[-132.7997,56.9795]]],[[[-136.2399,57.7245],[-136.2224,57.7073],[-136.2547,57.6911],[-136.2399,57.7245]]],[[[-76.34,43.8787],[-76.3578,43.8811],[-76.3029,43.9203],[-76.34,43.8787]]],[[[-75.7704,37.3015],[-75.7815,37.2961],[-75.7317,37.3545],[-75.7704,37.3015]]],[[[-123.4744,49.3895],[-123.4936,49.3845],[-123.4593,49.4079],[-123.4744,49.3895]]],[[[-90.5061,46.8711],[-90.4381,46.8933],[-90.4719,46.8699],[-90.5061,46.8711]]],[[[-130.4507,54.5415],[-130.4568,54.5157],[-130.48,54.5265],[-130.4507,54.5415]]],[[[-88.1303,48.9047],[-88.1649,48.9241],[-88.1314,48.9297],[-88.1303,48.9047]]],[[[-76.4986,44.1791],[-76.5605,44.1509],[-76.5551,44.1581],[-76.4986,44.1791]]],[[[-54.8604,47.3589],[-54.8304,47.3561],[-54.8474,47.3401],[-54.8604,47.3589]]],[[[-81.9734,46.0345],[-82.0177,46.0027],[-82.0075,46.0231],[-81.9734,46.0345]]],[[[-152.6296,58.5867],[-152.6107,58.5779],[-152.6809,58.5621],[-152.6296,58.5867]]],[[[-94.8467,49.3215],[-94.82,49.3197],[-94.8438,49.2981],[-94.8467,49.3215]]],[[[-68.8161,44.1143],[-68.8186,44.1065],[-68.8416,44.0967],[-68.8161,44.1143]]],[[[-80.9785,44.8929],[-80.9743,44.9027],[-80.951,44.8887],[-80.9785,44.8929]]],[[[-88.5297,50.0319],[-88.5508,50.0443],[-88.519,50.0575],[-88.5297,50.0319]]],[[[-98.5716,50.8655],[-98.5641,50.8199],[-98.5909,50.8367],[-98.5716,50.8655]]],[[[-123.2923,48.7183],[-123.2984,48.6991],[-123.3293,48.7211],[-123.2923,48.7183]]],[[[-88.3312,49.7087],[-88.3355,49.7265],[-88.302,49.7397],[-88.3312,49.7087]]],[[[-147.3921,60.6823],[-147.4336,60.7011],[-147.382,60.7103],[-147.3921,60.6823]]],[[[-67.3072,44.6203],[-67.2809,44.6095],[-67.3172,44.5951],[-67.3072,44.6203]]],[[[-81.7275,46.0053],[-81.727,45.9741],[-81.7566,45.9771],[-81.7275,46.0053]]],[[[-126.73,50.6277],[-126.6821,50.6141],[-126.6925,50.5967],[-126.73,50.6277]]],[[[-136.1928,58.6369],[-136.1949,58.6333],[-136.234,58.6639],[-136.1928,58.6369]]],[[[-94.2679,49.1913],[-94.2103,49.1821],[-94.3006,49.1751],[-94.2679,49.1913]]],[[[-127.6273,50.5167],[-127.6054,50.4971],[-127.6704,50.4959],[-127.6273,50.5167]]],[[[-81.4603,45.5715],[-81.4475,45.5537],[-81.4593,45.5429],[-81.4603,45.5715]]],[[[-88.4549,49.5467],[-88.4248,49.5363],[-88.4532,49.5077],[-88.4549,49.5467]]],[[[-135.9332,58.4731],[-135.9848,58.4705],[-135.984,58.4843],[-135.9332,58.4731]]],[[[-76.2959,44.1911],[-76.2688,44.1791],[-76.3048,44.1681],[-76.2959,44.1911]]],[[[-82.6684,42.5195],[-82.6324,42.5491],[-82.6062,42.5417],[-82.6684,42.5195]]],[[[-68.3578,44.1269],[-68.3363,44.1089],[-68.3763,44.0975],[-68.3578,44.1269]]],[[[-122.7144,49.1833],[-122.727,49.2045],[-122.6746,49.1923],[-122.7144,49.1833]]],[[[-145.4787,60.3113],[-145.5364,60.3043],[-145.6166,60.3541],[-145.4787,60.3113]]],[[[-129.4325,53.3359],[-129.4434,53.3167],[-129.4706,53.3309],[-129.4325,53.3359]]],[[[-152.2879,57.3661],[-152.3236,57.3623],[-152.2952,57.3921],[-152.2879,57.3661]]],[[[-88.5382,50.1011],[-88.5255,50.0941],[-88.5794,50.0819],[-88.5382,50.1011]]],[[[-76.0769,35.0455],[-76.0418,35.0595],[-76.044,35.0513],[-76.0769,35.0455]]],[[[-121.8089,49.3519],[-121.7979,49.3711],[-121.7796,49.3623],[-121.8089,49.3519]]],[[[-128.77,52.6183],[-128.786,52.6503],[-128.7564,52.6525],[-128.77,52.6183]]],[[[-97.9515,53.9159],[-97.8557,53.9473],[-97.8972,53.9269],[-97.9515,53.9159]]],[[[-123.656,46.1799],[-123.674,46.1927],[-123.6303,46.2121],[-123.656,46.1799]]],[[[-88.5285,49.8285],[-88.5542,49.8547],[-88.5344,49.8641],[-88.5285,49.8285]]],[[[-94.5451,49.2679],[-94.5395,49.2535],[-94.5677,49.2455],[-94.5451,49.2679]]],[[[-66.7187,44.6127],[-66.7351,44.6221],[-66.6996,44.6431],[-66.7187,44.6127]]],[[[-83.0038,45.7401],[-83.0042,45.7583],[-82.9773,45.7611],[-83.0038,45.7401]]],[[[-147.9189,60.2699],[-147.9486,60.2239],[-147.9635,60.2325],[-147.9189,60.2699]]],[[[-74.3787,39.4685],[-74.336,39.4595],[-74.3725,39.4413],[-74.3787,39.4685]]],[[[-87.6149,47.4025],[-87.6491,47.4119],[-87.5838,47.4139],[-87.6149,47.4025]]],[[[-63.5172,44.6171],[-63.505,44.5827],[-63.5359,44.6027],[-63.5172,44.6171]]],[[[-88.8266,49.9357],[-88.7934,49.9449],[-88.7924,49.9219],[-88.8266,49.9357]]],[[[-126.6159,50.6499],[-126.617,50.6401],[-126.6603,50.6381],[-126.6159,50.6499]]],[[[-127.6192,50.8621],[-127.6109,50.8315],[-127.6302,50.8359],[-127.6192,50.8621]]],[[[-80.984,44.8409],[-80.9616,44.8489],[-80.9582,44.8301],[-80.984,44.8409]]],[[[-90.5595,46.9943],[-90.5633,47.0333],[-90.5385,47.0077],[-90.5595,46.9943]]],[[[-76.7682,37.2095],[-76.7363,37.1987],[-76.7546,37.1861],[-76.7682,37.2095]]],[[[-54.7063,47.3191],[-54.661,47.3449],[-54.6926,47.3089],[-54.7063,47.3191]]],[[[-124.8427,49.9345],[-124.8597,49.9439],[-124.7591,49.9501],[-124.8427,49.9345]]],[[[-86.7773,45.4859],[-86.7763,45.5051],[-86.7524,45.4995],[-86.7773,45.4859]]],[[[-133.3171,55.9581],[-133.2986,55.9183],[-133.3266,55.9145],[-133.3171,55.9581]]],[[[-145.2931,60.2541],[-145.2542,60.2513],[-145.29,60.2437],[-145.3921,60.2775],[-145.2931,60.2541]]],[[[-76.3625,44.0365],[-76.3894,44.0395],[-76.3764,44.0529],[-76.3625,44.0365]]],[[[-131.4981,54.9881],[-131.4964,54.9607],[-131.5197,54.9729],[-131.4981,54.9881]]],[[[-153.3702,57.7179],[-153.3717,57.7473],[-153.3369,57.7269],[-153.3702,57.7179]]],[[[-132.2564,56.6709],[-132.3008,56.6717],[-132.2484,56.6915],[-132.2564,56.6709]]],[[[-64.1855,44.4515],[-64.1637,44.4679],[-64.1563,44.4599],[-64.1855,44.4515]]],[[[-127.2434,50.0827],[-127.1903,50.0783],[-127.213,50.0733],[-127.2434,50.0827]]],[[[-128.4492,52.1237],[-128.3948,52.1503],[-128.3968,52.1403],[-128.4492,52.1237]]],[[[-133.876,56.9361],[-133.8422,56.9077],[-133.8597,56.9079],[-133.876,56.9361]]],[[[-94.7299,49.4989],[-94.7036,49.5073],[-94.6852,49.5031],[-94.7665,49.4941],[-94.7299,49.4989]]],[[[-80.9965,45.9411],[-80.9748,45.9307],[-81.0011,45.9205],[-80.9965,45.9411]]],[[[-90.6594,46.9463],[-90.6678,46.9499],[-90.6501,46.9721],[-90.6594,46.9463]]],[[[-65.0199,47.1247],[-64.982,47.0875],[-65.0536,47.1317],[-65.0199,47.1247]]],[[[-84.3146,45.9537],[-84.3474,45.9559],[-84.3453,45.9873],[-84.3146,45.9537]]],[[[-145.0995,60.3249],[-145.0492,60.3705],[-145.063,60.3453],[-145.0995,60.3249]]],[[[-100.438,53.3363],[-100.4461,53.3259],[-100.5049,53.3167],[-100.438,53.3363]]],[[[-132.7022,55.1373],[-132.6815,55.1195],[-132.6924,55.1047],[-132.7022,55.1373]]],[[[-149.3771,59.8581],[-149.3806,59.8399],[-149.4184,59.8455],[-149.3771,59.8581]]],[[[-75.9947,37.9637],[-76.0011,37.9447],[-76.0263,37.9663],[-75.9947,37.9637]]],[[[-94.579,49.5921],[-94.5641,49.5899],[-94.5884,49.5915],[-94.6111,49.6067],[-94.5671,49.6197],[-94.579,49.5921]]],[[[-126.6251,49.7209],[-126.5937,49.6807],[-126.6142,49.6821],[-126.6251,49.7209]]],[[[-83.1225,42.2249],[-83.1104,42.2349],[-83.1085,42.1907],[-83.1225,42.2249]]],[[[-80.1567,44.9099],[-80.1538,44.8953],[-80.1747,44.8901],[-80.1567,44.9099]]],[[[-68.253,44.2473],[-68.2538,44.2367],[-68.2858,44.2471],[-68.253,44.2473]]],[[[-135.5499,57.5969],[-135.5598,57.6059],[-135.5365,57.6123],[-135.5499,57.5969]]],[[[-81.7379,45.9353],[-81.7334,45.9205],[-81.7846,45.9261],[-81.7379,45.9353]]],[[[-132.9976,56.1547],[-132.9963,56.1859],[-132.9824,56.1801],[-132.9976,56.1547]]],[[[-82.2777,46.1099],[-82.2615,46.1025],[-82.2987,46.0967],[-82.31,46.1181],[-82.2777,46.1099]]],[[[-131.4229,55.2355],[-131.4535,55.2625],[-131.4134,55.2537],[-131.4229,55.2355]]],[[[-64.1847,48.4819],[-64.1766,48.5003],[-64.1514,48.4869],[-64.1847,48.4819]]],[[[-74.3316,39.4791],[-74.3241,39.4483],[-74.3351,39.4691],[-74.3655,39.4715],[-74.3316,39.4791]]],[[[-84.9395,47.4481],[-84.9275,47.4703],[-84.9112,47.4629],[-84.9395,47.4481]]],[[[-128.5024,52.5637],[-128.5141,52.6049],[-128.4966,52.5865],[-128.5024,52.5637]]],[[[-94.379,49.2155],[-94.3391,49.2053],[-94.4085,49.2061],[-94.379,49.2155]]],[[[-73.4822,45.6843],[-73.4605,45.7011],[-73.4591,45.6823],[-73.4822,45.6843]]],[[[-60.1743,47.2107],[-60.1526,47.2279],[-60.1512,47.2079],[-60.1743,47.2107]]],[[[-68.8629,48.4015],[-68.8939,48.3911],[-68.8846,48.4059],[-68.8629,48.4015]]],[[[-97.5942,54.2091],[-97.6242,54.1971],[-97.5988,54.2377],[-97.5942,54.2091]]],[[[-129.2312,53.0583],[-129.199,53.0745],[-129.1942,53.0497],[-129.2312,53.0583]]],[[[-128.2307,51.8393],[-128.274,51.8373],[-128.2643,51.8545],[-128.2307,51.8393]]],[[[-90.6831,47.0303],[-90.6431,47.0481],[-90.6429,47.0433],[-90.6831,47.0303]]],[[[-83.9374,46.2899],[-83.9517,46.3057],[-83.9265,46.3133],[-83.9374,46.2899]]],[[[-133.6209,56.3183],[-133.6195,56.3101],[-133.6469,56.2969],[-133.6209,56.3183]]],[[[-153.5804,59.3769],[-153.5348,59.3937],[-153.533,59.3853],[-153.5804,59.3769]]],[[[-73.0222,46.0721],[-72.9636,46.1007],[-72.9699,46.0883],[-73.0222,46.0721]]],[[[-80.135,45.2525],[-80.1446,45.2459],[-80.1244,45.2639],[-80.0849,45.2723],[-80.135,45.2525]]],[[[-132.8937,56.1307],[-132.9063,56.1117],[-132.9369,56.1247],[-132.8937,56.1307]]],[[[-149.6697,59.6417],[-149.6648,59.6983],[-149.6505,59.6789],[-149.6697,59.6417]]],[[[-75.6677,37.5799],[-75.6828,37.5935],[-75.6512,37.5975],[-75.6677,37.5799]]],[[[-151.9828,58.9251],[-151.962,58.9177],[-152.0302,58.9123],[-151.9828,58.9251]]],[[[-64.2179,44.3787],[-64.217,44.3735],[-64.2759,44.3861],[-64.2179,44.3787]]],[[[-82.3238,46.0605],[-82.354,46.0393],[-82.3379,46.0541],[-82.3238,46.0605]]],[[[-131.6609,55.9041],[-131.6332,55.9001],[-131.6474,55.8947],[-131.6609,55.9041]]],[[[-76.215,34.9377],[-76.1605,34.9755],[-76.1726,34.9631],[-76.215,34.9377]]],[[[-52.8178,48.1079],[-52.8033,48.1615],[-52.7981,48.1181],[-52.8178,48.1079]]],[[[-98.8905,53.6365],[-98.9442,53.6411],[-98.9417,53.6441],[-98.8905,53.6365]]],[[[-97.359,55.0525],[-97.3922,55.0751],[-97.3291,55.0721],[-97.359,55.0525]]],[[[-128.2679,52.0577],[-128.2899,52.0641],[-128.2979,52.0823],[-128.2679,52.0577]]],[[[-94.3639,49.2269],[-94.3534,49.2187],[-94.4113,49.2255],[-94.3639,49.2269]]],[[[-134.1079,58.0825],[-134.135,58.0973],[-134.1147,58.1039],[-134.1079,58.0825]]],[[[-79.724,32.8251],[-79.7284,32.8421],[-79.7058,32.8475],[-79.724,32.8251]]],[[[-123.5686,46.2161],[-123.6173,46.2123],[-123.6009,46.2207],[-123.5686,46.2161]]],[[[-123.6234,46.1929],[-123.623,46.2035],[-123.5929,46.2029],[-123.6234,46.1929]]],[[[-130.6844,54.7295],[-130.6818,54.7161],[-130.7292,54.7507],[-130.6844,54.7295]]],[[[-128.2386,51.9551],[-128.2326,51.9707],[-128.2156,51.9607],[-128.2386,51.9551]]],[[[-133.0019,55.2669],[-132.9879,55.2583],[-133.0311,55.2471],[-133.0019,55.2669]]],[[[-79.3913,33.0457],[-79.3808,33.0395],[-79.3976,33.0263],[-79.3913,33.0457]]],[[[-76.0061,37.8525],[-75.9882,37.8355],[-76.0017,37.8085],[-76.0061,37.8525]]],[[[-67.5251,44.5073],[-67.5161,44.4949],[-67.5246,44.4883],[-67.5251,44.5073]]],[[[-65.0616,47.1721],[-65.0443,47.2015],[-65.0381,47.1957],[-65.0616,47.1721]]],[[[-61.721,47.2741],[-61.7279,47.2857],[-61.6958,47.2929],[-61.721,47.2741]]],[[[-128.1815,51.8553],[-128.1769,51.8375],[-128.2116,51.8331],[-128.1815,51.8553]]],[[[-140.0362,59.8073],[-139.9712,59.7953],[-139.992,59.7883],[-140.0362,59.8073]]],[[[-128.039,52.4829],[-128.0646,52.4655],[-128.0735,52.4867],[-128.039,52.4829]]],[[[-97.7616,54.7319],[-97.7384,54.7297],[-97.7727,54.6949],[-97.7616,54.7319]]],[[[-144.8715,60.2257],[-144.8816,60.2329],[-144.7676,60.2217],[-144.8715,60.2257]]],[[[-75.967,44.3663],[-75.9475,44.3635],[-76.013,44.3463],[-75.967,44.3663]]],[[[-154.508,58.0503],[-154.5191,58.0631],[-154.5003,58.0707],[-154.508,58.0503]]],[[[-68.5258,44.1147],[-68.5165,44.1263],[-68.4994,44.1133],[-68.5258,44.1147]]],[[[-83.9878,46.0707],[-84.0064,46.0821],[-83.9931,46.0937],[-83.9878,46.0707]]],[[[-158.1217,56.1307],[-158.1653,56.1377],[-158.0945,56.1529],[-158.1217,56.1307]]],[[[-133.5771,55.6461],[-133.5376,55.6433],[-133.5775,55.6181],[-133.5771,55.6461]]],[[[-75.6344,37.5807],[-75.6303,37.5669],[-75.6626,37.5675],[-75.6344,37.5807]]],[[[-133.0718,56.4719],[-133.05,56.4613],[-133.1203,56.4595],[-133.0718,56.4719]]],[[[-128.3781,52.1057],[-128.3409,52.1545],[-128.3396,52.1379],[-128.3781,52.1057]]],[[[-62.0595,44.9419],[-62.0942,44.9235],[-62.1113,44.9397],[-62.0595,44.9419]]],[[[-135.4569,57.0909],[-135.4605,57.1073],[-135.4394,57.1111],[-135.4569,57.0909]]],[[[-130.2939,54.2217],[-130.2942,54.2045],[-130.3092,54.2039],[-130.2939,54.2217]]],[[[-70.2526,41.3063],[-70.2497,41.2983],[-70.2589,41.2899],[-70.2526,41.3063]]],[[[-84.6345,45.9523],[-84.6319,45.9739],[-84.6053,45.9627],[-84.6345,45.9523]]],[[[-126.398,49.6559],[-126.3687,49.6431],[-126.4331,49.6491],[-126.398,49.6559]]],[[[-128.404,52.2867],[-128.3601,52.3007],[-128.3775,52.2847],[-128.404,52.2867]]],[[[-75.4419,37.9269],[-75.4189,37.9161],[-75.4434,37.9037],[-75.4419,37.9269]]],[[[-70.9496,41.4295],[-70.9199,41.4235],[-70.9305,41.4213],[-70.9496,41.4295]]],[[[-147.0368,60.9845],[-147.0296,60.9757],[-147.0653,60.9565],[-147.0368,60.9845]]],[[[-122.6147,48.7181],[-122.6089,48.6977],[-122.6505,48.7089],[-122.6147,48.7181]]],[[[-126.6756,50.6179],[-126.6373,50.6267],[-126.6495,50.6083],[-126.6756,50.6179]]],[[[-150.3802,59.3621],[-150.4448,59.3703],[-150.3704,59.3849],[-150.3802,59.3621]]],[[[-80.263,45.2771],[-80.2523,45.2893],[-80.2428,45.2693],[-80.263,45.2771]]],[[[-79.6411,32.9207],[-79.6121,32.9309],[-79.6126,32.9237],[-79.6411,32.9207]]],[[[-94.1114,49.1765],[-94.1099,49.1739],[-94.1255,49.1567],[-94.1114,49.1765]]],[[[-66.7534,44.6647],[-66.7379,44.6839],[-66.7329,44.6609],[-66.7534,44.6647]]],[[[-67.8589,44.4275],[-67.8619,44.4197],[-67.8821,44.4395],[-67.8589,44.4275]]],[[[-94.1441,49.1309],[-94.1348,49.1253],[-94.1626,49.1089],[-94.1441,49.1309]]],[[[-73.4706,45.6369],[-73.4592,45.6411],[-73.4651,45.6075],[-73.4706,45.6369]]],[[[-128.3711,52.3477],[-128.3479,52.3619],[-128.3401,52.3415],[-128.3711,52.3477]]],[[[-100.0983,53.7221],[-100.0655,53.7065],[-100.0902,53.6965],[-100.0983,53.7221]]],[[[-64.7621,43.9083],[-64.7651,43.8883],[-64.7755,43.8929],[-64.7621,43.9083]]],[[[-97.842,53.7217],[-97.8164,53.7007],[-97.849,53.6997],[-97.842,53.7217]]],[[[-133.5337,57.2327],[-133.5306,57.2447],[-133.5124,57.2347],[-133.5337,57.2327]]],[[[-86.8196,45.4249],[-86.8001,45.4087],[-86.824,45.4007],[-86.8196,45.4249]]],[[[-133.7975,56.3951],[-133.8112,56.4131],[-133.7992,56.4207],[-133.7975,56.3951]]],[[[-75.6892,37.4721],[-75.7282,37.4571],[-75.7279,37.4683],[-75.6892,37.4721]]],[[[-66.8597,45.0463],[-66.8464,45.0693],[-66.8379,45.0505],[-66.8597,45.0463]]],[[[-89.5711,47.9785],[-89.5645,47.9903],[-89.5058,47.9937],[-89.5711,47.9785]]],[[[-79.2235,33.2847],[-79.2401,33.2761],[-79.2542,33.2853],[-79.2235,33.2847]]],[[[-133.5254,56.1817],[-133.5235,56.1577],[-133.5398,56.1597],[-133.5254,56.1817]]],[[[-79.8518,44.9441],[-79.8305,44.9275],[-79.8662,44.9205],[-79.8518,44.9441]]],[[[-62.7611,44.7453],[-62.7646,44.7245],[-62.7807,44.7265],[-62.7611,44.7453]]],[[[-89.252,48.2107],[-89.2281,48.2231],[-89.2254,48.2089],[-89.252,48.2107]]],[[[-123.1751,48.5835],[-123.1972,48.5885],[-123.1784,48.6187],[-123.1751,48.5835]]],[[[-135.8707,58.4997],[-135.8529,58.5191],[-135.8453,58.4937],[-135.8707,58.4997]]],[[[-130.2324,54.0079],[-130.2223,53.9877],[-130.2406,53.9945],[-130.2324,54.0079]]],[[[-88.3036,48.5541],[-88.2877,48.5509],[-88.2958,48.5297],[-88.3036,48.5541]]],[[[-145.1436,60.2461],[-145.1331,60.2361],[-145.1629,60.2349],[-145.1436,60.2461]]],[[[-65.0234,47.2331],[-64.9896,47.2697],[-64.9621,47.2863],[-65.0234,47.2331]]],[[[-100.06,53.7893],[-100.0608,53.7987],[-100.0281,53.7975],[-100.06,53.7893]]],[[[-74.8015,39.0523],[-74.7864,39.0299],[-74.8005,39.0245],[-74.8015,39.0523]]],[[[-82.8025,41.6695],[-82.8081,41.6685],[-82.8111,41.6895],[-82.7749,41.6953],[-82.8025,41.6695]]],[[[-86.8949,45.3101],[-86.8973,45.2933],[-86.9306,45.3319],[-86.8949,45.3101]]],[[[-57.3954,47.6017],[-57.4074,47.6133],[-57.3728,47.6261],[-57.3954,47.6017]]],[[[-61.5693,46.0001],[-61.5921,46.0107],[-61.588,46.0281],[-61.5693,46.0001]]],[[[-132.3404,55.4991],[-132.3118,55.4833],[-132.3765,55.4951],[-132.3404,55.4991]]],[[[-94.5227,49.6241],[-94.5111,49.6141],[-94.5155,49.6087],[-94.5227,49.6241]]],[[[-70.2046,43.6521],[-70.2107,43.6565],[-70.1956,43.6751],[-70.2046,43.6521]]],[[[-133.846,57.2765],[-133.8465,57.3039],[-133.8296,57.2997],[-133.846,57.2765]]],[[[-90.6866,47.0003],[-90.6653,46.9947],[-90.6776,46.9891],[-90.6866,47.0003]]],[[[-82.9975,42.3289],[-82.9471,42.3397],[-82.9575,42.3335],[-82.9975,42.3289]]],[[[-133.7938,57.3053],[-133.7935,57.2895],[-133.8263,57.2971],[-133.7938,57.3053]]],[[[-126.9289,50.5947],[-126.9059,50.5773],[-126.9109,50.5729],[-126.9289,50.5947]]],[[[-63.9141,46.6833],[-63.8799,46.6561],[-63.9536,46.6995],[-63.9141,46.6833]]],[[[-130.6482,54.0291],[-130.6452,54.0101],[-130.6791,54.0211],[-130.6482,54.0291]]],[[[-62.6094,44.8011],[-62.6275,44.8005],[-62.6378,44.7853],[-62.6238,44.8113],[-62.6094,44.8011]]],[[[-122.6582,48.6097],[-122.6992,48.6185],[-122.6726,48.6301],[-122.6582,48.6097]]],[[[-68.8956,44.4397],[-68.8899,44.4563],[-68.8755,44.4395],[-68.8956,44.4397]]],[[[-90.6823,46.8751],[-90.699,46.8807],[-90.6724,46.8925],[-90.6823,46.8751]]],[[[-75.4074,37.9451],[-75.3919,37.9383],[-75.4074,37.9169],[-75.4074,37.9451]]],[[[-131.6399,55.3161],[-131.6527,55.3329],[-131.6015,55.3081],[-131.6399,55.3161]]],[[[-76.9954,43.9945],[-76.9688,43.9985],[-76.9701,43.9875],[-76.9954,43.9945]]],[[[-100.4734,53.1045],[-100.4574,53.1015],[-100.4744,53.0831],[-100.4734,53.1045]]],[[[-145.1418,60.3215],[-145.122,60.3305],[-145.1191,60.3119],[-145.1418,60.3215]]],[[[-85.7871,45.4779],[-85.7869,45.4833],[-85.764,45.4789],[-85.7871,45.4779]]],[[[-83.747,46.0621],[-83.736,46.0497],[-83.7516,46.0407],[-83.747,46.0621]]],[[[-61.9717,44.9931],[-61.982,45.0091],[-61.9434,44.9977],[-61.9717,44.9931]]],[[[-98.0229,54.2601],[-98.0125,54.2523],[-98.0637,54.2401],[-98.0229,54.2601]]],[[[-53.5994,47.1633],[-53.5806,47.1877],[-53.5772,47.1781],[-53.5994,47.1633]]],[[[-133.5635,58.0351],[-133.5046,58.0579],[-133.5251,58.0417],[-133.5635,58.0351]]],[[[-133.9272,56.3037],[-133.9201,56.2867],[-133.9511,56.2893],[-133.9272,56.3037]]],[[[-150.424,59.3621],[-150.3828,59.3497],[-150.3951,59.3445],[-150.424,59.3621]]],[[[-127.5633,50.8361],[-127.5602,50.8275],[-127.5965,50.8429],[-127.5633,50.8361]]],[[[-75.8128,37.2531],[-75.8012,37.2799],[-75.7972,37.2561],[-75.8128,37.2531]]],[[[-147.3611,60.5215],[-147.4178,60.5175],[-147.3269,60.5307],[-147.3611,60.5215]]],[[[-72.211,41.1815],[-72.1925,41.1873],[-72.1649,41.1863],[-72.211,41.1815]]],[[[-81.6088,46.0655],[-81.5971,46.0561],[-81.6192,46.0491],[-81.6088,46.0655]]],[[[-135.0532,58.1989],[-135.0591,58.1921],[-135.0445,58.1893],[-135.0618,58.1893],[-135.0941,58.2063],[-135.0532,58.1989]]],[[[-100.3822,53.8045],[-100.3631,53.7919],[-100.3954,53.7837],[-100.3822,53.8045]]],[[[-135.3587,56.8047],[-135.3329,56.7847],[-135.3499,56.7729],[-135.3587,56.8047]]],[[[-124.7517,50.1041],[-124.7851,50.1011],[-124.7495,50.1187],[-124.7517,50.1041]]],[[[-83.7865,46.1015],[-83.7708,46.0895],[-83.8133,46.0911],[-83.7865,46.1015]]],[[[-69.9946,43.8427],[-69.9836,43.8451],[-70.0204,43.8143],[-69.9946,43.8427]]],[[[-94.6757,48.8863],[-94.6068,48.9371],[-94.6645,48.8913],[-94.6757,48.8863]]],[[[-133.7055,55.5791],[-133.7102,55.6061],[-133.6833,55.5859],[-133.7055,55.5791]]],[[[-130.2901,54.0599],[-130.2837,54.0391],[-130.3067,54.0583],[-130.2901,54.0599]]],[[[-68.9095,43.8699],[-68.8952,43.8765],[-68.8924,43.8585],[-68.9095,43.8699]]],[[[-93.9981,49.0809],[-94.0122,49.0917],[-93.9706,49.0883],[-93.9981,49.0809]]],[[[-88.4353,49.4265],[-88.4167,49.4411],[-88.4163,49.4373],[-88.4353,49.4265]]],[[[-128.6717,52.9431],[-128.6676,52.9607],[-128.6535,52.9467],[-128.6717,52.9431]]],[[[-68.9401,44.2575],[-68.9723,44.2543],[-68.9596,44.2709],[-68.9401,44.2575]]],[[[-70.1782,43.6899],[-70.1419,43.7037],[-70.1615,43.6913],[-70.1782,43.6899]]],[[[-122.4247,37.8729],[-122.415,37.8621],[-122.437,37.8553],[-122.4247,37.8729]]],[[[-135.9787,58.5223],[-135.9744,58.5177],[-136.0176,58.5091],[-135.9787,58.5223]]],[[[-96.9093,51.7687],[-96.9225,51.7713],[-96.9052,51.7867],[-96.9093,51.7687]]],[[[-128.4461,51.9003],[-128.4445,51.9235],[-128.4236,51.9135],[-128.4461,51.9003]]],[[[-81.6621,45.9203],[-81.6724,45.9243],[-81.6336,45.9369],[-81.6621,45.9203]]],[[[-82.2214,46.1157],[-82.1966,46.1041],[-82.2354,46.1021],[-82.2214,46.1157]]],[[[-160.383,55.5421],[-160.4058,55.5453],[-160.3512,55.5431],[-160.383,55.5421]]],[[[-126.588,50.8765],[-126.5674,50.8681],[-126.5819,50.8587],[-126.588,50.8765]]],[[[-65.1285,47.0865],[-65.0829,47.1009],[-65.1001,47.0903],[-65.1285,47.0865]]],[[[-136.4383,58.7767],[-136.4253,58.7633],[-136.4667,58.7727],[-136.4383,58.7767]]],[[[-97.6706,54.1531],[-97.6322,54.1919],[-97.6476,54.1711],[-97.6706,54.1531]]],[[[-62.4094,46.1783],[-62.4395,46.1953],[-62.4247,46.2007],[-62.4094,46.1783]]],[[[-70.1668,43.7541],[-70.1364,43.7783],[-70.1479,43.7531],[-70.1668,43.7541]]],[[[-122.9477,49.1559],[-122.9762,49.1599],[-122.928,49.1801],[-122.9477,49.1559]]],[[[-123.3572,48.6163],[-123.3332,48.6019],[-123.3479,48.5891],[-123.3572,48.6163]]],[[[-81.4123,44.9511],[-81.3865,44.9573],[-81.3839,44.9543],[-81.4123,44.9511]]],[[[-88.6389,49.5551],[-88.6172,49.5635],[-88.6153,49.5603],[-88.6389,49.5551]]],[[[-79.3787,43.6101],[-79.3979,43.6219],[-79.3801,43.6157],[-79.3787,43.6101]]],[[[-146.7951,60.8981],[-146.7733,60.8867],[-146.7911,60.8803],[-146.7951,60.8981]]],[[[-54.2177,47.7679],[-54.1905,47.7903],[-54.1953,47.7759],[-54.2177,47.7679]]],[[[-127.8326,51.5873],[-127.804,51.6045],[-127.8062,51.5875],[-127.8326,51.5873]]],[[[-88.6255,49.6459],[-88.6313,49.6581],[-88.6002,49.6547],[-88.6255,49.6459]]],[[[-55.1665,46.9987],[-55.1737,47.0165],[-55.1587,47.0345],[-55.1665,46.9987]]],[[[-88.3473,49.9187],[-88.3294,49.9163],[-88.3597,49.8911],[-88.3473,49.9187]]],[[[-62.0541,44.9449],[-62.0356,44.9531],[-62.0275,44.9425],[-62.0541,44.9449]]],[[[-139.6798,59.5917],[-139.6911,59.6183],[-139.6626,59.6091],[-139.6798,59.5917]]],[[[-100.2928,52.8883],[-100.3078,52.9081],[-100.2839,52.9157],[-100.2928,52.8883]]],[[[-113.0686,41.5927],[-113.09,41.5981],[-113.0693,41.6059],[-113.0686,41.5927]]],[[[-132.3214,55.8827],[-132.3399,55.9021],[-132.3167,55.9011],[-132.3214,55.8827]]],[[[-80.2094,45.3097],[-80.227,45.3135],[-80.2195,45.3227],[-80.2094,45.3097]]],[[[-99.3089,53.1379],[-99.3471,53.1441],[-99.2902,53.1509],[-99.3089,53.1379]]],[[[-99.8042,53.8317],[-99.8258,53.8325],[-99.82,53.8553],[-99.8042,53.8317]]],[[[-94.8052,49.3107],[-94.8071,49.3135],[-94.7734,49.3233],[-94.8052,49.3107]]],[[[-68.1463,44.3767],[-68.1545,44.3907],[-68.1438,44.4015],[-68.1463,44.3767]]],[[[-131.328,55.1645],[-131.3566,55.1651],[-131.3811,55.1903],[-131.328,55.1645]]],[[[-57.3491,47.5373],[-57.3416,47.5281],[-57.359,47.5245],[-57.3491,47.5373]]],[[[-128.1936,52.2561],[-128.1895,52.2439],[-128.2248,52.2489],[-128.1936,52.2561]]],[[[-100.1533,53.3005],[-100.1573,53.3051],[-100.1319,53.3153],[-100.1533,53.3005]]],[[[-152.8767,57.9919],[-152.8692,57.9863],[-152.9298,57.9997],[-152.8767,57.9919]]],[[[-129.6137,53.0469],[-129.5816,53.0547],[-129.5808,53.0495],[-129.6137,53.0469]]],[[[-157.7334,56.5063],[-157.716,56.5017],[-157.7127,56.4933],[-157.7334,56.5063]]],[[[-82.227,46.1343],[-82.2221,46.1273],[-82.2428,46.1233],[-82.227,46.1343]]],[[[-134.8855,57.2915],[-134.8664,57.2815],[-134.878,57.2759],[-134.8855,57.2915]]],[[[-129.7548,55.3359],[-129.7158,55.3717],[-129.7254,55.3503],[-129.7548,55.3359]]],[[[-76.2779,35.3269],[-76.2652,35.3107],[-76.2868,35.3073],[-76.2779,35.3269]]],[[[-69.4262,43.9357],[-69.4434,43.9121],[-69.4295,43.9521],[-69.4262,43.9357]]],[[[-125.1178,48.8901],[-125.159,48.8763],[-125.1458,48.8827],[-125.1178,48.8901]]],[[[-75.7152,37.4601],[-75.6925,37.4667],[-75.6913,37.4533],[-75.7152,37.4601]]],[[[-89.2113,48.1429],[-89.1469,48.1725],[-89.1838,48.1551],[-89.2113,48.1429]]],[[[-133.7152,56.8061],[-133.7065,56.7977],[-133.725,56.7869],[-133.7152,56.8061]]],[[[-75.9258,37.1067],[-75.8926,37.1293],[-75.8926,37.1201],[-75.9258,37.1067]]],[[[-97.3266,54.7877],[-97.323,54.7841],[-97.3802,54.7699],[-97.3266,54.7877]]],[[[-64.3529,44.2393],[-64.3174,44.2319],[-64.328,44.2265],[-64.3529,44.2393]]],[[[-98.0907,54.4235],[-98.0876,54.4297],[-98.0703,54.4341],[-98.0907,54.4235]]],[[[-99.6183,53.2593],[-99.599,53.2517],[-99.612,53.2381],[-99.6183,53.2593]]],[[[-94.8828,49.3129],[-94.9038,49.3173],[-94.8857,49.3297],[-94.8828,49.3129]]],[[[-99.4614,51.6991],[-99.4735,51.6641],[-99.4802,51.6745],[-99.4614,51.6991]]],[[[-129.3048,55.1567],[-129.3267,55.1651],[-129.2739,55.1667],[-129.3048,55.1567]]],[[[-123.5677,46.2249],[-123.5819,46.2251],[-123.5519,46.2375],[-123.5677,46.2249]]],[[[-75.9441,36.6749],[-75.9342,36.6809],[-75.9319,36.6569],[-75.9441,36.6749]]],[[[-83.1239,45.8299],[-83.1249,45.8381],[-83.0912,45.8393],[-83.1239,45.8299]]],[[[-86.6946,45.5981],[-86.6963,45.6103],[-86.6755,45.6127],[-86.6946,45.5981]]],[[[-133.6048,55.4343],[-133.6509,55.4139],[-133.6358,55.4335],[-133.6048,55.4343]]],[[[-62.714,44.7521],[-62.7118,44.7481],[-62.7448,44.7553],[-62.714,44.7521]]],[[[-158.6081,56.2707],[-158.6077,56.2815],[-158.581,56.2865],[-158.6081,56.2707]]],[[[-128.2329,51.9243],[-128.2293,51.9037],[-128.2447,51.9017],[-128.2329,51.9243]]],[[[-79.3825,33.0207],[-79.3748,33.0119],[-79.3941,33.0115],[-79.3825,33.0207]]],[[[-100.2624,53.6709],[-100.2419,53.6655],[-100.2517,53.6535],[-100.2624,53.6709]]],[[[-127.859,51.5931],[-127.8611,51.6085],[-127.8348,51.6097],[-127.859,51.5931]]],[[[-133.1951,57.1097],[-133.1899,57.1217],[-133.1725,57.1155],[-133.1951,57.1097]]],[[[-147.4634,60.8647],[-147.4757,60.8751],[-147.4352,60.8721],[-147.4634,60.8647]]],[[[-133.6869,55.8627],[-133.6608,55.8749],[-133.657,55.8597],[-133.6869,55.8627]]],[[[-83.4151,43.8353],[-83.4029,43.8267],[-83.4219,43.8143],[-83.4151,43.8353]]],[[[-132.9078,56.1087],[-132.8739,56.1267],[-132.8731,56.1123],[-132.9078,56.1087]]],[[[-81.6552,46.0909],[-81.6309,46.1029],[-81.6274,46.0995],[-81.6552,46.0909]]],[[[-70.8288,41.4599],[-70.8216,41.4537],[-70.8457,41.4443],[-70.8288,41.4599]]],[[[-82.8003,41.7049],[-82.8267,41.7109],[-82.8189,41.7235],[-82.8003,41.7049]]],[[[-81.0796,31.8617],[-81.0542,31.8557],[-81.062,31.8445],[-81.0796,31.8617]]],[[[-88.6822,49.7989],[-88.6997,49.8163],[-88.6648,49.8061],[-88.6822,49.7989]]],[[[-131.7282,55.5487],[-131.7103,55.5575],[-131.7083,55.5449],[-131.7282,55.5487]]],[[[-112.8792,41.2411],[-112.8879,41.2575],[-112.8615,41.2545],[-112.8792,41.2411]]],[[[-133.7206,56.7465],[-133.7027,56.7387],[-133.7043,56.7243],[-133.7206,56.7465]]],[[[-94.8608,49.1749],[-94.885,49.1893],[-94.8252,49.1751],[-94.8608,49.1749]]],[[[-73.5586,45.4659],[-73.5418,45.4731],[-73.536,45.4639],[-73.5586,45.4659]]],[[[-100.3897,52.8685],[-100.3705,52.8587],[-100.3823,52.8477],[-100.3897,52.8685]]],[[[-128.7361,53.5205],[-128.715,53.4959],[-128.7336,53.4991],[-128.7361,53.5205]]],[[[-126.3212,50.6067],[-126.3374,50.6263],[-126.3124,50.6189],[-126.3212,50.6067]]],[[[-98.8388,50.9381],[-98.8349,50.9649],[-98.8272,50.9621],[-98.8388,50.9381]]],[[[-75.1063,38.3061],[-75.0957,38.3155],[-75.1115,38.2799],[-75.1063,38.3061]]],[[[-77.1194,34.6433],[-77.1175,34.6367],[-77.1593,34.6299],[-77.1194,34.6433]]],[[[-133.1485,56.2767],[-133.157,56.2987],[-133.1383,56.2969],[-133.1485,56.2767]]],[[[-87.4933,48.8117],[-87.4718,48.7969],[-87.5119,48.8011],[-87.4933,48.8117]]],[[[-60.9793,45.2997],[-60.9565,45.3131],[-60.954,45.3063],[-60.9793,45.2997]]],[[[-160.0553,55.4969],[-160.0576,55.5097],[-160.0327,55.5177],[-160.0553,55.4969]]],[[[-76.1469,38.2315],[-76.1501,38.2449],[-76.1264,38.2407],[-76.1469,38.2315]]],[[[-75.852,37.1501],[-75.8548,37.1519],[-75.8499,37.1703],[-75.852,37.1501]]],[[[-157.4148,56.6305],[-157.4317,56.6447],[-157.4154,56.6471],[-157.4148,56.6305]]],[[[-130.623,54.0721],[-130.594,54.0621],[-130.6169,54.0541],[-130.623,54.0721]]],[[[-64.0183,46.7493],[-64.0445,46.8003],[-64.0165,46.7627],[-64.0183,46.7493]]],[[[-145.6509,60.3981],[-145.6142,60.3929],[-145.6708,60.3903],[-145.6881,60.3969],[-145.6509,60.3981]]],[[[-64.5347,46.2643],[-64.5402,46.2483],[-64.5516,46.2679],[-64.5347,46.2643]]],[[[-79.8225,44.8481],[-79.834,44.8499],[-79.824,44.8819],[-79.8225,44.8481]]],[[[-94.8819,49.3591],[-94.8958,49.3619],[-94.8805,49.3747],[-94.8819,49.3591]]],[[[-74.6612,45.0157],[-74.6206,45.0303],[-74.6319,45.0203],[-74.6612,45.0157]]],[[[-61.951,47.3041],[-61.9511,47.3341],[-61.9413,47.3447],[-61.951,47.3041]]],[[[-64.7929,46.6913],[-64.7998,46.6969],[-64.7602,46.6945],[-64.7929,46.6913]]],[[[-88.3467,48.5265],[-88.3636,48.5255],[-88.3333,48.5435],[-88.3467,48.5265]]],[[[-88.665,50.1031],[-88.6642,50.1143],[-88.6406,50.1117],[-88.665,50.1031]]],[[[-135.9146,58.4961],[-135.8927,58.4873],[-135.9088,58.4791],[-135.9146,58.4961]]],[[[-124.0224,46.2661],[-124.0306,46.2785],[-124.0182,46.2857],[-124.0224,46.2661]]],[[[-63.1253,44.6955],[-63.1314,44.7059],[-63.1124,44.7153],[-63.094,44.7125],[-63.1253,44.6955]]],[[[-97.6383,52.8271],[-97.6145,52.8157],[-97.6381,52.8113],[-97.6383,52.8271]]],[[[-66.8474,44.6111],[-66.8236,44.6335],[-66.8208,44.6203],[-66.8474,44.6111]]],[[[-80.4307,45.5511],[-80.4484,45.5543],[-80.4316,45.5661],[-80.4307,45.5511]]],[[[-97.8611,54.6407],[-97.8422,54.6329],[-97.8633,54.6143],[-97.8611,54.6407]]],[[[-83.4388,43.8383],[-83.4448,43.8549],[-83.4349,43.8599],[-83.4388,43.8383]]],[[[-81.6,45.5665],[-81.5882,45.5737],[-81.5819,45.5693],[-81.6,45.5665]]],[[[-82.973,45.9671],[-82.964,45.9595],[-83.0064,45.9595],[-82.973,45.9671]]],[[[-144.9301,60.4315],[-144.8999,60.4593],[-144.8933,60.4531],[-144.9301,60.4315]]],[[[-156.8709,56.8011],[-156.842,56.7827],[-156.8629,56.7807],[-156.8709,56.8011]]],[[[-97.8451,54.5801],[-97.8313,54.5695],[-97.8396,54.5641],[-97.8451,54.5801]]],[[[-89.2248,48.3563],[-89.2487,48.3693],[-89.2224,48.3725],[-89.2248,48.3563]]],[[[-160.8283,56.0277],[-160.8131,56.0183],[-160.8636,56.0271],[-160.8283,56.0277]]],[[[-61.5699,45.1341],[-61.5823,45.1173],[-61.5852,45.1167],[-61.5699,45.1341]]],[[[-147.7835,60.6679],[-147.7474,60.6933],[-147.7463,60.6869],[-147.7835,60.6679]]],[[[-94.4588,49.1557],[-94.4649,49.1399],[-94.4769,49.1477],[-94.4588,49.1557]]],[[[-151.4922,59.5359],[-151.4882,59.5199],[-151.521,59.5225],[-151.4922,59.5359]]],[[[-134.2461,57.1557],[-134.2798,57.1627],[-134.2562,57.1733],[-134.2461,57.1557]]],[[[-64.6034,46.3735],[-64.6151,46.3989],[-64.6018,46.3983],[-64.6034,46.3735]]],[[[-79.3855,33.0631],[-79.3769,33.0507],[-79.3836,33.0473],[-79.3855,33.0631]]],[[[-99.45,53.2355],[-99.4414,53.2311],[-99.463,53.2123],[-99.45,53.2355]]],[[[-133.175,55.4849],[-133.1598,55.5003],[-133.1453,55.4847],[-133.175,55.4849]]],[[[-131.2832,55.0135],[-131.2374,55.0281],[-131.2491,55.0227],[-131.2832,55.0135]]],[[[-135.0439,56.7519],[-135.0219,56.7563],[-135.0324,56.7439],[-135.0439,56.7519]]],[[[-62.683,44.7737],[-62.6783,44.7657],[-62.7079,44.7875],[-62.683,44.7737]]],[[[-122.8904,48.7697],[-122.8861,48.7475],[-122.9178,48.7563],[-122.8904,48.7697]]],[[[-94.3269,49.2137],[-94.3496,49.2225],[-94.3319,49.2289],[-94.3269,49.2137]]],[[[-131.3211,54.9917],[-131.3011,54.9835],[-131.3355,54.9723],[-131.3211,54.9917]]],[[[-83.8958,46.3021],[-83.9023,46.3185],[-83.886,46.3221],[-83.8958,46.3021]]],[[[-75.8451,36.3287],[-75.8307,36.3069],[-75.8421,36.3083],[-75.8451,36.3287]]],[[[-88.3337,49.6287],[-88.3449,49.6205],[-88.3326,49.6481],[-88.3337,49.6287]]],[[[-89.3614,48.0791],[-89.3214,48.0891],[-89.3241,48.0825],[-89.3614,48.0791]]],[[[-97.7978,54.5805],[-97.7951,54.5725],[-97.8072,54.5691],[-97.7978,54.5805]]],[[[-90.6184,46.9971],[-90.6095,47.0037],[-90.5962,46.9947],[-90.6184,46.9971]]],[[[-66.0225,43.6453],[-66.0288,43.6609],[-66.0161,43.6665],[-66.0225,43.6453]]],[[[-68.6748,44.0801],[-68.6487,44.0765],[-68.6573,44.0691],[-68.6748,44.0801]]],[[[-128.8081,52.6507],[-128.8035,52.6795],[-128.7931,52.6721],[-128.8081,52.6507]]],[[[-67.667,44.5367],[-67.6588,44.5581],[-67.6482,44.5455],[-67.667,44.5367]]],[[[-61.6794,45.6559],[-61.6418,45.6521],[-61.6725,45.6509],[-61.6794,45.6559]]],[[[-136.3791,58.2531],[-136.3983,58.2675],[-136.3698,58.2691],[-136.3791,58.2531]]],[[[-81.0474,45.9261],[-81.0581,45.9291],[-81.0288,45.9435],[-81.0474,45.9261]]],[[[-131.2628,54.8577],[-131.2934,54.8617],[-131.262,54.8717],[-131.2628,54.8577]]],[[[-122.3704,37.8105],[-122.3731,37.8323],[-122.362,37.8257],[-122.3704,37.8105]]],[[[-134.0663,56.4523],[-134.0329,56.4223],[-134.0457,56.4221],[-134.0663,56.4523]]],[[[-122.3246,48.0043],[-122.3343,48.0143],[-122.3241,48.0181],[-122.3246,48.0043]]],[[[-75.6449,37.5633],[-75.6428,37.5579],[-75.6601,37.5487],[-75.6449,37.5633]]],[[[-123.9329,49.1815],[-123.9444,49.1989],[-123.9211,49.1967],[-123.9329,49.1815]]],[[[-97.6812,55.0771],[-97.6583,55.0671],[-97.6988,55.0577],[-97.6812,55.0771]]],[[[-94.6604,49.5039],[-94.6729,49.5041],[-94.6516,49.5217],[-94.6604,49.5039]]],[[[-126.0559,49.3017],[-126.0601,49.3205],[-126.0505,49.3179],[-126.0559,49.3017]]],[[[-100.3612,53.3491],[-100.3588,53.3435],[-100.3836,53.3337],[-100.3612,53.3491]]],[[[-88.7328,49.9747],[-88.712,49.9693],[-88.7275,49.9591],[-88.7328,49.9747]]],[[[-127.4964,50.0943],[-127.529,50.1111],[-127.5165,50.1129],[-127.4964,50.0943]]],[[[-88.8664,48.5277],[-88.8291,48.5243],[-88.8601,48.5191],[-88.8664,48.5277]]],[[[-112.808,41.0325],[-112.7879,41.0213],[-112.7909,41.0179],[-112.808,41.0325]]],[[[-133.0718,55.5929],[-133.1032,55.6019],[-133.072,55.6091],[-133.0718,55.5929]]],[[[-75.5758,39.5321],[-75.591,39.5451],[-75.5661,39.5479],[-75.5758,39.5321]]],[[[-123.7302,46.1813],[-123.7327,46.1995],[-123.7174,46.1935],[-123.7302,46.1813]]],[[[-133.1064,55.5887],[-133.1003,55.5933],[-133.0819,55.5857],[-133.1064,55.5887]]],[[[-154.1574,56.9273],[-154.167,56.9155],[-154.2045,56.9201],[-154.1574,56.9273]]],[[[-80.3113,42.5753],[-80.2901,42.6017],[-80.2914,42.5879],[-80.3113,42.5753]]],[[[-76.4764,38.1001],[-76.4963,38.1313],[-76.4734,38.1159],[-76.4764,38.1001]]],[[[-126.6503,50.7269],[-126.6208,50.7293],[-126.6668,50.7195],[-126.6503,50.7269]]],[[[-132.1101,55.4417],[-132.107,55.4333],[-132.1266,55.4303],[-132.1101,55.4417]]],[[[-112.1057,40.8489],[-112.0846,40.8521],[-112.0805,40.8431],[-112.1057,40.8489]]],[[[-133.3046,55.9811],[-133.3329,55.9957],[-133.2974,56.0001],[-133.3046,55.9811]]],[[[-100.169,53.5381],[-100.1406,53.5537],[-100.1415,53.5469],[-100.169,53.5381]]],[[[-97.8136,53.7179],[-97.8417,53.7301],[-97.8217,53.7311],[-97.8136,53.7179]]],[[[-77.9734,33.8977],[-77.9691,33.8845],[-77.9754,33.8821],[-77.9734,33.8977]]],[[[-130.1462,53.9323],[-130.1415,53.9181],[-130.1629,53.9187],[-130.1462,53.9323]]],[[[-88.4016,48.4887],[-88.3879,48.5037],[-88.3834,48.4993],[-88.4016,48.4887]]],[[[-57.7557,47.6409],[-57.7256,47.6405],[-57.7056,47.6355],[-57.6875,47.6199],[-57.7557,47.6409]]],[[[-55.6603,47.5247],[-55.6446,47.5329],[-55.6411,47.5231],[-55.6603,47.5247]]],[[[-88.786,49.5669],[-88.7875,49.5883],[-88.7745,49.5829],[-88.786,49.5669]]],[[[-81.5699,46.0669],[-81.5669,46.0605],[-81.5837,46.0537],[-81.5699,46.0669]]],[[[-94.4503,49.6591],[-94.4322,49.6757],[-94.4286,49.6739],[-94.4503,49.6591]]],[[[-94.0833,49.3741],[-94.0774,49.3659],[-94.0992,49.3589],[-94.0833,49.3741]]],[[[-64.9611,47.2875],[-64.9367,47.3289],[-64.9374,47.3029],[-64.9611,47.2875]]],[[[-84.3138,45.9711],[-84.3216,45.9867],[-84.3023,45.9793],[-84.3138,45.9711]]],[[[-152.4458,58.4843],[-152.4135,58.5035],[-152.4108,58.4975],[-152.4458,58.4843]]],[[[-94.7647,49.6685],[-94.7524,49.6643],[-94.7868,49.6569],[-94.7647,49.6685]]],[[[-128.6767,53.1685],[-128.6916,53.1749],[-128.6386,53.1669],[-128.6767,53.1685]]],[[[-116.9674,61.1371],[-116.9475,61.1333],[-116.979,61.1257],[-116.9674,61.1371]]],[[[-70.8213,41.5935],[-70.8299,41.5861],[-70.8411,41.6039],[-70.8213,41.5935]]],[[[-135.4014,56.8235],[-135.378,56.8261],[-135.3895,56.8075],[-135.4014,56.8235]]],[[[-88.6673,48.1339],[-88.5977,48.1545],[-88.6371,48.1419],[-88.6673,48.1339]]],[[[-94.0938,49.3263],[-94.066,49.3291],[-94.0827,49.3133],[-94.0938,49.3263]]],[[[-134.498,57.5193],[-134.5164,57.5197],[-134.4629,57.5375],[-134.498,57.5193]]],[[[-132.4413,54.8007],[-132.4307,54.8121],[-132.4221,54.8089],[-132.4413,54.8007]]],[[[-67.8192,44.4983],[-67.8199,44.5089],[-67.7972,44.4911],[-67.8192,44.4983]]],[[[-75.95,36.6307],[-75.9486,36.6429],[-75.9357,36.6349],[-75.95,36.6307]]],[[[-130.8047,54.1407],[-130.8263,54.1531],[-130.8105,54.1585],[-130.8047,54.1407]]],[[[-89.2859,48.1019],[-89.2478,48.1187],[-89.2486,48.1165],[-89.2859,48.1019]]],[[[-64.8438,46.7409],[-64.8442,46.7455],[-64.8026,46.7235],[-64.8438,46.7409]]],[[[-133.5089,54.8171],[-133.5337,54.8367],[-133.5202,54.8367],[-133.5089,54.8171]]],[[[-156.5027,57.0409],[-156.4859,57.0285],[-156.5074,57.0257],[-156.5027,57.0409]]],[[[-153.9043,56.7301],[-153.876,56.7285],[-153.9027,56.7181],[-153.9043,56.7301]]],[[[-66.7221,44.9725],[-66.6986,44.9879],[-66.6962,44.9843],[-66.7221,44.9725]]],[[[-75.9612,37.0935],[-75.9605,37.0845],[-75.9757,37.0855],[-75.9612,37.0935]]],[[[-61.1341,45.5381],[-61.1038,45.5255],[-61.1255,45.5251],[-61.1341,45.5381]]],[[[-128.2076,51.8061],[-128.2008,51.8199],[-128.1852,51.8125],[-128.2076,51.8061]]],[[[-127.0541,49.8257],[-127.0671,49.8361],[-127.0467,49.8425],[-127.0541,49.8257]]],[[[-125.9411,49.1213],[-125.9508,49.1427],[-125.9308,49.1351],[-125.9411,49.1213]]],[[[-147.6668,60.5043],[-147.644,60.4937],[-147.6806,60.4901],[-147.6668,60.5043]]],[[[-67.8295,44.5297],[-67.8275,44.5159],[-67.8399,44.5213],[-67.8295,44.5297]]],[[[-139.2313,59.3359],[-139.2284,59.3333],[-139.2843,59.3417],[-139.2313,59.3359]]],[[[-53.7983,47.7647],[-53.7718,47.7847],[-53.771,47.7829],[-53.7983,47.7647]]],[[[-54.6037,47.3423],[-54.5868,47.3365],[-54.6003,47.3277],[-54.6037,47.3423]]],[[[-94.4521,49.5221],[-94.4355,49.5195],[-94.4633,49.5075],[-94.4521,49.5221]]],[[[-116.6219,61.0345],[-116.5815,61.0341],[-116.6079,61.0231],[-116.6219,61.0345]]],[[[-99.7679,51.6015],[-99.7682,51.5875],[-99.7834,51.5987],[-99.7679,51.6015]]],[[[-80.4247,45.4763],[-80.414,45.4667],[-80.4305,45.4647],[-80.4247,45.4763]]],[[[-126.8683,50.9031],[-126.8703,50.9173],[-126.8485,50.9113],[-126.8683,50.9031]]],[[[-95.0255,49.6293],[-95.0185,49.6221],[-95.0511,49.6107],[-95.0255,49.6293]]],[[[-88.83,49.8889],[-88.8244,49.8821],[-88.8445,49.8843],[-88.83,49.8889]]],[[[-149.5219,59.7631],[-149.5331,59.7823],[-149.5083,59.7781],[-149.5219,59.7631]]],[[[-76.3651,35.3427],[-76.3454,35.3395],[-76.3802,35.3301],[-76.3651,35.3427]]],[[[-88.692,49.4621],[-88.6889,49.4813],[-88.6784,49.4703],[-88.692,49.4621]]],[[[-70.0944,43.6985],[-70.1249,43.6889],[-70.1038,43.7101],[-70.0944,43.6985]]],[[[-67.5132,44.5629],[-67.4942,44.5557],[-67.5113,44.5513],[-67.5132,44.5629]]],[[[-99.6996,51.7347],[-99.6936,51.7747],[-99.6894,51.7503],[-99.6996,51.7347]]],[[[-68.3846,44.1837],[-68.3587,44.1943],[-68.3686,44.1829],[-68.3846,44.1837]]],[[[-135.3604,57.0539],[-135.3387,57.0459],[-135.3794,57.0373],[-135.3604,57.0539]]],[[[-123.7295,49.0945],[-123.7167,49.0929],[-123.7343,49.0891],[-123.7295,49.0945]]],[[[-130.0959,53.5487],[-130.0614,53.5473],[-130.0649,53.5453],[-130.0959,53.5487]]],[[[-76.2931,34.9967],[-76.2967,35.0065],[-76.2798,35.0023],[-76.2931,34.9967]]],[[[-128.5128,52.1673],[-128.4864,52.1883],[-128.4842,52.1847],[-128.5128,52.1673]]],[[[-130.7527,54.1317],[-130.7502,54.1183],[-130.7747,54.1321],[-130.7527,54.1317]]],[[[-94.8902,49.4357],[-94.8592,49.4441],[-94.8601,49.4417],[-94.8902,49.4357]]],[[[-125.2898,48.8641],[-125.3167,48.8673],[-125.3061,48.8809],[-125.2898,48.8641]]],[[[-68.152,44.4295],[-68.1365,44.4473],[-68.133,44.4449],[-68.152,44.4295]]],[[[-66.939,45.0399],[-66.9345,45.0559],[-66.9168,45.0425],[-66.939,45.0399]]],[[[-159.658,55.1927],[-159.638,55.1715],[-159.6614,55.1755],[-159.658,55.1927]]],[[[-130.5063,54.3369],[-130.486,54.3313],[-130.5053,54.3173],[-130.5063,54.3369]]],[[[-88.1805,48.6047],[-88.1822,48.6145],[-88.1621,48.6115],[-88.1805,48.6047]]],[[[-84.1021,46.3461],[-84.0898,46.3285],[-84.11,46.3373],[-84.1021,46.3461]]],[[[-132.9763,54.8253],[-132.9485,54.8225],[-132.9723,54.8123],[-132.9763,54.8253]]],[[[-94.1137,49.1347],[-94.1272,49.1417],[-94.1121,49.1457],[-94.1137,49.1347]]],[[[-88.0432,49.9443],[-88.0465,49.9473],[-88.036,49.9593],[-88.0432,49.9443]]],[[[-70.677,47.0177],[-70.6849,47.0257],[-70.6621,47.0379],[-70.677,47.0177]]],[[[-123.1501,48.6507],[-123.1079,48.6373],[-123.1272,48.6365],[-123.1501,48.6507]]],[[[-89.2547,47.8627],[-89.2102,47.8783],[-89.2293,47.8653],[-89.2547,47.8627]]],[[[-133.1213,55.3857],[-133.1471,55.3885],[-133.1078,55.3979],[-133.1213,55.3857]]],[[[-99.9901,53.4557],[-99.9795,53.4545],[-99.9925,53.4405],[-99.9901,53.4557]]],[[[-55.2369,47.6371],[-55.2298,47.6299],[-55.2375,47.6249],[-55.2369,47.6371]]],[[[-82.6542,42.6141],[-82.6718,42.6207],[-82.6581,42.6331],[-82.6542,42.6141]]],[[[-149.612,59.6321],[-149.6314,59.6385],[-149.596,59.6451],[-149.612,59.6321]]],[[[-132.3707,54.8091],[-132.3492,54.8187],[-132.3443,54.8089],[-132.3707,54.8091]]],[[[-97.7489,54.7343],[-97.7555,54.7419],[-97.7298,54.7533],[-97.7489,54.7343]]],[[[-84.5747,45.9511],[-84.578,45.9591],[-84.5595,45.9595],[-84.5747,45.9511]]],[[[-121.7098,49.2287],[-121.6864,49.2427],[-121.6898,49.2307],[-121.7098,49.2287]]],[[[-123.3755,48.7185],[-123.3839,48.7273],[-123.3673,48.7341],[-123.3755,48.7185]]],[[[-76.6372,43.9311],[-76.6428,43.9353],[-76.6051,43.9291],[-76.6372,43.9311]]],[[[-154.0147,57.6533],[-154.0136,57.6557],[-153.9925,57.6515],[-154.0147,57.6533]]],[[[-112.1258,40.8455],[-112.1083,40.8531],[-112.1229,40.8323],[-112.1258,40.8455]]],[[[-68.7635,44.2705],[-68.7389,44.2643],[-68.7409,44.2579],[-68.7635,44.2705]]],[[[-94.3532,49.5447],[-94.3754,49.5529],[-94.3598,49.5571],[-94.3532,49.5447]]],[[[-97.7677,54.0505],[-97.7466,54.0673],[-97.7458,54.0527],[-97.7677,54.0505]]],[[[-74.3668,39.4367],[-74.3357,39.4423],[-74.3366,39.4401],[-74.3668,39.4367]]],[[[-76.021,38.1315],[-76.0113,38.1339],[-76.0226,38.1095],[-76.021,38.1315]]],[[[-68.6007,48.4593],[-68.5464,48.4873],[-68.5609,48.4743],[-68.6007,48.4593]]],[[[-77.9536,33.9229],[-77.947,33.9357],[-77.9524,33.9133],[-77.9719,33.9167],[-77.9536,33.9229]]],[[[-65.9253,43.7145],[-65.9244,43.7039],[-65.9478,43.7313],[-65.9253,43.7145]]],[[[-60.786,45.7457],[-60.7909,45.7529],[-60.7745,45.7591],[-60.786,45.7457]]],[[[-69.3098,43.8753],[-69.2889,43.8689],[-69.3066,43.8707],[-69.3098,43.8753]]],[[[-153.038,57.9601],[-153.0274,57.9543],[-153.0407,57.9459],[-153.038,57.9601]]],[[[-88.8984,50.0021],[-88.9076,50.0079],[-88.889,50.0169],[-88.8984,50.0021]]],[[[-132.0393,56.0179],[-132.0443,56.0153],[-132.0587,56.0315],[-132.0393,56.0179]]],[[[-128.0524,51.7817],[-128.0676,51.7563],[-128.0677,51.7717],[-128.0524,51.7817]]],[[[-132.5648,56.6781],[-132.5702,56.6593],[-132.579,56.6667],[-132.5648,56.6781]]],[[[-94.7559,48.8549],[-94.688,48.8771],[-94.6875,48.8749],[-94.7559,48.8549]]],[[[-130.383,53.7421],[-130.3547,53.7377],[-130.3758,53.7297],[-130.383,53.7421]]],[[[-62.6109,44.7927],[-62.606,44.7871],[-62.6167,44.7745],[-62.6109,44.7927]]],[[[-75.8376,37.3871],[-75.8484,37.3931],[-75.833,37.4027],[-75.8376,37.3871]]],[[[-134.1377,56.9579],[-134.1038,56.9401],[-134.1397,56.9411],[-134.1377,56.9579]]],[[[-70.3194,41.3439],[-70.3042,41.3357],[-70.3097,41.3319],[-70.3194,41.3439]]],[[[-132.9209,55.0505],[-132.9173,55.0715],[-132.9092,55.0513],[-132.9209,55.0505]]],[[[-124.196,49.5015],[-124.1852,49.4887],[-124.2093,49.4951],[-124.196,49.5015]]],[[[-64.5263,44.1143],[-64.541,44.1299],[-64.5199,44.1271],[-64.5263,44.1143]]],[[[-125.1856,48.8479],[-125.1889,48.8305],[-125.1921,48.8301],[-125.1856,48.8479]]],[[[-129.711,53.0649],[-129.7079,53.0577],[-129.7345,53.0599],[-129.711,53.0649]]],[[[-53.0262,47.5509],[-53.0125,47.5461],[-53.0158,47.5425],[-53.0262,47.5509]]],[[[-53.683,47.0533],[-53.6629,47.0527],[-53.6653,47.0499],[-53.683,47.0533]]],[[[-94.3872,49.5021],[-94.3937,49.5125],[-94.3603,49.5039],[-94.3872,49.5021]]],[[[-130.5616,53.6169],[-130.5412,53.6153],[-130.5439,53.6077],[-130.5616,53.6169]]],[[[-129.4234,52.6711],[-129.4154,52.6881],[-129.409,52.6811],[-129.4234,52.6711]]],[[[-70.8199,41.2639],[-70.8108,41.2541],[-70.8142,41.2505],[-70.8199,41.2639]]],[[[-135.8863,57.4177],[-135.857,57.4069],[-135.8915,57.4049],[-135.8863,57.4177]]],[[[-97.7327,54.6943],[-97.7411,54.6951],[-97.7191,54.7075],[-97.7327,54.6943]]],[[[-83.6177,46.2055],[-83.6133,46.1939],[-83.6331,46.1955],[-83.6177,46.2055]]],[[[-132.9121,56.1769],[-132.8933,56.1609],[-132.9112,56.1589],[-132.9121,56.1769]]],[[[-64.196,44.3167],[-64.1736,44.3101],[-64.1906,44.3031],[-64.196,44.3167]]],[[[-88.0573,48.6585],[-88.0396,48.6555],[-88.0418,48.6531],[-88.0573,48.6585]]],[[[-94.9675,49.3559],[-94.99,49.3579],[-94.9831,49.3637],[-94.9675,49.3559]]],[[[-153.5593,58.6097],[-153.5508,58.5983],[-153.5758,58.5923],[-153.5593,58.6097]]],[[[-130.9605,54.4617],[-130.9594,54.4817],[-130.9434,54.4613],[-130.9605,54.4617]]],[[[-82.9204,45.6499],[-82.915,45.6245],[-82.9226,45.6305],[-82.9204,45.6499]]],[[[-73.0133,46.1649],[-73.0024,46.1641],[-73.0188,46.1543],[-73.0133,46.1649]]],[[[-94.5028,49.7627],[-94.4959,49.7593],[-94.5217,49.7473],[-94.5028,49.7627]]],[[[-68.4922,44.2663],[-68.4969,44.2787],[-68.4765,44.2715],[-68.4922,44.2663]]],[[[-88.4679,50.0035],[-88.4619,50.0125],[-88.4448,50.0089],[-88.4679,50.0035]]],[[[-119.4249,34.0091],[-119.4397,34.0161],[-119.4203,34.0177],[-119.4249,34.0091]]],[[[-83.4426,43.8081],[-83.4597,43.8079],[-83.4421,43.8309],[-83.4426,43.8081]]],[[[-64.9027,47.8245],[-64.8683,47.8185],[-64.9031,47.8115],[-64.9027,47.8245]]],[[[-135.4509,56.8309],[-135.4323,56.8321],[-135.4443,56.8137],[-135.4509,56.8309]]],[[[-94.6765,49.2135],[-94.6684,49.2255],[-94.6604,49.2263],[-94.6765,49.2135]]],[[[-136.0609,57.5713],[-136.0385,57.5519],[-136.0677,57.5581],[-136.0609,57.5713]]],[[[-97.3657,54.7865],[-97.3241,54.7987],[-97.3333,54.7911],[-97.3657,54.7865]]],[[[-83.1133,42.0965],[-83.1178,42.0651],[-83.1227,42.0663],[-83.1133,42.0965]]],[[[-84.2649,45.9575],[-84.2563,45.9509],[-84.2846,45.9517],[-84.2649,45.9575]]],[[[-130.7716,54.4073],[-130.7964,54.4101],[-130.7848,54.4177],[-130.7716,54.4073]]],[[[-89.2312,48.3763],[-89.2437,48.3787],[-89.2268,48.3869],[-89.2312,48.3763]]],[[[-80.2907,45.2889],[-80.295,45.3009],[-80.2754,45.2971],[-80.2907,45.2889]]],[[[-138.4901,59.1689],[-138.5072,59.1895],[-138.4883,59.1867],[-138.4901,59.1689]]],[[[-127.5177,50.8787],[-127.5334,50.8907],[-127.5151,50.8987],[-127.5177,50.8787]]],[[[-81.7837,45.4039],[-81.7616,45.4017],[-81.7657,45.3981],[-81.7837,45.4039]]],[[[-132.6592,55.4521],[-132.6655,55.4549],[-132.6546,55.4687],[-132.6592,55.4521]]],[[[-100.07,51.8211],[-100.0598,51.8441],[-100.0557,51.8319],[-100.07,51.8211]]],[[[-156.3066,57.3329],[-156.3412,57.3317],[-156.3256,57.3419],[-156.3066,57.3329]]],[[[-62.4759,45.6321],[-62.4914,45.6221],[-62.4817,45.6361],[-62.4759,45.6321]]],[[[-122.5014,48.4447],[-122.5111,48.4597],[-122.492,48.4565],[-122.5014,48.4447]]],[[[-82.214,46.0733],[-82.212,46.0901],[-82.2022,46.0875],[-82.214,46.0733]]],[[[-72.462,40.9729],[-72.4627,40.9557],[-72.4665,40.9573],[-72.462,40.9729]]],[[[-154.1466,56.9453],[-154.1518,56.9599],[-154.1266,56.9577],[-154.1466,56.9453]]],[[[-75.2342,44.8643],[-75.2443,44.8687],[-75.2141,44.8795],[-75.2342,44.8643]]],[[[-67.0509,45.1039],[-67.052,45.1197],[-67.0395,45.1101],[-67.0509,45.1039]]],[[[-128.2267,51.9923],[-128.2288,52.0009],[-128.2202,52.0109],[-128.2267,51.9923]]],[[[-57.4245,47.5171],[-57.3926,47.5293],[-57.4073,47.5169],[-57.4245,47.5171]]],[[[-54.8384,47.2841],[-54.8397,47.2849],[-54.8213,47.2981],[-54.8384,47.2841]]],[[[-130.2755,54.0389],[-130.2693,54.0473],[-130.255,54.0369],[-130.2755,54.0389]]],[[[-135.9207,58.5735],[-135.9228,58.5863],[-135.9146,58.5873],[-135.9207,58.5735]]],[[[-135.275,56.7403],[-135.2599,56.7347],[-135.2749,56.7261],[-135.275,56.7403]]],[[[-157.543,58.1921],[-157.5263,58.2027],[-157.5389,58.1835],[-157.543,58.1921]]],[[[-80.052,45.1319],[-80.0406,45.1287],[-80.0503,45.1211],[-80.052,45.1319]]],[[[-94.0827,49.1513],[-94.0801,49.1689],[-94.0593,49.1579],[-94.0827,49.1513]]],[[[-126.6491,50.7329],[-126.6512,50.7379],[-126.6258,50.7431],[-126.6491,50.7329]]],[[[-65.363,43.5069],[-65.3676,43.5199],[-65.3567,43.5221],[-65.363,43.5069]]],[[[-82.2712,46.1151],[-82.2854,46.1215],[-82.2677,46.1273],[-82.2712,46.1151]]],[[[-146.727,60.7219],[-146.7187,60.7055],[-146.7408,60.7145],[-146.727,60.7219]]],[[[-94.4588,49.6065],[-94.4384,49.6009],[-94.4488,49.5915],[-94.4588,49.6065]]],[[[-156.2965,57.3533],[-156.3097,57.3627],[-156.2988,57.3695],[-156.2965,57.3533]]],[[[-97.7807,54.5705],[-97.7493,54.5633],[-97.7702,54.5607],[-97.7807,54.5705]]],[[[-76.5476,34.7039],[-76.5505,34.7111],[-76.5355,34.7103],[-76.5476,34.7039]]],[[[-76.2455,34.9121],[-76.2201,34.9331],[-76.2257,34.9211],[-76.2455,34.9121]]],[[[-94.1812,49.4015],[-94.182,49.4081],[-94.1646,49.4033],[-94.1812,49.4015]]],[[[-85.8402,45.6973],[-85.8371,45.7081],[-85.8258,45.6961],[-85.8402,45.6973]]],[[[-99.9596,52.0195],[-99.966,52.0371],[-99.9565,52.0445],[-99.9596,52.0195]]],[[[-61.0199,45.3553],[-61.0088,45.3479],[-61.0398,45.3543],[-61.0199,45.3553]]],[[[-97.9807,53.9657],[-97.9566,53.9709],[-97.9681,53.9587],[-97.9893,53.9521],[-97.994,53.9527],[-97.9807,53.9657]]],[[[-54.2875,47.5215],[-54.2823,47.5381],[-54.2683,47.5327],[-54.2875,47.5215]]],[[[-97.9038,54.6011],[-97.8933,54.5931],[-97.8974,54.5907],[-97.9038,54.6011]]],[[[-139.649,59.6159],[-139.6617,59.6267],[-139.6292,59.6249],[-139.649,59.6159]]],[[[-94.3955,49.7019],[-94.4003,49.7123],[-94.3875,49.7197],[-94.3955,49.7019]]],[[[-122.9419,48.1183],[-122.9453,48.1193],[-122.9306,48.1311],[-122.9106,48.1241],[-122.9419,48.1183]]],[[[-133.4107,55.6519],[-133.4014,55.6317],[-133.424,55.6385],[-133.4107,55.6519]]],[[[-81.4676,45.8201],[-81.4585,45.8303],[-81.4525,45.8259],[-81.4676,45.8201]]],[[[-67.8338,44.4533],[-67.8492,44.4461],[-67.8598,44.4483],[-67.8338,44.4533]]],[[[-123.5363,48.9333],[-123.5342,48.9279],[-123.5661,48.9447],[-123.5363,48.9333]]],[[[-94.536,49.6749],[-94.5288,49.6735],[-94.5424,49.6617],[-94.536,49.6749]]],[[[-127.7165,51.5125],[-127.7182,51.5161],[-127.7046,51.5247],[-127.7165,51.5125]]],[[[-132.2934,56.6371],[-132.2714,56.6603],[-132.2699,56.6537],[-132.2934,56.6371]]],[[[-81.6308,45.2935],[-81.6371,45.2985],[-81.6115,45.3011],[-81.6308,45.2935]]],[[[-70.7573,47.0041],[-70.7176,47.0229],[-70.7275,47.0169],[-70.7573,47.0041]]],[[[-97.1275,54.7911],[-97.1126,54.7893],[-97.1364,54.7765],[-97.1275,54.7911]]],[[[-70.9798,42.3143],[-70.9581,42.3317],[-70.9565,42.3293],[-70.9798,42.3143]]],[[[-69.2898,43.9193],[-69.2737,43.9285],[-69.2717,43.9223],[-69.2898,43.9193]]],[[[-65.0176,45.2433],[-64.9933,45.2521],[-64.9958,45.2435],[-65.0176,45.2433]]],[[[-73.0371,46.0835],[-73.0037,46.1009],[-72.9936,46.1003],[-73.0371,46.0835]]],[[[-88.4013,49.4357],[-88.4054,49.4093],[-88.4099,49.4273],[-88.4013,49.4357]]],[[[-68.9025,43.8337],[-68.8875,43.8395],[-68.8863,43.8381],[-68.9025,43.8337]]],[[[-98.8084,50.9493],[-98.8091,50.9575],[-98.7918,50.9483],[-98.8084,50.9493]]],[[[-96.9509,54.9355],[-96.9109,54.9501],[-96.9378,54.9389],[-96.9509,54.9355]]],[[[-132.3047,55.8609],[-132.3167,55.8453],[-132.3219,55.8515],[-132.3047,55.8609]]],[[[-81.7206,46.0367],[-81.7066,46.0515],[-81.7013,46.0457],[-81.7206,46.0367]]],[[[-62.6787,45.7477],[-62.6552,45.7339],[-62.6672,45.7331],[-62.6787,45.7477]]],[[[-60.428,46.1971],[-60.4171,46.2049],[-60.4164,46.1999],[-60.428,46.1971]]],[[[-68.2487,44.2587],[-68.2181,44.2571],[-68.2325,44.2571],[-68.2487,44.2587]]],[[[-129.7642,53.1571],[-129.7776,53.1593],[-129.7707,53.1803],[-129.7642,53.1571]]],[[[-73.3709,40.6375],[-73.3762,40.6383],[-73.3628,40.6485],[-73.3709,40.6375]]],[[[-94.6488,49.4981],[-94.6345,49.5119],[-94.6177,49.5119],[-94.6488,49.4981]]],[[[-145.1709,60.3459],[-145.1749,60.3471],[-145.1416,60.3699],[-145.1709,60.3459]]],[[[-131.8341,55.8409],[-131.838,55.8537],[-131.8139,55.8457],[-131.8341,55.8409]]],[[[-65.386,43.5173],[-65.3883,43.5313],[-65.3738,43.5261],[-65.386,43.5173]]],[[[-80.893,45.9147],[-80.8666,45.9183],[-80.8697,45.9155],[-80.893,45.9147]]],[[[-94.4731,49.6709],[-94.4549,49.6789],[-94.4533,49.6773],[-94.4731,49.6709]]],[[[-136.4856,58.7745],[-136.4612,58.7621],[-136.4945,58.7681],[-136.4856,58.7745]]],[[[-74.3927,39.4229],[-74.3821,39.4271],[-74.3799,39.4145],[-74.3927,39.4229]]],[[[-76.2819,34.8859],[-76.2522,34.9025],[-76.2727,34.8859],[-76.2819,34.8859]]],[[[-100.4379,53.3765],[-100.4363,53.3677],[-100.4425,53.3663],[-100.4379,53.3765]]],[[[-94.1836,49.0963],[-94.1975,49.1033],[-94.1686,49.1039],[-94.1836,49.0963]]],[[[-88.6527,48.4173],[-88.6311,48.4321],[-88.6327,48.4233],[-88.6527,48.4173]]],[[[-136.5646,58.8899],[-136.5644,58.8935],[-136.5483,58.8973],[-136.5646,58.8899]]],[[[-153.8557,56.7323],[-153.8662,56.7405],[-153.8422,56.7471],[-153.8557,56.7323]]],[[[-82.394,46.1511],[-82.4019,46.1521],[-82.3753,46.1647],[-82.394,46.1511]]],[[[-123.0605,48.7983],[-123.0494,48.7937],[-123.0577,48.7899],[-123.0605,48.7983]]],[[[-94.7287,49.6505],[-94.764,49.6523],[-94.7358,49.6619],[-94.7287,49.6505]]],[[[-131.0426,55.2927],[-131.0404,55.3041],[-131.0293,55.2989],[-131.0426,55.2927]]],[[[-75.3973,44.7761],[-75.3954,44.7683],[-75.4148,44.7629],[-75.3973,44.7761]]],[[[-145.7605,60.3631],[-145.7726,60.3657],[-145.7431,60.3803],[-145.7605,60.3631]]],[[[-69.1371,43.8711],[-69.1245,43.8993],[-69.1227,43.8975],[-69.1371,43.8711]]],[[[-147.5683,60.8745],[-147.5573,60.8641],[-147.5716,60.8591],[-147.5683,60.8745]]],[[[-125.2549,48.9371],[-125.2389,48.9293],[-125.2497,48.9251],[-125.2549,48.9371]]],[[[-68.3348,44.1935],[-68.344,44.2001],[-68.3337,44.2051],[-68.3348,44.1935]]],[[[-64.1241,46.4511],[-64.1167,46.4775],[-64.1119,46.4685],[-64.1241,46.4511]]],[[[-67.5447,44.4801],[-67.547,44.4899],[-67.5329,44.4897],[-67.5447,44.4801]]],[[[-124.9287,50.0321],[-124.9157,50.0269],[-124.9282,50.0179],[-124.9287,50.0321]]],[[[-83.4343,44.0285],[-83.4323,44.0353],[-83.4162,44.0271],[-83.4343,44.0285]]],[[[-73.0046,46.0931],[-72.9961,46.0943],[-73.0085,46.0791],[-73.0046,46.0931]]],[[[-97.7521,52.2527],[-97.7583,52.2575],[-97.7467,52.2655],[-97.7521,52.2527]]],[[[-94.7719,49.4391],[-94.7584,49.4293],[-94.76,49.4269],[-94.7719,49.4391]]],[[[-131.9967,54.8819],[-131.9782,54.8719],[-131.9812,54.8691],[-131.9967,54.8819]]],[[[-130.7008,54.0457],[-130.6931,54.0269],[-130.7115,54.0275],[-130.7008,54.0457]]],[[[-73.8594,45.3345],[-73.834,45.3571],[-73.8365,45.3485],[-73.8594,45.3345]]],[[[-132.3185,56.6493],[-132.2922,56.6611],[-132.3031,56.6487],[-132.3185,56.6493]]],[[[-64.32,44.4195],[-64.3138,44.4161],[-64.3263,44.4081],[-64.32,44.4195]]],[[[-75.7243,37.4817],[-75.73,37.4739],[-75.7314,37.4837],[-75.7243,37.4817]]],[[[-68.127,44.4155],[-68.1294,44.4047],[-68.1364,44.4053],[-68.127,44.4155]]],[[[-135.2969,56.7335],[-135.3034,56.7347],[-135.2801,56.7535],[-135.2969,56.7335]]],[[[-133.4942,55.8829],[-133.498,55.8907],[-133.472,55.8885],[-133.4942,55.8829]]],[[[-136.4776,58.2919],[-136.4721,58.2859],[-136.5017,58.2961],[-136.4776,58.2919]]],[[[-127.2064,50.0065],[-127.2158,50.0125],[-127.1851,50.0087],[-127.2064,50.0065]]],[[[-86.0546,48.0987],[-86.0685,48.1109],[-86.0519,48.1065],[-86.0546,48.0987]]],[[[-130.1794,53.5635],[-130.1863,53.5703],[-130.1657,53.5749],[-130.1794,53.5635]]],[[[-73.8963,40.7905],[-73.8933,40.7987],[-73.8769,40.7927],[-73.8963,40.7905]]],[[[-94.5852,49.2859],[-94.5755,49.2799],[-94.5769,49.2743],[-94.5852,49.2859]]],[[[-68.7917,44.2139],[-68.7738,44.2155],[-68.7821,44.2081],[-68.7917,44.2139]]],[[[-129.9695,53.5457],[-129.962,53.5435],[-129.9686,53.5327],[-129.9695,53.5457]]],[[[-80.4641,45.5173],[-80.4739,45.5179],[-80.4637,45.5291],[-80.4641,45.5173]]],[[[-76.0398,38.0893],[-76.0344,38.0757],[-76.0365,38.0749],[-76.0398,38.0893]]],[[[-131.6739,55.8553],[-131.6693,55.8503],[-131.7139,55.8455],[-131.6739,55.8553]]],[[[-125.7769,49.1125],[-125.7824,49.1183],[-125.7546,49.1119],[-125.7769,49.1125]]],[[[-145.1942,60.3199],[-145.1795,60.3179],[-145.1794,60.3115],[-145.1942,60.3199]]],[[[-132.6298,56.0403],[-132.6086,56.0537],[-132.6073,56.0455],[-132.6298,56.0403]]],[[[-132.534,56.5235],[-132.5194,56.5183],[-132.5306,56.5105],[-132.534,56.5235]]],[[[-83.2737,46.1449],[-83.2666,46.1391],[-83.2813,46.1277],[-83.2737,46.1449]]],[[[-94.7857,49.2149],[-94.7735,49.2193],[-94.7719,49.2175],[-94.7857,49.2149]]],[[[-100.7331,52.7875],[-100.7389,52.7927],[-100.7105,52.7999],[-100.7331,52.7875]]],[[[-80.9675,45.9163],[-80.9709,45.9211],[-80.9496,45.9247],[-80.9675,45.9163]]],[[[-147.9255,60.2773],[-147.9306,60.2895],[-147.9193,60.2987],[-147.9255,60.2773]]],[[[-69.3575,43.9497],[-69.3474,43.9651],[-69.3401,43.9581],[-69.3575,43.9497]]],[[[-135.5519,57.1603],[-135.5656,57.1625],[-135.5578,57.1743],[-135.5519,57.1603]]],[[[-76.7493,38.1589],[-76.7396,38.1393],[-76.7475,38.1513],[-76.7493,38.1589]]],[[[-154.0818,59.1973],[-154.0629,59.1953],[-154.0824,59.1877],[-154.0818,59.1973]]],[[[-135.8871,58.5349],[-135.8738,58.5425],[-135.8672,58.5367],[-135.8871,58.5349]]],[[[-64.3317,44.3391],[-64.3402,44.3559],[-64.3297,44.3561],[-64.3317,44.3391]]],[[[-127.5452,50.0941],[-127.545,50.1025],[-127.5326,50.1029],[-127.5452,50.0941]]],[[[-123.4168,48.8943],[-123.3984,48.8761],[-123.4255,48.8901],[-123.4168,48.8943]]],[[[-79.2755,33.2723],[-79.283,33.2835],[-79.2813,33.2841],[-79.2755,33.2723]]],[[[-94.7022,49.2839],[-94.6781,49.2897],[-94.6794,49.2877],[-94.7022,49.2839]]],[[[-94.2711,49.1995],[-94.2898,49.2045],[-94.2804,49.2121],[-94.2711,49.1995]]],[[[-94.9645,49.5497],[-94.9782,49.5515],[-94.954,49.5611],[-94.9645,49.5497]]],[[[-113.0042,41.6967],[-113.0069,41.7037],[-112.9986,41.7039],[-113.0042,41.6967]]],[[[-97.3913,54.6825],[-97.3712,54.6949],[-97.372,54.6859],[-97.3913,54.6825]]],[[[-82.7956,46.1501],[-82.7932,46.1409],[-82.8098,46.1399],[-82.7956,46.1501]]],[[[-158.6985,56.9389],[-158.6905,56.9367],[-158.7235,56.9191],[-158.6985,56.9389]]],[[[-100.0893,51.8447],[-100.0852,51.8689],[-100.0802,51.8651],[-100.0893,51.8447]]],[[[-135.9981,58.7117],[-136.0061,58.7227],[-135.9737,58.7155],[-135.9981,58.7117]]],[[[-70.4181,41.6161],[-70.4309,41.6181],[-70.4203,41.6285],[-70.4181,41.6161]]],[[[-54.191,47.5031],[-54.1776,47.5161],[-54.18,47.5075],[-54.191,47.5031]]],[[[-90.8643,46.9871],[-90.8449,46.9791],[-90.8521,46.9719],[-90.8643,46.9871]]],[[[-88.4095,48.4999],[-88.3867,48.5155],[-88.3886,48.5125],[-88.4095,48.4999]]],[[[-145.9699,60.4077],[-145.9218,60.4021],[-145.9554,60.3981],[-145.9699,60.4077]]],[[[-113.0222,41.7187],[-113.0031,41.7109],[-113.014,41.7085],[-113.0222,41.7187]]],[[[-130.4349,53.4981],[-130.4139,53.4983],[-130.4174,53.4875],[-130.4349,53.4981]]],[[[-56.2285,47.6241],[-56.2293,47.6307],[-56.2123,47.6279],[-56.2285,47.6241]]],[[[-154.1498,56.6941],[-154.1383,56.6899],[-154.1411,56.6837],[-154.1498,56.6941]]],[[[-161.6715,55.5197],[-161.6828,55.5201],[-161.6693,55.5385],[-161.6715,55.5197]]],[[[-146.8562,60.8433],[-146.8214,60.8531],[-146.822,60.8493],[-146.8562,60.8433]]],[[[-88.1222,48.8853],[-88.1167,48.8933],[-88.1132,48.8939],[-88.1222,48.8853]]],[[[-94.5197,49.6779],[-94.5033,49.6935],[-94.4969,49.6863],[-94.5197,49.6779]]],[[[-132.4886,54.9637],[-132.4699,54.9627],[-132.4817,54.9563],[-132.4886,54.9637]]],[[[-156.6509,56.0759],[-156.6458,56.0663],[-156.6714,56.0761],[-156.6509,56.0759]]],[[[-97.1751,54.7701],[-97.1784,54.7707],[-97.1516,54.7879],[-97.1751,54.7701]]],[[[-63.1975,46.1241],[-63.1815,46.1251],[-63.1927,46.1155],[-63.1975,46.1241]]],[[[-153.7685,59.0695],[-153.7867,59.0759],[-153.7642,59.0783],[-153.7685,59.0695]]],[[[-134.1081,56.4431],[-134.1153,56.4595],[-134.0943,56.4529],[-134.1081,56.4431]]],[[[-76.0846,38.1719],[-76.075,38.1627],[-76.0896,38.1579],[-76.0846,38.1719]]],[[[-132.3293,54.7721],[-132.3305,54.7795],[-132.314,54.7805],[-132.3293,54.7721]]],[[[-94.7274,49.2847],[-94.7394,49.3031],[-94.7215,49.2975],[-94.7274,49.2847]]],[[[-63.7724,44.4487],[-63.7567,44.4491],[-63.7636,44.4457],[-63.7724,44.4487]]],[[[-100.2691,52.6341],[-100.2831,52.6143],[-100.2827,52.6241],[-100.2691,52.6341]]],[[[-69.7512,47.7105],[-69.7214,47.7385],[-69.7214,47.7355],[-69.7512,47.7105]]],[[[-76.2569,34.9809],[-76.262,35.0001],[-76.251,34.9971],[-76.2569,34.9809]]],[[[-68.3542,44.1689],[-68.3601,44.1807],[-68.3464,44.1799],[-68.3542,44.1689]]],[[[-123.8698,46.9645],[-123.8565,46.9553],[-123.872,46.9549],[-123.8698,46.9645]]],[[[-135.3941,56.7815],[-135.3706,56.8065],[-135.3684,56.8027],[-135.3941,56.7815]]],[[[-123.7121,46.2439],[-123.6834,46.2533],[-123.6847,46.2497],[-123.7121,46.2439]]],[[[-134.1205,55.9437],[-134.103,55.9471],[-134.1014,55.9427],[-134.1205,55.9437]]],[[[-87.5884,48.8583],[-87.5741,48.8525],[-87.5844,48.8503],[-87.5884,48.8583]]],[[[-81.6317,46.0565],[-81.6271,46.0503],[-81.6408,46.0447],[-81.6317,46.0565]]],[[[-159.3542,55.8375],[-159.3432,55.8253],[-159.3534,55.8181],[-159.3542,55.8375]]],[[[-136.1535,58.7689],[-136.1449,58.7727],[-136.1424,58.7559],[-136.1535,58.7689]]],[[[-97.7816,52.1843],[-97.7651,52.1949],[-97.7773,52.1825],[-97.803,52.1765],[-97.7816,52.1843]]],[[[-98.6664,51.1581],[-98.6642,51.1487],[-98.6825,51.1451],[-98.6664,51.1581]]],[[[-88.2939,49.5695],[-88.2903,49.5615],[-88.3031,49.5555],[-88.2939,49.5695]]],[[[-94.5237,49.5411],[-94.5077,49.5367],[-94.5282,49.5325],[-94.5237,49.5411]]],[[[-147.74,60.8237],[-147.7398,60.8133],[-147.7582,60.8089],[-147.74,60.8237]]],[[[-74.3137,39.5403],[-74.3114,39.5511],[-74.2973,39.5375],[-74.3137,39.5403]]],[[[-133.6102,57.7627],[-133.6006,57.7557],[-133.6141,57.7547],[-133.6102,57.7627]]],[[[-94.2549,49.4451],[-94.2477,49.4549],[-94.2384,49.4513],[-94.2549,49.4451]]],[[[-124.0097,49.4985],[-124.0097,49.5017],[-123.9959,49.5081],[-124.0097,49.4985]]],[[[-156.274,57.3717],[-156.2859,57.3743],[-156.2683,57.3833],[-156.274,57.3717]]],[[[-54.3463,47.6123],[-54.3386,47.6255],[-54.3332,47.6137],[-54.3463,47.6123]]],[[[-81.6049,45.8713],[-81.6214,45.8767],[-81.6144,45.8853],[-81.6049,45.8713]]],[[[-136.1896,57.6309],[-136.1962,57.6395],[-136.1762,57.6373],[-136.1896,57.6309]]],[[[-130.7544,54.5019],[-130.7535,54.4911],[-130.7665,54.4865],[-130.7544,54.5019]]],[[[-65.7646,43.4781],[-65.76,43.4815],[-65.7475,43.4621],[-65.7646,43.4781]]],[[[-131.8619,56.6487],[-131.8224,56.6623],[-131.8249,56.6589],[-131.8619,56.6487]]],[[[-83.7942,46.1433],[-83.7851,46.1541],[-83.7806,46.1429],[-83.7942,46.1433]]],[[[-70.21,43.6851],[-70.1971,43.6893],[-70.1975,43.6805],[-70.21,43.6851]]],[[[-94.4898,49.6015],[-94.4931,49.6035],[-94.4768,49.6093],[-94.4898,49.6015]]],[[[-68.7926,44.2345],[-68.79,44.2275],[-68.8041,44.2259],[-68.7926,44.2345]]],[[[-152.6433,57.8855],[-152.638,57.8829],[-152.6715,57.8721],[-152.6433,57.8855]]],[[[-99.1243,51.6069],[-99.1234,51.5815],[-99.1289,51.5875],[-99.1243,51.6069]]],[[[-81.8418,46.0677],[-81.8172,46.0729],[-81.8203,46.0695],[-81.8418,46.0677]]],[[[-73.4976,40.6253],[-73.4927,40.6385],[-73.4793,40.6351],[-73.4976,40.6253]]],[[[-145.5768,60.3565],[-145.5733,60.3531],[-145.601,60.3587],[-145.5768,60.3565]]],[[[-88.7813,49.6003],[-88.7876,49.6225],[-88.7798,49.6143],[-88.7813,49.6003]]],[[[-94.4962,49.6155],[-94.5125,49.6241],[-94.5044,49.6309],[-94.4962,49.6155]]],[[[-75.8137,44.4201],[-75.7975,44.4385],[-75.7947,44.4329],[-75.8137,44.4201]]],[[[-112.1043,40.8267],[-112.1061,40.8319],[-112.0859,40.8315],[-112.1043,40.8267]]],[[[-82.68,42.6033],[-82.6823,42.6219],[-82.6707,42.6165],[-82.68,42.6033]]],[[[-129.3008,55.1781],[-129.2669,55.1779],[-129.3164,55.1711],[-129.3008,55.1781]]],[[[-96.7625,54.9211],[-96.7784,54.9247],[-96.7611,54.9305],[-96.7625,54.9211]]],[[[-122.7748,49.2227],[-122.7645,49.2189],[-122.7652,49.2137],[-122.7748,49.2227]]],[[[-129.938,53.5649],[-129.9259,53.5691],[-129.9303,53.5537],[-129.938,53.5649]]],[[[-70.8105,46.9613],[-70.7843,46.9777],[-70.7942,46.9683],[-70.8105,46.9613]]],[[[-94.5866,49.2219],[-94.5908,49.2291],[-94.5739,49.2325],[-94.5866,49.2219]]],[[[-149.6509,59.6485],[-149.6279,59.6629],[-149.6264,59.6487],[-149.6509,59.6485]]],[[[-112.1308,40.8123],[-112.1319,40.8215],[-112.1213,40.8227],[-112.1308,40.8123]]],[[[-154.2922,58.2951],[-154.2721,58.2929],[-154.2833,58.2867],[-154.2922,58.2951]]],[[[-77.9876,33.9073],[-77.9845,33.9225],[-77.9765,33.9175],[-77.9876,33.9073]]],[[[-128.3066,52.0217],[-128.3042,52.0491],[-128.2987,52.0469],[-128.3066,52.0217]]],[[[-94.5005,49.5325],[-94.4834,49.5347],[-94.4833,49.5323],[-94.5005,49.5325]]],[[[-94.3792,49.1713],[-94.3791,49.1627],[-94.3938,49.1641],[-94.3792,49.1713]]],[[[-88.1567,48.6415],[-88.1388,48.6573],[-88.143,48.6443],[-88.1567,48.6415]]],[[[-69.0709,44.0071],[-69.0633,44.0123],[-69.0636,43.9971],[-69.0709,44.0071]]],[[[-156.4773,56.9995],[-156.4925,57.0089],[-156.4743,57.0111],[-156.4773,56.9995]]],[[[-94.2642,49.1577],[-94.2535,49.1519],[-94.2682,49.1463],[-94.2642,49.1577]]],[[[-100.2123,53.3965],[-100.221,53.4057],[-100.1923,53.4093],[-100.2123,53.3965]]],[[[-129.3579,55.1509],[-129.3413,55.1505],[-129.3402,55.1431],[-129.3579,55.1509]]],[[[-61.2286,45.5837],[-61.2181,45.5751],[-61.2436,45.5775],[-61.2286,45.5837]]],[[[-94.2139,49.4601],[-94.217,49.4653],[-94.1996,49.4701],[-94.2139,49.4601]]],[[[-135.2793,56.7569],[-135.3128,56.7397],[-135.2964,56.7511],[-135.2793,56.7569]]],[[[-87.9939,48.7241],[-87.9988,48.7287],[-87.9905,48.7329],[-87.9939,48.7241]]],[[[-61.0061,45.2691],[-61.005,45.2757],[-60.9916,45.2725],[-61.0061,45.2691]]],[[[-94.226,49.1613],[-94.2332,49.1725],[-94.2139,49.1699],[-94.226,49.1613]]],[[[-94.2513,49.4223],[-94.2605,49.4183],[-94.2708,49.4271],[-94.2513,49.4223]]],[[[-80.7636,45.9109],[-80.7556,45.9161],[-80.7555,45.9077],[-80.7636,45.9109]]],[[[-83.3233,45.1931],[-83.312,45.1881],[-83.3144,45.1829],[-83.3233,45.1931]]],[[[-90.7212,47.0591],[-90.7239,47.0747],[-90.7159,47.0725],[-90.7212,47.0591]]],[[[-61.6134,45.1451],[-61.609,45.1349],[-61.6244,45.1403],[-61.6134,45.1451]]],[[[-94.3587,49.0837],[-94.3437,49.0895],[-94.3441,49.0779],[-94.3587,49.0837]]],[[[-129.4352,55.0931],[-129.42,55.1065],[-129.4207,55.0923],[-129.4352,55.0931]]],[[[-98.8138,50.8709],[-98.816,50.9029],[-98.8098,50.8981],[-98.8138,50.8709]]],[[[-84.6024,45.8181],[-84.6076,45.8287],[-84.5909,45.8233],[-84.6024,45.8181]]],[[[-55.8471,47.7733],[-55.8579,47.7807],[-55.8441,47.7875],[-55.8471,47.7733]]],[[[-130.1556,53.9619],[-130.1473,53.9683],[-130.1391,53.9635],[-130.1556,53.9619]]],[[[-112.8391,41.0327],[-112.8446,41.0375],[-112.8249,41.0393],[-112.8391,41.0327]]],[[[-98.729,51.1831],[-98.7239,51.1717],[-98.7293,51.1683],[-98.729,51.1831]]],[[[-122.7092,48.4757],[-122.712,48.4777],[-122.6906,48.4865],[-122.7092,48.4757]]],[[[-63.391,45.8431],[-63.388,45.8401],[-63.4094,45.8327],[-63.391,45.8431]]],[[[-133.9287,56.8695],[-133.9397,56.8819],[-133.9353,56.8845],[-133.9287,56.8695]]],[[[-157.7315,56.2655],[-157.7483,56.2701],[-157.7293,56.2773],[-157.7315,56.2655]]],[[[-132.391,54.7781],[-132.4112,54.7825],[-132.3926,54.7903],[-132.391,54.7781]]],[[[-82.7678,45.9019],[-82.7775,45.9067],[-82.7713,45.9137],[-82.7678,45.9019]]],[[[-123.6587,46.2365],[-123.6642,46.2383],[-123.6374,46.2469],[-123.6587,46.2365]]],[[[-139.7358,59.6057],[-139.7206,59.6049],[-139.7253,59.5927],[-139.7358,59.6057]]],[[[-97.661,55.0203],[-97.6234,55.0307],[-97.6283,55.0231],[-97.661,55.0203]]],[[[-71.9833,41.3363],[-71.9793,41.3443],[-71.9731,41.3391],[-71.9833,41.3363]]],[[[-116.8006,61.0831],[-116.7688,61.0709],[-116.7916,61.0731],[-116.8006,61.0831]]],[[[-153.0865,57.9573],[-153.0642,57.9511],[-153.0713,57.9463],[-153.0865,57.9573]]],[[[-94.5246,49.5505],[-94.5241,49.5477],[-94.5493,49.5521],[-94.5246,49.5505]]],[[[-63.8254,46.1651],[-63.8136,46.1533],[-63.8318,46.1599],[-63.8254,46.1651]]],[[[-74.4459,39.4071],[-74.4406,39.3937],[-74.4578,39.4053],[-74.4459,39.4071]]],[[[-66.1733,43.8057],[-66.1581,43.8183],[-66.1581,43.8107],[-66.1733,43.8057]]],[[[-125.0599,50.2893],[-125.06,50.2763],[-125.0685,50.2827],[-125.0599,50.2893]]],[[[-68.8346,44.2431],[-68.825,44.2417],[-68.8276,44.2307],[-68.8346,44.2431]]],[[[-94.747,49.5143],[-94.7539,49.5237],[-94.7425,49.5285],[-94.747,49.5143]]],[[[-88.3778,49.6045],[-88.3796,49.6099],[-88.367,49.6131],[-88.3778,49.6045]]],[[[-75.8306,37.2729],[-75.8496,37.2715],[-75.8406,37.2837],[-75.8306,37.2729]]],[[[-97.0373,51.7031],[-97.0268,51.6919],[-97.0298,51.6857],[-97.0373,51.7031]]],[[[-88.6468,48.3477],[-88.6321,48.3567],[-88.6324,48.3521],[-88.6468,48.3477]]],[[[-125.2259,48.8223],[-125.2077,48.8313],[-125.2078,48.8271],[-125.2259,48.8223]]],[[[-80.9029,45.8941],[-80.8854,45.8867],[-80.8949,45.8805],[-80.9029,45.8941]]],[[[-122.3608,49.1257],[-122.3305,49.1193],[-122.3602,49.1193],[-122.3608,49.1257]]],[[[-76.0521,37.9471],[-76.0484,37.9631],[-76.0418,37.9507],[-76.0521,37.9471]]],[[[-98.2376,54.3517],[-98.2392,54.3581],[-98.227,54.3625],[-98.2376,54.3517]]],[[[-88.5374,50.0145],[-88.5387,50.0215],[-88.5208,50.0211],[-88.5374,50.0145]]],[[[-83.1952,45.0357],[-83.2027,45.0489],[-83.1979,45.0483],[-83.1952,45.0357]]],[[[-68.253,44.1409],[-68.263,44.1543],[-68.2537,44.1573],[-68.253,44.1409]]],[[[-151.2266,59.6043],[-151.2199,59.5983],[-151.2456,59.5979],[-151.2266,59.6043]]],[[[-132.7185,54.9869],[-132.7077,54.9787],[-132.7165,54.9749],[-132.7185,54.9869]]],[[[-75.9723,36.5699],[-75.969,36.5659],[-75.977,36.5569],[-75.9723,36.5699]]],[[[-125.8747,50.4033],[-125.8543,50.3909],[-125.8691,50.3917],[-125.8747,50.4033]]],[[[-133.1676,55.5461],[-133.1808,55.5517],[-133.1627,55.5585],[-133.1676,55.5461]]],[[[-55.8036,47.3645],[-55.8104,47.3673],[-55.79,47.3765],[-55.8036,47.3645]]],[[[-94.6247,49.2671],[-94.6143,49.2615],[-94.6222,49.2589],[-94.6247,49.2671]]],[[[-99.9873,52.4553],[-99.9807,52.4631],[-99.9757,52.4579],[-99.9873,52.4553]]],[[[-131.4865,55.4911],[-131.4799,55.4887],[-131.487,55.4801],[-131.4865,55.4911]]],[[[-56.1676,47.6493],[-56.1787,47.6555],[-56.1549,47.6549],[-56.1676,47.6493]]],[[[-100.2008,53.3961],[-100.1843,53.3961],[-100.1963,53.3863],[-100.2008,53.3961]]],[[[-122.6993,48.4689],[-122.6938,48.4595],[-122.7003,48.4579],[-122.6993,48.4689]]],[[[-97.6731,54.7127],[-97.6505,54.7175],[-97.6548,54.7087],[-97.6731,54.7127]]],[[[-123.7729,49.1221],[-123.8062,49.1337],[-123.7839,49.1317],[-123.7729,49.1221]]],[[[-134.0404,56.9065],[-134.0246,56.8959],[-134.0326,56.8961],[-134.0404,56.9065]]],[[[-147.4206,59.8757],[-147.3973,59.8727],[-147.4231,59.8663],[-147.4206,59.8757]]],[[[-94.4546,49.0355],[-94.471,49.0445],[-94.4649,49.0483],[-94.4546,49.0355]]],[[[-77.5176,43.9085],[-77.5196,43.9099],[-77.5063,43.9179],[-77.5176,43.9085]]],[[[-127.8111,50.9129],[-127.7995,50.9235],[-127.7934,50.9133],[-127.8111,50.9129]]],[[[-153.9267,57.6943],[-153.9345,57.7039],[-153.914,57.7017],[-153.9267,57.6943]]],[[[-116.941,61.1261],[-116.94,61.1219],[-116.9435,61.1187],[-116.941,61.1261]]],[[[-73.5338,40.6343],[-73.5178,40.6297],[-73.5262,40.6215],[-73.5338,40.6343]]],[[[-130.3694,54.7263],[-130.354,54.7333],[-130.3573,54.7253],[-130.3694,54.7263]]],[[[-97.0344,54.8783],[-97.0178,54.8787],[-97.0399,54.8713],[-97.0642,54.8727],[-97.0344,54.8783]]],[[[-94.3645,49.2605],[-94.3644,49.2651],[-94.3479,49.2693],[-94.3645,49.2605]]],[[[-62.6597,44.7645],[-62.6577,44.7597],[-62.6697,44.7531],[-62.6597,44.7645]]],[[[-54.1292,47.5173],[-54.1244,47.5293],[-54.12,47.5209],[-54.1292,47.5173]]],[[[-123.2268,48.4273],[-123.2231,48.4229],[-123.2391,48.4193],[-123.2268,48.4273]]],[[[-80.5691,45.6219],[-80.5525,45.6249],[-80.5536,45.6183],[-80.5691,45.6219]]],[[[-82.6809,42.5545],[-82.6823,42.5587],[-82.6711,42.5693],[-82.6809,42.5545]]],[[[-75.7773,37.3337],[-75.7913,37.3203],[-75.7935,37.3235],[-75.7773,37.3337]]],[[[-149.6435,59.6029],[-149.6487,59.6143],[-149.6328,59.6153],[-149.6435,59.6029]]],[[[-148.1643,60.6155],[-148.1695,60.6233],[-148.1516,60.6299],[-148.1643,60.6155]]],[[[-73.5039,40.6201],[-73.478,40.6277],[-73.4775,40.6265],[-73.5039,40.6201]]],[[[-136.0456,58.2093],[-136.0497,58.2129],[-136.0204,58.2065],[-136.0456,58.2093]]],[[[-132.4077,54.9007],[-132.3994,54.8879],[-132.4085,54.8831],[-132.4077,54.9007]]],[[[-61.6155,45.9863],[-61.6139,45.9973],[-61.6097,45.9977],[-61.6155,45.9863]]],[[[-132.3379,56.6063],[-132.3164,56.6245],[-132.3261,56.6109],[-132.3379,56.6063]]],[[[-127.1026,50.7733],[-127.086,50.7665],[-127.1067,50.7639],[-127.1026,50.7733]]],[[[-132.5299,56.0523],[-132.5472,56.0605],[-132.5301,56.0669],[-132.5299,56.0523]]],[[[-123.6677,46.2149],[-123.6515,46.2119],[-123.6689,46.2055],[-123.6677,46.2149]]],[[[-86.9557,45.3019],[-86.9609,45.3083],[-86.9535,45.3113],[-86.9557,45.3019]]],[[[-54.9217,47.2625],[-54.9253,47.2731],[-54.9182,47.2765],[-54.9217,47.2625]]],[[[-61.0688,45.5073],[-61.0456,45.4975],[-61.0595,45.4951],[-61.0688,45.5073]]],[[[-130.4424,53.4781],[-130.4275,53.4833],[-130.4274,53.4743],[-130.4424,53.4781]]],[[[-128.2497,51.9315],[-128.2464,51.9429],[-128.24,51.9405],[-128.2497,51.9315]]],[[[-88.3729,48.2209],[-88.362,48.2293],[-88.3409,48.2327],[-88.3729,48.2209]]],[[[-123.3799,48.6803],[-123.3828,48.6919],[-123.3637,48.6859],[-123.3799,48.6803]]],[[[-134.1328,57.9003],[-134.1489,57.9249],[-134.1342,57.9187],[-134.1328,57.9003]]],[[[-129.5384,55.0295],[-129.5048,55.0343],[-129.525,55.0291],[-129.5384,55.0295]]],[[[-125.3363,48.8901],[-125.3498,48.9023],[-125.3341,48.9007],[-125.3363,48.8901]]],[[[-161.6567,55.5061],[-161.6603,55.5087],[-161.6482,55.5215],[-161.6567,55.5061]]],[[[-156.6787,56.0847],[-156.6897,56.0929],[-156.6725,56.0959],[-156.6787,56.0847]]],[[[-70.0253,41.8945],[-70.0297,41.8985],[-70.0187,41.9021],[-70.0253,41.8945]]],[[[-66.7221,44.6581],[-66.7204,44.6555],[-66.7337,44.6405],[-66.7221,44.6581]]],[[[-68.7661,44.2385],[-68.7734,44.2457],[-68.7667,44.2499],[-68.7661,44.2385]]],[[[-73.5461,40.6113],[-73.5407,40.6069],[-73.5578,40.6137],[-73.5461,40.6113]]],[[[-97.6271,54.4981],[-97.6006,54.4913],[-97.6245,54.4891],[-97.6271,54.4981]]],[[[-128.361,52.3135],[-128.3509,52.3111],[-128.3597,52.3041],[-128.361,52.3135]]],[[[-80.2735,42.5855],[-80.282,42.6051],[-80.2726,42.5983],[-80.2735,42.5855]]],[[[-113.0462,41.2185],[-113.0453,41.2213],[-113.0272,41.2185],[-113.0462,41.2185]]],[[[-100.1921,53.9519],[-100.1697,53.9667],[-100.1684,53.9651],[-100.1921,53.9519]]],[[[-98.136,54.3513],[-98.1465,54.3539],[-98.1209,54.3563],[-98.136,54.3513]]],[[[-64.083,45.3873],[-64.0781,45.3833],[-64.0952,45.3771],[-64.083,45.3873]]],[[[-132.9587,56.1969],[-132.9459,56.1901],[-132.9677,56.1909],[-132.9587,56.1969]]],[[[-99.9506,52.8573],[-99.9298,52.8531],[-99.9428,52.8467],[-99.9506,52.8573]]],[[[-88.4898,48.4189],[-88.4723,48.4385],[-88.4746,48.4265],[-88.4898,48.4189]]],[[[-73.036,46.1147],[-73.0411,46.1153],[-73.0049,46.1249],[-73.036,46.1147]]],[[[-132.1776,55.3991],[-132.1765,55.3955],[-132.201,55.3919],[-132.1776,55.3991]]],[[[-83.7134,46.2643],[-83.7195,46.2779],[-83.6991,46.2681],[-83.7134,46.2643]]],[[[-131.9237,56.2315],[-131.9058,56.2155],[-131.9123,56.2131],[-131.9237,56.2315]]],[[[-80.81,45.9187],[-80.7937,45.9291],[-80.7969,45.9199],[-80.81,45.9187]]],[[[-75.5766,39.5883],[-75.5638,39.5751],[-75.5756,39.5775],[-75.5766,39.5883]]],[[[-126.8747,50.5829],[-126.8598,50.5713],[-126.8801,50.5753],[-126.8747,50.5829]]],[[[-70.191,42.0207],[-70.2033,42.0237],[-70.1762,42.0337],[-70.191,42.0207]]],[[[-129.4879,54.2341],[-129.5115,54.2391],[-129.4969,54.2439],[-129.4879,54.2341]]],[[[-80.5478,32.3553],[-80.5528,32.3597],[-80.5359,32.3661],[-80.5478,32.3553]]],[[[-139.2495,59.3849],[-139.2406,59.3871],[-139.2502,59.3741],[-139.2495,59.3849]]],[[[-100.1104,52.2521],[-100.0937,52.2579],[-100.0941,52.2487],[-100.1104,52.2521]]],[[[-134.0078,56.9303],[-133.9839,56.9137],[-133.992,56.9147],[-134.0078,56.9303]]],[[[-73.6354,40.6023],[-73.6169,40.6189],[-73.6222,40.6089],[-73.6354,40.6023]]],[[[-97.014,51.7181],[-97.002,51.7333],[-96.9994,51.7299],[-97.014,51.7181]]],[[[-159.5028,55.6711],[-159.4973,55.6559],[-159.5097,55.6581],[-159.5028,55.6711]]],[[[-61.0663,45.2303],[-61.0743,45.2381],[-61.0548,45.2387],[-61.0663,45.2303]]],[[[-73.7879,40.8507],[-73.788,40.8367],[-73.7914,40.8369],[-73.7879,40.8507]]],[[[-68.8601,44.0367],[-68.8579,44.0333],[-68.87,44.0295],[-68.8601,44.0367]]],[[[-99.4442,53.3069],[-99.4471,53.3085],[-99.4358,53.3235],[-99.4442,53.3069]]],[[[-134.5578,57.4683],[-134.5534,57.4647],[-134.5813,57.4643],[-134.5578,57.4683]]],[[[-133.3756,55.8777],[-133.3866,55.8815],[-133.3727,55.8879],[-133.3756,55.8777]]],[[[-126.6216,50.7525],[-126.6302,50.7529],[-126.6248,50.7631],[-126.6216,50.7525]]],[[[-81.2965,44.7343],[-81.2932,44.7341],[-81.3016,44.7181],[-81.2965,44.7343]]],[[[-80.4563,45.5443],[-80.4399,45.5467],[-80.4396,45.5413],[-80.4563,45.5443]]],[[[-73.404,40.6403],[-73.4015,40.6359],[-73.4153,40.6245],[-73.404,40.6403]]],[[[-130.1426,53.5561],[-130.1509,53.5597],[-130.1189,53.5593],[-130.1426,53.5561]]],[[[-132.3103,54.8437],[-132.3095,54.8389],[-132.328,54.8419],[-132.3103,54.8437]]],[[[-87.4977,48.8235],[-87.4795,48.8179],[-87.5033,48.8161],[-87.4977,48.8235]]],[[[-94.1584,49.4067],[-94.1721,49.4139],[-94.1526,49.4165],[-94.1584,49.4067]]],[[[-83.1955,41.9925],[-83.1742,42.0103],[-83.1769,42.0017],[-83.1955,41.9925]]],[[[-132.0954,56.0397],[-132.0913,56.0481],[-132.0854,56.0325],[-132.0954,56.0397]]],[[[-73.9253,40.7923],[-73.9225,40.7901],[-73.9341,40.7827],[-73.9253,40.7923]]],[[[-161.0906,56.0105],[-161.0749,56.0045],[-161.092,56.0065],[-161.0906,56.0105]]],[[[-133.4726,55.9127],[-133.4687,55.9023],[-133.4859,55.9075],[-133.4726,55.9127]]],[[[-85.5807,44.8613],[-85.565,44.8699],[-85.5659,44.8633],[-85.5807,44.8613]]],[[[-89.2968,48.1403],[-89.2671,48.1481],[-89.2692,48.1457],[-89.2968,48.1403]]],[[[-94.1664,49.3825],[-94.1473,49.3717],[-94.1667,49.3733],[-94.1664,49.3825]]],[[[-94.4955,49.0609],[-94.4959,49.0671],[-94.4793,49.0649],[-94.4955,49.0609]]],[[[-94.2044,49.1389],[-94.2206,49.1417],[-94.2062,49.1473],[-94.2044,49.1389]]],[[[-94.3777,49.1891],[-94.3689,49.1827],[-94.3853,49.1819],[-94.3777,49.1891]]],[[[-88.4882,50.0703],[-88.502,50.0663],[-88.4965,50.0827],[-88.4882,50.0703]]],[[[-100.2101,53.9485],[-100.1974,53.9625],[-100.1943,53.9599],[-100.2101,53.9485]]],[[[-127.5226,51.0527],[-127.5146,51.0677],[-127.5116,51.0641],[-127.5226,51.0527]]],[[[-68.8327,44.0865],[-68.8374,44.0891],[-68.8196,44.0977],[-68.8327,44.0865]]],[[[-82.9278,45.7649],[-82.9191,45.7589],[-82.9262,45.7493],[-82.9278,45.7649]]],[[[-94.6244,49.4705],[-94.5988,49.4769],[-94.6141,49.4685],[-94.6244,49.4705]]],[[[-94.0709,49.2991],[-94.0707,49.3105],[-94.0614,49.3057],[-94.0709,49.2991]]],[[[-79.3814,33.0261],[-79.3727,33.0387],[-79.3703,33.0285],[-79.3814,33.0261]]],[[[-147.7298,60.7827],[-147.7483,60.7887],[-147.727,60.7949],[-147.7298,60.7827]]],[[[-128.4793,52.3325],[-128.4662,52.3461],[-128.4612,52.3417],[-128.4793,52.3325]]],[[[-129.4844,55.0557],[-129.4759,55.0525],[-129.4858,55.0385],[-129.4844,55.0557]]],[[[-94.3626,49.4947],[-94.3435,49.4919],[-94.351,49.4881],[-94.3626,49.4947]]],[[[-96.334,51.2095],[-96.3375,51.2045],[-96.3479,51.2211],[-96.334,51.2095]]],[[[-123.2687,49.4303],[-123.2636,49.4183],[-123.2741,49.4189],[-123.2687,49.4303]]],[[[-94.5836,49.5375],[-94.5768,49.5279],[-94.6013,49.5267],[-94.5836,49.5375]]],[[[-77.8133,34.2015],[-77.8117,34.1993],[-77.8212,34.1879],[-77.8133,34.2015]]],[[[-70.4809,41.4017],[-70.4875,41.4103],[-70.4789,41.4183],[-70.4809,41.4017]]],[[[-126.6397,50.5939],[-126.6331,50.5901],[-126.6618,50.5923],[-126.6397,50.5939]]],[[[-100.0633,52.6235],[-100.049,52.6387],[-100.0475,52.6363],[-100.0633,52.6235]]],[[[-54.1252,47.4637],[-54.1384,47.4605],[-54.135,47.4735],[-54.1252,47.4637]]],[[[-113.026,41.2385],[-113.0324,41.2449],[-113.0135,41.2437],[-113.026,41.2385]]],[[[-68.4933,44.2035],[-68.498,44.2083],[-68.4807,44.2079],[-68.4933,44.2035]]],[[[-100.367,53.3159],[-100.3795,53.3235],[-100.361,53.3245],[-100.367,53.3159]]],[[[-156.7384,56.0667],[-156.7408,56.0717],[-156.7306,56.0813],[-156.7384,56.0667]]],[[[-88.3858,48.4759],[-88.3886,48.4795],[-88.378,48.4931],[-88.3858,48.4759]]],[[[-99.8359,51.6343],[-99.8194,51.6487],[-99.8213,51.6393],[-99.8359,51.6343]]],[[[-76.3344,44.0445],[-76.3258,44.0387],[-76.3277,44.0335],[-76.3344,44.0445]]],[[[-73.5946,40.6107],[-73.599,40.6177],[-73.5806,40.6127],[-73.5946,40.6107]]],[[[-94.3999,49.1953],[-94.3968,49.1819],[-94.4112,49.1851],[-94.3999,49.1953]]],[[[-136.3982,58.1751],[-136.3767,58.1567],[-136.3897,58.1593],[-136.3982,58.1751]]],[[[-73.4262,40.6319],[-73.4245,40.6253],[-73.434,40.6223],[-73.4262,40.6319]]],[[[-82.2657,46.0011],[-82.282,46.0067],[-82.2636,46.0103],[-82.2657,46.0011]]],[[[-70.6383,47.0321],[-70.6187,47.0483],[-70.6139,47.0459],[-70.6383,47.0321]]],[[[-99.6953,52.4875],[-99.6957,52.4989],[-99.6845,52.5101],[-99.6953,52.4875]]],[[[-81.5735,45.3097],[-81.5578,45.3161],[-81.5567,45.3135],[-81.5735,45.3097]]],[[[-134.1094,55.9641],[-134.1083,55.9765],[-134.0951,55.9737],[-134.1094,55.9641]]],[[[-132.5559,56.6697],[-132.5309,56.6731],[-132.5418,56.6671],[-132.5559,56.6697]]],[[[-75.8526,37.3281],[-75.8413,37.3375],[-75.8485,37.3209],[-75.8526,37.3281]]],[[[-88.3938,49.9511],[-88.3781,49.9513],[-88.381,49.9461],[-88.3938,49.9511]]],[[[-97.73,55.0455],[-97.7199,55.0435],[-97.7412,55.0443],[-97.73,55.0455]]],[[[-134.0064,57.2843],[-134.0093,57.2875],[-133.9825,57.2855],[-134.0064,57.2843]]],[[[-145.9948,60.4659],[-146.0235,60.4609],[-146.0106,60.4633],[-145.9948,60.4659]]],[[[-125.7354,49.1349],[-125.7356,49.1257],[-125.7464,49.1269],[-125.7354,49.1349]]],[[[-63.7852,46.5271],[-63.7788,46.5159],[-63.7909,46.5189],[-63.7852,46.5271]]],[[[-79.0002,43.0561],[-79.0014,43.0467],[-79.0048,43.0471],[-79.0002,43.0561]]],[[[-133.5123,56.1637],[-133.5085,56.1493],[-133.5143,56.1495],[-133.5123,56.1637]]],[[[-97.888,52.0821],[-97.8904,52.0937],[-97.8814,52.0967],[-97.888,52.0821]]],[[[-94.5924,49.5877],[-94.5827,49.5849],[-94.5877,49.5799],[-94.5924,49.5877]]],[[[-88.6735,49.4907],[-88.6745,49.4763],[-88.6794,49.4771],[-88.6735,49.4907]]],[[[-55.909,47.5141],[-55.8843,47.5217],[-55.8891,47.5171],[-55.909,47.5141]]],[[[-126.0656,49.1755],[-126.0656,49.1871],[-126.054,49.1843],[-126.0656,49.1755]]],[[[-63.7539,44.4587],[-63.7409,44.4611],[-63.7396,44.4549],[-63.7539,44.4587]]],[[[-61.2761,46.3679],[-61.2645,46.3719],[-61.2635,46.3691],[-61.2761,46.3679]]],[[[-99.5843,53.0999],[-99.5685,53.1125],[-99.565,53.1037],[-99.5843,53.0999]]],[[[-64.2871,44.4633],[-64.2915,44.4761],[-64.2818,44.4769],[-64.2871,44.4633]]],[[[-147.865,60.7917],[-147.8427,60.7937],[-147.844,60.7873],[-147.865,60.7917]]],[[[-127.6632,51.2759],[-127.637,51.2839],[-127.6484,51.2763],[-127.6632,51.2759]]],[[[-94.0714,49.3511],[-94.063,49.3411],[-94.0663,49.3369],[-94.0714,49.3511]]],[[[-133.0509,56.2133],[-133.0403,56.2043],[-133.052,56.1973],[-133.0509,56.2133]]],[[[-55.4009,47.5687],[-55.403,47.5713],[-55.3812,47.5793],[-55.4009,47.5687]]],[[[-76.0772,35.0607],[-76.0655,35.0699],[-76.0626,35.0653],[-76.0772,35.0607]]],[[[-149.3846,59.8897],[-149.3739,59.8799],[-149.3929,59.8813],[-149.3846,59.8897]]],[[[-75.1348,44.9113],[-75.1374,44.9145],[-75.1231,44.9231],[-75.1348,44.9113]]],[[[-83.716,46.2471],[-83.7091,46.2427],[-83.7126,46.2349],[-83.716,46.2471]]],[[[-87.8662,48.7421],[-87.8816,48.7487],[-87.8579,48.7461],[-87.8662,48.7421]]],[[[-73.2299,45.9167],[-73.2215,45.9273],[-73.219,45.9247],[-73.2299,45.9167]]],[[[-67.0525,45.0553],[-67.0684,45.0651],[-67.0548,45.0667],[-67.0525,45.0553]]],[[[-96.6311,51.2165],[-96.644,51.2245],[-96.6336,51.2269],[-96.6311,51.2165]]],[[[-126.6786,50.6489],[-126.674,50.6409],[-126.6819,50.6377],[-126.6786,50.6489]]],[[[-99.5887,53.2575],[-99.601,53.2643],[-99.5871,53.2721],[-99.5887,53.2575]]],[[[-97.0499,54.8781],[-97.0558,54.8815],[-97.0396,54.8883],[-97.0499,54.8781]]],[[[-69.6186,43.7633],[-69.6115,43.7803],[-69.6102,43.7779],[-69.6186,43.7633]]],[[[-132.0925,54.6863],[-132.1161,54.6817],[-132.1126,54.6851],[-132.0925,54.6863]]],[[[-95.0415,49.5669],[-95.0292,49.5719],[-95.0307,49.5631],[-95.0415,49.5669]]],[[[-128.5105,52.6271],[-128.5091,52.6165],[-128.5189,52.6193],[-128.5105,52.6271]]],[[[-123.6128,48.9957],[-123.614,48.9893],[-123.6334,49.0021],[-123.6128,48.9957]]],[[[-64.8642,46.7653],[-64.8626,46.7687],[-64.8451,46.7529],[-64.8642,46.7653]]],[[[-156.7248,56.9919],[-156.7101,56.9935],[-156.7316,56.9793],[-156.7248,56.9919]]],[[[-70.7004,41.5077],[-70.7094,41.5121],[-70.6894,41.5143],[-70.7004,41.5077]]],[[[-75.9517,36.6781],[-75.9509,36.6765],[-75.9603,36.6601],[-75.9517,36.6781]]],[[[-152.227,58.8923],[-152.2024,58.9015],[-152.2032,58.8965],[-152.227,58.8923]]],[[[-129.0116,52.4703],[-129.0154,52.4763],[-128.9986,52.4823],[-129.0116,52.4703]]],[[[-123.7112,49.0785],[-123.7105,49.0829],[-123.6955,49.0757],[-123.7112,49.0785]]],[[[-128.4797,51.9141],[-128.4682,51.9205],[-128.467,51.9109],[-128.4797,51.9141]]],[[[-82.25,46.0849],[-82.2437,46.0777],[-82.25,46.0743],[-82.25,46.0849]]],[[[-94.851,49.3789],[-94.8324,49.3841],[-94.8333,49.3823],[-94.851,49.3789]]],[[[-133.4483,57.7005],[-133.4568,57.7093],[-133.4425,57.7073],[-133.4483,57.7005]]],[[[-125.0395,50.2661],[-125.024,50.2539],[-125.0357,50.2539],[-125.0395,50.2661]]],[[[-144.243,60.1463],[-144.2235,60.1423],[-144.2555,60.1399],[-144.243,60.1463]]],[[[-65.4528,43.5183],[-65.4461,43.5301],[-65.4423,43.5245],[-65.4528,43.5183]]],[[[-80.1354,45.1613],[-80.1357,45.1697],[-80.1285,45.1673],[-80.1354,45.1613]]],[[[-129.7718,55.4419],[-129.7635,55.4585],[-129.76,55.4499],[-129.7718,55.4419]]],[[[-100.1166,53.4877],[-100.1145,53.5013],[-100.1056,53.5049],[-100.1166,53.4877]]],[[[-135.8985,58.5417],[-135.9027,58.5427],[-135.881,58.5593],[-135.8985,58.5417]]],[[[-64.0526,46.7795],[-64.0583,46.7909],[-64.0479,46.7925],[-64.0526,46.7795]]],[[[-154.0098,58.4585],[-153.9875,58.4573],[-154.0154,58.4505],[-154.0098,58.4585]]],[[[-135.8535,57.2815],[-135.8814,57.2817],[-135.8536,57.2875],[-135.8535,57.2815]]],[[[-152.049,58.8909],[-152.0265,58.8875],[-152.0365,58.8835],[-152.049,58.8909]]],[[[-94.7016,49.4289],[-94.7035,49.4201],[-94.7081,49.4205],[-94.7016,49.4289]]],[[[-99.7469,52.4209],[-99.7286,52.4435],[-99.7274,52.4411],[-99.7469,52.4209]]],[[[-75.8456,36.3031],[-75.8308,36.2969],[-75.8426,36.2933],[-75.8456,36.3031]]],[[[-94.8181,49.4483],[-94.8182,49.4507],[-94.7961,49.4553],[-94.8181,49.4483]]],[[[-56.2168,47.4925],[-56.211,47.5013],[-56.2082,47.5013],[-56.2168,47.4925]]],[[[-72.9657,46.1073],[-72.949,46.1179],[-72.9479,46.1165],[-72.9657,46.1073]]],[[[-62.7983,44.7443],[-62.7936,44.7359],[-62.8077,44.7341],[-62.7983,44.7443]]],[[[-127.5467,50.8325],[-127.5525,50.8363],[-127.5208,50.8359],[-127.5467,50.8325]]],[[[-130.6877,54.4191],[-130.6802,54.4107],[-130.6925,54.4093],[-130.6877,54.4191]]],[[[-132.852,55.0525],[-132.8662,55.0595],[-132.8589,55.0655],[-132.852,55.0525]]],[[[-123.4684,49.3619],[-123.4601,49.3699],[-123.4569,49.3617],[-123.4684,49.3619]]],[[[-148.1675,59.9677],[-148.1722,59.9707],[-148.1544,59.9791],[-148.1675,59.9677]]],[[[-66.7683,44.5839],[-66.7625,44.5905],[-66.7602,44.5773],[-66.7683,44.5839]]],[[[-86.7406,46.4987],[-86.7448,46.5077],[-86.7353,46.5067],[-86.7406,46.4987]]],[[[-79.4023,33.0815],[-79.398,33.0659],[-79.4043,33.0661],[-79.4023,33.0815]]],[[[-124.9425,50.0433],[-124.9262,50.0391],[-124.9319,50.0357],[-124.9425,50.0433]]],[[[-97.9663,52.9593],[-97.9707,52.9657],[-97.9526,52.9637],[-97.9663,52.9593]]],[[[-54.9483,47.2815],[-54.9359,47.2751],[-54.9473,47.2721],[-54.9483,47.2815]]],[[[-80.1154,45.1763],[-80.123,45.1687],[-80.1239,45.1835],[-80.1154,45.1763]]],[[[-159.0743,55.8553],[-159.0796,55.8611],[-159.0558,55.8585],[-159.0743,55.8553]]],[[[-88.3483,49.5899],[-88.3485,49.6011],[-88.3365,49.5977],[-88.3483,49.5899]]],[[[-83.8579,46.0761],[-83.8456,46.0705],[-83.8512,46.0639],[-83.8579,46.0761]]],[[[-119.3976,34.0067],[-119.4048,34.0093],[-119.3822,34.0129],[-119.3976,34.0067]]],[[[-125.3453,49.0021],[-125.3296,48.9927],[-125.3343,48.9895],[-125.3453,49.0021]]],[[[-100.9153,52.9545],[-100.8949,52.9605],[-100.8971,52.9579],[-100.9153,52.9545]]],[[[-113.0235,41.7261],[-113.0247,41.7323],[-113.0132,41.7339],[-113.0235,41.7261]]],[[[-125.217,48.9421],[-125.2264,48.9413],[-125.211,48.9545],[-125.217,48.9421]]],[[[-113.0145,41.2277],[-113.0226,41.2325],[-113.0094,41.2355],[-113.0145,41.2277]]],[[[-94.3672,49.1747],[-94.3578,49.1689],[-94.3664,49.1661],[-94.3672,49.1747]]],[[[-94.7408,49.4567],[-94.7427,49.4597],[-94.7231,49.4615],[-94.7408,49.4567]]],[[[-68.6783,44.1471],[-68.6745,44.1393],[-68.6773,44.1345],[-68.6783,44.1471]]],[[[-90.7974,46.9673],[-90.7769,46.9759],[-90.7824,46.9679],[-90.7974,46.9673]]],[[[-81.69,45.9151],[-81.6974,45.9183],[-81.6809,45.9245],[-81.69,45.9151]]],[[[-76.1452,34.9919],[-76.1317,34.9971],[-76.1433,34.9875],[-76.1452,34.9919]]],[[[-145.0165,60.4225],[-144.9837,60.4335],[-144.997,60.4269],[-145.0165,60.4225]]],[[[-122.6093,48.6167],[-122.597,48.6091],[-122.599,48.6055],[-122.6093,48.6167]]],[[[-80.1397,45.2101],[-80.1256,45.2077],[-80.1285,45.2051],[-80.1397,45.2101]]],[[[-88.5776,48.3921],[-88.5826,48.3937],[-88.5646,48.4051],[-88.5776,48.3921]]],[[[-112.5606,40.9907],[-112.5581,40.9875],[-112.5733,40.9827],[-112.5606,40.9907]]],[[[-75.6614,37.6025],[-75.6563,37.6155],[-75.6531,37.6155],[-75.6614,37.6025]]],[[[-146.7118,60.8475],[-146.7215,60.8563],[-146.7132,60.8577],[-146.7118,60.8475]]],[[[-80.2522,45.3337],[-80.2575,45.3445],[-80.2447,45.3423],[-80.2522,45.3337]]],[[[-65.7188,43.4679],[-65.7254,43.4763],[-65.7133,43.4781],[-65.7188,43.4679]]],[[[-128.251,51.8037],[-128.2333,51.8013],[-128.2423,51.7929],[-128.251,51.8037]]],[[[-99.7785,51.9663],[-99.7747,51.9583],[-99.79,51.9579],[-99.7785,51.9663]]],[[[-69.3698,43.9357],[-69.3574,43.9385],[-69.3589,43.9331],[-69.3698,43.9357]]],[[[-127.2734,50.9081],[-127.2701,50.9009],[-127.2716,50.8977],[-127.2734,50.9081]]],[[[-137.5707,58.6343],[-137.5818,58.6451],[-137.5685,58.6449],[-137.5707,58.6343]]],[[[-136.3648,58.2311],[-136.3636,58.2401],[-136.3496,58.2343],[-136.3648,58.2311]]],[[[-130.2845,54.1925],[-130.2879,54.2061],[-130.2735,54.1943],[-130.2845,54.1925]]],[[[-70.4172,41.6129],[-70.4128,41.6097],[-70.4392,41.6089],[-70.4172,41.6129]]],[[[-81.7658,45.9969],[-81.7724,46.0039],[-81.7568,46.0029],[-81.7658,45.9969]]],[[[-156.9999,58.9439],[-157.0115,58.9471],[-156.9939,58.9541],[-156.9999,58.9439]]],[[[-125.2024,48.9563],[-125.1917,48.9697],[-125.1902,48.9627],[-125.2024,48.9563]]],[[[-73.0801,46.0891],[-73.0678,46.0925],[-73.0776,46.0821],[-73.0801,46.0891]]],[[[-127.8026,51.2677],[-127.7978,51.2627],[-127.8009,51.2551],[-127.8026,51.2677]]],[[[-75.9293,44.3887],[-75.9121,44.3979],[-75.9193,44.3891],[-75.9293,44.3887]]],[[[-122.5919,48.6501],[-122.5853,48.6611],[-122.5765,48.6485],[-122.5919,48.6501]]],[[[-122.9685,48.7883],[-122.9416,48.7829],[-122.9464,48.7797],[-122.9685,48.7883]]],[[[-97.6849,54.1155],[-97.7008,54.1155],[-97.6783,54.1285],[-97.6849,54.1155]]],[[[-98.0,54.5701],[-97.9852,54.5705],[-98.0,54.5663],[-98.0,54.5701]]],[[[-61.1109,45.5179],[-61.0953,45.5121],[-61.1066,45.5093],[-61.1109,45.5179]]],[[[-81.7672,46.0913],[-81.7547,46.0847],[-81.7708,46.0851],[-81.7672,46.0913]]],[[[-73.5724,40.6075],[-73.5721,40.6111],[-73.5559,40.6079],[-73.5724,40.6075]]],[[[-159.4941,55.2841],[-159.475,55.2817],[-159.4886,55.2767],[-159.4941,55.2841]]],[[[-98.3011,54.9279],[-98.2972,54.9207],[-98.3159,54.9147],[-98.3011,54.9279]]],[[[-98.3073,54.2211],[-98.2935,54.2245],[-98.2916,54.2219],[-98.3073,54.2211]]],[[[-125.3518,48.9803],[-125.353,48.9827],[-125.3502,48.9891],[-125.3518,48.9803]]],[[[-88.949,49.8547],[-88.9557,49.8609],[-88.9453,49.8659],[-88.949,49.8547]]],[[[-134.6538,58.3289],[-134.6583,58.3323],[-134.6451,58.3411],[-134.6538,58.3289]]],[[[-128.3206,52.0379],[-128.3136,52.0385],[-128.3118,52.0267],[-128.3206,52.0379]]],[[[-127.4186,50.0049],[-127.4127,49.9947],[-127.4251,49.9947],[-127.4186,50.0049]]],[[[-154.2168,58.3091],[-154.2177,58.3163],[-154.2033,58.3209],[-154.2168,58.3091]]],[[[-145.1704,60.3103],[-145.1704,60.3241],[-145.159,60.3233],[-145.1704,60.3103]]],[[[-69.0686,43.9913],[-69.0655,43.9897],[-69.0769,43.9735],[-69.0829,43.9747],[-69.0686,43.9913]]],[[[-82.6615,42.5745],[-82.6451,42.5875],[-82.6496,42.5787],[-82.6615,42.5745]]],[[[-133.065,56.5445],[-133.0525,56.5341],[-133.0674,56.5355],[-133.065,56.5445]]],[[[-161.0022,56.0205],[-160.9851,56.0197],[-161.0083,56.0157],[-161.0022,56.0205]]],[[[-81.5797,46.0497],[-81.566,46.0527],[-81.5667,46.0459],[-81.5797,46.0497]]],[[[-133.7041,56.3919],[-133.7093,56.3949],[-133.6819,56.3913],[-133.7041,56.3919]]],[[[-133.3827,55.9895],[-133.3803,55.9935],[-133.3675,55.9913],[-133.3827,55.9895]]],[[[-98.7728,51.1147],[-98.7696,51.1065],[-98.7806,51.1045],[-98.7728,51.1147]]],[[[-94.84,49.3369],[-94.8254,49.3319],[-94.8478,49.3275],[-94.84,49.3369]]],[[[-73.5855,40.6089],[-73.5758,40.6049],[-73.588,40.5993],[-73.5855,40.6089]]],[[[-66.9768,44.9239],[-66.9721,44.9377],[-66.967,44.9283],[-66.9768,44.9239]]],[[[-99.9372,54.1383],[-99.9311,54.1313],[-99.9345,54.1295],[-99.9372,54.1383]]],[[[-81.7004,45.2625],[-81.684,45.2589],[-81.69,45.2557],[-81.7004,45.2625]]],[[[-99.4427,53.2223],[-99.4289,53.2145],[-99.4408,53.2115],[-99.4427,53.2223]]],[[[-132.8761,56.1373],[-132.8728,56.1311],[-132.8833,56.1303],[-132.8761,56.1373]]],[[[-94.5389,49.4729],[-94.5426,49.4753],[-94.5385,49.4789],[-94.5389,49.4729]]],[[[-73.5805,40.6191],[-73.5702,40.6297],[-73.5656,40.6207],[-73.5805,40.6191]]],[[[-70.9383,42.3025],[-70.9336,42.2995],[-70.9428,42.2883],[-70.9383,42.3025]]],[[[-123.9868,49.7837],[-123.9905,49.7915],[-123.9734,49.7847],[-123.9868,49.7837]]],[[[-148.0139,60.0511],[-147.9898,60.0493],[-148.0017,60.0443],[-148.0139,60.0511]]],[[[-69.3169,43.7583],[-69.312,43.7697],[-69.3034,43.7665],[-69.3169,43.7583]]],[[[-86.6667,45.5285],[-86.655,45.5217],[-86.6598,45.5173],[-86.6667,45.5285]]],[[[-134.0323,57.7865],[-134.0277,57.7727],[-134.0363,57.7719],[-134.0323,57.7865]]],[[[-63.5033,44.6079],[-63.4912,44.5997],[-63.5044,44.5991],[-63.5033,44.6079]]],[[[-125.2298,50.0685],[-125.243,50.0763],[-125.2401,50.0809],[-125.2298,50.0685]]],[[[-79.8011,44.8417],[-79.8004,44.8461],[-79.7865,44.8429],[-79.8011,44.8417]]],[[[-135.4032,57.5939],[-135.3871,57.5883],[-135.3908,57.5857],[-135.4032,57.5939]]],[[[-61.2237,45.5871],[-61.226,45.5895],[-61.1975,45.5915],[-61.2237,45.5871]]],[[[-65.8907,43.7289],[-65.8825,43.7343],[-65.8797,43.7281],[-65.8907,43.7289]]],[[[-145.0082,60.4365],[-145.0122,60.4371],[-144.9787,60.4421],[-145.0082,60.4365]]],[[[-112.5854,41.0685],[-112.5931,41.0721],[-112.5863,41.0773],[-112.5854,41.0685]]],[[[-86.4347,48.7177],[-86.4307,48.7281],[-86.4212,48.7229],[-86.4347,48.7177]]],[[[-129.1455,52.5409],[-129.1525,52.5527],[-129.1446,52.5527],[-129.1455,52.5409]]],[[[-126.2492,50.6587],[-126.2407,50.6563],[-126.2544,50.6509],[-126.2492,50.6587]]],[[[-147.1363,60.8977],[-147.1444,60.9013],[-147.1274,60.9085],[-147.1363,60.8977]]],[[[-99.9097,52.5735],[-99.9062,52.5777],[-99.8982,52.5785],[-99.9097,52.5735]]],[[[-79.8894,44.9233],[-79.8913,44.9319],[-79.8825,44.9287],[-79.8894,44.9233]]],[[[-127.3039,50.0367],[-127.2798,50.0435],[-127.2846,50.0381],[-127.3039,50.0367]]],[[[-68.6568,44.1115],[-68.6476,44.1035],[-68.6591,44.1029],[-68.6568,44.1115]]],[[[-54.3,47.6807],[-54.289,47.6893],[-54.2893,47.6787],[-54.3,47.6807]]],[[[-85.0535,45.7581],[-85.0702,45.7605],[-85.0569,45.7643],[-85.0535,45.7581]]],[[[-88.2683,49.9631],[-88.2557,49.9673],[-88.2528,49.9633],[-88.2683,49.9631]]],[[[-97.5575,54.3011],[-97.5457,54.2977],[-97.5508,54.2917],[-97.5575,54.3011]]],[[[-129.3446,52.7707],[-129.3557,52.7865],[-129.3468,52.7867],[-129.3446,52.7707]]],[[[-145.894,60.3941],[-145.8717,60.3863],[-145.8943,60.3867],[-145.894,60.3941]]],[[[-52.7824,47.2663],[-52.7807,47.2569],[-52.7893,47.2561],[-52.7824,47.2663]]],[[[-94.714,49.3177],[-94.7212,49.3223],[-94.7092,49.3323],[-94.714,49.3177]]],[[[-73.5246,40.6061],[-73.5276,40.6079],[-73.5132,40.6183],[-73.5246,40.6061]]],[[[-70.2179,43.6421],[-70.2118,43.6481],[-70.2026,43.6451],[-70.2179,43.6421]]],[[[-94.4673,49.7069],[-94.4662,49.6999],[-94.4784,49.7021],[-94.4673,49.7069]]],[[[-123.2847,48.5651],[-123.2851,48.5701],[-123.2734,48.5697],[-123.2847,48.5651]]],[[[-134.8947,58.5563],[-134.9073,58.5687],[-134.8922,58.5641],[-134.8947,58.5563]]],[[[-62.0858,44.9465],[-62.089,44.9567],[-62.0746,44.9519],[-62.0858,44.9465]]],[[[-152.6973,58.4507],[-152.6892,58.4419],[-152.7066,58.4419],[-152.6973,58.4507]]],[[[-57.5154,47.6375],[-57.5111,47.6253],[-57.5201,47.6277],[-57.5154,47.6375]]],[[[-98.812,51.0415],[-98.8146,51.0437],[-98.8064,51.0471],[-98.812,51.0415]]],[[[-62.1774,44.9111],[-62.1587,44.9077],[-62.1727,44.9045],[-62.1774,44.9111]]],[[[-116.5611,61.0441],[-116.5526,61.0423],[-116.566,61.0365],[-116.5611,61.0441]]],[[[-132.5062,54.9333],[-132.4887,54.9465],[-132.4865,54.9427],[-132.5062,54.9333]]],[[[-66.1051,43.7397],[-66.1018,43.7501],[-66.0942,43.7447],[-66.1051,43.7397]]],[[[-80.4363,45.5229],[-80.4386,45.5283],[-80.4257,45.5301],[-80.4363,45.5229]]],[[[-55.6659,47.4067],[-55.6679,47.4103],[-55.6536,47.4149],[-55.6659,47.4067]]],[[[-84.8726,45.8603],[-84.8572,45.8517],[-84.865,45.8495],[-84.8726,45.8603]]],[[[-90.6433,47.0287],[-90.6325,47.0337],[-90.6319,47.0223],[-90.6433,47.0287]]],[[[-126.1003,49.2231],[-126.0995,49.2269],[-126.0793,49.2169],[-126.1003,49.2231]]],[[[-64.3169,44.4437],[-64.3136,44.4557],[-64.3083,44.4477],[-64.3169,44.4437]]],[[[-113.0039,41.4625],[-113.004,41.4665],[-112.9941,41.4683],[-113.0039,41.4625]]],[[[-152.5479,58.6349],[-152.563,58.6415],[-152.5447,58.6463],[-152.5479,58.6349]]],[[[-98.6111,50.7941],[-98.6042,50.8015],[-98.5962,50.7943],[-98.6111,50.7941]]],[[[-70.1076,43.6819],[-70.0971,43.6897],[-70.0963,43.6835],[-70.1076,43.6819]]],[[[-64.6372,44.0417],[-64.6301,44.0483],[-64.628,44.0385],[-64.6372,44.0417]]],[[[-123.4193,48.7013],[-123.4226,48.7057],[-123.4132,48.7097],[-123.4193,48.7013]]],[[[-100.0949,52.2749],[-100.1026,52.2639],[-100.1063,52.2647],[-100.0949,52.2749]]],[[[-145.4331,60.2931],[-145.438,60.3013],[-145.4197,60.2981],[-145.4331,60.2931]]],[[[-98.5586,50.8629],[-98.5575,50.8655],[-98.5445,50.8623],[-98.5586,50.8629]]],[[[-132.5924,55.2731],[-132.6159,55.2757],[-132.5946,55.2793],[-132.5924,55.2731]]],[[[-97.3094,55.0541],[-97.3128,55.0563],[-97.2931,55.0607],[-97.3094,55.0541]]],[[[-144.9461,60.4255],[-144.9338,60.4431],[-144.9333,60.4429],[-144.9461,60.4255]]],[[[-94.3296,49.1287],[-94.3187,49.1261],[-94.3246,49.1193],[-94.3296,49.1287]]],[[[-97.9821,54.6393],[-97.9842,54.6405],[-97.9658,54.6521],[-97.9821,54.6393]]],[[[-88.4331,50.0317],[-88.4421,50.0403],[-88.4291,50.0423],[-88.4331,50.0317]]],[[[-88.3532,48.5447],[-88.3537,48.5477],[-88.337,48.5495],[-88.3532,48.5447]]],[[[-123.9842,46.2621],[-123.9663,46.2563],[-123.9889,46.2579],[-123.9842,46.2621]]],[[[-65.0884,47.2319],[-65.0772,47.2311],[-65.0885,47.2251],[-65.0884,47.2319]]],[[[-135.8918,58.5079],[-135.8792,58.5121],[-135.8817,58.4999],[-135.8918,58.5079]]],[[[-88.363,48.5097],[-88.3523,48.5189],[-88.3515,48.5159],[-88.363,48.5097]]],[[[-75.3437,37.9393],[-75.3277,37.9455],[-75.3288,37.9407],[-75.3437,37.9393]]],[[[-100.3691,52.9991],[-100.377,53.0027],[-100.3669,53.0143],[-100.3691,52.9991]]],[[[-129.0811,52.5131],[-129.0886,52.5055],[-129.0963,52.5145],[-129.0811,52.5131]]],[[[-97.0426,51.8635],[-97.0401,51.8611],[-97.0482,51.8571],[-97.0426,51.8635]]],[[[-147.9453,60.5123],[-147.9408,60.5113],[-147.9506,60.4981],[-147.9453,60.5123]]],[[[-98.1688,54.1873],[-98.1521,54.2003],[-98.1527,54.1947],[-98.1688,54.1873]]],[[[-95.0614,49.5481],[-95.0635,49.5531],[-95.0445,49.5535],[-95.0614,49.5481]]],[[[-124.1869,49.4845],[-124.1863,49.4793],[-124.2038,49.4821],[-124.1869,49.4845]]],[[[-158.7608,56.9043],[-158.7479,56.9045],[-158.7591,56.8997],[-158.7608,56.9043]]],[[[-62.2998,44.9015],[-62.3046,44.9103],[-62.2943,44.9175],[-62.2998,44.9015]]],[[[-133.5367,54.8685],[-133.5235,54.8619],[-133.5251,54.8589],[-133.5367,54.8685]]],[[[-71.01,42.3239],[-71.0035,42.3213],[-71.0089,42.3183],[-71.01,42.3239]]],[[[-116.7141,61.1921],[-116.687,61.1843],[-116.7047,61.1853],[-116.7141,61.1921]]],[[[-79.9755,44.9925],[-79.9827,45.0097],[-79.9723,45.0017],[-79.9755,44.9925]]],[[[-90.5862,47.0593],[-90.5797,47.0713],[-90.577,47.0675],[-90.5862,47.0593]]],[[[-129.4067,52.5257],[-129.4015,52.5265],[-129.4093,52.5133],[-129.4067,52.5257]]],[[[-133.0786,56.0487],[-133.0757,56.0575],[-133.0683,56.0565],[-133.0786,56.0487]]],[[[-82.7389,41.4921],[-82.7287,41.4969],[-82.7267,41.4927],[-82.7389,41.4921]]],[[[-80.1909,32.5517],[-80.1921,32.5585],[-80.1831,32.5539],[-80.1909,32.5517]]],[[[-133.5909,55.5873],[-133.6004,55.5923],[-133.5952,55.5989],[-133.5909,55.5873]]],[[[-97.1672,51.5481],[-97.1585,51.5597],[-97.1568,51.5571],[-97.1672,51.5481]]],[[[-131.5653,55.1621],[-131.5588,55.1555],[-131.5636,55.1515],[-131.5653,55.1621]]],[[[-64.2726,45.1433],[-64.2636,45.1407],[-64.2722,45.1351],[-64.2726,45.1433]]],[[[-55.8208,46.8495],[-55.8149,46.8587],[-55.808,46.8535],[-55.8208,46.8495]]],[[[-68.4891,44.2191],[-68.4906,44.2249],[-68.4791,44.2273],[-68.4891,44.2191]]],[[[-52.8258,47.1809],[-52.8331,47.1883],[-52.8236,47.1905],[-52.8258,47.1809]]],[[[-123.0483,48.6101],[-123.0524,48.6175],[-123.0404,48.6167],[-123.0483,48.6101]]],[[[-60.8267,45.6003],[-60.8286,45.6029],[-60.8172,45.6095],[-60.8267,45.6003]]],[[[-122.2472,49.1655],[-122.2472,49.1695],[-122.2399,49.1671],[-122.2472,49.1655]]],[[[-62.8444,44.6877],[-62.8473,44.6903],[-62.838,44.6967],[-62.8444,44.6877]]],[[[-130.2423,54.0649],[-130.241,54.0507],[-130.2544,54.0557],[-130.2423,54.0649]]],[[[-65.6258,43.3919],[-65.6311,43.4037],[-65.6242,43.4049],[-65.6258,43.3919]]],[[[-94.5319,49.5039],[-94.5208,49.5025],[-94.5271,49.4943],[-94.5319,49.5039]]],[[[-58.0472,47.6767],[-58.0472,47.6833],[-58.0387,47.6835],[-58.0472,47.6767]]],[[[-99.7994,52.4731],[-99.7871,52.4813],[-99.7885,52.4729],[-99.7994,52.4731]]],[[[-75.5885,37.6811],[-75.577,37.6961],[-75.576,37.6931],[-75.5885,37.6811]]],[[[-129.9681,53.5475],[-129.9781,53.5545],[-129.9656,53.5577],[-129.9681,53.5475]]],[[[-87.5228,48.8107],[-87.5248,48.8163],[-87.5114,48.8181],[-87.5228,48.8107]]],[[[-63.7304,44.4545],[-63.724,44.4485],[-63.7386,44.4455],[-63.7304,44.4545]]],[[[-61.1024,45.7615],[-61.0936,45.7721],[-61.091,45.7681],[-61.1024,45.7615]]],[[[-132.9466,56.1671],[-132.9362,56.1755],[-132.9327,56.1717],[-132.9466,56.1671]]],[[[-83.2188,45.0361],[-83.223,45.0385],[-83.2096,45.0445],[-83.2188,45.0361]]],[[[-145.7732,60.3903],[-145.7506,60.3865],[-145.7713,60.3827],[-145.7732,60.3903]]],[[[-99.1876,51.5941],[-99.1879,51.5787],[-99.1928,51.5801],[-99.1876,51.5941]]],[[[-152.4168,57.7707],[-152.4208,57.7727],[-152.3984,57.7827],[-152.4168,57.7707]]],[[[-128.8564,53.6501],[-128.8454,53.6567],[-128.8451,53.6523],[-128.8564,53.6501]]],[[[-83.4245,43.8831],[-83.4101,43.8699],[-83.425,43.8753],[-83.4245,43.8831]]],[[[-125.3225,48.9045],[-125.331,48.9073],[-125.3146,48.9109],[-125.3225,48.9045]]],[[[-147.6746,60.8115],[-147.6663,60.8093],[-147.6828,60.8001],[-147.6746,60.8115]]],[[[-87.5507,48.7673],[-87.5452,48.7741],[-87.5393,48.7707],[-87.5507,48.7673]]],[[[-126.5974,50.7767],[-126.5745,50.7677],[-126.5896,50.7679],[-126.5974,50.7767]]],[[[-61.1258,45.9561],[-61.1344,45.9661],[-61.1219,45.9645],[-61.1258,45.9561]]],[[[-134.2501,56.6169],[-134.2456,56.6097],[-134.2555,56.6059],[-134.2501,56.6169]]],[[[-62.0629,44.9631],[-62.0545,44.9711],[-62.0519,44.9687],[-62.0629,44.9631]]],[[[-153.727,59.0803],[-153.726,59.0885],[-153.7092,59.0865],[-153.727,59.0803]]],[[[-65.9533,43.7599],[-65.9453,43.7491],[-65.9505,43.7471],[-65.9533,43.7599]]],[[[-64.2126,44.3417],[-64.2246,44.3475],[-64.2138,44.3493],[-64.2126,44.3417]]],[[[-64.9755,47.0825],[-64.9771,47.0859],[-64.9623,47.0845],[-64.9755,47.0825]]],[[[-133.9787,57.1201],[-133.9562,57.1257],[-133.9576,57.1235],[-133.9787,57.1201]]],[[[-73.6544,40.9969],[-73.657,40.9797],[-73.6623,40.9867],[-73.6544,40.9969]]],[[[-133.4655,57.2973],[-133.4752,57.3015],[-133.4576,57.3033],[-133.4655,57.2973]]],[[[-97.4059,54.7881],[-97.3947,54.7871],[-97.4167,54.7801],[-97.4059,54.7881]]],[[[-88.8029,47.9259],[-88.8073,47.9271],[-88.7831,47.9371],[-88.8029,47.9259]]],[[[-73.4872,45.5867],[-73.4728,45.5979],[-73.4703,45.5949],[-73.4872,45.5867]]],[[[-68.4756,44.1997],[-68.4752,44.2035],[-68.4623,44.1995],[-68.4756,44.1997]]],[[[-61.0264,45.6035],[-61.029,45.6059],[-61.0196,45.6103],[-61.0264,45.6035]]],[[[-97.4818,55.0359],[-97.4876,55.0409],[-97.4762,55.0467],[-97.4818,55.0359]]],[[[-64.2806,44.2257],[-64.2798,44.2359],[-64.2691,44.2295],[-64.2806,44.2257]]],[[[-83.3473,46.1287],[-83.3459,46.1317],[-83.3333,46.1293],[-83.3473,46.1287]]],[[[-68.7589,43.8855],[-68.7409,43.8955],[-68.7416,43.8889],[-68.7589,43.8855]]],[[[-122.334,49.1167],[-122.3318,49.1135],[-122.3457,49.1113],[-122.334,49.1167]]],[[[-53.8818,47.4177],[-53.8855,47.4201],[-53.8692,47.4229],[-53.8818,47.4177]]],[[[-54.7979,47.3119],[-54.7909,47.3079],[-54.8067,47.3017],[-54.7979,47.3119]]],[[[-153.953,56.7185],[-153.9588,56.7199],[-153.933,56.7237],[-153.953,56.7185]]],[[[-97.6215,55.1043],[-97.6109,55.1041],[-97.6108,55.1013],[-97.6215,55.1043]]],[[[-74.0194,40.6947],[-74.016,40.6885],[-74.0263,40.6819],[-74.0194,40.6947]]],[[[-66.8297,44.6039],[-66.8341,44.6057],[-66.8211,44.6115],[-66.8297,44.6039]]],[[[-73.4956,45.5979],[-73.4865,45.6145],[-73.4869,45.6125],[-73.4956,45.5979]]],[[[-64.7941,46.7083],[-64.7894,46.7043],[-64.8019,46.7017],[-64.7941,46.7083]]],[[[-145.8427,60.3877],[-145.8188,60.3839],[-145.8291,60.3809],[-145.8427,60.3877]]],[[[-54.7185,47.3869],[-54.7082,47.3939],[-54.7074,47.3835],[-54.7185,47.3869]]],[[[-132.367,55.9039],[-132.3769,55.9111],[-132.3632,55.9121],[-132.367,55.9039]]],[[[-122.8149,48.5999],[-122.8048,48.5955],[-122.8166,48.5889],[-122.8149,48.5999]]],[[[-68.6263,44.1203],[-68.6386,44.1245],[-68.623,44.1289],[-68.6263,44.1203]]],[[[-123.5421,46.2473],[-123.5299,46.2445],[-123.5497,46.2405],[-123.5421,46.2473]]],[[[-88.4604,48.5143],[-88.454,48.5161],[-88.4536,48.5081],[-88.4604,48.5143]]],[[[-61.09,45.9543],[-61.0647,45.9619],[-61.066,45.9591],[-61.09,45.9543]]],[[[-132.5955,56.0141],[-132.5987,56.0247],[-132.5906,56.0261],[-132.5955,56.0141]]],[[[-123.9821,46.5649],[-123.9872,46.5791],[-123.9762,46.5733],[-123.9821,46.5649]]],[[[-88.7238,50.0027],[-88.7256,50.0079],[-88.713,50.0099],[-88.7238,50.0027]]],[[[-126.9314,50.8417],[-126.928,50.8353],[-126.9368,50.8337],[-126.9314,50.8417]]],[[[-87.7723,48.7697],[-87.7661,48.7635],[-87.776,48.7619],[-87.7723,48.7697]]],[[[-87.4909,48.7437],[-87.4983,48.7503],[-87.4835,48.7495],[-87.4909,48.7437]]],[[[-85.3984,45.7727],[-85.4171,45.7757],[-85.3982,45.7779],[-85.3984,45.7727]]],[[[-67.5384,44.4757],[-67.5381,44.4705],[-67.5446,44.4663],[-67.5384,44.4757]]],[[[-94.3377,49.1851],[-94.3424,49.1949],[-94.328,49.1943],[-94.3377,49.1851]]],[[[-55.9754,47.7127],[-55.9636,47.7115],[-55.9688,47.7063],[-55.9754,47.7127]]],[[[-66.0493,43.7305],[-66.0396,43.7163],[-66.0508,43.7197],[-66.0493,43.7305]]],[[[-74.4601,39.4127],[-74.4596,39.4157],[-74.4492,39.4173],[-74.4601,39.4127]]],[[[-97.6665,54.1347],[-97.6708,54.1375],[-97.6661,54.1455],[-97.6665,54.1347]]],[[[-80.5275,32.3773],[-80.5105,32.3877],[-80.5099,32.3863],[-80.5275,32.3773]]],[[[-68.4597,44.3005],[-68.4605,44.3113],[-68.4542,44.3075],[-68.4597,44.3005]]],[[[-77.9472,33.9489],[-77.9431,33.9437],[-77.9508,33.9385],[-77.9472,33.9489]]],[[[-66.7437,44.9377],[-66.748,44.9465],[-66.7357,44.9467],[-66.7437,44.9377]]],[[[-133.6167,55.5833],[-133.6242,55.5965],[-133.6096,55.5885],[-133.6167,55.5833]]],[[[-99.8214,52.4419],[-99.8083,52.4503],[-99.8071,52.4481],[-99.8214,52.4419]]],[[[-134.6897,58.3559],[-134.6826,58.3619],[-134.6802,58.3465],[-134.6897,58.3559]]],[[[-98.7809,51.0999],[-98.7774,51.0909],[-98.7873,51.0959],[-98.7809,51.0999]]],[[[-153.3878,58.9987],[-153.3974,59.0063],[-153.3767,59.0065],[-153.3878,58.9987]]],[[[-59.2466,48.5611],[-59.2354,48.5683],[-59.2311,48.5623],[-59.2466,48.5611]]],[[[-63.3421,45.7591],[-63.3358,45.7565],[-63.3493,45.7489],[-63.3421,45.7591]]],[[[-128.0678,52.1645],[-128.0515,52.1617],[-128.0536,52.1577],[-128.0678,52.1645]]],[[[-55.9848,47.5669],[-55.9665,47.5743],[-55.9729,47.5671],[-55.9848,47.5669]]],[[[-136.1405,58.5307],[-136.1393,58.5413],[-136.1297,58.5397],[-136.1405,58.5307]]],[[[-87.9706,48.6935],[-87.9444,48.7007],[-87.9456,48.6989],[-87.9706,48.6935]]],[[[-64.3689,44.2509],[-64.3637,44.2425],[-64.3669,44.2391],[-64.3689,44.2509]]],[[[-69.889,47.5917],[-69.873,47.6037],[-69.8786,47.5957],[-69.889,47.5917]]],[[[-75.9027,36.5545],[-75.9021,36.5663],[-75.8938,36.5571],[-75.9027,36.5545]]],[[[-133.2928,55.9499],[-133.3054,55.9577],[-133.299,55.9647],[-133.2928,55.9499]]],[[[-116.6982,61.0591],[-116.6722,61.0631],[-116.6735,61.0607],[-116.6982,61.0591]]],[[[-60.7807,45.7693],[-60.7804,45.7791],[-60.7699,45.7791],[-60.7807,45.7693]]],[[[-75.7351,37.3777],[-75.7362,37.3877],[-75.7274,37.3787],[-75.7351,37.3777]]],[[[-100.1537,52.2615],[-100.1496,52.2621],[-100.1458,52.2531],[-100.1537,52.2615]]],[[[-145.7517,60.5949],[-145.7374,60.6021],[-145.7358,60.5981],[-145.7517,60.5949]]],[[[-94.514,49.7157],[-94.5037,49.7087],[-94.5182,49.7091],[-94.514,49.7157]]],[[[-94.9132,49.3399],[-94.9229,49.3443],[-94.9078,49.3475],[-94.9132,49.3399]]],[[[-133.3955,55.7159],[-133.3958,55.7063],[-133.4024,55.7081],[-133.3955,55.7159]]],[[[-80.412,45.5609],[-80.4224,45.5689],[-80.4167,45.5695],[-80.412,45.5609]]],[[[-131.5508,54.9535],[-131.5543,54.9587],[-131.5452,54.9591],[-131.5508,54.9535]]],[[[-122.8369,48.7423],[-122.8476,48.7469],[-122.8386,48.7497],[-122.8369,48.7423]]],[[[-88.3207,50.1125],[-88.3164,50.1213],[-88.308,50.1165],[-88.3207,50.1125]]],[[[-133.578,57.4981],[-133.5559,57.4971],[-133.5629,57.4947],[-133.578,57.4981]]],[[[-123.9516,46.5681],[-123.9596,46.5553],[-123.9597,46.5695],[-123.9516,46.5681]]],[[[-151.9953,59.3357],[-151.9953,59.3393],[-151.9782,59.3403],[-151.9953,59.3357]]],[[[-133.6953,56.6169],[-133.6896,56.6285],[-133.6797,56.6205],[-133.6953,56.6169]]],[[[-84.8048,47.4371],[-84.8042,47.4405],[-84.7918,47.4405],[-84.8048,47.4371]]],[[[-64.103,44.4337],[-64.0826,44.4373],[-64.0853,44.4349],[-64.103,44.4337]]],[[[-73.901,45.3995],[-73.9026,45.4023],[-73.8879,45.4051],[-73.901,45.3995]]],[[[-79.7491,32.8457],[-79.7469,32.8455],[-79.7422,32.8403],[-79.7491,32.8457]]],[[[-65.81,43.5499],[-65.8028,43.5551],[-65.8011,43.5513],[-65.81,43.5499]]],[[[-99.4608,53.1935],[-99.4632,53.1815],[-99.4694,53.1841],[-99.4608,53.1935]]],[[[-62.435,44.8397],[-62.4319,44.8503],[-62.4228,44.8445],[-62.435,44.8397]]],[[[-132.4392,54.9023],[-132.43,54.9095],[-132.4303,54.8951],[-132.4392,54.9023]]],[[[-132.3092,56.6241],[-132.3034,56.6241],[-132.3025,56.6223],[-132.3092,56.6241]]],[[[-149.5581,59.7037],[-149.5566,59.7005],[-149.5771,59.6971],[-149.5581,59.7037]]],[[[-70.1115,43.7817],[-70.0996,43.7899],[-70.0977,43.7873],[-70.1115,43.7817]]],[[[-132.3012,56.6405],[-132.299,56.6287],[-132.3107,56.6293],[-132.3012,56.6405]]],[[[-133.3416,55.8865],[-133.3445,55.8885],[-133.3281,55.8963],[-133.3416,55.8865]]],[[[-68.8313,43.8475],[-68.8351,43.8477],[-68.8211,43.8603],[-68.8313,43.8475]]],[[[-77.7445,43.9725],[-77.729,43.9839],[-77.7339,43.9733],[-77.7445,43.9725]]],[[[-99.991,51.8921],[-99.9836,51.9045],[-99.9801,51.9023],[-99.991,51.8921]]],[[[-62.5431,45.6577],[-62.5215,45.6603],[-62.5233,45.6587],[-62.5431,45.6577]]],[[[-56.1715,46.7861],[-56.1582,46.7937],[-56.1573,46.7919],[-56.1715,46.7861]]],[[[-134.9917,56.6105],[-134.9754,56.6039],[-134.9842,56.6013],[-134.9917,56.6105]]],[[[-59.0066,47.5713],[-59.0153,47.5747],[-59.0019,47.5803],[-59.0066,47.5713]]],[[[-69.2723,48.1453],[-69.2558,48.1535],[-69.2578,48.1483],[-69.2723,48.1453]]],[[[-76.0661,44.2867],[-76.0689,44.2901],[-76.0544,44.2931],[-76.0661,44.2867]]],[[[-94.7775,49.4617],[-94.7558,49.4673],[-94.7638,49.4611],[-94.7775,49.4617]]],[[[-61.5526,45.1595],[-61.5537,45.1657],[-61.5359,45.1591],[-61.5526,45.1595]]],[[[-116.5942,61.0543],[-116.6,61.0589],[-116.5841,61.0617],[-116.5942,61.0543]]],[[[-134.0688,56.9327],[-134.0564,56.9275],[-134.0696,56.9259],[-134.0688,56.9327]]],[[[-81.6319,45.8883],[-81.6292,45.8955],[-81.6236,45.8967],[-81.6319,45.8883]]],[[[-99.9764,52.5039],[-99.9662,52.5137],[-99.9739,52.4965],[-99.9764,52.5039]]],[[[-88.4662,49.9787],[-88.4591,49.9741],[-88.4633,49.9697],[-88.4662,49.9787]]],[[[-94.5299,48.9697],[-94.5352,48.9779],[-94.5252,48.9803],[-94.5299,48.9697]]],[[[-133.6627,56.2183],[-133.6503,56.2127],[-133.655,56.2101],[-133.6627,56.2183]]],[[[-136.3958,58.1893],[-136.3922,58.2007],[-136.3791,58.1995],[-136.3958,58.1893]]],[[[-75.6867,37.5963],[-75.6787,37.6099],[-75.6769,37.6051],[-75.6867,37.5963]]],[[[-152.2301,58.3871],[-152.2248,58.3815],[-152.2316,58.3771],[-152.2301,58.3871]]],[[[-94.8101,49.2137],[-94.8019,49.2041],[-94.813,49.2029],[-94.8101,49.2137]]],[[[-121.8365,49.5901],[-121.8319,49.5885],[-121.8307,49.5793],[-121.8365,49.5901]]],[[[-154.047,59.0767],[-154.0521,59.0791],[-154.039,59.0889],[-154.047,59.0767]]],[[[-88.7818,50.0157],[-88.7747,50.0117],[-88.7837,50.0039],[-88.7818,50.0157]]],[[[-133.0503,56.5905],[-133.0537,56.5923],[-133.0263,56.5953],[-133.0503,56.5905]]],[[[-53.9765,47.4103],[-53.9766,47.4121],[-53.9675,47.4193],[-53.9765,47.4103]]],[[[-129.1466,52.5563],[-129.1524,52.5681],[-129.1419,52.5679],[-129.1466,52.5563]]],[[[-94.4038,49.2451],[-94.4103,49.2539],[-94.398,49.2539],[-94.4038,49.2451]]],[[[-89.1264,48.3677],[-89.1187,48.3653],[-89.1245,48.3601],[-89.1264,48.3677]]],[[[-73.4541,40.6223],[-73.4467,40.6295],[-73.4445,40.6227],[-73.4541,40.6223]]],[[[-152.143,58.9657],[-152.163,58.9683],[-152.152,58.9745],[-152.143,58.9657]]],[[[-133.2882,55.9899],[-133.2903,55.9959],[-133.2755,56.0001],[-133.2882,55.9899]]],[[[-60.9251,45.5857],[-60.932,45.5891],[-60.9226,45.5911],[-60.9251,45.5857]]],[[[-97.159,54.8341],[-97.1603,54.8349],[-97.1368,54.8401],[-97.159,54.8341]]],[[[-83.292,45.0599],[-83.2831,45.0669],[-83.2802,45.0633],[-83.292,45.0599]]],[[[-64.3126,44.4185],[-64.3044,44.4271],[-64.3031,44.4257],[-64.3126,44.4185]]],[[[-64.2635,44.5251],[-64.2618,44.5359],[-64.2563,44.5317],[-64.2635,44.5251]]],[[[-159.4905,55.0755],[-159.4972,55.0765],[-159.4667,55.0811],[-159.4905,55.0755]]],[[[-84.4146,45.9687],[-84.4331,45.9771],[-84.4233,45.9745],[-84.4146,45.9687]]],[[[-100.8127,52.8551],[-100.8088,52.8485],[-100.8186,52.8489],[-100.8127,52.8551]]],[[[-94.7623,49.5059],[-94.7688,49.5099],[-94.7557,49.5125],[-94.7623,49.5059]]],[[[-145.4266,60.2835],[-145.4165,60.2781],[-145.4204,60.2717],[-145.4266,60.2835]]],[[[-132.9108,56.2015],[-132.9129,56.1863],[-132.9167,56.1889],[-132.9108,56.2015]]],[[[-126.6352,50.7701],[-126.6394,50.7723],[-126.6245,50.7761],[-126.6352,50.7701]]],[[[-70.0413,43.7157],[-70.0442,43.7183],[-70.0324,43.7279],[-70.0413,43.7157]]],[[[-99.7589,53.2525],[-99.7586,53.2555],[-99.747,53.2589],[-99.7589,53.2525]]],[[[-69.6744,43.8775],[-69.6673,43.8691],[-69.6768,43.8699],[-69.6744,43.8775]]],[[[-133.6374,55.6053],[-133.6402,55.6139],[-133.6339,55.6159],[-133.6374,55.6053]]],[[[-62.5055,45.6297],[-62.4929,45.6269],[-62.4962,45.6229],[-62.5055,45.6297]]],[[[-98.8401,50.8921],[-98.8425,50.8955],[-98.833,50.9035],[-98.8401,50.8921]]],[[[-134.047,57.2811],[-134.0434,57.2673],[-134.0469,57.2681],[-134.047,57.2811]]],[[[-87.9718,46.9465],[-87.9713,46.9491],[-87.9599,46.9489],[-87.9718,46.9465]]],[[[-123.6224,46.2339],[-123.6083,46.2359],[-123.6079,46.2337],[-123.6224,46.2339]]],[[[-63.8344,46.5887],[-63.8372,46.5949],[-63.8225,46.5947],[-63.8344,46.5887]]],[[[-133.478,58.0751],[-133.4572,58.0793],[-133.4569,58.0775],[-133.478,58.0751]]],[[[-100.0512,51.8657],[-100.0483,51.8659],[-100.0515,51.8515],[-100.0512,51.8657]]],[[[-64.3017,44.5171],[-64.2864,44.5129],[-64.2996,44.5115],[-64.3017,44.5171]]],[[[-70.1417,43.7607],[-70.128,43.7679],[-70.1263,43.7659],[-70.1417,43.7607]]],[[[-149.7287,59.6689],[-149.7378,59.6779],[-149.7246,59.6767],[-149.7287,59.6689]]],[[[-94.3833,49.4877],[-94.3911,49.4901],[-94.3766,49.4937],[-94.3833,49.4877]]],[[[-97.8968,54.5729],[-97.8861,54.5693],[-97.8873,54.5665],[-97.8968,54.5729]]],[[[-77.9511,34.1245],[-77.9458,34.1143],[-77.9529,34.1169],[-77.9511,34.1245]]],[[[-88.2246,49.4561],[-88.2185,49.4543],[-88.2224,49.4441],[-88.2246,49.4561]]],[[[-80.2934,42.5775],[-80.2854,42.5815],[-80.2848,42.5783],[-80.2934,42.5775]]],[[[-62.9104,44.6719],[-62.9124,44.6841],[-62.9096,44.6861],[-62.9104,44.6719]]],[[[-133.6087,55.6501],[-133.5982,55.6457],[-133.6015,55.6413],[-133.6087,55.6501]]],[[[-70.2391,43.5405],[-70.2511,43.5417],[-70.2456,43.5479],[-70.2391,43.5405]]],[[[-133.8186,58.5193],[-133.841,58.5233],[-133.8238,58.5247],[-133.8186,58.5193]]],[[[-133.372,55.8053],[-133.3681,55.8119],[-133.3549,55.8019],[-133.372,55.8053]]],[[[-132.827,54.9835],[-132.8229,54.9779],[-132.831,54.9783],[-132.827,54.9835]]],[[[-131.5003,55.4497],[-131.5063,55.4587],[-131.4966,55.4589],[-131.5003,55.4497]]],[[[-116.4897,61.0259],[-116.4861,61.0227],[-116.4975,61.0189],[-116.4897,61.0259]]],[[[-116.6993,61.0413],[-116.6779,61.0371],[-116.6975,61.0359],[-116.6993,61.0413]]],[[[-133.4004,55.8921],[-133.3943,55.8859],[-133.3963,55.8829],[-133.4004,55.8921]]],[[[-97.7658,52.1585],[-97.7644,52.1495],[-97.7683,52.1487],[-97.7658,52.1585]]],[[[-98.2842,53.9853],[-98.2757,53.9741],[-98.2774,53.9731],[-98.2842,53.9853]]],[[[-94.8098,49.3009],[-94.8147,49.3063],[-94.8029,49.3081],[-94.8098,49.3009]]],[[[-79.8052,44.8273],[-79.815,44.8335],[-79.8045,44.8351],[-79.8052,44.8273]]],[[[-147.616,60.5181],[-147.6288,60.5237],[-147.6202,60.5291],[-147.616,60.5181]]],[[[-124.2428,49.5169],[-124.2345,49.5115],[-124.2447,49.5097],[-124.2428,49.5169]]],[[[-135.4184,57.1289],[-135.4261,57.1353],[-135.4093,57.1383],[-135.4184,57.1289]]],[[[-73.591,40.6197],[-73.5894,40.6279],[-73.5815,40.6187],[-73.591,40.6197]]],[[[-135.3589,56.9999],[-135.3352,56.9981],[-135.3532,56.9931],[-135.3589,56.9999]]],[[[-68.1111,44.3609],[-68.1,44.3565],[-68.1052,44.3505],[-68.1111,44.3609]]],[[[-135.4306,56.8943],[-135.4251,56.8807],[-135.4329,56.8847],[-135.4306,56.8943]]],[[[-63.8752,44.4835],[-63.8623,44.4797],[-63.8655,44.4771],[-63.8752,44.4835]]],[[[-88.3796,48.4671],[-88.3825,48.4681],[-88.3703,48.4813],[-88.3796,48.4671]]],[[[-152.4973,57.9623],[-152.492,57.9583],[-152.5035,57.9525],[-152.4973,57.9623]]],[[[-87.5541,48.7493],[-87.5592,48.7533],[-87.537,48.7513],[-87.5541,48.7493]]],[[[-156.3479,57.3099],[-156.352,57.3117],[-156.3353,57.3167],[-156.3479,57.3099]]],[[[-71.2911,41.6405],[-71.2928,41.6519],[-71.2894,41.6507],[-71.2911,41.6405]]],[[[-94.5458,49.6473],[-94.5476,49.6491],[-94.5339,49.6539],[-94.5458,49.6473]]],[[[-68.5992,44.0729],[-68.5947,44.0735],[-68.601,44.0621],[-68.5992,44.0729]]],[[[-79.7426,32.8295],[-79.7423,32.8355],[-79.7337,32.8329],[-79.7426,32.8295]]],[[[-125.268,48.9161],[-125.2816,48.9165],[-125.2763,48.9249],[-125.268,48.9161]]],[[[-76.1873,44.0167],[-76.1879,44.0191],[-76.1745,44.0267],[-76.1873,44.0167]]],[[[-133.1749,56.6657],[-133.1579,56.6611],[-133.1634,56.6571],[-133.1749,56.6657]]],[[[-82.9146,42.3429],[-82.914,42.3405],[-82.9176,42.3365],[-82.9146,42.3429]]],[[[-60.9825,45.3399],[-60.9797,45.3509],[-60.9688,45.3433],[-60.9825,45.3399]]],[[[-135.4522,58.3169],[-135.4519,58.3257],[-135.4428,58.3237],[-135.4522,58.3169]]],[[[-62.3223,44.9083],[-62.3218,44.9013],[-62.3296,44.9011],[-62.3223,44.9083]]],[[[-97.416,52.2989],[-97.4059,52.3013],[-97.4045,52.2991],[-97.416,52.2989]]],[[[-134.1196,56.9279],[-134.1057,56.9197],[-134.1177,56.9219],[-134.1196,56.9279]]],[[[-126.9433,50.8251],[-126.9415,50.8175],[-126.9459,50.8179],[-126.9433,50.8251]]],[[[-156.1859,57.4203],[-156.1753,57.4201],[-156.1922,57.4097],[-156.1859,57.4203]]],[[[-133.661,56.1067],[-133.6599,56.1035],[-133.6723,56.0961],[-133.661,56.1067]]],[[[-149.9281,59.7333],[-149.9042,59.7311],[-149.927,59.7283],[-149.9281,59.7333]]],[[[-70.1556,43.7089],[-70.1661,43.7121],[-70.1484,43.7161],[-70.1556,43.7089]]],[[[-100.4287,53.0441],[-100.4364,53.0533],[-100.4281,53.0531],[-100.4287,53.0441]]],[[[-77.032,34.6751],[-77.0367,34.6775],[-77.0194,34.6833],[-77.032,34.6751]]],[[[-94.8062,49.4793],[-94.8113,49.4805],[-94.799,49.4879],[-94.8062,49.4793]]],[[[-60.3873,46.3937],[-60.3827,46.3943],[-60.3908,46.3817],[-60.3873,46.3937]]],[[[-132.9218,56.8963],[-132.9187,56.8889],[-132.9226,56.8857],[-132.9218,56.8963]]],[[[-88.8199,47.9161],[-88.8011,47.9243],[-88.8024,47.9197],[-88.8199,47.9161]]],[[[-100.0284,51.8223],[-100.0238,51.8241],[-100.0248,51.8101],[-100.0284,51.8223]]],[[[-99.8351,52.2977],[-99.8295,52.3003],[-99.8333,52.2875],[-99.8351,52.2977]]],[[[-100.2203,53.8659],[-100.2141,53.8621],[-100.2328,53.8557],[-100.2203,53.8659]]],[[[-93.9121,49.4209],[-93.9238,49.4237],[-93.9043,49.4255],[-93.9121,49.4209]]],[[[-99.8781,53.1371],[-99.8689,53.1417],[-99.8673,53.1391],[-99.8781,53.1371]]],[[[-74.2843,39.5425],[-74.2788,39.5559],[-74.2748,39.5483],[-74.2843,39.5425]]],[[[-130.6354,53.9907],[-130.6363,54.0069],[-130.629,53.9999],[-130.6354,53.9907]]],[[[-123.9179,49.1807],[-123.9101,49.1765],[-123.9145,49.1703],[-123.9179,49.1807]]],[[[-58.3485,47.6545],[-58.3374,47.6631],[-58.3361,47.6609],[-58.3485,47.6545]]],[[[-97.8353,53.7189],[-97.8377,53.7239],[-97.8252,53.7201],[-97.8353,53.7189]]],[[[-68.4005,44.3993],[-68.4024,44.4011],[-68.3998,44.4101],[-68.4005,44.3993]]],[[[-94.0318,49.3719],[-94.0291,49.3727],[-94.0249,49.3639],[-94.0318,49.3719]]],[[[-159.4958,55.8499],[-159.4923,55.8541],[-159.4859,55.8453],[-159.4958,55.8499]]],[[[-85.0163,45.7669],[-85.0161,45.7557],[-85.0201,45.7571],[-85.0163,45.7669]]],[[[-136.352,58.2403],[-136.3618,58.2491],[-136.3394,58.2399],[-136.352,58.2403]]],[[[-75.9528,36.6517],[-75.9551,36.6527],[-75.9507,36.6641],[-75.9528,36.6517]]],[[[-94.2821,49.1613],[-94.27,49.1703],[-94.2678,49.1675],[-94.2821,49.1613]]],[[[-125.0572,50.1655],[-125.0558,50.1567],[-125.0652,50.1603],[-125.0572,50.1655]]],[[[-133.3421,55.9409],[-133.3375,55.9373],[-133.3373,55.9335],[-133.3421,55.9409]]],[[[-68.4482,44.1211],[-68.4586,44.1263],[-68.4464,44.1293],[-68.4482,44.1211]]],[[[-98.8991,51.2907],[-98.9055,51.3003],[-98.8932,51.2969],[-98.8991,51.2907]]],[[[-135.3247,57.0251],[-135.3283,57.0323],[-135.3201,57.0335],[-135.3247,57.0251]]],[[[-133.6443,56.2011],[-133.6399,56.2115],[-133.633,56.2031],[-133.6443,56.2011]]],[[[-84.0703,46.3287],[-84.0667,46.3207],[-84.0693,46.3163],[-84.0703,46.3287]]],[[[-75.9549,37.0843],[-75.945,37.0951],[-75.9438,37.0913],[-75.9549,37.0843]]],[[[-88.4091,49.8745],[-88.401,49.8697],[-88.413,49.8691],[-88.4091,49.8745]]],[[[-68.2549,44.2699],[-68.273,44.2737],[-68.26,44.2751],[-68.2549,44.2699]]],[[[-70.3448,47.1493],[-70.3485,47.1515],[-70.3341,47.1609],[-70.3448,47.1493]]],[[[-63.0661,46.1311],[-63.0772,46.1371],[-63.0656,46.1391],[-63.0661,46.1311]]],[[[-88.1853,48.8989],[-88.1993,48.9067],[-88.1945,48.9099],[-88.1853,48.8989]]],[[[-156.6501,56.0519],[-156.6469,56.0559],[-156.6372,56.0501],[-156.6501,56.0519]]],[[[-133.4671,55.8011],[-133.4668,55.8045],[-133.4538,55.8035],[-133.4671,55.8011]]],[[[-121.9921,49.1785],[-121.9941,49.1809],[-121.9828,49.1895],[-121.9921,49.1785]]],[[[-99.7458,51.6939],[-99.7398,51.7025],[-99.736,51.6983],[-99.7458,51.6939]]],[[[-53.9722,47.3905],[-53.9757,47.3973],[-53.9663,47.4001],[-53.9722,47.3905]]],[[[-55.0155,47.5911],[-55.016,47.5929],[-54.9988,47.5979],[-55.0155,47.5911]]],[[[-64.1395,44.4735],[-64.1331,44.4695],[-64.1375,44.4663],[-64.1395,44.4735]]],[[[-116.5492,61.0667],[-116.5467,61.0641],[-116.552,61.0603],[-116.5492,61.0667]]],[[[-147.4513,60.2847],[-147.4276,60.2921],[-147.4333,60.2881],[-147.4513,60.2847]]],[[[-64.3072,44.4429],[-64.299,44.4487],[-64.2981,44.4459],[-64.3072,44.4429]]],[[[-97.3964,54.7761],[-97.402,54.7765],[-97.3824,54.7839],[-97.3964,54.7761]]],[[[-100.4085,53.3047],[-100.3957,53.2965],[-100.4032,53.2947],[-100.4085,53.3047]]],[[[-94.9663,49.3713],[-94.9718,49.3747],[-94.9571,49.3803],[-94.9663,49.3713]]],[[[-76.4757,44.2019],[-76.4656,44.2009],[-76.4754,44.1949],[-76.4757,44.2019]]],[[[-116.6468,61.0661],[-116.6527,61.0677],[-116.6319,61.0717],[-116.6468,61.0661]]],[[[-61.175,45.2457],[-61.1665,45.2437],[-61.1722,45.2391],[-61.175,45.2457]]],[[[-64.2143,44.5605],[-64.2136,44.5625],[-64.2028,44.5577],[-64.2143,44.5605]]],[[[-116.6333,61.0307],[-116.6255,61.0255],[-116.6274,61.0237],[-116.6333,61.0307]]],[[[-74.5454,45.0711],[-74.5375,45.0719],[-74.5363,45.0693],[-74.5454,45.0711]]],[[[-97.3426,52.1931],[-97.3374,52.1969],[-97.3355,52.1939],[-97.3426,52.1931]]],[[[-135.2757,56.7195],[-135.2701,56.7175],[-135.2795,56.7105],[-135.2757,56.7195]]],[[[-129.6079,55.0021],[-129.5866,55.0073],[-129.5907,55.0053],[-129.6079,55.0021]]],[[[-124.2915,49.4481],[-124.2981,49.4537],[-124.2911,49.4535],[-124.2915,49.4481]]],[[[-74.0846,45.3025],[-74.065,45.3017],[-74.0761,45.3009],[-74.0846,45.3025]]],[[[-96.3988,51.2751],[-96.3932,51.2701],[-96.4095,51.2725],[-96.3988,51.2751]]],[[[-75.6485,35.8215],[-75.6359,35.8135],[-75.6427,35.8117],[-75.6485,35.8215]]],[[[-130.9369,55.5721],[-130.9342,55.5791],[-130.9276,55.5765],[-130.9369,55.5721]]],[[[-76.0891,38.1471],[-76.0884,38.1539],[-76.0842,38.1465],[-76.0891,38.1471]]],[[[-97.3321,52.1277],[-97.3275,52.1395],[-97.3233,52.1325],[-97.3321,52.1277]]],[[[-69.9203,43.7887],[-69.9091,43.7839],[-69.9148,43.7799],[-69.9203,43.7887]]],[[[-73.5566,40.6367],[-73.5501,40.6329],[-73.5591,40.6267],[-73.5566,40.6367]]],[[[-94.8819,49.5441],[-94.8609,49.5501],[-94.8607,49.5475],[-94.8819,49.5441]]],[[[-80.0729,45.1761],[-80.0747,45.1787],[-80.0631,45.1893],[-80.0729,45.1761]]],[[[-82.7502,46.1477],[-82.756,46.1417],[-82.7586,46.1525],[-82.7502,46.1477]]],[[[-97.1375,51.6091],[-97.1421,51.6107],[-97.1361,51.6191],[-97.1375,51.6091]]],[[[-88.3655,50.2259],[-88.3551,50.2345],[-88.3539,50.2321],[-88.3655,50.2259]]],[[[-66.7317,44.7361],[-66.7235,44.7241],[-66.7295,44.7263],[-66.7317,44.7361]]],[[[-99.5487,53.2705],[-99.5313,53.2689],[-99.5476,53.2643],[-99.5487,53.2705]]],[[[-147.5855,60.4935],[-147.6019,60.5005],[-147.5949,60.5035],[-147.5855,60.4935]]],[[[-89.5728,47.9717],[-89.5625,47.9723],[-89.5745,47.9645],[-89.5728,47.9717]]],[[[-97.4591,55.0177],[-97.4333,55.0239],[-97.4457,55.0183],[-97.4591,55.0177]]],[[[-63.2461,44.7083],[-63.256,44.7189],[-63.2472,44.7167],[-63.2461,44.7083]]],[[[-69.1021,48.6107],[-69.1001,48.6271],[-69.0949,48.6237],[-69.1021,48.6107]]],[[[-68.831,44.1363],[-68.8348,44.1377],[-68.8202,44.1429],[-68.831,44.1363]]],[[[-88.498,50.1213],[-88.4941,50.1303],[-88.4867,50.1239],[-88.498,50.1213]]],[[[-97.6924,55.0515],[-97.6701,55.0489],[-97.6809,55.0463],[-97.6924,55.0515]]],[[[-130.6673,54.0077],[-130.6802,54.0097],[-130.675,54.0177],[-130.6673,54.0077]]],[[[-79.7616,32.8459],[-79.754,32.8495],[-79.7523,32.8459],[-79.7616,32.8459]]],[[[-133.4488,55.4083],[-133.4557,55.4177],[-133.4435,55.4189],[-133.4488,55.4083]]],[[[-75.8946,36.5315],[-75.8886,36.5231],[-75.8955,36.5235],[-75.8988,36.5255],[-75.8946,36.5315]]],[[[-77.1676,34.6279],[-77.1613,34.6269],[-77.1711,34.6203],[-77.1676,34.6279]]],[[[-129.5647,55.0211],[-129.5473,55.0291],[-129.5511,55.0223],[-129.5647,55.0211]]],[[[-135.4699,56.8211],[-135.4751,56.8249],[-135.4701,56.8319],[-135.4699,56.8211]]],[[[-133.4367,55.6643],[-133.43,55.6651],[-133.4356,55.6535],[-133.4367,55.6643]]],[[[-157.3714,56.7409],[-157.3762,56.7421],[-157.3644,56.7515],[-157.3714,56.7409]]],[[[-132.992,56.1147],[-132.9933,56.1033],[-133.0,56.1127],[-132.992,56.1147]]],[[[-62.2068,44.9315],[-62.1994,44.9253],[-62.2036,44.9225],[-62.2068,44.9315]]],[[[-65.9085,43.7451],[-65.9065,43.7461],[-65.9031,43.7339],[-65.9085,43.7451]]],[[[-94.4472,49.6201],[-94.4508,49.6223],[-94.4341,49.6261],[-94.4472,49.6201]]],[[[-149.726,59.9039],[-149.724,59.9181],[-149.721,59.9133],[-149.726,59.9039]]],[[[-145.8037,60.3735],[-145.8033,60.3699],[-145.8171,60.3713],[-145.8037,60.3735]]],[[[-152.3307,58.4333],[-152.3229,58.4287],[-152.327,58.4219],[-152.3307,58.4333]]],[[[-97.8152,54.5693],[-97.8059,54.5627],[-97.8076,54.5601],[-97.8152,54.5693]]],[[[-116.6134,61.0369],[-116.618,61.0401],[-116.6039,61.0447],[-116.6134,61.0369]]],[[[-133.3994,55.9907],[-133.389,55.9903],[-133.3969,55.9821],[-133.3994,55.9907]]],[[[-66.057,43.6503],[-66.0564,43.6421],[-66.0594,43.6471],[-66.057,43.6503]]],[[[-74.4408,39.4073],[-74.4388,39.4187],[-74.4334,39.4139],[-74.4408,39.4073]]],[[[-54.9558,47.2645],[-54.9403,47.2617],[-54.954,47.2589],[-54.9558,47.2645]]],[[[-79.1765,33.3443],[-79.1706,33.3525],[-79.1692,33.3489],[-79.1765,33.3443]]],[[[-97.901,54.9963],[-97.8905,55.0037],[-97.8905,54.9959],[-97.901,54.9963]]],[[[-61.5963,47.5625],[-61.5777,47.5605],[-61.5841,47.5583],[-61.5963,47.5625]]],[[[-62.1139,44.9507],[-62.1183,44.9549],[-62.1137,44.9575],[-62.1139,44.9507]]],[[[-75.8988,36.5255],[-75.905,36.5193],[-75.9052,36.5315],[-75.8988,36.5255]]],[[[-64.2317,44.5229],[-64.2364,44.5241],[-64.2198,44.5269],[-64.2317,44.5229]]],[[[-61.222,45.5679],[-61.2122,45.5685],[-61.2337,45.5655],[-61.222,45.5679]]],[[[-98.0312,53.8721],[-98.0311,53.8661],[-98.0413,53.8699],[-98.0312,53.8721]]],[[[-127.6851,51.4861],[-127.6635,51.4861],[-127.6679,51.4837],[-127.6851,51.4861]]],[[[-77.9475,34.0929],[-77.9456,34.0969],[-77.9417,34.0907],[-77.9475,34.0929]]],[[[-68.6224,44.2201],[-68.6244,44.2235],[-68.6131,44.2215],[-68.6224,44.2201]]],[[[-79.769,32.8311],[-79.7708,32.8331],[-79.7585,32.8363],[-79.769,32.8311]]],[[[-56.0849,47.6219],[-56.0678,47.6223],[-56.0749,47.6175],[-56.0849,47.6219]]],[[[-116.8563,61.0539],[-116.8471,61.0515],[-116.8636,61.0505],[-116.8563,61.0539]]],[[[-132.1061,56.0309],[-132.0998,56.0403],[-132.0985,56.0391],[-132.1061,56.0309]]],[[[-132.2976,55.8991],[-132.3001,55.9037],[-132.29,55.9031],[-132.2976,55.8991]]],[[[-132.4995,54.8921],[-132.5114,54.8967],[-132.4964,54.8967],[-132.4995,54.8921]]],[[[-79.4208,33.0693],[-79.4118,33.0723],[-79.4131,33.0665],[-79.4208,33.0693]]],[[[-158.8836,55.7885],[-158.8739,55.7837],[-158.8778,55.7821],[-158.8836,55.7885]]],[[[-80.7682,45.9189],[-80.7658,45.9195],[-80.7647,45.9155],[-80.7682,45.9189]]],[[[-97.805,54.6831],[-97.8279,54.6769],[-97.8199,54.6793],[-97.805,54.6831]]],[[[-125.3485,48.9181],[-125.3346,48.9101],[-125.3429,48.9105],[-125.3485,48.9181]]],[[[-135.045,58.2337],[-135.0467,58.2299],[-135.0584,58.2363],[-135.045,58.2337]]],[[[-116.5475,61.0761],[-116.5536,61.0773],[-116.5503,61.0797],[-116.5475,61.0761]]],[[[-134.803,57.1299],[-134.8066,57.1305],[-134.7888,57.1389],[-134.803,57.1299]]],[[[-97.4168,54.7603],[-97.4178,54.7615],[-97.3958,54.7653],[-97.4168,54.7603]]],[[[-94.7757,49.6063],[-94.7738,49.6043],[-94.7751,49.6021],[-94.7757,49.6063]]],[[[-123.3384,48.6371],[-123.3318,48.6245],[-123.339,48.6287],[-123.3384,48.6371]]],[[[-148.2647,60.5145],[-148.2578,60.5193],[-148.2632,60.5073],[-148.2647,60.5145]]],[[[-94.7408,49.6873],[-94.7405,49.6935],[-94.7307,49.6955],[-94.7408,49.6873]]],[[[-130.2929,54.2429],[-130.2826,54.2361],[-130.2928,54.2333],[-130.2929,54.2429]]],[[[-133.8423,57.4473],[-133.8329,57.4345],[-133.8427,57.4395],[-133.8423,57.4473]]],[[[-122.0092,49.1957],[-121.998,49.1993],[-122.0086,49.1907],[-122.0092,49.1957]]],[[[-122.3537,37.9011],[-122.3504,37.8949],[-122.3606,37.8993],[-122.3537,37.9011]]],[[[-94.6119,49.5333],[-94.6085,49.5307],[-94.6256,49.5283],[-94.6119,49.5333]]],[[[-79.8872,32.7785],[-79.8834,32.7741],[-79.8929,32.7737],[-79.8872,32.7785]]],[[[-116.6889,61.0295],[-116.6842,61.0273],[-116.6863,61.0245],[-116.6889,61.0295]]],[[[-124.105,46.9525],[-124.1013,46.9501],[-124.1086,46.9473],[-124.105,46.9525]]],[[[-70.0523,43.7995],[-70.0448,43.8001],[-70.0541,43.7895],[-70.0523,43.7995]]],[[[-56.1892,47.6269],[-56.1866,47.6227],[-56.2007,47.6281],[-56.1892,47.6269]]],[[[-133.357,55.9951],[-133.3597,55.9983],[-133.3379,56.0001],[-133.357,55.9951]]],[[[-133.713,57.3501],[-133.7029,57.3377],[-133.7157,57.3473],[-133.713,57.3501]]],[[[-79.4084,33.0509],[-79.4126,33.0527],[-79.4074,33.0561],[-79.4084,33.0509]]],[[[-63.5638,44.4361],[-63.5634,44.4337],[-63.5733,44.4359],[-63.5638,44.4361]]],[[[-135.1183,58.2087],[-135.1003,58.1999],[-135.1125,58.2031],[-135.1183,58.2087]]],[[[-88.6172,48.1425],[-88.5951,48.1477],[-88.6021,48.1443],[-88.6172,48.1425]]],[[[-147.4182,60.2939],[-147.4235,60.2963],[-147.4059,60.3047],[-147.4182,60.2939]]],[[[-94.4669,49.4771],[-94.4718,49.4775],[-94.4529,49.4835],[-94.4669,49.4771]]],[[[-99.6988,52.5501],[-99.6942,52.5511],[-99.6952,52.5459],[-99.6988,52.5501]]],[[[-159.8479,55.0479],[-159.8336,55.0537],[-159.8374,55.0481],[-159.8479,55.0479]]],[[[-116.6625,61.0401],[-116.6438,61.0371],[-116.6524,61.0353],[-116.6625,61.0401]]],[[[-75.8651,37.1445],[-75.8634,37.1423],[-75.8673,37.1381],[-75.8651,37.1445]]],[[[-62.3853,44.8425],[-62.3908,44.8449],[-62.3762,44.8489],[-62.3853,44.8425]]],[[[-70.0631,43.7517],[-70.053,43.7635],[-70.0553,43.7565],[-70.0631,43.7517]]],[[[-97.994,53.9527],[-98.0,53.9415],[-98.0,53.9571],[-97.994,53.9527]]],[[[-116.536,61.0691],[-116.5428,61.0721],[-116.5249,61.0725],[-116.536,61.0691]]],[[[-116.6872,61.1951],[-116.6734,61.1927],[-116.688,61.1903],[-116.6872,61.1951]]],[[[-79.6386,32.9325],[-79.638,32.9297],[-79.6418,32.9281],[-79.6386,32.9325]]],[[[-75.7901,37.3801],[-75.7845,37.3749],[-75.7913,37.3703],[-75.7901,37.3801]]],[[[-116.8845,61.1835],[-116.8781,61.1829],[-116.8922,61.1785],[-116.8845,61.1835]]],[[[-97.8142,53.7143],[-97.8106,53.7091],[-97.816,53.7069],[-97.8142,53.7143]]],[[[-129.0014,52.4347],[-128.9962,52.4303],[-129.002,52.4291],[-129.0014,52.4347]]],[[[-116.4554,61.1193],[-116.4383,61.1217],[-116.4492,61.1193],[-116.4554,61.1193]]],[[[-75.8734,37.1375],[-75.883,37.1331],[-75.8791,37.1363],[-75.8734,37.1375]]],[[[-97.9812,54.6497],[-97.9652,54.6591],[-97.9656,54.6565],[-97.9812,54.6497]]],[[[-116.8422,61.0865],[-116.8317,61.0843],[-116.8327,61.0825],[-116.8422,61.0865]]],[[[-119.3677,34.0171],[-119.3626,34.0211],[-119.3618,34.0175],[-119.3677,34.0171]]],[[[-75.9486,44.3553],[-75.937,44.3599],[-75.937,44.3571],[-75.9486,44.3553]]],[[[-79.7917,32.8121],[-79.7943,32.8137],[-79.7906,32.8187],[-79.7917,32.8121]]],[[[-116.8978,61.0571],[-116.8875,61.0537],[-116.8926,61.0527],[-116.8978,61.0571]]],[[[-116.808,61.0621],[-116.8008,61.0579],[-116.8124,61.0589],[-116.808,61.0621]]],[[[-116.8323,61.0489],[-116.8186,61.0469],[-116.8286,61.0451],[-116.8323,61.0489]]],[[[-116.9202,61.1777],[-116.9066,61.1825],[-116.9109,61.1785],[-116.9202,61.1777]]],[[[-116.5169,61.0499],[-116.5125,61.0477],[-116.5171,61.0447],[-116.5169,61.0499]]],[[[-116.6566,61.0595],[-116.6523,61.0571],[-116.6608,61.0553],[-116.6566,61.0595]]],[[[-88.5559,48.1501],[-88.5647,48.1515],[-88.5581,48.1539],[-88.5559,48.1501]]],[[[-79.2135,33.2837],[-79.2156,33.2881],[-79.2127,33.2893],[-79.2135,33.2837]]],[[[-116.9265,61.1071],[-116.9131,61.1049],[-116.919,61.1037],[-116.9265,61.1071]]],[[[-116.4735,61.1027],[-116.4807,61.0989],[-116.4873,61.1011],[-116.4735,61.1027]]],[[[-80.261,42.5859],[-80.2608,42.5815],[-80.2661,42.5835],[-80.261,42.5859]]],[[[-116.9292,61.1185],[-116.9238,61.1177],[-116.9297,61.1125],[-116.9292,61.1185]]],[[[-116.4466,61.1099],[-116.4538,61.1101],[-116.4432,61.1135],[-116.4466,61.1099]]],[[[-94.2317,49.1565],[-94.2299,49.1547],[-94.2354,49.1537],[-94.2317,49.1565]]],[[[-79.7848,32.8087],[-79.7816,32.8115],[-79.7802,32.8103],[-79.7848,32.8087]]],[[[-98.0,52.3087],[-98.0,52.3001],[-98.0034,52.3047],[-98.0,52.3087]]],[[[-98.0,52.3193],[-98.0,52.3135],[-98.0028,52.3145],[-98.0,52.3193]]],[[[-85.5423,30.0023],[-85.5371,30.0005],[-85.5431,30.0005],[-85.5423,30.0023]]],[[[-159.4191,55.0699],[-159.412,55.0695],[-159.42,55.0689],[-159.4191,55.0699]]],[[[-80.1535,42.5845],[-80.1577,42.5847],[-80.1576,42.5859],[-80.1535,42.5845]]],[[[-133.3656,56.0001],[-133.3684,55.9993],[-133.3704,56.0001],[-133.3656,56.0001]]],[[[-159.3996,55.0709],[-159.399,55.0705],[-159.4031,55.0703],[-159.3996,55.0709]]],[[[-97.5586,55.0981],[-97.562,55.0983],[-97.5634,55.0987],[-97.5586,55.0981]]],[[[-117.1795,32.6805],[-117.1787,32.6767],[-117.1796,32.6805],[-117.1795,32.6805]]]]}},{"type":"Feature","properties":{"birdlifeId":"22712252","scientificName":"Hirundo rustica","rangeType":"wintering","speciesId":"avibase-58C502EA","speciesName":"Barn Swallow","speciesLatin":"Hirundo rustica"},"geometry":{"type":"MultiPolygon","coordinates":[[[[52.6165,24.1994],[52.6772,24.1337],[53.0896,24.1208],[53.1516,24.1729],[53.3167,24.0809],[53.4125,24.1377],[53.5921,24.0408],[53.7993,24.0533],[53.899,24.0767],[53.9014,24.1372],[53.6269,24.1914],[53.8058,24.2139],[53.8638,24.2729],[53.9608,24.0879],[54.1678,24.1859],[54.1117,24.3219],[54.1485,24.3293],[54.169,24.2857],[54.1902,24.2677],[54.2019,24.2656],[54.1651,24.325],[54.1733,24.3364],[54.1916,24.3491],[54.2245,24.3578],[54.2974,24.2724],[54.2618,24.3499],[54.2567,24.3538],[54.2504,24.3563],[54.2496,24.3574],[54.1913,24.3647],[54.2347,24.4156],[54.2503,24.3617],[54.3156,24.3026],[54.3059,24.2617],[54.2711,24.2621],[54.2882,24.2445],[54.303,24.2424],[54.3154,24.2455],[54.3294,24.2695],[54.3781,24.2476],[54.4506,24.3202],[54.5258,24.3126],[54.4869,24.4189],[54.4652,24.3964],[54.4723,24.4106],[54.3807,24.4223],[54.345,24.4534],[54.3173,24.449],[54.3109,24.45],[54.3014,24.4675],[54.3227,24.4591],[54.3677,24.4943],[54.3826,24.5417],[54.3913,24.4747],[54.4318,24.4409],[54.5251,24.4173],[54.5981,24.4343],[54.4676,24.5665],[54.5332,24.5125],[54.6139,24.5256],[54.7242,24.833],[54.7408,24.84],[54.7551,24.8391],[54.7594,24.8389],[54.7595,24.813],[54.7809,24.8031],[54.9424,25.0019],[55.0663,24.9786],[55.2763,25.2937],[55.3176,25.1907],[55.3462,25.1991],[55.5413,25.581],[55.5759,25.6103],[55.5641,25.5253],[55.632,25.5363],[55.6313,25.568],[55.6921,25.6463],[55.7154,25.6579],[55.7213,25.6737],[55.8739,25.7285],[55.9469,25.8143],[55.9369,25.7729],[55.964,25.7782],[56.0574,25.8972],[56.0635,25.9453],[56.0453,25.9813],[56.1074,26.0697],[56.3989,25.8683],[56.3679,25.8584],[56.3326,25.752],[56.2792,25.7267],[56.2675,25.6371],[56.2739,25.6247],[56.2828,25.6177],[56.2911,25.6125],[56.2929,25.6114],[56.2936,25.611],[56.2959,25.6098],[56.3529,25.5988],[56.3666,25.5682],[56.3738,25.4411],[56.3664,25.4056],[56.3475,25.3688],[56.3826,25.3108],[56.353,25.1472],[56.3609,24.9667],[56.8994,24.2042],[56.5783,24.2412],[56.2433,24.8827],[55.9268,24.8116],[55.9636,24.2871],[55.7109,24.0256],[55.0739,24.5512],[54.1322,23.8817],[54.3349,23.1418],[53.7557,22.8849],[53.5184,23.0114],[53.4041,23.5469],[52.8204,23.4858],[51.9143,23.8509],[51.6501,24.1745],[51.7634,24.2841],[51.8952,23.9672],[52.2276,23.9669],[52.4219,24.0344],[52.6165,24.1994]],[[54.7516,24.8376],[54.7544,24.8379],[54.7551,24.8391],[54.7516,24.8376]],[[54.1718,24.3341],[54.1715,24.3336],[54.172,24.3337],[54.1718,24.3341]],[[56.3703,25.4294],[56.3676,25.4285],[56.3687,25.4279],[56.3703,25.4294]],[[54.3273,24.4519],[54.3223,24.4528],[54.324,24.4518],[54.3273,24.4519]],[[55.2699,25.2614],[55.2673,25.2611],[55.2689,25.2598],[55.2699,25.2614]],[[55.6864,25.6283],[55.6886,25.6319],[55.683,25.6298],[55.6864,25.6283]],[[56.057,25.9802],[56.0587,25.9831],[56.052,25.981],[56.057,25.9802]]],[[[52.646,24.3196],[52.6426,24.2996],[52.6308,24.2792],[52.5927,24.2492],[52.646,24.3196]],[[52.6335,24.2901],[52.6351,24.2898],[52.637,24.2947],[52.6335,24.2901]]],[[[54.0447,24.1638],[54.0133,24.188],[54.0919,24.2328],[54.0808,24.1666],[54.0447,24.1638]],[[54.0534,24.1993],[54.073,24.1826],[54.072,24.1953],[54.0534,24.1993]]],[[[53.333,24.2587],[53.2223,24.2875],[53.2798,24.3169],[53.333,24.2587]]],[[[54.2742,24.3693],[54.296,24.3982],[54.3501,24.3536],[54.2742,24.3693]]],[[[52.28,24.5082],[52.3116,24.5423],[52.3443,24.502],[52.28,24.5082]]],[[[54.3943,24.5362],[54.4747,24.5868],[54.4558,24.5512],[54.4602,24.5026],[54.3943,24.5362]]],[[[54.5766,24.6533],[54.6105,24.6547],[54.5987,24.613],[54.6086,24.5984],[54.5663,24.6188],[54.5766,24.6533]]],[[[54.4127,24.4061],[54.3467,24.4014],[54.324,24.446],[54.4127,24.4061]]],[[[54.5823,24.5749],[54.5912,24.5683],[54.5661,24.5475],[54.5823,24.5749]]],[[[54.5539,24.602],[54.5021,24.6082],[54.5283,24.6301],[54.5539,24.602]]],[[[54.2065,25.2184],[54.199,25.2446],[54.2289,25.2513],[54.2065,25.2184]]],[[[54.4881,24.4772],[54.5695,24.4478],[54.5413,24.4392],[54.4881,24.4772]]],[[[54.5405,24.4393],[54.5396,24.435],[54.4784,24.4335],[54.5405,24.4393]]],[[[54.4289,24.4775],[54.4343,24.4959],[54.4778,24.4716],[54.4511,24.4563],[54.4289,24.4775]],[[54.4446,24.4676],[54.441,24.4668],[54.444,24.4657],[54.4446,24.4676]]],[[[53.4004,24.1939],[53.3819,24.2159],[53.4167,24.2254],[53.4004,24.1939]]],[[[52.0246,24.2272],[52.0062,24.2088],[51.9949,24.2362],[52.0246,24.2272]]],[[[54.4127,24.5083],[54.425,24.4822],[54.4078,24.4737],[54.4127,24.5083]]],[[[52.0056,24.1791],[51.9998,24.1649],[51.9816,24.1819],[51.9995,24.2015],[52.0056,24.1791]],[[52.0004,24.1823],[52.0014,24.1825],[51.9997,24.1836],[52.0004,24.1823]]],[[[53.0929,24.8719],[53.0794,24.8612],[53.057,24.8858],[53.0929,24.8719]]],[[[55.6331,25.5817],[55.6058,25.572],[55.6091,25.5923],[55.6331,25.5817]]],[[[55.6606,25.6297],[55.6928,25.6471],[55.6312,25.6035],[55.6378,25.5892],[55.6186,25.6064],[55.6606,25.6297]]],[[[53.1064,24.3101],[53.0772,24.3354],[53.093,24.3415],[53.1064,24.3101]]],[[[56.0229,25.9083],[56.0422,25.9336],[56.0343,25.9001],[56.0229,25.9083]]],[[[55.5789,25.5507],[55.5763,25.5794],[55.5911,25.5565],[55.5789,25.5507]]],[[[53.1979,24.2846],[53.1875,24.3072],[53.2074,24.2961],[53.1979,24.2846]]],[[[52.4376,24.1074],[52.4319,24.1192],[52.4487,24.1178],[52.4376,24.1074]]],[[[56.0546,25.955],[56.039,25.934],[56.0424,25.9568],[56.0546,25.955]]],[[[52.5559,24.7901],[52.5523,24.8012],[52.5675,24.7983],[52.5559,24.7901]]],[[[52.8547,24.9371],[52.8549,24.9226],[52.8385,24.9373],[52.8547,24.9371]]],[[[53.8223,24.2722],[53.8139,24.2712],[53.8154,24.282],[53.8223,24.2722]]],[[[56.3746,25.0285],[56.3761,25.029],[56.3704,25.0049],[56.3746,25.0285]]],[[[53.8109,24.2574],[53.8144,24.2637],[53.8187,24.2479],[53.8109,24.2574]]],[[[55.6122,25.5506],[55.6001,25.5575],[55.6112,25.5612],[55.6122,25.5506]]],[[[53.9903,24.2059],[53.9916,24.2197],[53.9972,24.208],[53.9903,24.2059]]],[[[54.4522,24.3833],[54.4551,24.3925],[54.4643,24.3806],[54.4522,24.3833]]],[[[54.5663,24.6188],[54.5759,24.5998],[54.5636,24.6022],[54.5663,24.6188]]],[[[54.0942,24.1755],[54.1069,24.1706],[54.0911,24.1662],[54.0808,24.1666],[54.0942,24.1755]]],[[[54.6195,24.6422],[54.6281,24.6359],[54.6181,24.6295],[54.6195,24.6422]]],[[[53.5439,24.1928],[53.543,24.1868],[53.5335,24.1907],[53.5439,24.1928]]],[[[54.475,24.4848],[54.4862,24.4738],[54.4768,24.4745],[54.475,24.4848]]],[[[55.6073,25.5492],[55.6139,25.5468],[55.5971,25.5421],[55.6073,25.5492]]],[[[52.8236,24.1699],[52.8132,24.175],[52.8179,24.1776],[52.8236,24.1699]]],[[[55.607,25.6033],[55.6186,25.6064],[55.6031,25.5978],[55.607,25.6033]]],[[[54.6165,24.6665],[54.6237,24.6763],[54.6237,24.6675],[54.6165,24.6665]]],[[[54.5743,24.547],[54.5727,24.5376],[54.5667,24.5428],[54.5743,24.547]]],[[[54.5616,24.5311],[54.5706,24.5288],[54.5615,24.5254],[54.5616,24.5311]]],[[[53.0567,24.1617],[53.036,24.1476],[53.0416,24.154],[53.0567,24.1617]]],[[[54.2888,24.4448],[54.2999,24.4775],[54.2976,24.4659],[54.2888,24.4448]]],[[[52.6484,24.4129],[52.6458,24.4179],[52.6529,24.4171],[52.6484,24.4129]]],[[[55.8308,25.7197],[55.8373,25.7167],[55.8313,25.715],[55.8308,25.7197]]],[[[54.3016,24.2447],[54.2926,24.2534],[54.2978,24.253],[54.3016,24.2447]]],[[[54.3103,24.4371],[54.314,24.4469],[54.316,24.4396],[54.3103,24.4371]]],[[[54.3232,24.47],[54.3198,24.4759],[54.3239,24.4766],[54.3232,24.47]]],[[[54.2979,24.4076],[54.3033,24.4135],[54.3024,24.4059],[54.2979,24.4076]]],[[[51.8662,24.2152],[51.8609,24.2097],[51.8613,24.2173],[51.8662,24.2152]]],[[[53.3924,24.2351],[53.3919,24.2435],[53.3977,24.2357],[53.3924,24.2351]]],[[[53.4217,24.3908],[53.4243,24.3823],[53.4147,24.3967],[53.4217,24.3908]]],[[[54.4147,24.3488],[54.3976,24.3652],[54.4039,24.3611],[54.4147,24.3488]]],[[[53.3722,24.4634],[53.3744,24.4674],[53.3737,24.4522],[53.3722,24.4634]]],[[[54.6318,24.6417],[54.6275,24.6486],[54.6348,24.6447],[54.6318,24.6417]]],[[[54.3086,24.4434],[54.306,24.4385],[54.3032,24.4453],[54.3086,24.4434]]],[[[52.8827,24.1811],[52.8784,24.1813],[52.8821,24.1872],[52.8827,24.1811]]],[[[52.7668,24.3944],[52.7713,24.3874],[52.7641,24.3909],[52.7668,24.3944]]],[[[54.4163,24.3533],[54.4119,24.3537],[54.415,24.3579],[54.4163,24.3533]]],[[[52.7141,24.1564],[52.714,24.1452],[52.7127,24.1549],[52.7141,24.1564]]],[[[53.3278,24.1119],[53.3298,24.1083],[53.32,24.1134],[53.3278,24.1119]]],[[[54.4132,24.3195],[54.4139,24.3241],[54.4167,24.3228],[54.4132,24.3195]]],[[[54.432,24.5052],[54.4366,24.5032],[54.428,24.5031],[54.432,24.5052]]],[[[54.304,24.4309],[54.3076,24.4369],[54.3074,24.43],[54.304,24.4309]]],[[[54.1805,24.2769],[54.178,24.2838],[54.1834,24.2779],[54.1805,24.2769]]],[[[51.7957,24.2879],[51.7888,24.3001],[51.794,24.2949],[51.7957,24.2879]]],[[[55.3417,25.2052],[55.3461,25.2103],[55.3462,25.2057],[55.3417,25.2052]]],[[[52.6475,24.3356],[52.6492,24.3114],[52.6479,24.3242],[52.6475,24.3356]]],[[[53.0529,24.6293],[53.0489,24.6268],[53.0512,24.6333],[53.0529,24.6293]]],[[[54.5499,24.531],[54.549,24.5358],[54.5523,24.5338],[54.5499,24.531]]],[[[55.571,25.5517],[55.5733,25.5418],[55.571,25.5444],[55.571,25.5517]]],[[[52.7753,24.3889],[52.7751,24.3932],[52.7779,24.392],[52.7753,24.3889]]],[[[53.8607,24.117],[53.8587,24.1194],[53.8662,24.1188],[53.8607,24.117]]],[[[54.617,24.6559],[54.6171,24.6606],[54.6199,24.6586],[54.617,24.6559]]],[[[53.4495,24.1331],[53.4552,24.1377],[53.4474,24.1278],[53.4495,24.1331]]],[[[56.0314,25.8933],[56.0352,25.8963],[56.0351,25.8925],[56.0314,25.8933]]],[[[51.9983,24.1583],[51.9962,24.1597],[52.0037,24.1613],[51.9983,24.1583]]],[[[54.6199,24.6826],[54.6177,24.6877],[54.6223,24.6845],[54.6199,24.6826]]],[[[53.8705,24.119],[53.8765,24.1194],[53.8752,24.1172],[53.8705,24.119]]],[[[54.4305,24.3012],[54.4223,24.3101],[54.4261,24.3077],[54.4305,24.3012]]],[[[55.9486,25.784],[55.9522,25.7872],[55.953,25.7849],[55.9486,25.784]]],[[[53.0083,24.1564],[53.0098,24.1618],[53.0115,24.1579],[53.0083,24.1564]]],[[[53.6117,24.8579],[53.6093,24.8615],[53.6134,24.8599],[53.6117,24.8579]]],[[[54.3375,24.5052],[54.3389,24.5071],[54.3414,24.5099],[54.3481,24.515],[54.3375,24.5052]]],[[[55.5929,25.5633],[55.5914,25.5574],[55.5908,25.5578],[55.5929,25.5633]]],[[[54.3351,24.4998],[54.3293,24.4877],[54.3329,24.4976],[54.3351,24.4998]]],[[[52.8766,24.3042],[52.8749,24.3061],[52.8792,24.3072],[52.8766,24.3042]]],[[[54.5949,24.6619],[54.5996,24.6676],[54.5987,24.6637],[54.5949,24.6619]]],[[[54.3019,24.4201],[54.3051,24.4235],[54.3051,24.4199],[54.3019,24.4201]]],[[[53.2738,24.1367],[53.2783,24.1355],[53.2766,24.1339],[53.2738,24.1367]]],[[[54.0155,24.2067],[54.0142,24.2042],[54.012,24.2079],[54.0155,24.2067]]],[[[55.6469,25.611],[55.649,25.6054],[55.6458,25.6079],[55.6469,25.611]]],[[[56.045,25.9113],[56.0471,25.915],[56.0482,25.9122],[56.045,25.9113]]],[[[54.4036,24.3265],[54.4007,24.3287],[54.4053,24.329],[54.4036,24.3265]]],[[[54.1205,24.1849],[54.1211,24.182],[54.1175,24.1825],[54.1205,24.1849]]],[[[54.7453,24.8432],[54.7443,24.8456],[54.7464,24.8452],[54.7453,24.8432]]],[[[54.1316,24.1887],[54.1308,24.1835],[54.1299,24.1844],[54.1316,24.1887]]],[[[53.2657,24.1329],[53.2704,24.1338],[53.2694,24.1318],[53.2657,24.1329]]],[[[53.6129,24.8344],[53.6128,24.8375],[53.6147,24.837],[53.6129,24.8344]]],[[[54.2756,24.4445],[54.2819,24.4474],[54.2756,24.443],[54.2756,24.4445]]],[[[54.391,24.4971],[54.3929,24.5008],[54.3914,24.494],[54.391,24.4971]]],[[[54.1017,24.2584],[54.1048,24.2557],[54.1006,24.2562],[54.1017,24.2584]]],[[[56.0417,25.8999],[56.0425,25.9016],[56.0445,25.9],[56.0417,25.8999]]],[[[54.6711,24.7734],[54.6749,24.7754],[54.6735,24.7723],[54.6711,24.7734]]],[[[55.6008,25.5653],[55.5997,25.5675],[55.6009,25.5682],[55.6008,25.5653]]],[[[55.961,25.7836],[55.96,25.7852],[55.9627,25.7855],[55.961,25.7836]]],[[[53.6998,24.8574],[53.6968,24.8599],[53.701,24.8593],[53.6998,24.8574]]],[[[52.7616,24.395],[52.7586,24.3951],[52.7622,24.3973],[52.7616,24.395]]],[[[54.0956,24.2543],[54.0943,24.2568],[54.0976,24.2557],[54.0956,24.2543]]],[[[54.3782,24.2735],[54.3768,24.2751],[54.3797,24.2758],[54.3782,24.2735]]],[[[55.5888,25.5746],[55.5873,25.5768],[55.5894,25.5765],[55.5888,25.5746]]],[[[52.565,24.1865],[52.5622,24.1869],[52.5675,24.189],[52.565,24.1865]]],[[[53.7162,24.9035],[53.719,24.9041],[53.7186,24.9023],[53.7162,24.9035]]],[[[54.0051,24.174],[54.0054,24.1767],[54.007,24.1755],[54.0051,24.174]]],[[[54.2878,24.2602],[54.2905,24.2587],[54.287,24.2586],[54.2878,24.2602]]],[[[54.3446,24.3791],[54.3437,24.3806],[54.3478,24.3803],[54.3446,24.3791]]],[[[54.326,24.4772],[54.3241,24.4793],[54.3279,24.4788],[54.326,24.4772]]],[[[54.014,24.2413],[54.0143,24.2449],[54.0159,24.2433],[54.014,24.2413]]],[[[54.0919,24.2501],[54.0906,24.253],[54.0937,24.2512],[54.0919,24.2501]]],[[[54.3494,24.5165],[54.3551,24.5204],[54.3513,24.5166],[54.3494,24.5165]]],[[[53.8117,24.2305],[53.8131,24.2341],[53.8137,24.2312],[53.8117,24.2305]]],[[[55.6146,25.5983],[55.6117,25.5984],[55.6137,25.6],[55.6146,25.5983]]],[[[53.5738,24.0577],[53.5776,24.0597],[53.5767,24.0576],[53.5738,24.0577]]],[[[52.3094,24.44],[52.3111,24.4491],[52.3098,24.4396],[52.3094,24.44]]],[[[54.0793,24.2679],[54.0787,24.2697],[54.0801,24.2698],[54.0793,24.2679]]],[[[54.5472,24.5476],[54.5453,24.5485],[54.5484,24.5499],[54.5472,24.5476]]],[[[53.324,24.5863],[53.3229,24.5878],[53.3255,24.588],[53.324,24.5863]]],[[[51.8953,24.1152],[51.8955,24.118],[51.897,24.1164],[51.8953,24.1152]]],[[[54.601,24.6617],[54.602,24.6627],[54.6032,24.6606],[54.601,24.6617]]],[[[55.9465,25.7828],[55.9483,25.7813],[55.9464,25.781],[55.9465,25.7828]]],[[[53.4925,24.1038],[53.4911,24.1043],[53.4928,24.1064],[53.4925,24.1038]]],[[[54.0071,24.1573],[54.0058,24.1598],[54.0072,24.1582],[54.0071,24.1573]]],[[[54.5933,24.6648],[54.5917,24.6631],[54.5945,24.669],[54.5933,24.6648]]],[[[54.7378,24.8426],[54.7404,24.844],[54.7401,24.8423],[54.7378,24.8426]]],[[[54.5765,24.6603],[54.5791,24.6614],[54.5781,24.6593],[54.5765,24.6603]]],[[[53.8907,24.1278],[53.8908,24.1265],[53.8894,24.127],[53.8907,24.1278]]],[[[54.553,24.5285],[54.5518,24.5298],[54.554,24.5299],[54.553,24.5285]]],[[[55.3802,25.3323],[55.3784,25.3315],[55.3781,25.3323],[55.3802,25.3323]]],[[[55.0395,25.0103],[55.0383,25.0145],[55.0403,25.0103],[55.0395,25.0103]]],[[[54.411,24.3582],[54.4097,24.361],[54.4115,24.3599],[54.411,24.3582]]],[[[54.6033,24.6187],[54.6023,24.615],[54.6019,24.6156],[54.6033,24.6187]]],[[[55.3806,25.3485],[55.3816,25.349],[55.3824,25.3475],[55.3806,25.3485]]],[[[52.3077,24.4287],[52.306,24.4181],[52.3061,24.4202],[52.3077,24.4287]]],[[[53.533,24.8973],[53.5327,24.8981],[53.5347,24.8986],[53.533,24.8973]]],[[[53.2707,24.1369],[53.2723,24.1374],[53.2724,24.1363],[53.2707,24.1369]]],[[[56.3781,25.3526],[56.3773,25.3536],[56.3793,25.354],[56.3781,25.3526]]],[[[56.0449,25.9064],[56.0442,25.9081],[56.0457,25.9075],[56.0449,25.9064]]],[[[54.7521,24.8421],[54.7516,24.8432],[54.7545,24.8421],[54.7521,24.8421]]],[[[54.558,24.6405],[54.5565,24.6411],[54.5587,24.642],[54.558,24.6405]]],[[[54.4534,24.4549],[54.4553,24.4539],[54.4528,24.4542],[54.4534,24.4549]]],[[[54.2886,24.2496],[54.2861,24.2501],[54.2884,24.2509],[54.2886,24.2496]]],[[[52.7611,24.3617],[52.7643,24.365],[52.7636,24.3635],[52.7611,24.3617]]],[[[54.3326,24.3837],[54.3331,24.3817],[54.3316,24.383],[54.3326,24.3837]]],[[[54.472,24.4947],[54.4725,24.4934],[54.4712,24.4958],[54.472,24.4947]]],[[[51.689,24.2709],[51.6902,24.273],[51.69,24.2707],[51.689,24.2709]]],[[[55.3321,25.1982],[55.334,25.1977],[55.3333,25.1969],[55.3321,25.1982]]],[[[54.3902,24.5287],[54.392,24.5291],[54.3918,24.5281],[54.3902,24.5287]]],[[[54.0424,24.2141],[54.0438,24.2154],[54.0433,24.2135],[54.0424,24.2141]]],[[[54.6616,24.6896],[54.661,24.6882],[54.6602,24.6895],[54.6616,24.6896]]],[[[54.1501,24.6079],[54.1493,24.6085],[54.1506,24.6091],[54.1501,24.6079]]],[[[52.436,24.1333],[52.435,24.1332],[52.4351,24.1347],[52.436,24.1333]]],[[[55.0383,25.0171],[55.0378,25.0161],[55.0372,25.0173],[55.0383,25.0171]]],[[[52.9442,24.1994],[52.9517,24.192],[52.9491,24.1943],[52.9442,24.1994]]],[[[51.9942,24.1483],[51.9926,24.151],[51.9935,24.1505],[51.9942,24.1483]]],[[[54.3931,24.5037],[54.3936,24.5062],[54.3934,24.5025],[54.3931,24.5037]]],[[[53.8884,24.1321],[53.8885,24.1342],[53.8893,24.1321],[53.8884,24.1321]]],[[[56.0475,25.966],[56.0474,25.9664],[56.0494,25.965],[56.0475,25.966]]],[[[53.7649,24.2422],[53.7629,24.2411],[53.7641,24.2425],[53.7649,24.2422]]],[[[54.6421,24.6409],[54.6413,24.6407],[54.6415,24.6417],[54.6421,24.6409]]],[[[56.2942,25.6127],[56.2951,25.6133],[56.2946,25.6121],[56.2942,25.6127]]],[[[53.4562,24.1392],[53.4569,24.1398],[53.4567,24.1386],[53.4562,24.1392]]],[[[53.7719,24.2482],[53.7732,24.2479],[53.7722,24.2474],[53.7719,24.2482]]],[[[53.4493,24.1289],[53.4519,24.1319],[53.451,24.1304],[53.4493,24.1289]]],[[[54.6644,24.7581],[54.6658,24.7578],[54.6646,24.7573],[54.6644,24.7581]]],[[[54.6626,24.7563],[54.6639,24.7573],[54.6638,24.7564],[54.6626,24.7563]]],[[[54.4663,24.5085],[54.4682,24.5036],[54.4663,24.5083],[54.4663,24.5085]]],[[[54.609,24.5987],[54.6098,24.5993],[54.6096,24.5981],[54.609,24.5987]]],[[[53.7685,24.2456],[53.7695,24.2457],[53.7689,24.2452],[53.7685,24.2456]]],[[[53.7598,24.2384],[53.7588,24.2381],[53.7594,24.2391],[53.7598,24.2384]]],[[[54.1239,24.2141],[54.1266,24.2149],[54.1242,24.214],[54.1239,24.2141]]],[[[54.8255,24.8721],[54.826,24.8723],[54.826,24.8715],[54.8255,24.8721]]],[[[52.6014,24.3642],[52.6018,24.3649],[52.602,24.3642],[52.6014,24.3642]]],[[[53.7604,24.2396],[53.7613,24.2396],[53.7608,24.2391],[53.7604,24.2396]]],[[[53.7672,24.2443],[53.7679,24.2447],[53.7675,24.2439],[53.7672,24.2443]]],[[[53.8897,24.1311],[53.8894,24.1301],[53.8891,24.1309],[53.8897,24.1311]]],[[[55.0386,25.0196],[55.0393,25.0199],[55.0391,25.0193],[55.0386,25.0196]]],[[[55.042,25.0067],[55.0419,25.0058],[55.0415,25.0066],[55.042,25.0067]]],[[[53.7658,24.2432],[53.7666,24.2437],[53.7661,24.2429],[53.7658,24.2432]]],[[[53.7706,24.2472],[53.7713,24.2472],[53.7709,24.2468],[53.7706,24.2472]]],[[[53.3707,24.4594],[53.3703,24.4595],[53.3709,24.4601],[53.3707,24.4594]]],[[[53.7695,24.2464],[53.7702,24.2464],[53.7699,24.2459],[53.7695,24.2464]]],[[[55.6186,25.6024],[55.6189,25.6019],[55.6182,25.6018],[55.6186,25.6024]]],[[[54.7647,24.8183],[54.7646,24.8175],[54.7643,24.8177],[54.7647,24.8183]]],[[[55.386,25.3412],[55.3866,25.3403],[55.386,25.3404],[55.386,25.3412]]],[[[54.0165,24.1452],[54.0184,24.1426],[54.0164,24.1452],[54.0165,24.1452]]],[[[55.3284,25.1968],[55.3288,25.1968],[55.3286,25.1964],[55.3284,25.1968]]],[[[54.6435,24.6422],[54.6437,24.6424],[54.6437,24.6418],[54.6435,24.6422]]],[[[53.4529,24.1326],[53.4525,24.1323],[53.4524,24.1327],[53.4529,24.1326]]],[[[53.4479,24.1279],[53.4484,24.1278],[53.4481,24.1276],[53.4479,24.1279]]],[[[54.6617,24.6716],[54.6615,24.6711],[54.6613,24.6715],[54.6617,24.6716]]],[[[56.3676,25.841],[56.368,25.841],[56.3679,25.8407],[56.3676,25.841]]]]}}]}