{"type":"FeatureCollection","features":[{"type":"Feature","properties":{"birdlifeId":"22709691","scientificName":"Luscinia luscinia","rangeType":"wintering","speciesId":"avibase-6EC66752","speciesName":"Thrush Nightingale","speciesLatin":"Luscinia luscinia"},"geometry":{"type":"Polygon","coordinates":[[[21.1677,-17.5],[21.3601,-16.3429],[21.6921,-15.6344],[24.7029,-12.8296],[26.9849,-9.2721],[27.9247,-8.2909],[29.3867,-7.616],[31.1087,-7.2042],[32.3715,-7.3543],[33.1567,-7.8099],[34.1649,-9.6943],[34.3163,-12.984],[34.8297,-14.2373],[35.4817,-15.1819],[35.5793,-16.116],[35.1919,-17.0799],[34.1049,-18.6318],[33.4747,-19.9514],[33.0491,-21.3702],[32.4675,-24.8131],[32.0623,-25.5237],[31.4089,-25.8465],[30.8235,-25.8944],[30.0807,-25.3518],[29.8727,-24.9283],[29.7975,-23.5329],[30.2371,-20.0771],[29.9891,-19.3117],[29.6189,-18.974],[28.4615,-18.7755],[25.5559,-20.0158],[24.2371,-20.2809],[23.2709,-20.2407],[22.6581,-20.0248],[22.0619,-19.4641],[21.3125,-18.2904],[21.1677,-17.5]]]}},{"type":"Feature","properties":{"birdlifeId":"22709691","scientificName":"Luscinia luscinia","rangeType":"breeding","speciesId":"avibase-6EC66752","speciesName":"Thrush Nightingale","speciesLatin":"Luscinia luscinia"},"geometry":{"type":"MultiPolygon","coordinates":[[[[8.5549,54.8895],[9.0169,55.9633],[8.6249,56.5741],[8.6763,56.7723],[9.9447,57.5847],[10.6163,57.7485],[10.4331,57.5785],[10.5597,57.2243],[10.1897,56.7011],[10.9621,56.4339],[10.7041,56.1345],[10.3523,56.1905],[10.4587,56.2899],[10.2567,56.1813],[10.1971,55.8409],[10.0807,55.8875],[9.8577,55.8551],[10.0345,55.7001],[9.5445,55.7079],[9.8621,55.6277],[9.5017,55.4957],[9.6951,55.4651],[9.5157,55.2523],[9.7167,55.2389],[9.5007,55.1579],[9.4281,55.0273],[9.7825,54.9109],[9.7443,54.8403],[9.6307,54.9363],[9.4233,54.8323],[9.9601,54.7821],[10.0287,54.5529],[9.8419,54.4725],[10.1997,54.4581],[10.1317,54.3163],[11.1357,54.3903],[10.7759,53.8909],[11.4611,53.8989],[11.6913,54.1537],[12.0867,54.1839],[12.0899,54.1113],[12.1119,54.0953],[12.1521,54.0933],[12.0965,54.1779],[12.5283,54.4853],[12.9283,54.4293],[12.6965,54.4331],[12.4381,54.3805],[12.3665,54.2681],[13.0269,54.4397],[13.1065,54.2841],[13.4603,54.0881],[13.4965,54.1255],[13.7243,54.1637],[13.8227,53.8407],[14.5807,53.5823],[14.5381,53.7023],[14.7609,53.9269],[14.8017,54.0321],[14.7311,54.0247],[17.9809,54.8335],[18.3319,54.8361],[18.7845,54.6525],[18.3945,54.7437],[18.7815,54.3543],[19.5151,54.4097],[19.8929,54.6287],[19.6097,54.4239],[19.2319,54.3395],[19.3731,54.2231],[20.4121,54.6809],[19.9045,54.6343],[19.9465,54.9251],[20.7037,55.0785],[21.0427,55.3987],[21.0829,55.7245],[21.0629,55.3313],[20.8551,55.1531],[20.5299,54.9607],[21.2519,54.9533],[21.3219,55.2987],[21.0655,55.7961],[21.0039,56.5593],[21.7109,57.5713],[22.6089,57.7617],[23.2643,57.0923],[23.6363,56.9661],[24.3995,57.2413],[24.3363,57.8281],[24.5763,58.3329],[23.7361,58.3515],[23.5025,58.5725],[23.7627,58.7625],[23.4629,58.7737],[23.5385,58.8153],[23.4377,58.9415],[23.6659,58.9763],[23.4173,59.0259],[23.5155,59.2305],[24.8011,59.4475],[24.8011,59.5703],[25.4371,59.4917],[25.6979,59.6763],[27.9095,59.4037],[28.1103,59.7953],[28.3781,59.6603],[28.4859,59.8343],[28.8465,59.7821],[29.2267,59.9951],[30.2051,59.8741],[30.1825,59.8871],[30.2407,59.9151],[30.2401,59.9839],[29.8739,60.1639],[28.6209,60.3523],[28.4475,60.5473],[28.6719,60.4347],[28.7183,60.4401],[28.6889,60.5531],[28.5547,60.6015],[28.7077,60.5931],[28.6487,60.6545],[28.7543,60.6639],[28.7659,60.7261],[28.7123,60.7725],[28.3073,60.6203],[28.2421,60.5117],[27.7679,60.5825],[26.4457,60.4937],[26.4121,60.4081],[26.5421,60.3513],[26.0723,60.4361],[26.1177,60.3231],[25.9373,60.3609],[25.7903,60.2371],[25.6423,60.3093],[25.7221,60.3361],[25.6769,60.3811],[24.8469,60.2113],[24.8457,60.1675],[24.6587,60.1361],[24.4167,59.9627],[24.3127,60.0873],[23.3947,59.9231],[23.4861,59.9987],[23.4699,60.0247],[23.2325,59.8915],[23.2485,59.8437],[22.9233,59.8089],[23.1651,59.8921],[23.2335,60.0339],[23.0341,59.9093],[22.8853,59.9237],[22.8191,59.9803],[22.8197,60.0201],[22.9843,59.9703],[23.2645,60.0619],[22.8751,60.1639],[23.0403,60.3257],[22.9825,60.3317],[22.5239,60.2145],[22.6553,60.4041],[21.9007,60.5561],[21.8961,60.4819],[21.8313,60.5017],[21.7463,60.4817],[21.8299,60.5421],[21.8555,60.6503],[21.6727,60.5997],[21.6599,60.5201],[21.5849,60.4937],[21.6139,60.5213],[21.5765,60.5655],[21.3523,60.6803],[21.4737,60.7455],[21.3565,60.8791],[21.2171,60.9083],[21.4455,60.9107],[21.3017,61.0817],[21.6173,61.2273],[21.4913,61.2715],[21.5801,61.3353],[21.5381,61.4029],[21.4557,61.4309],[21.6003,61.4421],[21.4535,61.5053],[21.7235,61.5513],[21.4269,61.9525],[21.2839,61.9937],[21.4529,62.2135],[21.0815,62.6239],[21.1767,62.7453],[21.1231,62.7945],[21.4183,62.8779],[21.4731,63.0565],[21.6921,63.0511],[21.5449,63.2647],[22.0027,63.1575],[22.3665,63.2853],[22.3755,63.3547],[22.2023,63.4537],[22.4053,63.4371],[22.2967,63.4987],[22.3243,63.5731],[22.4123,63.4719],[22.6149,63.7229],[22.8121,63.6453],[22.9371,63.7147],[22.8777,63.8019],[22.6997,63.8389],[23.3847,63.9203],[23.4073,64.0797],[23.6201,64.0449],[24.3769,64.5469],[24.5443,64.8167],[25.3301,64.8301],[25.2083,65.0075],[25.4501,64.9485],[25.5885,65.0709],[26.3451,64.6805],[25.9929,64.2493],[26.0669,64.0657],[29.6043,63.8685],[30.7901,63.6183],[31.7665,63.2083],[31.8887,62.7035],[32.4551,62.3965],[38.3879,62.3833],[38.7933,62.1423],[38.9921,61.7665],[38.6909,61.1455],[38.6903,60.5071],[41.3959,59.7683],[43.6557,60.4933],[45.9383,60.4661],[46.8449,60.6297],[50.3979,63.0891],[51.3451,63.3805],[53.7363,63.6313],[60.9503,63.8173],[68.3469,62.3617],[71.8949,62.0613],[85.1117,62.0569],[88.1787,61.8991],[90.8153,60.8953],[92.9785,59.0615],[93.8213,57.6617],[94.1769,55.4717],[93.8387,53.7845],[92.5389,52.0967],[91.8747,51.9781],[88.7953,52.2999],[86.3659,51.9741],[85.1207,51.2875],[83.3185,49.0967],[82.5193,48.4573],[81.7115,48.5627],[79.0355,49.8021],[76.2315,50.7653],[70.1979,51.8699],[65.6833,51.4219],[61.4191,50.3843],[59.8015,50.6247],[55.3691,51.8313],[53.3735,51.4631],[52.0213,51.4197],[51.4281,51.1807],[51.2749,50.3517],[51.9171,49.1193],[51.5669,48.2317],[51.6683,47.8969],[51.4671,47.8741],[51.2089,47.9941],[51.3461,49.1859],[50.4059,50.1649],[50.3287,50.6849],[50.5193,51.4859],[49.8195,51.5191],[47.2547,51.0565],[46.9405,50.2057],[46.0875,49.6501],[44.4047,49.0167],[43.1047,47.5717],[42.4129,47.1275],[39.3013,47.0209],[39.0995,47.2905],[38.0963,47.0245],[37.5905,47.0963],[36.7643,46.6259],[36.7093,46.7795],[36.3977,46.7159],[36.1745,46.4989],[36.1159,46.4863],[36.2453,46.6395],[35.8763,46.6423],[35.1831,46.1423],[34.9913,46.0819],[35.2225,46.1895],[35.3581,46.3533],[35.1689,46.4961],[34.6231,45.9869],[34.1603,46.2651],[33.4291,46.0369],[33.2279,46.2221],[32.2263,46.1377],[31.7587,46.3055],[32.0647,46.3893],[32.0247,46.4507],[31.7089,46.4371],[31.5387,46.5485],[31.5149,46.5785],[32.0109,46.4915],[32.3441,46.4641],[32.4231,46.4977],[31.9973,46.6465],[31.9751,46.8789],[31.8791,46.6341],[31.4303,46.6329],[31.5045,46.6631],[31.6075,46.8139],[31.5915,46.8515],[31.4125,46.6255],[30.7511,46.5401],[30.4721,46.0763],[30.2475,45.8861],[29.7277,45.5873],[29.8807,45.6781],[29.7401,45.6157],[29.6389,45.8317],[29.7681,45.3337],[29.5967,44.8489],[28.9637,44.6437],[29.0585,45.1173],[28.1857,45.2573],[27.8857,44.7273],[27.4739,44.4927],[27.8751,44.2265],[27.5029,43.9125],[27.3309,43.9753],[27.3659,44.1795],[26.9717,44.2109],[26.3365,44.6179],[26.4661,44.9303],[26.9451,45.1795],[26.9305,46.6355],[26.5341,47.3269],[25.5633,47.7399],[25.4947,48.0451],[24.9807,47.9993],[25.0159,48.1973],[24.5941,48.5469],[24.0679,48.6683],[23.7487,48.5469],[23.1927,48.9107],[22.7909,48.8955],[22.5559,49.4243],[21.7693,49.3187],[21.8005,49.0923],[22.1123,49.0923],[22.2199,48.6531],[22.5833,48.7745],[23.0803,48.5317],[22.1789,48.3343],[22.4323,48.1061],[22.1347,47.9535],[20.9747,47.8621],[21.1495,48.2125],[21.5375,48.3951],[21.3813,48.7745],[20.7231,48.5469],[20.5289,49.0621],[20.8407,49.0621],[20.8279,49.2281],[20.0403,49.4997],[19.4181,49.5447],[19.2071,49.3489],[18.7051,49.5599],[18.5611,49.8005],[18.1407,49.8757],[18.3055,50.0407],[18.0011,50.6541],[17.5149,50.7735],[17.2847,51.1011],[14.1633,52.0193],[12.9607,52.8719],[10.2051,53.3397],[8.5549,54.8895]]],[[[6.0763,58.3725],[6.5049,58.5803],[7.2765,58.2463],[7.6675,58.3021],[8.2909,58.4551],[9.5309,59.1761],[9.6773,60.0699],[10.1551,60.5071],[9.9645,60.9693],[10.1085,61.1049],[10.4575,61.1455],[11.8841,59.8917],[11.5951,59.0517],[12.4149,59.3969],[12.5775,59.9329],[12.8825,60.0425],[13.1947,59.8231],[14.2521,59.7683],[14.5803,60.3023],[15.7921,60.4933],[15.4213,60.8743],[13.6393,61.7529],[13.6459,62.3163],[14.0451,62.3833],[14.5107,62.3833],[16.0221,61.6183],[17.0241,62.0351],[17.1621,62.7035],[17.9425,62.7947],[17.8663,62.4925],[17.4275,62.5507],[17.3399,62.4759],[17.3957,62.3069],[17.6697,62.2315],[17.3117,61.8565],[17.4921,61.6187],[17.1249,61.7225],[17.2613,61.6575],[17.1269,61.6503],[17.1083,61.6203],[17.2481,61.6043],[17.0749,61.6123],[17.0497,61.5751],[17.2267,61.5485],[17.0569,61.5473],[17.2823,61.2809],[17.1197,61.3075],[17.1461,61.0073],[17.2477,61.0099],[17.0847,60.9005],[17.3585,60.7571],[17.1541,60.6841],[17.7415,60.4965],[17.9931,60.6017],[18.2361,60.3367],[18.6121,60.2505],[18.3151,60.3105],[18.5919,60.0505],[18.8169,59.9801],[18.7737,60.1029],[18.8421,60.1115],[19.0933,59.8691],[18.8499,59.9469],[18.9529,59.8517],[18.7301,59.7571],[19.0031,59.7785],[19.0731,59.7205],[18.9255,59.7549],[18.2383,59.4371],[18.3489,59.3893],[17.9675,59.4377],[18.4759,59.1705],[18.1985,59.1089],[18.0543,59.0267],[18.0185,59.0469],[17.9037,58.8517],[17.6763,59.1783],[17.5821,58.9495],[17.6341,58.8943],[17.4673,58.8889],[17.5143,58.7799],[17.0967,58.7733],[16.9441,58.6109],[16.3579,58.6637],[16.2039,58.6413],[16.9559,58.4809],[16.3133,58.4933],[16.8011,58.3613],[16.6367,58.3455],[16.8591,58.1753],[16.6199,58.2015],[16.7889,58.0787],[16.6327,57.9827],[16.8099,57.8713],[16.5943,57.9267],[16.4815,57.8915],[16.6757,57.7611],[16.4175,57.9251],[16.7419,57.7005],[16.5403,57.7287],[16.6645,57.6081],[16.5815,57.6507],[16.5207,57.5635],[16.7151,57.4887],[16.4715,57.2603],[16.4721,57.1489],[16.5857,57.0459],[16.4577,57.0315],[16.3957,56.6773],[15.8595,56.0709],[15.8347,56.1653],[15.6041,56.2029],[15.0247,56.1875],[14.3393,55.9561],[14.1967,55.7333],[14.3527,55.5133],[14.1741,55.3773],[12.8137,55.3787],[13.0673,55.6731],[12.4483,56.2935],[12.7815,56.2127],[12.6195,56.4177],[12.9385,56.5755],[12.3633,56.9173],[12.1229,57.4299],[11.9545,57.3589],[11.9713,57.3897],[11.9123,57.4375],[11.9319,57.6235],[11.7139,57.7179],[11.8317,57.7809],[11.6823,57.8535],[11.7917,57.9071],[11.7585,57.9489],[11.8213,57.9981],[11.8289,58.0269],[11.8163,58.0693],[11.8177,58.0729],[11.8053,58.0813],[11.9285,58.2227],[11.8251,58.3123],[11.9167,58.3329],[11.9201,58.3519],[11.7049,58.3405],[11.5245,58.2479],[11.7183,58.4321],[11.5831,58.4785],[11.4715,58.2745],[11.4633,58.4551],[11.2439,58.3535],[11.3507,58.4849],[11.2579,58.5217],[11.3107,58.5809],[11.2551,58.6911],[11.1635,58.7503],[11.2593,58.7231],[11.2399,58.8351],[11.1935,58.9311],[11.1187,58.9701],[11.2267,59.1343],[11.1859,59.1957],[10.8307,59.1525],[10.8127,59.3195],[10.5921,59.4295],[10.6957,59.5261],[10.5885,59.7631],[10.6663,59.8715],[10.7467,59.7115],[10.7919,59.8469],[10.7609,59.9083],[10.5379,59.8907],[10.4839,59.8381],[10.5359,59.6869],[10.6317,59.5953],[10.5143,59.5165],[10.4377,59.6827],[10.2881,59.7525],[10.2165,59.7415],[10.3877,59.6743],[10.3901,59.5281],[10.2397,59.5683],[10.5291,59.3095],[10.4257,59.2597],[10.4383,59.1627],[10.3665,59.1741],[10.4029,59.2637],[10.3749,59.2723],[10.3127,59.0599],[10.2327,59.1233],[9.8487,58.9595],[9.8527,59.0171],[9.7939,59.0913],[9.5179,59.1285],[9.7223,59.0335],[9.7531,58.9911],[9.3019,58.8877],[9.2891,58.8381],[9.4657,58.8319],[9.3539,58.7521],[9.0715,58.7559],[9.2465,58.7243],[8.9857,58.6731],[9.2311,58.6847],[8.9401,58.6171],[8.2051,58.1865],[8.2427,58.1207],[8.1953,58.1645],[8.0665,58.1145],[8.1585,58.2523],[8.0331,58.2293],[7.9585,58.0773],[7.1807,58.0581],[7.0581,57.9779],[7.1441,58.0689],[6.9969,58.0291],[6.9759,58.0359],[7.0115,58.0585],[7.0123,58.0641],[7.0151,58.0657],[7.0111,58.0735],[7.0591,58.1205],[6.8227,58.0931],[7.0503,58.1371],[6.8767,58.1961],[6.8013,58.0555],[6.5577,58.1143],[6.9149,58.2811],[6.0763,58.3725]]],[[[21.7831,47.3309],[22.6167,47.8921],[22.8759,47.8289],[23.1415,47.6571],[23.3843,46.6579],[24.1435,46.6395],[24.1783,46.9947],[23.7049,48.0547],[24.0611,48.2799],[23.9425,48.4869],[24.3113,48.4869],[24.1377,48.0365],[24.6295,47.9103],[24.7493,47.5213],[25.7393,46.9947],[26.0767,45.7245],[25.7027,45.5959],[25.1073,45.9081],[24.2373,46.0179],[23.2375,45.6969],[22.4027,46.2103],[22.2997,46.9493],[21.7831,47.3309]]],[[[17.8157,63.0493],[18.2853,63.0891],[18.6197,63.4995],[20.4769,64.1837],[20.8031,64.4325],[20.8631,64.8499],[21.2463,64.9279],[21.2609,64.9253],[21.0141,64.8627],[21.2977,64.7591],[21.1003,64.6895],[21.6157,64.4523],[21.0751,64.2285],[20.4051,63.6727],[20.3193,63.7853],[19.6695,63.4341],[19.4473,63.5735],[19.0447,63.1943],[18.8889,63.2981],[18.7253,63.2911],[18.7201,63.2663],[18.9077,63.2339],[18.2149,63.0143],[18.5455,62.9921],[18.3995,62.8499],[18.3257,62.8411],[18.2993,62.8965],[18.2615,62.9031],[17.9615,62.7995],[17.9123,62.9651],[17.8157,63.0493]]],[[[10.8803,55.7457],[11.2683,55.7329],[11.5321,55.8743],[11.5203,55.9307],[11.3035,55.9747],[11.2889,55.9995],[11.7781,55.9771],[11.6583,55.7219],[11.8151,55.6677],[11.9407,55.9343],[12.0699,55.7679],[11.9943,55.7407],[11.9349,55.6543],[12.0845,55.6529],[12.1231,55.7297],[12.0453,55.9295],[11.8555,55.9759],[12.6349,56.0327],[12.5975,55.6879],[12.1961,55.4697],[12.4587,55.2913],[12.0327,55.1657],[12.1855,55.1123],[12.0505,54.9597],[11.6233,55.0815],[11.8351,55.0449],[11.7253,55.1107],[11.8191,55.1313],[11.7185,55.2095],[11.2487,55.2109],[11.1539,55.5923],[10.9365,55.6729],[11.1115,55.6713],[10.8803,55.7457]]],[[[24.1943,45.0617],[24.2869,45.5315],[24.4595,45.5775],[24.9443,44.9417],[24.6235,44.8125],[24.1943,45.0617]]],[[[22.8001,43.8943],[23.2683,44.1267],[23.7813,43.9781],[23.8241,43.8105],[23.0599,43.6335],[22.8001,43.8943]]],[[[44.3527,40.9351],[45.4977,40.7615],[45.4989,40.5575],[44.6191,40.5953],[44.3527,40.9351]]],[[[18.1021,57.2563],[18.1117,57.5321],[18.4867,57.8251],[19.1013,57.8381],[18.8143,57.7399],[18.7779,57.4703],[18.9451,57.4203],[18.4117,57.1337],[18.3275,56.9339],[18.1371,56.9061],[18.3085,57.0971],[18.1021,57.2563]]],[[[9.6807,55.5165],[10.3263,55.6239],[10.4271,55.5889],[10.5663,55.5223],[10.4945,55.5509],[10.4281,55.4409],[10.4771,55.4417],[10.6311,55.4929],[10.6217,55.6241],[10.7527,55.4799],[10.6683,55.4525],[10.5925,55.4657],[10.5465,55.4461],[10.8597,55.2945],[10.7463,55.0693],[10.0789,55.0763],[10.1747,55.1297],[9.6807,55.5165]]],[[[21.8377,58.3067],[22.0001,58.3493],[21.8455,58.4991],[22.1027,58.4187],[22.5641,58.6427],[22.9589,58.6153],[23.3317,58.4603],[22.2995,58.2051],[22.0499,57.8997],[22.2115,58.1561],[21.8377,58.3067]]],[[[22.8185,48.1899],[23.2977,48.4959],[23.9197,48.3339],[23.6857,48.1719],[22.8185,48.1899]]],[[[28.1559,43.9595],[28.3131,44.1731],[28.6645,44.2009],[28.5869,43.7455],[28.1559,43.9595]]],[[[16.3809,56.5265],[16.9659,57.2927],[17.1293,57.3543],[16.4103,56.1929],[16.3809,56.5265]]],[[[10.9579,54.8185],[11.1541,54.8089],[11.0309,54.9117],[11.2489,54.9567],[11.8705,54.7387],[11.4993,54.5973],[10.9579,54.8185]]],[[[22.0443,58.9249],[22.6627,59.0861],[23.0747,58.8389],[22.7393,58.8063],[22.5643,58.6883],[22.0443,58.9249]]],[[[13.1151,54.3401],[13.2671,54.3835],[13.1529,54.4243],[13.2731,54.4811],[13.1469,54.5489],[13.5071,54.4847],[13.1621,54.5611],[13.4323,54.6839],[13.7673,54.3427],[13.4583,54.3367],[13.3947,54.2203],[13.1151,54.3401]]],[[[19.7593,60.0949],[19.6611,60.2989],[19.7033,60.2903],[19.7099,60.2573],[19.8041,60.3241],[19.7779,60.2617],[19.8109,60.1995],[19.8391,60.2011],[19.9317,60.3195],[19.9045,60.3553],[19.7911,60.3623],[19.8217,60.3757],[19.8063,60.3963],[19.8265,60.4133],[19.8907,60.4251],[19.9465,60.3557],[20.2031,60.3387],[20.2803,60.2031],[19.9365,60.2193],[20.2467,60.0073],[19.7593,60.0949]]],[[[14.0401,54.0141],[13.8077,54.1721],[14.3237,53.9103],[14.7187,54.0223],[14.7629,54.0153],[14.6931,53.9981],[14.5859,53.8037],[14.4033,53.8923],[13.8835,53.8385],[14.0401,54.0141]]],[[[14.6845,55.0993],[14.7723,55.3001],[15.1589,55.1299],[15.0743,54.9849],[14.6845,55.0993]]],[[[22.3677,60.0563],[22.6241,60.1511],[22.4211,60.1581],[22.4747,60.2365],[22.5463,60.2005],[22.8491,60.2383],[22.9817,60.3003],[22.8619,60.2159],[22.7667,60.0065],[22.6837,60.0445],[22.4687,60.0163],[22.4597,59.9849],[22.3677,60.0563]]],[[[11.7063,54.9315],[11.9633,54.9385],[12.1701,54.8335],[11.9723,54.5625],[11.9163,54.7165],[11.7063,54.9315]]],[[[11.4187,58.1295],[11.6855,58.2413],[11.7055,58.2995],[11.8491,58.2203],[11.4187,58.1295]]],[[[9.6409,55.0465],[9.7643,55.0835],[9.9595,55.0119],[10.0723,54.8759],[9.6409,55.0465]]],[[[10.5927,54.8453],[10.7309,54.8777],[10.9595,55.1569],[10.7391,54.7445],[10.5927,54.8453]]],[[[12.1061,54.9029],[12.3565,54.9843],[12.2605,55.0579],[12.5565,54.9587],[12.1061,54.9029]]],[[[23.0739,58.6033],[23.2049,58.6849],[23.4125,58.5523],[23.2715,58.5507],[23.2313,58.5285],[23.0739,58.6033]]],[[[18.2325,59.3371],[18.4019,59.3631],[18.4735,59.3207],[18.5035,59.3855],[18.4385,59.4265],[18.7585,59.3499],[18.5793,59.2899],[18.2325,59.3371]]],[[[11.3155,54.4031],[11.0451,54.5245],[11.1753,54.5237],[11.3155,54.4031]]],[[[21.0847,63.2997],[21.2017,63.2775],[21.2427,63.3179],[21.1943,63.2335],[21.3205,63.2219],[21.3907,63.2795],[21.4577,63.2059],[21.2687,63.1567],[21.0847,63.2997]]],[[[11.7693,58.0149],[11.5659,58.0655],[11.6305,58.0541],[11.7375,58.0759],[11.7693,58.0149]]],[[[19.1331,57.8413],[19.1937,57.9943],[19.3623,57.9529],[19.1331,57.8413]]],[[[10.5255,55.9717],[10.6955,55.8965],[10.6255,55.7685],[10.5357,55.7911],[10.5255,55.9717]]],[[[21.8445,60.4389],[21.8527,60.4905],[22.0515,60.3557],[21.9121,60.3491],[21.9277,60.3645],[21.7963,60.3927],[21.8445,60.4389]]],[[[12.5873,55.5581],[12.6161,55.6989],[12.6779,55.5945],[12.5873,55.5581]]],[[[23.1977,58.9609],[23.2011,59.0519],[23.3939,58.9943],[23.1977,58.9609]]],[[[19.5209,60.1757],[19.6121,60.3087],[19.6867,60.2055],[19.5907,60.2173],[19.5989,60.1473],[19.5209,60.1757]]],[[[10.2073,54.9643],[10.3729,54.8845],[10.5383,54.8465],[10.4179,54.8183],[10.2073,54.9643]]],[[[18.4091,60.3705],[18.4419,60.4899],[18.5865,60.3005],[18.4091,60.3705]]],[[[22.2441,60.2949],[22.1839,60.3329],[22.3653,60.3101],[22.2183,60.2421],[22.2441,60.2949]]],[[[10.5587,54.9421],[10.6397,55.0563],[10.6963,54.9941],[10.5587,54.9421]]],[[[38.8677,46.9449],[39.0963,47.0341],[39.2601,47.0169],[38.8677,46.9449]]],[[[21.7975,60.1333],[21.7821,60.2145],[21.9509,60.1917],[21.7975,60.1333]]],[[[17.4209,62.3651],[17.5019,62.4601],[17.5393,62.3629],[17.4209,62.3651]]],[[[21.6665,60.1167],[21.5841,60.1835],[21.6955,60.1689],[21.6665,60.1167]]],[[[18.3441,59.2849],[18.5057,59.2885],[18.5277,59.2745],[18.6161,59.2497],[18.3441,59.2849]]],[[[18.1399,62.6879],[18.0609,62.7591],[18.1725,62.7383],[18.1399,62.6879]]],[[[32.5537,46.0733],[32.8663,46.0689],[33.0621,46.0247],[32.9343,46.0165],[32.5537,46.0733]]],[[[21.3323,60.5639],[21.3795,60.5749],[21.3839,60.5989],[21.4269,60.5579],[21.5385,60.5281],[21.3323,60.5639]]],[[[28.6201,60.2703],[28.6049,60.3429],[28.7313,60.2859],[28.6201,60.2703]]],[[[17.7099,58.9013],[17.6719,59.0155],[17.6585,59.0585],[17.6845,59.0753],[17.7099,58.9013]]],[[[22.3081,60.3313],[22.3999,60.3707],[22.4509,60.3455],[22.5245,60.3445],[22.3081,60.3313]]],[[[18.4197,59.0083],[18.3717,59.0791],[18.4921,59.1197],[18.4197,59.0083]]],[[[22.1439,63.2487],[22.1043,63.3287],[22.2499,63.3055],[22.1439,63.2487]]],[[[21.3607,63.2903],[21.3031,63.3699],[21.4115,63.3561],[21.3607,63.2903]]],[[[18.5913,59.5043],[18.6497,59.5573],[18.7633,59.5433],[18.6013,59.4947],[18.6053,59.4563],[18.5913,59.5043]]],[[[17.9485,62.5537],[17.9965,62.6429],[18.0771,62.6117],[17.9933,62.5625],[17.9485,62.5537]]],[[[22.2681,60.1977],[22.2875,60.2691],[22.3251,60.2355],[22.2681,60.1977]]],[[[21.9481,60.1693],[22.0669,60.2183],[22.1103,60.2031],[22.0457,60.1883],[22.0269,60.1491],[21.9481,60.1693]]],[[[11.4575,53.9573],[11.4493,54.0219],[11.4999,54.0159],[11.4575,53.9573]]],[[[25.6239,60.2043],[25.6089,60.3137],[25.6797,60.2401],[25.6239,60.2043]]],[[[22.4135,60.2465],[22.3819,60.2973],[22.4689,60.3045],[22.4135,60.2465]]],[[[31.5125,46.3483],[31.6063,46.2563],[31.9637,46.1901],[31.5941,46.2561],[31.5125,46.3483]]],[[[19.2291,58.3379],[19.2871,58.3833],[19.3277,58.3661],[19.2291,58.3379]]],[[[22.7537,63.7167],[22.7705,63.7927],[22.8311,63.7741],[22.7537,63.7167]]],[[[10.4007,59.0515],[10.4443,59.1559],[10.4541,59.0579],[10.4007,59.0515]]],[[[18.1619,58.9737],[18.1155,59.0287],[18.2343,59.0309],[18.1619,58.9737]]],[[[21.2517,60.2135],[21.2651,60.2273],[21.2723,60.2233],[21.2907,60.2191],[21.2981,60.2193],[21.3221,60.2347],[21.3803,60.2377],[21.3389,60.2271],[21.3849,60.2043],[21.4707,60.2079],[21.4015,60.1779],[21.3171,60.1959],[21.3419,60.2067],[21.2517,60.2135]]],[[[20.2773,60.0649],[20.2399,60.1623],[20.3011,60.1485],[20.2773,60.0649]]],[[[18.9909,59.7883],[18.9779,59.8649],[19.0107,59.8339],[18.9909,59.7883]]],[[[18.2077,59.3411],[18.1229,59.3939],[18.2703,59.3749],[18.2077,59.3411]]],[[[21.2421,60.5141],[21.3031,60.5627],[21.3585,60.5027],[21.2421,60.5141]]],[[[21.2949,60.5839],[21.3135,60.6699],[21.3619,60.6293],[21.3241,60.6307],[21.3235,60.5819],[21.2949,60.5839]]],[[[23.5485,59.8873],[23.5141,59.9285],[23.6597,59.9307],[23.5223,59.9241],[23.5485,59.8873]]],[[[20.3809,60.1933],[20.3351,60.2821],[20.4389,60.2473],[20.3809,60.1933]]],[[[21.9965,60.4239],[22.0381,60.4467],[22.0755,60.4433],[21.9965,60.4239]]],[[[11.0235,59.0175],[11.0281,59.0955],[11.0833,59.0689],[11.0235,59.0175]]],[[[25.9401,60.2697],[25.9969,60.3371],[26.0387,60.2877],[26.0165,60.2777],[26.0039,60.2817],[25.9977,60.2805],[25.9779,60.2767],[25.9723,60.2731],[25.9401,60.2697]]],[[[8.8343,58.4301],[8.9257,58.5055],[8.9479,58.5059],[8.8343,58.4301]]],[[[21.9565,60.2761],[21.9693,60.3157],[21.9131,60.3289],[22.0367,60.3247],[21.9565,60.2761]]],[[[21.7573,60.5551],[21.7365,60.4943],[21.7305,60.4645],[21.6987,60.4717],[21.7573,60.5551]]],[[[16.7939,58.3821],[16.8641,58.4045],[16.8359,58.3585],[16.8785,58.3213],[16.9111,58.3395],[16.9267,58.3353],[16.8923,58.3149],[16.8577,58.3167],[16.7939,58.3821]]],[[[18.6403,59.2499],[18.7037,59.2999],[18.7169,59.2921],[18.6403,59.2499]]],[[[20.7533,60.2555],[20.8065,60.2893],[20.8515,60.2469],[20.7973,60.2427],[20.8103,60.2223],[20.7533,60.2555]]],[[[26.9817,60.0259],[26.9833,60.0969],[27.0257,60.0251],[26.9817,60.0259]]],[[[18.3313,58.9311],[18.2585,58.9609],[18.3703,58.9805],[18.3313,58.9311]]],[[[20.8877,63.7443],[20.9091,63.8159],[20.9541,63.7933],[20.8877,63.7443]]],[[[17.8807,58.8137],[17.8263,58.8161],[17.8351,58.8881],[17.8807,58.8137]]],[[[26.5403,60.3773],[26.5979,60.4471],[26.6615,60.4205],[26.5403,60.3773]]],[[[20.9589,63.7735],[20.8971,63.7491],[20.9519,63.7793],[20.9589,63.7735]]],[[[18.7337,60.1549],[18.7683,60.2041],[18.8143,60.1603],[18.7337,60.1549]]],[[[22.9533,60.0853],[22.9045,60.1215],[22.9717,60.1087],[22.9533,60.0853]]],[[[21.1551,62.9411],[21.2111,62.9859],[21.2219,62.9481],[21.1551,62.9411]]],[[[20.5331,60.0027],[20.5647,60.0593],[20.6175,60.0333],[20.5331,60.0027]]],[[[13.2249,54.4671],[13.1565,54.4891],[13.2287,54.4859],[13.2249,54.4671]]],[[[18.9449,59.6365],[18.9619,59.6579],[19.0027,59.6309],[18.9449,59.6365]]],[[[28.4567,60.3329],[28.4863,60.3655],[28.5319,60.3083],[28.4567,60.3329]]],[[[24.5263,59.5423],[24.5177,59.6065],[24.5677,59.5433],[24.5263,59.5423]]],[[[22.1703,60.3865],[22.2089,60.4307],[22.2693,60.4019],[22.1703,60.3865]]],[[[22.0167,63.3717],[21.9961,63.3901],[22.0951,63.3821],[22.0721,63.3563],[22.0167,63.3717]]],[[[11.4679,58.2037],[11.4505,58.2485],[11.5083,58.2603],[11.4679,58.2037]]],[[[6.6271,58.1957],[6.5775,58.2405],[6.6413,58.2175],[6.6271,58.1957]]],[[[22.3391,60.1489],[22.3109,60.1893],[22.3903,60.2063],[22.3391,60.1489]]],[[[23.9231,59.9533],[23.9061,59.9885],[23.9901,59.9849],[23.9231,59.9533]]],[[[22.2117,60.3429],[22.2953,60.3755],[22.3089,60.3619],[22.2117,60.3429]]],[[[18.5535,59.4363],[18.5593,59.4987],[18.5985,59.4357],[18.5535,59.4363]]],[[[13.0613,54.4687],[13.0985,54.5911],[13.1465,54.6041],[13.1085,54.5837],[13.0613,54.4687]]],[[[15.7103,56.0709],[15.6713,56.1191],[15.7415,56.1109],[15.7103,56.0709]]],[[[28.5091,60.3619],[28.5225,60.4135],[28.5363,60.3503],[28.5091,60.3619]]],[[[10.8855,59.0653],[10.8731,59.1141],[10.9229,59.0995],[10.8855,59.0653]]],[[[20.3927,59.9847],[20.3559,60.0191],[20.4637,60.0017],[20.3927,59.9847]]],[[[12.7699,55.6081],[12.7745,55.6735],[12.7903,55.6129],[12.7699,55.6081]]],[[[22.3575,60.3671],[22.4331,60.4023],[22.4807,60.4041],[22.3575,60.3671]]],[[[23.9953,58.1001],[23.9677,58.1481],[24.0203,58.1505],[23.9953,58.1001]]],[[[18.6811,63.0275],[18.6539,63.0717],[18.7183,63.0623],[18.6811,63.0275]]],[[[11.4019,54.9199],[11.4131,54.9669],[11.4721,54.9475],[11.4019,54.9199]]],[[[18.8371,59.5905],[18.8583,59.6267],[18.9597,59.6679],[18.8371,59.5905]]],[[[29.7911,59.9761],[29.7277,60.0231],[29.8097,59.9883],[29.7911,59.9761]]],[[[21.4303,63.0137],[21.4161,63.0387],[21.4235,63.0831],[21.4561,63.0747],[21.4303,63.0137]]],[[[28.6269,60.4761],[28.5943,60.5235],[28.6969,60.4697],[28.6269,60.4761]]],[[[11.8175,55.7527],[11.8295,55.8119],[11.8507,55.7837],[11.8175,55.7527]]],[[[21.6085,60.2227],[21.5841,60.2731],[21.6373,60.2537],[21.6085,60.2227]]],[[[22.0639,63.3003],[21.9869,63.3109],[22.0315,63.3085],[21.9991,63.3231],[22.0191,63.3297],[22.0639,63.3003]]],[[[22.8819,60.0049],[22.9003,60.0683],[22.9213,60.0491],[22.8819,60.0049]]],[[[23.9759,59.3213],[23.9947,59.3571],[24.0107,59.3199],[23.9759,59.3213]]],[[[27.8427,59.9869],[27.8351,60.0377],[27.8739,60.0027],[27.8427,59.9869]]],[[[12.0793,54.9067],[12.0677,54.9379],[12.0907,54.9227],[12.0793,54.9067]]],[[[11.1557,55.8749],[11.1213,55.9131],[11.2229,55.8561],[11.1557,55.8749]]],[[[20.4977,60.0209],[20.4829,60.0577],[20.5455,60.0605],[20.4977,60.0209]]],[[[21.6727,63.2511],[21.6713,63.3201],[21.7001,63.3061],[21.6727,63.2511]]],[[[10.3149,55.7457],[10.3163,55.7939],[10.3307,55.7681],[10.3149,55.7457]]],[[[18.7759,59.2579],[18.7961,59.3051],[18.8243,59.2927],[18.7759,59.2579]]],[[[23.9205,59.3081],[23.9269,59.3459],[23.9523,59.3135],[23.9205,59.3081]]],[[[18.2413,59.0771],[18.2535,59.1129],[18.3525,59.0977],[18.2413,59.0771]]],[[[21.1709,62.8285],[21.1699,62.8643],[21.2307,62.8587],[21.1709,62.8285]]],[[[20.7531,60.3115],[20.7687,60.3585],[20.8023,60.3539],[20.7531,60.3115]]],[[[18.9011,59.4097],[18.8773,59.4435],[18.9383,59.4415],[18.9011,59.4097]]],[[[20.4441,60.0219],[20.4571,60.0671],[20.4759,60.0635],[20.4441,60.0219]]],[[[17.6631,62.4163],[17.7455,62.4177],[17.7541,62.3905],[17.6631,62.4163]]],[[[23.2181,57.7845],[23.2317,57.8213],[23.2711,57.7851],[23.2181,57.7845]]],[[[11.0287,58.8607],[11.0163,58.9079],[11.0591,58.8705],[11.0287,58.8607]]],[[[11.5417,54.9451],[11.5493,54.9879],[11.5701,54.9719],[11.5417,54.9451]]],[[[20.9841,59.9315],[21.0049,59.9563],[21.0095,59.9237],[20.9799,59.9247],[20.9841,59.9315]]],[[[8.9727,58.5281],[8.9811,58.5843],[8.9917,58.5755],[8.9727,58.5281]]],[[[21.7389,63.2745],[21.7341,63.3125],[21.7913,63.2787],[21.7389,63.2745]]],[[[22.5357,59.9469],[22.5559,59.9905],[22.5843,59.9647],[22.5357,59.9469]]],[[[26.8955,60.4231],[26.8811,60.4693],[26.9167,60.4445],[26.8955,60.4231]]],[[[22.1141,60.3507],[22.1333,60.3785],[22.2265,60.3809],[22.1141,60.3507]]],[[[16.7083,57.5807],[16.7119,57.6219],[16.7385,57.6201],[16.7083,57.5807]]],[[[22.5015,59.8647],[22.4871,59.8727],[22.4855,59.8871],[22.5331,59.8961],[22.5015,59.8647]]],[[[17.7215,62.1871],[17.7189,62.2303],[17.7553,62.2143],[17.7215,62.1871]]],[[[21.8373,58.3717],[21.8831,58.3989],[21.9163,58.3865],[21.8373,58.3717]]],[[[10.9517,59.0255],[10.9595,59.0811],[10.9757,59.0359],[10.9517,59.0255]]],[[[18.0937,62.6411],[18.0869,62.6723],[18.1161,62.6581],[18.0937,62.6411]]],[[[17.3777,61.5351],[17.4563,61.5513],[17.4711,61.5409],[17.3777,61.5351]]],[[[20.9143,59.9071],[20.9109,59.9497],[20.9355,59.9089],[20.9143,59.9071]]],[[[16.7841,57.9669],[16.7875,58.0015],[16.8301,57.9957],[16.7841,57.9669]]],[[[16.4761,56.7625],[16.4703,56.7983],[16.4883,56.7849],[16.4761,56.7625]]],[[[22.5027,58.1255],[22.4923,58.1779],[22.5353,58.1513],[22.5027,58.1255]]],[[[16.7493,57.8179],[16.7379,57.8547],[16.7977,57.8059],[16.7493,57.8179]]],[[[25.8437,60.2009],[25.8243,60.2303],[25.8945,60.2249],[25.8437,60.2009]]],[[[26.1155,60.2733],[26.1291,60.3135],[26.1525,60.2903],[26.1155,60.2733]]],[[[21.9763,60.1101],[21.9683,60.1395],[22.0183,60.1217],[21.9763,60.1101]]],[[[20.6869,60.1859],[20.6883,60.2319],[20.7235,60.2001],[20.6869,60.1859]]],[[[18.0041,62.7513],[18.0203,62.7867],[18.0447,62.7709],[18.0041,62.7513]]],[[[22.6345,59.9377],[22.6271,59.9891],[22.6569,59.9501],[22.6345,59.9377]]],[[[11.1667,58.8257],[11.1941,58.8613],[11.2117,58.8411],[11.1667,58.8257]]],[[[14.7509,53.9505],[14.7169,53.9793],[14.7555,53.9689],[14.7509,53.9505]]],[[[19.5047,63.4173],[19.4721,63.4689],[19.5243,63.4173],[19.5047,63.4173]]],[[[18.5287,63.0259],[18.5423,63.0707],[18.5797,63.0643],[18.5533,63.0523],[18.5287,63.0259]]],[[[23.4079,59.8631],[23.4131,59.8843],[23.4097,59.8923],[23.4419,59.8941],[23.4079,59.8631]]],[[[20.6713,60.1103],[20.6661,60.1497],[20.7015,60.1219],[20.6713,60.1103]]],[[[22.4959,60.3533],[22.4637,60.3741],[22.5351,60.3761],[22.4959,60.3533]]],[[[21.3589,61.1691],[21.3921,61.2123],[21.4295,61.1695],[21.3589,61.1691]]],[[[16.8623,58.2731],[16.8539,58.3089],[16.8957,58.2911],[16.8623,58.2731]]],[[[18.7375,59.1913],[18.7093,59.2169],[18.7609,59.2073],[18.7375,59.1913]]],[[[21.2467,60.8607],[21.2043,60.8923],[21.2825,60.8871],[21.2467,60.8607]]],[[[26.2037,60.3181],[26.2043,60.3493],[26.2493,60.3241],[26.2037,60.3181]]],[[[22.9377,60.0079],[22.9539,60.0515],[22.9799,60.0393],[22.9377,60.0079]]],[[[18.5005,60.2069],[18.5521,60.2121],[18.5591,60.1885],[18.5005,60.2069]]],[[[11.5449,58.2137],[11.5253,58.2385],[11.5621,58.2335],[11.5449,58.2137]]],[[[11.7031,58.0709],[11.6733,58.0943],[11.7193,58.0865],[11.7031,58.0709]]],[[[22.1151,60.4105],[22.1641,60.4393],[22.2055,60.4391],[22.1151,60.4105]]],[[[21.3435,60.3497],[21.3335,60.3861],[21.3707,60.3531],[21.3435,60.3497]]],[[[21.4311,60.7351],[21.3965,60.7351],[21.3783,60.7647],[21.4311,60.7351]]],[[[21.0867,62.5289],[21.0569,62.5721],[21.0959,62.5643],[21.0867,62.5289]]],[[[22.4247,59.9241],[22.4277,59.9773],[22.4405,59.9677],[22.4247,59.9241]]],[[[21.2255,63.3627],[21.1983,63.3847],[21.2589,63.3905],[21.2255,63.3627]]],[[[21.5097,61.2181],[21.4857,61.2457],[21.5215,61.2353],[21.5097,61.2181]]],[[[21.2423,62.3353],[21.2271,62.3903],[21.2641,62.3449],[21.2423,62.3353]]],[[[27.0335,60.4151],[27.0387,60.4641],[27.0519,60.4441],[27.0335,60.4151]]],[[[12.7015,55.8899],[12.7081,55.9187],[12.7261,55.8961],[12.7015,55.8899]]],[[[27.8151,60.4721],[27.8199,60.5055],[27.8535,60.4777],[27.8151,60.4721]]],[[[16.7115,57.7825],[16.6757,57.8131],[16.7305,57.7995],[16.7115,57.7825]]],[[[21.4095,60.3709],[21.3985,60.4033],[21.4253,60.3801],[21.4095,60.3709]]],[[[27.0431,60.3779],[27.0747,60.4037],[27.0745,60.3783],[27.0431,60.3779]]],[[[10.6747,55.0311],[10.7041,55.0567],[10.7205,55.0363],[10.6747,55.0311]]],[[[11.1829,55.1963],[11.1815,55.2361],[11.2197,55.1861],[11.1829,55.1963]]],[[[15.5731,56.0959],[15.5433,56.1229],[15.5801,56.1133],[15.5731,56.0959]]],[[[10.0823,55.8527],[10.0637,55.8721],[10.1221,55.8649],[10.0823,55.8527]]],[[[21.2019,62.8783],[21.2091,62.9053],[21.2293,62.8731],[21.2019,62.8783]]],[[[25.0693,60.1585],[25.0597,60.1857],[25.1007,60.1663],[25.0693,60.1585]]],[[[24.9923,59.6133],[25.0295,59.6373],[25.0441,59.6133],[24.9923,59.6133]]],[[[8.3703,58.1895],[8.3619,58.2229],[8.3995,58.2147],[8.3703,58.1895]]],[[[8.7505,58.4175],[8.7753,58.4509],[8.7891,58.4351],[8.7505,58.4175]]],[[[16.6473,57.5557],[16.6323,57.5961],[16.6707,57.5587],[16.6473,57.5557]]],[[[21.6481,60.4277],[21.6189,60.4189],[21.6375,60.4577],[21.6481,60.4277]]],[[[20.3311,60.2057],[20.3083,60.2217],[20.3233,60.2221],[20.3311,60.2057]]],[[[9.5157,58.8435],[9.5185,58.8719],[9.5353,58.8621],[9.5157,58.8435]]],[[[18.6533,62.9831],[18.6339,63.0085],[18.6749,63.0207],[18.6533,62.9831]]],[[[21.4665,60.2159],[21.4319,60.2439],[21.4743,60.2311],[21.4665,60.2159]]],[[[18.9549,59.3703],[18.9367,59.4133],[18.9641,59.3819],[18.9549,59.3703]]],[[[21.0411,62.7099],[21.0743,62.7343],[21.0773,62.7101],[21.0411,62.7099]]],[[[18.6707,59.4421],[18.6907,59.4647],[18.7483,59.4613],[18.6855,59.4495],[18.6707,59.4421]]],[[[17.6687,58.8109],[17.6323,58.8545],[17.7185,58.8011],[17.6687,58.8109]]],[[[11.5293,58.0605],[11.5211,58.0963],[11.5549,58.0829],[11.5293,58.0605]]],[[[11.4687,55.1871],[11.4395,55.2075],[11.4905,55.1967],[11.4687,55.1871]]],[[[10.9285,59.0629],[10.9269,59.0933],[10.9513,59.0993],[10.9285,59.0629]]],[[[10.2637,55.0187],[10.3365,55.0187],[10.3507,55.0051],[10.2637,55.0187]]],[[[21.4487,60.2725],[21.4279,60.2939],[21.4521,60.2863],[21.4487,60.2725]]],[[[10.1447,55.0331],[10.1443,55.0633],[10.1807,55.0425],[10.1447,55.0331]]],[[[23.1053,59.9099],[23.1105,59.9347],[23.1459,59.8943],[23.1053,59.9099]]],[[[7.5355,57.9725],[7.5207,58.0045],[7.5547,57.9881],[7.5355,57.9725]]],[[[8.0013,58.0601],[7.9977,58.0913],[8.0281,58.0809],[8.0013,58.0601]]],[[[15.4829,56.0875],[15.4959,56.1161],[15.4979,56.1057],[15.4829,56.0875]]],[[[18.3231,59.4137],[18.3311,59.4447],[18.3647,59.4325],[18.3231,59.4137]]],[[[21.1629,63.2941],[21.1331,63.3199],[21.1789,63.3163],[21.1629,63.2941]]],[[[18.0357,58.9391],[18.0285,58.9697],[18.0457,58.9749],[18.0357,58.9391]]],[[[16.5455,57.1461],[16.5647,57.1755],[16.5783,57.1599],[16.5455,57.1461]]],[[[9.8007,55.2969],[9.8245,55.3261],[9.8319,55.3069],[9.8007,55.2969]]],[[[19.8335,60.2687],[19.8391,60.3157],[19.8597,60.3021],[19.8335,60.2687]]],[[[21.5583,60.4955],[21.5561,60.5259],[21.5765,60.5105],[21.5583,60.4955]]],[[[21.4639,61.7835],[21.4853,61.8105],[21.4983,61.7949],[21.4639,61.7835]]],[[[31.7465,46.3789],[31.7387,46.4255],[31.7719,46.3775],[31.7465,46.3789]]],[[[9.7435,55.2497],[9.7569,55.2765],[9.7769,55.2661],[9.7435,55.2497]]],[[[20.8629,63.6471],[20.8315,63.6553],[20.8859,63.6727],[20.8629,63.6471]]],[[[22.3337,60.2057],[22.3433,60.2297],[22.3771,60.2275],[22.3337,60.2057]]],[[[21.6617,60.3463],[21.6813,60.3633],[21.7207,60.3475],[21.6617,60.3463]]],[[[11.6775,57.6837],[11.6237,57.7045],[11.6719,57.7019],[11.6775,57.6837]]],[[[15.7623,56.1045],[15.7825,56.1253],[15.7837,56.1177],[15.7623,56.1045]]],[[[21.8929,60.1493],[21.8319,60.1429],[21.9123,60.1543],[21.9117,60.1483],[21.8929,60.1493]]],[[[25.4467,60.2257],[25.4795,60.2513],[25.4923,60.2463],[25.4467,60.2257]]],[[[22.1805,60.2509],[22.1217,60.2683],[22.1897,60.2617],[22.1805,60.2509]]],[[[17.2463,61.0225],[17.2325,61.0497],[17.2651,61.0375],[17.2463,61.0225]]],[[[21.8837,60.3509],[21.8807,60.3665],[21.9087,60.3597],[21.8837,60.3509]]],[[[18.1425,58.8693],[18.1143,58.8849],[18.1537,58.8933],[18.1425,58.8693]]],[[[16.8905,58.2439],[16.8983,58.2753],[16.9263,58.2791],[16.8905,58.2439]]],[[[11.6007,57.8583],[11.5963,57.8829],[11.6317,57.8741],[11.6007,57.8583]]],[[[17.2859,60.8675],[17.3177,60.8885],[17.3427,60.8789],[17.2859,60.8675]]],[[[11.7213,55.1739],[11.7039,55.2015],[11.7333,55.1941],[11.7213,55.1739]]],[[[15.6459,56.1017],[15.6333,56.1289],[15.6425,56.1283],[15.6459,56.1017]]],[[[16.8081,58.0459],[16.7941,58.0773],[16.8241,58.0613],[16.8081,58.0459]]],[[[21.2273,60.5843],[21.2069,60.6193],[21.2385,60.5997],[21.2273,60.5843]]],[[[12.2225,55.0351],[12.2163,55.0591],[12.2379,55.0563],[12.2225,55.0351]]],[[[18.7867,59.4713],[18.7803,59.4869],[18.8155,59.4787],[18.7867,59.4713]]],[[[17.4601,58.7469],[17.4661,58.7579],[17.4737,58.7229],[17.4601,58.7469]]],[[[16.8069,58.0923],[16.8277,58.1149],[16.8525,58.0955],[16.8069,58.0923]]],[[[11.3917,58.1477],[11.3859,58.1781],[11.4075,58.1829],[11.3917,58.1477]]],[[[23.8301,59.9519],[23.8605,59.9949],[23.8891,59.9899],[23.8301,59.9519]]],[[[10.6163,54.8887],[10.6213,54.9175],[10.6313,54.9033],[10.6163,54.8887]]],[[[9.5453,58.8899],[9.4929,58.8893],[9.5575,58.9041],[9.5453,58.8899]]],[[[11.6947,57.7159],[11.6869,57.7601],[11.7091,57.7413],[11.6947,57.7159]]],[[[21.2741,64.8765],[21.2831,64.9029],[21.2949,64.8805],[21.2741,64.8765]]],[[[17.9359,58.8291],[17.9427,58.8469],[17.9363,58.8109],[17.9359,58.8291]]],[[[22.3521,59.9329],[22.3435,59.9581],[22.3771,59.9585],[22.3521,59.9329]]],[[[11.6133,57.8821],[11.6253,57.9033],[11.6425,57.8859],[11.6133,57.8821]]],[[[21.3951,60.2393],[21.3579,60.2455],[21.4349,60.2503],[21.3951,60.2393]]],[[[11.1553,58.8705],[11.1769,58.8885],[11.1841,58.8739],[11.1553,58.8705]]],[[[22.6909,59.9971],[22.6771,60.0329],[22.6865,60.0349],[22.6909,59.9971]]],[[[10.5775,59.6871],[10.5807,59.7193],[10.6065,59.6809],[10.5775,59.6871]]],[[[19.1175,59.8349],[19.1249,59.8651],[19.1495,59.8669],[19.1175,59.8349]]],[[[9.4857,58.8911],[9.5033,58.9117],[9.5561,58.9081],[9.4857,58.8911]]],[[[18.6143,60.1909],[18.5997,60.2139],[18.6337,60.2011],[18.6143,60.1909]]],[[[18.3825,60.5117],[18.3985,60.5327],[18.4203,60.5119],[18.3825,60.5117]]],[[[23.3751,59.2897],[23.3987,59.2997],[23.4279,59.2791],[23.3751,59.2897]]],[[[19.0259,57.7407],[19.0297,57.7843],[19.0491,57.7657],[19.0259,57.7407]]],[[[20.3309,60.3299],[20.3351,60.3615],[20.3441,60.3585],[20.3309,60.3299]]],[[[20.9279,60.3115],[20.9469,60.3307],[20.9449,60.3087],[20.9279,60.3115]]],[[[21.1923,63.3287],[21.1747,63.3521],[21.2205,63.3475],[21.1923,63.3287]]],[[[18.2093,58.9087],[18.2299,58.9349],[18.2347,58.9181],[18.2093,58.9087]]],[[[22.2817,60.1387],[22.2567,60.1535],[22.2869,60.1607],[22.2817,60.1387]]],[[[21.1041,60.4515],[21.0877,60.4807],[21.1199,60.4763],[21.1041,60.4515]]],[[[11.1399,58.8989],[11.1483,58.9183],[11.1691,58.9041],[11.1399,58.8989]]],[[[17.3259,60.7871],[17.3315,60.8117],[17.3557,60.7933],[17.3259,60.7871]]],[[[28.3871,60.0119],[28.3947,60.0399],[28.4075,60.0159],[28.3871,60.0119]]],[[[9.6151,58.8703],[9.5773,58.8591],[9.6177,58.8833],[9.6151,58.8703]]],[[[11.0837,58.9993],[11.0629,59.0199],[11.1147,59.0177],[11.0837,58.9993]]],[[[21.7971,63.4367],[21.8259,63.4565],[21.8281,63.4291],[21.7971,63.4367]]],[[[11.1575,55.1407],[11.1417,55.1609],[11.1823,55.1767],[11.1575,55.1407]]],[[[22.3879,63.5875],[22.3755,63.6211],[22.4035,63.5993],[22.3879,63.5875]]],[[[21.4875,61.6219],[21.5013,61.6429],[21.5279,61.6309],[21.4875,61.6219]]],[[[20.3871,60.3327],[20.3531,60.3555],[20.3931,60.3489],[20.3871,60.3327]]],[[[10.4189,54.9615],[10.4219,54.9831],[10.4401,54.9691],[10.4189,54.9615]]],[[[28.7193,60.7181],[28.7151,60.7505],[28.7605,60.7245],[28.7193,60.7181]]],[[[22.2119,60.1625],[22.2115,60.1783],[22.2681,60.1749],[22.2119,60.1625]]],[[[20.5541,60.0907],[20.5129,60.1111],[20.5773,60.1005],[20.5541,60.0907]]],[[[6.6561,58.1993],[6.6765,58.2327],[6.6857,58.2191],[6.6561,58.1993]]],[[[7.3817,57.9871],[7.3459,58.0199],[7.3909,57.9891],[7.3817,57.9871]]],[[[32.0479,46.1735],[32.0605,46.1773],[32.1917,46.1453],[32.0479,46.1735]]],[[[31.7667,46.3235],[31.7617,46.3255],[31.8185,46.3411],[31.7667,46.3235]]],[[[21.0683,60.5203],[21.0937,60.5351],[21.1077,60.5193],[21.0683,60.5203]]],[[[16.7129,57.7339],[16.7149,57.7661],[16.7267,57.7323],[16.7129,57.7339]]],[[[22.0731,60.2283],[22.0841,60.2505],[22.0955,60.2405],[22.0731,60.2283]]],[[[22.6085,63.7531],[22.6119,63.7817],[22.6469,63.7679],[22.6085,63.7531]]],[[[18.0493,58.9887],[18.0037,58.9763],[18.0505,58.9969],[18.0493,58.9887]]],[[[21.6463,60.1869],[21.6271,60.2039],[21.6687,60.1917],[21.6463,60.1869]]],[[[21.4641,61.6549],[21.4493,61.6835],[21.4859,61.6541],[21.4641,61.6549]]],[[[23.0377,58.8999],[23.0389,58.9239],[23.0517,58.9085],[23.0377,58.8999]]],[[[20.9357,60.4437],[20.9561,60.4679],[20.9607,60.4425],[20.9357,60.4437]]],[[[11.3389,58.3297],[11.3163,58.3547],[11.3407,58.3539],[11.3389,58.3297]]],[[[16.6831,57.8139],[16.6885,57.8337],[16.7103,57.8155],[16.6831,57.8139]]],[[[20.3931,60.2723],[20.4073,60.2995],[20.4079,60.2653],[20.3931,60.2723]]],[[[18.1609,58.9093],[18.1783,58.9375],[18.2191,58.9387],[18.1609,58.9093]]],[[[11.1781,58.7913],[11.1781,58.8167],[11.1963,58.8095],[11.1781,58.7913]]],[[[21.2673,60.8223],[21.2745,60.8531],[21.2839,60.8283],[21.2673,60.8223]]],[[[17.6029,62.3807],[17.5857,62.4045],[17.6103,62.3953],[17.6029,62.3807]]],[[[23.6459,64.1893],[23.6443,64.2181],[23.6511,64.2053],[23.6459,64.1893]]],[[[18.3887,59.3979],[18.4227,59.4053],[18.4485,59.3977],[18.3887,59.3979]]],[[[19.6001,60.3235],[19.5871,60.3533],[19.6285,60.3643],[19.6001,60.3235]]],[[[16.8117,58.3943],[16.8177,58.4155],[16.8279,58.4107],[16.8117,58.3943]]],[[[28.5409,60.6189],[28.5303,60.6507],[28.5529,60.6165],[28.5409,60.6189]]],[[[18.4341,59.3641],[18.3861,59.3941],[18.4413,59.3663],[18.4341,59.3641]]],[[[20.9781,60.3053],[21.0001,60.3339],[21.0001,60.2981],[20.9781,60.3053]]],[[[19.8785,60.2857],[19.8889,60.3213],[19.9019,60.2975],[19.8785,60.2857]]],[[[10.3625,59.1335],[10.3469,59.1635],[10.3665,59.1577],[10.3625,59.1335]]],[[[9.6917,55.4783],[9.6913,55.5017],[9.7173,55.4853],[9.6917,55.4783]]],[[[14.4111,53.8425],[14.3855,53.8537],[14.4109,53.8611],[14.4111,53.8425]]],[[[16.9301,58.1795],[16.9447,58.1993],[16.9585,58.1853],[16.9301,58.1795]]],[[[11.4899,58.0051],[11.5057,58.0375],[11.5249,58.0093],[11.4899,58.0051]]],[[[23.3615,59.8921],[23.3659,59.9109],[23.4017,59.8943],[23.3615,59.8921]]],[[[18.7091,59.4001],[18.6517,59.4135],[18.6765,59.4173],[18.7091,59.4001]]],[[[18.8997,59.6625],[18.8937,59.6807],[18.9181,59.6689],[18.8997,59.6625]]],[[[18.8203,59.5431],[18.7705,59.5485],[18.8417,59.5551],[18.8203,59.5431]]],[[[22.1425,60.1747],[22.1219,60.1899],[22.1559,60.1927],[22.1425,60.1747]]],[[[21.0417,60.4055],[21.0689,60.4193],[21.0691,60.4015],[21.0417,60.4055]]],[[[19.5419,60.2325],[19.5063,60.2495],[19.5349,60.2611],[19.5419,60.2325]]],[[[21.2107,62.4031],[21.1849,62.4119],[21.2045,62.4217],[21.2107,62.4031]]],[[[22.3599,59.9643],[22.3545,59.9871],[22.3853,59.9963],[22.3599,59.9643]]],[[[21.2117,60.8415],[21.2187,60.8643],[21.2391,60.8521],[21.2117,60.8415]]],[[[21.7545,63.4313],[21.7237,63.4515],[21.7629,63.4589],[21.7545,63.4313]]],[[[21.3895,60.2495],[21.3853,60.2657],[21.4357,60.2637],[21.3895,60.2495]]],[[[24.1285,58.2073],[24.1427,58.2343],[24.1495,58.2303],[24.1285,58.2073]]],[[[17.4967,58.7397],[17.4989,58.7635],[17.5161,58.7445],[17.4967,58.7397]]],[[[11.6651,55.1631],[11.6799,55.1805],[11.7151,55.1455],[11.6651,55.1631]]],[[[13.0401,54.4415],[13.0513,54.4625],[13.0609,54.4545],[13.0401,54.4415]]],[[[18.9617,59.3985],[18.9655,59.4247],[18.9889,59.4121],[18.9617,59.3985]]],[[[26.7699,60.3493],[26.7637,60.3707],[26.7899,60.3581],[26.7699,60.3493]]],[[[9.0515,58.5785],[9.0491,58.5961],[9.0801,58.5971],[9.0515,58.5785]]],[[[19.1919,59.7685],[19.1933,59.7929],[19.2069,59.7907],[19.1919,59.7685]]],[[[21.3583,60.5879],[21.3563,60.6181],[21.3719,60.5889],[21.3583,60.5879]]],[[[20.7767,63.5933],[20.7715,63.6169],[20.7983,63.6105],[20.7767,63.5933]]],[[[15.4669,56.1267],[15.4591,56.1543],[15.4739,56.1279],[15.4669,56.1267]]],[[[21.3589,60.7447],[21.3537,60.7671],[21.3807,60.7519],[21.3589,60.7447]]],[[[10.4385,55.9453],[10.4407,55.9599],[10.4629,55.9533],[10.4385,55.9453]]],[[[17.2727,61.5509],[17.2761,61.5735],[17.3107,61.5587],[17.2727,61.5509]]],[[[11.2247,58.6457],[11.2337,58.6717],[11.2449,58.6613],[11.2247,58.6457]]],[[[21.6565,60.2835],[21.6475,60.3019],[21.6921,60.2843],[21.6565,60.2835]]],[[[27.4049,60.4501],[27.3907,60.4717],[27.4279,60.4563],[27.4049,60.4501]]],[[[11.2437,58.5313],[11.2485,58.5627],[11.2667,58.5339],[11.2437,58.5313]]],[[[22.1583,60.2299],[22.1415,60.2449],[22.1753,60.2441],[22.1583,60.2299]]],[[[20.4049,60.1521],[20.4293,60.1765],[20.4503,60.1699],[20.4049,60.1521]]],[[[24.8793,60.1453],[24.8975,60.1659],[24.8997,60.1525],[24.8793,60.1453]]],[[[12.5609,56.4231],[12.5631,56.4493],[12.5843,56.4337],[12.5609,56.4231]]],[[[10.0765,55.8203],[10.0811,55.8379],[10.1043,55.8287],[10.0765,55.8203]]],[[[19.8133,60.4175],[19.7903,60.3833],[19.7709,60.3985],[19.8133,60.4175]]],[[[16.6131,57.1033],[16.5907,57.1159],[16.6513,57.0945],[16.6131,57.1033]]],[[[22.2027,60.2177],[22.1877,60.2363],[22.2113,60.2371],[22.2027,60.2177]]],[[[24.7693,59.5747],[24.7601,59.5917],[24.7917,59.5895],[24.7693,59.5747]]],[[[25.0687,60.1393],[25.0607,60.1561],[25.0877,60.1501],[25.0687,60.1393]]],[[[22.5079,59.9209],[22.5059,59.9505],[22.5229,59.9395],[22.5079,59.9209]]],[[[27.1863,59.8399],[27.2027,59.8561],[27.2069,59.8417],[27.1863,59.8399]]],[[[18.5099,60.1747],[18.5011,60.1945],[18.5297,60.1823],[18.5099,60.1747]]],[[[16.9679,58.4849],[17.0045,58.4991],[17.0079,58.4967],[16.9679,58.4849]]],[[[22.0563,60.3991],[22.0501,60.4181],[22.0783,60.4169],[22.0563,60.3991]]],[[[20.1035,60.3799],[20.1133,60.4007],[20.1323,60.3921],[20.1035,60.3799]]],[[[21.1549,60.7875],[21.1567,60.8079],[21.1865,60.7845],[21.1549,60.7875]]],[[[8.5397,55.0683],[8.5547,55.1039],[8.5697,55.0821],[8.5397,55.0683]]],[[[19.0673,59.5703],[19.0625,59.5845],[19.0879,59.5789],[19.0673,59.5703]]],[[[16.9259,58.5105],[16.9139,58.5313],[16.9455,58.5121],[16.9259,58.5105]]],[[[15.7757,56.0711],[15.7875,56.0935],[15.7931,56.0859],[15.7757,56.0711]]],[[[21.2013,62.9935],[21.1975,63.0237],[21.2121,63.0119],[21.2013,62.9935]]],[[[16.6607,57.8485],[16.6745,57.8711],[16.6733,57.8525],[16.6607,57.8485]]],[[[11.6497,57.7045],[11.6501,57.7281],[11.6661,57.7141],[11.6497,57.7045]]],[[[19.8157,60.3289],[19.8043,60.3595],[19.8203,60.3549],[19.8157,60.3289]]],[[[25.9371,60.2177],[25.9253,60.2335],[25.9555,60.2289],[25.9371,60.2177]]],[[[12.6849,54.4175],[12.6985,54.4307],[12.7345,54.4199],[12.6849,54.4175]]],[[[21.6775,60.3275],[21.6841,60.3415],[21.7255,60.3277],[21.6775,60.3275]]],[[[11.7807,57.5989],[11.7705,57.6207],[11.7981,57.6143],[11.7807,57.5989]]],[[[10.1807,55.6327],[10.1953,55.6425],[10.1825,55.6081],[10.1807,55.6327]]],[[[18.5465,59.0401],[18.5245,59.0573],[18.5415,59.0597],[18.5465,59.0401]]],[[[11.6559,57.8865],[11.6407,57.9081],[11.6695,57.9053],[11.6559,57.8865]]],[[[20.9367,59.9173],[20.9291,59.9351],[20.9725,59.9291],[20.9367,59.9173]]],[[[18.8877,63.2433],[18.8923,63.2687],[18.9073,63.2505],[18.8877,63.2433]]],[[[20.4651,60.0797],[20.4659,60.0937],[20.5191,60.0827],[20.4651,60.0797]]],[[[18.2183,62.7541],[18.2277,62.7815],[18.2535,62.7847],[18.2183,62.7541]]],[[[10.7841,59.1901],[10.7685,59.2225],[10.7929,59.1991],[10.7841,59.1901]]],[[[19.7265,60.3659],[19.7253,60.3913],[19.7491,60.3861],[19.7265,60.3659]]],[[[21.0871,60.3385],[21.0859,60.3649],[21.1027,60.3427],[21.0871,60.3385]]],[[[9.0187,58.5699],[9.0097,58.5899],[9.0373,58.5947],[9.0187,58.5699]]],[[[17.3283,60.6733],[17.3345,60.6951],[17.3423,60.6755],[17.3283,60.6733]]],[[[20.0269,60.0057],[20.0139,60.0237],[20.0381,60.0141],[20.0269,60.0057]]],[[[19.1289,59.7457],[19.1213,59.7655],[19.1625,59.7551],[19.1289,59.7457]]],[[[17.3287,61.1473],[17.3297,61.1749],[17.3425,61.1697],[17.3287,61.1473]]],[[[9.0809,58.6061],[9.1091,58.6249],[9.1259,58.6231],[9.0809,58.6061]]],[[[21.7611,60.3681],[21.7607,60.3745],[21.7961,60.3827],[21.7611,60.3681]]],[[[11.4811,54.8841],[11.4953,54.9009],[11.5209,54.8885],[11.4811,54.8841]]],[[[21.4629,61.3437],[21.4865,61.3581],[21.5107,61.3451],[21.4629,61.3437]]],[[[18.6607,63.1429],[18.6889,63.1503],[18.6977,63.1365],[18.6607,63.1429]]],[[[21.4889,63.1467],[21.4927,63.1599],[21.5421,63.1381],[21.4889,63.1467]]],[[[21.4319,61.1949],[21.4269,61.2105],[21.4645,61.1973],[21.4319,61.1949]]],[[[18.7663,60.1283],[18.7893,60.1439],[18.7917,60.1283],[18.7663,60.1283]]],[[[21.5919,59.8229],[21.6031,59.8365],[21.6561,59.8399],[21.5919,59.8229]]],[[[21.5041,60.1053],[21.4953,60.1193],[21.5163,60.1115],[21.5041,60.1053]]],[[[29.5775,44.8021],[29.5559,44.8051],[29.5947,44.8139],[29.5775,44.8021]]],[[[10.6943,59.2159],[10.7073,59.2491],[10.7117,59.2137],[10.6943,59.2159]]],[[[21.7679,60.2461],[21.7527,60.2599],[21.7917,60.2569],[21.7679,60.2461]]],[[[23.7607,59.9271],[23.7621,59.9441],[23.8157,59.9509],[23.7607,59.9271]]],[[[21.7023,60.4129],[21.7143,60.4433],[21.7257,60.4259],[21.7023,60.4129]]],[[[17.4927,58.7073],[17.4811,58.7275],[17.4993,58.7181],[17.4927,58.7073]]],[[[17.5401,61.7115],[17.5345,61.7323],[17.5597,61.7231],[17.5401,61.7115]]],[[[22.4497,59.9609],[22.4515,59.9849],[22.4733,59.9681],[22.4497,59.9609]]],[[[18.6693,60.2493],[18.6757,60.2753],[18.6791,60.2557],[18.6693,60.2493]]],[[[11.7835,57.6335],[11.7805,57.6563],[11.7897,57.6463],[11.7835,57.6335]]],[[[21.5567,60.2881],[21.5627,60.3057],[21.5837,60.2945],[21.5567,60.2881]]],[[[22.3379,59.8041],[22.3237,59.8269],[22.3417,59.8089],[22.3379,59.8041]]],[[[20.7383,60.2189],[20.7413,60.2511],[20.7563,60.2267],[20.7383,60.2189]]],[[[27.8323,60.5039],[27.8395,60.5241],[27.8465,60.5185],[27.8323,60.5039]]],[[[21.6359,60.0981],[21.6841,60.1075],[21.6867,60.0979],[21.6359,60.0981]]],[[[28.5953,60.5355],[28.6167,60.5411],[28.6061,60.5249],[28.5953,60.5355]]],[[[12.2025,57.1119],[12.2227,57.1261],[12.2331,57.1105],[12.2025,57.1119]]],[[[21.9445,63.2759],[21.9573,63.2957],[21.9595,63.2781],[21.9445,63.2759]]],[[[25.6837,60.2095],[25.6713,60.2325],[25.6919,60.2157],[25.6837,60.2095]]],[[[23.3745,58.5095],[23.3791,58.5283],[23.3967,58.5135],[23.3745,58.5095]]],[[[21.4989,60.3741],[21.4717,60.3881],[21.4983,60.3885],[21.4989,60.3741]]],[[[17.9725,57.2739],[17.9853,57.2903],[17.9997,57.2811],[17.9725,57.2739]]],[[[11.7769,58.0847],[11.7779,58.1093],[11.7991,58.0939],[11.7769,58.0847]]],[[[22.6071,63.7889],[22.6049,63.8183],[22.6303,63.8063],[22.6071,63.7889]]],[[[21.3885,60.4213],[21.3805,60.4429],[21.3893,60.4403],[21.3885,60.4213]]],[[[23.0337,58.6289],[23.0305,58.6495],[23.0467,58.6289],[23.0337,58.6289]]],[[[20.7677,60.2901],[20.7453,60.3023],[20.7707,60.2957],[20.7677,60.2901]]],[[[22.4029,59.8405],[22.4041,59.8629],[22.4093,59.8533],[22.4029,59.8405]]],[[[23.3683,59.9143],[23.3755,59.9323],[23.3963,59.9189],[23.3683,59.9143]]],[[[17.3789,61.6233],[17.3781,61.6457],[17.3949,61.6219],[17.3789,61.6233]]],[[[21.0795,63.4127],[21.0719,63.4323],[21.0979,63.4243],[21.0795,63.4127]]],[[[21.5449,60.5333],[21.5517,60.5521],[21.5567,60.5319],[21.5449,60.5333]]],[[[22.1275,60.1373],[22.1151,60.1543],[22.1335,60.1553],[22.1275,60.1373]]],[[[26.7369,60.4089],[26.7419,60.4381],[26.7597,60.4285],[26.7369,60.4089]]],[[[21.9319,60.1555],[21.9181,60.1687],[21.9499,60.1787],[21.9319,60.1555]]],[[[22.4405,63.5469],[22.4475,63.5683],[22.4551,63.5437],[22.4405,63.5469]]],[[[16.6875,58.4121],[16.6609,58.4335],[16.6929,58.4163],[16.6875,58.4121]]],[[[21.7845,59.9555],[21.7603,59.9677],[21.7817,59.9691],[21.7845,59.9555]]],[[[23.4625,58.8163],[23.4725,58.8265],[23.4823,58.8153],[23.4625,58.8163]]],[[[25.5415,60.2359],[25.5265,60.2521],[25.5405,60.2611],[25.5415,60.2359]]],[[[19.0583,57.7877],[19.0439,57.8061],[19.0747,57.7951],[19.0583,57.7877]]],[[[22.0209,60.1315],[22.0157,60.1437],[22.0305,60.1399],[22.0209,60.1315]]],[[[9.5575,55.1125],[9.5561,55.1323],[9.5765,55.1175],[9.5575,55.1125]]],[[[26.3049,60.3353],[26.2685,60.3605],[26.3089,60.3385],[26.3049,60.3353]]],[[[21.6607,60.4615],[21.6507,60.4811],[21.6783,60.4699],[21.6607,60.4615]]],[[[18.6295,63.0571],[18.6335,63.0813],[18.6419,63.0765],[18.6295,63.0571]]],[[[10.4699,54.9967],[10.4693,55.0175],[10.4921,55.0061],[10.4699,54.9967]]],[[[21.6891,60.3661],[21.6665,60.3821],[21.7015,60.3655],[21.6891,60.3661]]],[[[11.1275,59.1005],[11.1271,59.1221],[11.1449,59.1175],[11.1275,59.1005]]],[[[18.6221,60.2655],[18.6185,60.2841],[18.6397,60.2673],[18.6221,60.2655]]],[[[18.9407,63.2131],[18.9279,63.2319],[18.9491,63.2249],[18.9407,63.2131]]],[[[21.6659,63.3787],[21.6485,63.3927],[21.6933,63.3905],[21.6659,63.3787]]],[[[20.3535,60.0649],[20.3429,60.0849],[20.3609,60.0831],[20.3535,60.0649]]],[[[21.5197,61.5915],[21.4765,61.5947],[21.5283,61.5967],[21.5197,61.5915]]],[[[25.8775,60.2071],[25.8947,60.2189],[25.9163,60.2085],[25.8775,60.2071]]],[[[16.4809,56.9595],[16.4803,56.9809],[16.4939,56.9675],[16.4809,56.9595]]],[[[18.1683,59.0453],[18.1703,59.0617],[18.1951,59.0497],[18.1683,59.0453]]],[[[11.2981,55.7727],[11.2983,55.7959],[11.3079,55.7695],[11.2981,55.7727]]],[[[18.8895,59.3437],[18.8907,59.3549],[18.9317,59.3525],[18.8895,59.3437]]],[[[21.4283,60.4093],[21.4305,60.4333],[21.4417,60.4207],[21.4283,60.4093]]],[[[23.2051,63.9353],[23.2005,63.9559],[23.2235,63.9385],[23.2051,63.9353]]],[[[28.0075,60.0271],[28.0085,60.0427],[28.0611,60.0215],[28.0075,60.0271]]],[[[21.7565,59.9089],[21.7637,59.9251],[21.7817,59.9157],[21.7565,59.9089]]],[[[25.5299,60.1937],[25.5521,60.2089],[25.5475,60.1911],[25.5299,60.1937]]],[[[11.1575,58.7623],[11.1275,58.7761],[11.1609,58.7685],[11.1575,58.7623]]],[[[21.5731,60.5271],[21.5815,60.5405],[21.5993,60.5277],[21.5731,60.5271]]],[[[22.5575,63.7653],[22.5717,63.7621],[22.5551,63.7493],[22.5575,63.7653]]],[[[10.5253,59.8611],[10.5335,59.8823],[10.5527,59.8731],[10.5253,59.8611]]],[[[21.3683,60.4993],[21.3781,60.5195],[21.3841,60.5037],[21.3683,60.4993]]],[[[26.1177,60.3711],[26.1255,60.3897],[26.1275,60.3733],[26.1177,60.3711]]],[[[10.5363,59.3643],[10.5247,59.3869],[10.5423,59.3801],[10.5363,59.3643]]],[[[11.7847,57.5653],[11.7937,57.5887],[11.7997,57.5677],[11.7847,57.5653]]],[[[21.9973,60.2839],[21.9961,60.2977],[22.0129,60.2963],[21.9973,60.2839]]],[[[22.4643,59.9241],[22.4825,59.9359],[22.4823,59.9161],[22.4643,59.9241]]],[[[18.6501,60.2083],[18.6473,60.2283],[18.6625,60.2085],[18.6501,60.2083]]],[[[21.3819,62.9315],[21.3993,62.9559],[21.4013,62.9527],[21.3819,62.9315]]],[[[21.5007,60.2367],[21.5247,60.2563],[21.5355,60.2335],[21.5007,60.2367]]],[[[28.4707,60.5849],[28.4521,60.6053],[28.4797,60.5867],[28.4707,60.5849]]],[[[17.2085,61.6307],[17.2015,61.6449],[17.2437,61.6439],[17.2085,61.6307]]],[[[11.4245,58.1549],[11.4217,58.1741],[11.4589,58.1715],[11.4245,58.1549]]],[[[20.6067,60.0839],[20.5973,60.1007],[20.6115,60.0973],[20.6067,60.0839]]],[[[20.4579,60.2993],[20.4313,60.3071],[20.4583,60.3119],[20.4579,60.2993]]],[[[20.8829,60.3423],[20.8859,60.3653],[20.8863,60.3417],[20.8829,60.3423]]],[[[21.8451,60.2837],[21.8417,60.2947],[21.8593,60.2947],[21.8451,60.2837]]],[[[11.7235,56.1815],[11.7229,56.1933],[11.7511,56.1873],[11.7235,56.1815]]],[[[19.7437,60.3515],[19.7437,60.3643],[19.7757,60.3689],[19.7437,60.3515]]],[[[21.4755,60.1315],[21.4645,60.1451],[21.4855,60.1421],[21.4755,60.1315]]],[[[22.8297,63.7149],[22.8247,63.7299],[22.8493,63.7269],[22.8297,63.7149]]],[[[20.5203,60.2757],[20.5175,60.2981],[20.5319,60.2849],[20.5203,60.2757]]],[[[23.3169,59.8849],[23.3047,59.8941],[23.3387,59.8881],[23.3169,59.8849]]],[[[21.0985,62.6757],[21.0843,62.6933],[21.1161,62.6881],[21.0985,62.6757]]],[[[21.2497,60.1925],[21.2391,60.2023],[21.2639,60.1967],[21.2497,60.1925]]],[[[18.7981,63.1349],[18.8193,63.1503],[18.8309,63.1425],[18.7981,63.1349]]],[[[11.5897,58.3643],[11.5927,58.3917],[11.6015,58.3907],[11.5897,58.3643]]],[[[18.8789,59.3933],[18.8617,59.4087],[18.8811,59.4083],[18.8789,59.3933]]],[[[11.6109,57.7729],[11.6113,57.7951],[11.6323,57.7757],[11.6109,57.7729]]],[[[11.2121,58.8107],[11.2157,58.8283],[11.2213,58.8127],[11.2121,58.8107]]],[[[19.4951,60.2397],[19.4929,60.2635],[19.4993,60.2633],[19.4951,60.2397]]],[[[11.2431,58.6211],[11.2479,58.6459],[11.2511,58.6397],[11.2431,58.6211]]],[[[21.5407,61.7047],[21.5207,61.7237],[21.5579,61.7085],[21.5407,61.7047]]],[[[21.2843,60.8061],[21.2719,60.8175],[21.2861,60.8163],[21.2843,60.8061]]],[[[22.3677,59.9195],[22.3647,59.9369],[22.3843,59.9371],[22.3677,59.9195]]],[[[17.5613,62.4249],[17.5505,62.4397],[17.5735,62.4333],[17.5613,62.4249]]],[[[12.1833,57.1523],[12.1761,57.1675],[12.1961,57.1643],[12.1833,57.1523]]],[[[20.8657,60.2341],[20.8671,60.2607],[20.8723,60.2327],[20.8657,60.2341]]],[[[20.6339,60.3959],[20.6259,60.4147],[20.6419,60.4007],[20.6339,60.3959]]],[[[21.0497,60.5489],[21.0421,60.5601],[21.0773,60.5571],[21.0497,60.5489]]],[[[18.8851,59.3245],[18.8983,59.3427],[18.9133,59.3395],[18.8851,59.3245]]],[[[11.1455,58.7781],[11.1377,58.7971],[11.1583,58.7913],[11.1455,58.7781]]],[[[18.9941,57.4301],[18.9931,57.4463],[19.0017,57.4353],[18.9941,57.4301]]],[[[16.5389,57.0141],[16.5351,57.0333],[16.5525,57.0229],[16.5389,57.0141]]],[[[18.2171,59.0677],[18.2291,59.0805],[18.2435,59.0729],[18.2171,59.0677]]],[[[10.5739,59.8599],[10.5799,59.8767],[10.5945,59.8681],[10.5739,59.8599]]],[[[17.9757,58.8839],[17.9799,58.9069],[17.9923,58.9067],[17.9757,58.8839]]],[[[21.0001,60.4061],[20.9833,60.4233],[21.0001,60.4323],[21.0001,60.4061]]],[[[20.5801,60.1549],[20.6011,60.1697],[20.6173,60.1633],[20.5801,60.1549]]],[[[9.7029,55.3535],[9.7051,55.3667],[9.7237,55.3585],[9.7029,55.3535]]],[[[23.1273,58.8259],[23.1197,58.8405],[23.1495,58.8317],[23.1273,58.8259]]],[[[27.8965,59.9851],[27.9053,60.0093],[27.9001,59.9853],[27.8965,59.9851]]],[[[21.7483,60.5605],[21.7335,60.5701],[21.7505,60.5717],[21.7483,60.5605]]],[[[19.1037,59.7775],[19.1063,59.7925],[19.1093,59.7897],[19.1037,59.7775]]],[[[17.5325,61.9489],[17.5323,61.9615],[17.5403,61.9531],[17.5325,61.9489]]],[[[21.0537,60.2933],[21.0595,60.3111],[21.0753,60.2981],[21.0617,60.2919],[21.0537,60.2933]]],[[[15.6425,56.1543],[15.6523,56.1715],[15.6635,56.1625],[15.6425,56.1543]]],[[[22.3701,59.9053],[22.3797,59.9237],[22.3885,59.9217],[22.3701,59.9053]]],[[[20.0791,60.4201],[20.0605,60.4369],[20.0827,60.4363],[20.0791,60.4201]]],[[[21.4401,61.6121],[21.4373,61.6259],[21.4525,61.6153],[21.4401,61.6121]]],[[[24.5981,60.0475],[24.6019,60.0603],[24.6243,60.0541],[24.5981,60.0475]]],[[[21.0429,60.4295],[21.0329,60.4411],[21.0679,60.4387],[21.0429,60.4295]]],[[[18.5691,59.4089],[18.5751,59.4221],[18.5969,59.4087],[18.5691,59.4089]]],[[[22.4369,59.9883],[22.4247,59.9969],[22.4331,59.9969],[22.4369,59.9883]]],[[[22.3231,60.1281],[22.3115,60.1427],[22.3403,60.1425],[22.3231,60.1281]]],[[[12.1019,54.9471],[12.0949,54.9583],[12.1063,54.9583],[12.1019,54.9471]]],[[[21.9585,60.2325],[21.9623,60.2481],[21.9849,60.2339],[21.9585,60.2325]]],[[[19.7761,60.4089],[19.7667,60.4267],[19.7833,60.4257],[19.7761,60.4089]]],[[[22.4039,59.8059],[22.3961,59.8237],[22.4163,59.8185],[22.4039,59.8059]]],[[[21.0919,60.4869],[21.0841,60.4987],[21.1079,60.4905],[21.0919,60.4869]]],[[[17.7201,58.8395],[17.7207,58.8607],[17.7329,58.8409],[17.7201,58.8395]]],[[[11.3475,55.0237],[11.3697,55.0407],[11.3787,55.0367],[11.3475,55.0237]]],[[[18.9333,59.2781],[18.9325,59.2907],[18.9441,59.2801],[18.9333,59.2781]]],[[[20.4001,60.3283],[20.4037,60.3439],[20.4309,60.3397],[20.4001,60.3283]]],[[[21.8933,60.3327],[21.9023,60.3375],[21.9135,60.3329],[21.8933,60.3327]]],[[[21.0261,60.7169],[21.0353,60.7347],[21.0411,60.7333],[21.0261,60.7169]]],[[[18.7813,59.6399],[18.7923,59.6579],[18.8047,59.6527],[18.7813,59.6399]]],[[[19.7109,60.3581],[19.7107,60.3781],[19.7199,60.3621],[19.7109,60.3581]]],[[[10.4759,55.4687],[10.4621,55.4807],[10.4825,55.4849],[10.4759,55.4687]]],[[[16.5831,57.8585],[16.5769,57.8739],[16.5911,57.8653],[16.5831,57.8585]]],[[[19.9853,60.3887],[20.0057,60.3991],[20.0043,60.3755],[19.9853,60.3887]]],[[[21.0447,60.8351],[21.0357,60.8477],[21.0509,60.8367],[21.0447,60.8351]]],[[[16.6183,57.8603],[16.6163,57.8779],[16.6277,57.8693],[16.6183,57.8603]]],[[[21.5301,60.2841],[21.5375,60.3021],[21.5487,60.2895],[21.5301,60.2841]]],[[[25.2181,59.5707],[25.2347,59.5785],[25.2441,59.5647],[25.2181,59.5707]]],[[[20.0455,60.4183],[20.0483,60.4365],[20.0537,60.4225],[20.0455,60.4183]]],[[[23.6737,59.9213],[23.6669,59.9333],[23.6871,59.9257],[23.6737,59.9213]]],[[[16.7063,57.5085],[16.7003,57.5239],[16.7239,57.5063],[16.7063,57.5085]]],[[[22.0311,63.3361],[22.0203,63.3583],[22.0401,63.3435],[22.0311,63.3361]]],[[[23.0149,58.7943],[22.9985,58.8189],[23.0183,58.7977],[23.0149,58.7943]]],[[[20.7753,60.3915],[20.7891,60.4015],[20.7973,60.3843],[20.7753,60.3915]]],[[[20.3133,60.1423],[20.3069,60.1603],[20.3287,60.1489],[20.3133,60.1423]]],[[[21.1671,60.5627],[21.1707,60.5817],[21.1851,60.5725],[21.1671,60.5627]]],[[[16.9179,58.2469],[16.9283,58.2645],[16.9439,58.2587],[16.9179,58.2469]]],[[[18.8565,59.2961],[18.8373,59.3101],[18.8697,59.3009],[18.8565,59.2961]]],[[[23.4423,58.6273],[23.4337,58.6443],[23.4471,58.6365],[23.4423,58.6273]]],[[[11.1235,58.8643],[11.1169,58.8807],[11.1407,58.8683],[11.1235,58.8643]]],[[[21.9399,60.2003],[21.9467,60.2129],[21.9543,60.2049],[21.9399,60.2003]]],[[[20.0635,60.3769],[20.0551,60.3907],[20.0689,60.3813],[20.0635,60.3769]]],[[[23.2617,58.5223],[23.2717,58.5409],[23.2817,58.5343],[23.2617,58.5223]]],[[[11.6937,57.9223],[11.7187,57.9303],[11.7281,57.9265],[11.6937,57.9223]]],[[[22.3813,59.8911],[22.3755,59.9019],[22.4045,59.8993],[22.3813,59.8911]]],[[[20.3523,60.1539],[20.3555,60.1737],[20.3613,60.1711],[20.3523,60.1539]]],[[[10.8911,59.0319],[10.8843,59.0509],[10.9029,59.0375],[10.8911,59.0319]]],[[[19.9911,60.0363],[19.9867,60.0509],[19.9941,60.0509],[19.9911,60.0363]]],[[[22.7747,63.8609],[22.7535,63.8757],[22.7777,63.8709],[22.7747,63.8609]]],[[[6.8765,58.0583],[6.8611,58.0785],[6.8941,58.0731],[6.8765,58.0583]]],[[[21.2131,62.3719],[21.2047,62.3887],[21.2183,62.3937],[21.2131,62.3719]]],[[[18.7123,59.4299],[18.7263,59.4405],[18.7395,59.4351],[18.7123,59.4299]]],[[[16.6299,57.5541],[16.6171,57.5667],[16.6399,57.5579],[16.6299,57.5541]]],[[[21.3069,60.7091],[21.3115,60.7195],[21.3309,60.7143],[21.3069,60.7091]]],[[[11.7541,58.0831],[11.7531,58.1037],[11.7603,58.0963],[11.7541,58.0831]]],[[[18.6343,60.2851],[18.6519,60.2903],[18.6589,60.2827],[18.6343,60.2851]]],[[[19.1329,59.8025],[19.1275,59.8135],[19.1555,59.8165],[19.1329,59.8025]]],[[[12.0759,55.7297],[12.0855,55.7453],[12.1021,55.7285],[12.0759,55.7297]]],[[[11.8903,54.9797],[11.8925,54.9949],[11.9017,54.9757],[11.8903,54.9797]]],[[[25.3565,60.2283],[25.3471,60.2419],[25.3711,60.2343],[25.3565,60.2283]]],[[[25.1231,60.1541],[25.1237,60.1629],[25.1459,60.1587],[25.1231,60.1541]]],[[[9.8255,59.0085],[9.8289,59.0251],[9.8307,59.0121],[9.8255,59.0085]]],[[[21.3213,60.5565],[21.3213,60.5699],[21.3265,60.5615],[21.3213,60.5565]]],[[[18.8797,63.1675],[18.8835,63.1863],[18.9069,63.1825],[18.8797,63.1675]]],[[[25.2461,60.2237],[25.2375,60.2339],[25.2571,60.2313],[25.2461,60.2237]]],[[[17.6655,58.9197],[17.6551,58.9435],[17.6689,58.9203],[17.6655,58.9197]]],[[[21.5927,60.0895],[21.6127,60.1021],[21.6235,60.0879],[21.5927,60.0895]]],[[[21.7193,60.1077],[21.7459,60.1205],[21.7545,60.1123],[21.7193,60.1077]]],[[[16.7925,58.2749],[16.7965,58.2887],[16.8105,58.2761],[16.7925,58.2749]]],[[[24.0003,60.0101],[23.9797,60.0195],[24.0095,60.0163],[24.0003,60.0101]]],[[[16.8849,58.3445],[16.8887,58.3589],[16.9027,58.3561],[16.8849,58.3445]]],[[[22.0819,60.1723],[22.0835,60.1811],[22.1117,60.1831],[22.0819,60.1723]]],[[[21.2945,60.7615],[21.2965,60.7765],[21.3069,60.7727],[21.2945,60.7615]]],[[[18.8695,63.1539],[18.8527,63.1639],[18.8755,63.1573],[18.8695,63.1539]]],[[[26.4295,60.3445],[26.4355,60.3615],[26.4435,60.3507],[26.4295,60.3445]]],[[[21.3935,63.0023],[21.4041,63.0141],[21.4131,63.0043],[21.3935,63.0023]]],[[[21.4885,60.1227],[21.4969,60.1391],[21.5085,60.1379],[21.4885,60.1227]]],[[[17.8767,58.7401],[17.8769,58.7697],[17.8813,58.7403],[17.8767,58.7401]]],[[[18.8437,59.6501],[18.8371,59.6609],[18.8609,59.6553],[18.8437,59.6501]]],[[[20.8149,63.1097],[20.8079,63.1259],[20.8185,63.1269],[20.8149,63.1097]]],[[[17.5783,58.8755],[17.5847,58.8907],[17.5951,58.8821],[17.5783,58.8755]]],[[[17.2211,61.5721],[17.1963,61.5801],[17.2233,61.5737],[17.2211,61.5721]]],[[[18.8893,59.3075],[18.8915,59.3173],[18.9119,59.3143],[18.8893,59.3075]]],[[[21.2325,60.6097],[21.2315,60.6295],[21.2439,60.6219],[21.2325,60.6097]]],[[[22.7435,59.9971],[22.7281,60.0103],[22.7483,60.0065],[22.7435,59.9971]]],[[[22.8097,60.0381],[22.8233,60.0459],[22.8225,60.0327],[22.8097,60.0381]]],[[[21.3071,60.8213],[21.3093,60.8389],[21.3193,60.8337],[21.3071,60.8213]]],[[[18.6461,59.1733],[18.6579,59.1903],[18.6733,59.1887],[18.6461,59.1733]]],[[[21.4757,61.3903],[21.4939,61.3929],[21.4991,61.3895],[21.4757,61.3903]]],[[[16.9183,58.2145],[16.9359,58.2267],[16.9527,58.2239],[16.9183,58.2145]]],[[[18.7185,59.6011],[18.7325,59.6171],[18.7373,59.6077],[18.7185,59.6011]]],[[[21.4899,60.2915],[21.4833,60.2991],[21.5027,60.2965],[21.4899,60.2915]]],[[[20.5713,63.7303],[20.5839,63.7483],[20.5903,63.7281],[20.5713,63.7303]]],[[[10.6931,54.9481],[10.7041,54.9547],[10.7055,54.9483],[10.6931,54.9481]]],[[[21.3079,60.1503],[21.3091,60.1683],[21.3277,60.1661],[21.3079,60.1503]]],[[[21.4197,63.2829],[21.4249,63.2929],[21.4365,63.2887],[21.4197,63.2829]]],[[[22.7469,63.7041],[22.7705,63.7117],[22.7699,63.7007],[22.7469,63.7041]]],[[[11.8159,57.5957],[11.8001,57.6061],[11.8197,57.6071],[11.8159,57.5957]]],[[[21.3905,63.1545],[21.3951,63.1735],[21.4049,63.1581],[21.3905,63.1545]]],[[[27.4325,60.3983],[27.4249,60.4173],[27.4351,60.4121],[27.4325,60.3983]]],[[[27.3571,60.4855],[27.3763,60.4967],[27.3877,60.4901],[27.3571,60.4855]]],[[[21.2403,60.8167],[21.2567,60.8235],[21.2525,60.8157],[21.2403,60.8167]]],[[[21.2269,60.2349],[21.2417,60.2513],[21.2457,60.2491],[21.2269,60.2349]]],[[[18.8025,59.4435],[18.8107,59.4577],[18.8165,59.4533],[18.8025,59.4435]]],[[[18.0707,57.2995],[18.0681,57.3167],[18.0817,57.3079],[18.0707,57.2995]]],[[[14.8367,56.0001],[14.8419,56.0131],[14.8545,56.0007],[14.8367,56.0001]]],[[[22.2587,60.3785],[22.2709,60.3891],[22.2795,60.3831],[22.2587,60.3785]]],[[[18.5089,59.1047],[18.5171,59.1219],[18.5287,59.1217],[18.5089,59.1047]]],[[[21.5045,60.1641],[21.4905,60.1753],[21.5089,60.1697],[21.5045,60.1641]]],[[[13.5271,54.3105],[13.5427,54.3333],[13.5467,54.3333],[13.5271,54.3105]]],[[[16.7207,57.4407],[16.7115,57.4497],[16.7321,57.4481],[16.7207,57.4407]]],[[[24.6403,60.0893],[24.6505,60.1029],[24.6539,60.1001],[24.6403,60.0893]]],[[[19.7205,60.3167],[19.7273,60.3287],[19.7347,60.3157],[19.7205,60.3167]]],[[[22.4291,63.5265],[22.4401,63.5395],[22.4425,63.5179],[22.4291,63.5265]]],[[[28.6905,60.4433],[28.6775,60.4627],[28.6957,60.4487],[28.6905,60.4433]]],[[[21.3823,62.8851],[21.3809,62.9053],[21.3963,62.8971],[21.3823,62.8851]]],[[[24.3465,59.9909],[24.3567,59.9993],[24.3883,59.9955],[24.3465,59.9909]]],[[[13.4175,54.1597],[13.4153,54.1757],[13.4251,54.1671],[13.4175,54.1597]]],[[[16.7389,58.3947],[16.7505,58.4071],[16.7485,58.3931],[16.7389,58.3947]]],[[[18.4797,60.3045],[18.4665,60.3145],[18.4977,60.3043],[18.4797,60.3045]]],[[[26.5227,60.3613],[26.5343,60.3727],[26.5389,60.3665],[26.5227,60.3613]]],[[[11.4699,58.0599],[11.4799,58.0711],[11.4801,58.0591],[11.4699,58.0599]]],[[[22.0099,63.2105],[22.0021,63.2213],[22.0203,63.2153],[22.0099,63.2105]]],[[[19.0337,59.6465],[19.0505,59.6581],[19.0615,59.6451],[19.0337,59.6465]]],[[[22.1869,59.8665],[22.1845,59.8749],[22.2131,59.8723],[22.1869,59.8665]]],[[[21.5455,60.2447],[21.5471,60.2565],[21.5527,60.2529],[21.5455,60.2447]]],[[[26.1211,60.3395],[26.1133,60.3581],[26.1329,60.3593],[26.1211,60.3395]]],[[[17.3271,61.5519],[17.3355,61.5669],[17.3385,61.5503],[17.3271,61.5519]]],[[[22.3611,60.0113],[22.3575,60.0291],[22.3707,60.0229],[22.3611,60.0113]]],[[[25.4591,60.1753],[25.4579,60.1855],[25.4761,60.1837],[25.4591,60.1753]]],[[[16.6965,57.8529],[16.6879,57.8691],[16.7089,57.8575],[16.6965,57.8529]]],[[[18.8633,59.5055],[18.8609,59.5143],[18.8765,59.5119],[18.8633,59.5055]]],[[[22.6379,63.8111],[22.6457,63.8323],[22.6573,63.8197],[22.6379,63.8111]]],[[[18.9089,63.1945],[18.8987,63.2039],[18.9177,63.2041],[18.9089,63.1945]]],[[[16.8937,58.1821],[16.9017,58.1995],[16.9059,58.1897],[16.8937,58.1821]]],[[[10.4983,54.9269],[10.5037,54.9397],[10.5261,54.9243],[10.4983,54.9269]]],[[[21.2151,60.5071],[21.2079,60.5187],[21.2357,60.5103],[21.2151,60.5071]]],[[[20.7341,60.1607],[20.7431,60.1773],[20.7493,60.1667],[20.7341,60.1607]]],[[[11.8013,58.0749],[11.8163,58.0693],[11.8075,58.0555],[11.8013,58.0749]]],[[[10.1071,55.1307],[10.1061,55.1367],[10.1147,55.1341],[10.1071,55.1307]]],[[[10.2499,55.0617],[10.2483,55.0703],[10.2703,55.0549],[10.2499,55.0617]]],[[[20.8167,60.0613],[20.8209,60.0753],[20.8269,60.0721],[20.8167,60.0613]]],[[[20.3147,60.0749],[20.3143,60.0881],[20.3275,60.0823],[20.3147,60.0749]]],[[[20.8625,62.9665],[20.8523,62.9797],[20.8647,62.9745],[20.8625,62.9665]]],[[[15.8089,56.0207],[15.8015,56.0273],[15.8101,56.0299],[15.8089,56.0207]]],[[[21.1783,60.8073],[21.1669,60.8221],[21.1797,60.8111],[21.1783,60.8073]]],[[[21.1301,62.8301],[21.1033,62.8387],[21.1339,62.8321],[21.1301,62.8301]]],[[[20.1303,60.3727],[20.1399,60.3887],[20.1423,60.3877],[20.1303,60.3727]]],[[[21.7261,60.2923],[21.7177,60.3043],[21.7383,60.2951],[21.7261,60.2923]]],[[[10.7409,59.3011],[10.7489,59.3175],[10.7525,59.3107],[10.7409,59.3011]]],[[[14.9821,56.1065],[14.9703,56.1187],[14.9897,56.1129],[14.9821,56.1065]]],[[[22.8155,60.0605],[22.8231,60.0727],[22.8271,60.0703],[22.8155,60.0605]]],[[[21.3605,61.4733],[21.3493,61.4847],[21.3671,61.4811],[21.3605,61.4733]]],[[[18.3355,59.4045],[18.3511,59.4101],[18.3659,59.4071],[18.3355,59.4045]]],[[[21.5049,60.5171],[21.4911,60.5295],[21.5121,60.5241],[21.5049,60.5171]]],[[[21.4161,60.6275],[21.4171,60.6427],[21.4221,60.6275],[21.4161,60.6275]]],[[[20.4163,60.1715],[20.4217,60.1871],[20.4251,60.1823],[20.4163,60.1715]]],[[[11.7183,55.1271],[11.7229,55.1469],[11.7305,55.1367],[11.7183,55.1271]]],[[[23.6979,59.9271],[23.7163,59.9367],[23.7243,59.9253],[23.6979,59.9271]]],[[[22.6505,63.7821],[22.6457,63.8043],[22.6585,63.7817],[22.6505,63.7821]]],[[[34.9477,46.2405],[34.9875,46.2515],[34.9947,46.2491],[34.9477,46.2405]]],[[[21.5887,63.0895],[21.5749,63.1009],[21.5889,63.0927],[21.5887,63.0895]]],[[[18.8573,57.7013],[18.8601,57.7157],[18.8703,57.7053],[18.8573,57.7013]]],[[[20.5651,60.0771],[20.5681,60.0873],[20.5711,60.0821],[20.5651,60.0771]]],[[[27.8663,60.4601],[27.8649,60.4739],[27.8871,60.4661],[27.8663,60.4601]]],[[[23.0781,58.8133],[23.0693,58.8287],[23.0789,58.8285],[23.0781,58.8133]]],[[[21.2701,60.2039],[21.3171,60.1959],[21.2647,60.2025],[21.2701,60.2039]]],[[[21.2583,60.7571],[21.2693,60.7657],[21.2851,60.7599],[21.2583,60.7571]]],[[[11.0515,58.9883],[11.0475,59.0061],[11.0569,58.9939],[11.0515,58.9883]]],[[[12.1205,54.9695],[12.1215,54.9861],[12.1327,54.9837],[12.1205,54.9695]]],[[[19.0273,59.6269],[19.0393,59.6431],[19.0449,59.6365],[19.0273,59.6269]]],[[[16.7177,57.9803],[16.7069,57.9935],[16.7217,57.9863],[16.7177,57.9803]]],[[[16.8063,58.0057],[16.8059,58.0161],[16.8231,58.0083],[16.8063,58.0057]]],[[[21.4983,61.2885],[21.4883,61.2999],[21.5057,61.2907],[21.4983,61.2885]]],[[[11.7365,57.6401],[11.7493,57.6527],[11.7587,57.6491],[11.7365,57.6401]]],[[[22.7737,63.9145],[22.7655,63.9271],[22.7753,63.9171],[22.7737,63.9145]]],[[[12.1229,57.2919],[12.1337,57.3039],[12.1377,57.2963],[12.1229,57.2919]]],[[[19.6981,60.3273],[19.6969,60.3451],[19.7061,60.3359],[19.6981,60.3273]]],[[[23.4327,58.5419],[23.4385,58.5537],[23.4565,58.5477],[23.4327,58.5419]]],[[[21.4143,61.6361],[21.4133,61.6465],[21.4407,61.6375],[21.4143,61.6361]]],[[[20.2341,60.4479],[20.2387,60.4621],[20.2485,60.4607],[20.2341,60.4479]]],[[[22.9517,59.7677],[22.9529,59.7797],[22.9635,59.7707],[22.9517,59.7677]]],[[[18.6571,59.1627],[18.6567,59.1721],[18.6609,59.1719],[18.6571,59.1627]]],[[[16.5909,57.8447],[16.5829,57.8551],[16.5995,57.8559],[16.5909,57.8447]]],[[[11.5899,58.0879],[11.5811,58.0979],[11.5911,58.1043],[11.5899,58.0879]]],[[[22.6645,63.7661],[22.6777,63.7815],[22.6815,63.7725],[22.6645,63.7661]]],[[[19.8943,63.4775],[19.9043,63.4937],[19.9141,63.4867],[19.8943,63.4775]]],[[[27.7945,60.4427],[27.7897,60.4575],[27.8075,60.4487],[27.7945,60.4427]]],[[[22.5947,59.9019],[22.6021,59.9091],[22.6227,59.9037],[22.5947,59.9019]]],[[[19.1469,59.7751],[19.1429,59.7863],[19.1561,59.7775],[19.1469,59.7751]]],[[[22.8153,63.9139],[22.8019,63.9233],[22.8165,63.9209],[22.8153,63.9139]]],[[[21.3045,60.3197],[21.2957,60.3321],[21.3131,60.3243],[21.3045,60.3197]]],[[[21.3401,60.0711],[21.3399,60.0803],[21.3459,60.0767],[21.3401,60.0711]]],[[[22.5843,59.9477],[22.5791,59.9553],[22.5843,59.9537],[22.5843,59.9477]]],[[[18.6597,60.1815],[18.6629,60.1921],[18.6697,60.1829],[18.6597,60.1815]]],[[[25.9919,60.2651],[25.9977,60.2805],[26.0053,60.2675],[25.9919,60.2651]]],[[[20.3757,60.0327],[20.3881,60.0471],[20.4047,60.0439],[20.3757,60.0327]]],[[[11.7253,57.9409],[11.7431,57.9443],[11.7421,57.9383],[11.7253,57.9409]]],[[[18.6875,60.2447],[18.6921,60.2627],[18.7027,60.2519],[18.6875,60.2447]]],[[[18.8095,59.5629],[18.8113,59.5727],[18.8201,59.5693],[18.8095,59.5629]]],[[[26.9869,60.4085],[26.9859,60.4277],[26.9957,60.4155],[26.9869,60.4085]]],[[[23.5705,59.8231],[23.5793,59.8335],[23.5857,59.8307],[23.5705,59.8231]]],[[[21.7281,60.4089],[21.7153,60.4169],[21.7285,60.4155],[21.7281,60.4089]]],[[[21.0573,60.4949],[21.0569,60.5069],[21.0705,60.5021],[21.0573,60.4949]]],[[[20.9589,60.4739],[20.9471,60.4889],[20.9673,60.4813],[20.9589,60.4739]]],[[[22.7963,63.8791],[22.7791,63.8885],[22.7981,63.8869],[22.7963,63.8791]]],[[[16.9703,58.4157],[16.9639,58.4255],[16.9845,58.4277],[16.9703,58.4157]]],[[[21.6847,60.5027],[21.6781,60.5171],[21.6935,60.5107],[21.6847,60.5027]]],[[[27.8797,60.4713],[27.8927,60.4851],[27.8971,60.4809],[27.8797,60.4713]]],[[[25.0167,60.1819],[25.0089,60.1911],[25.0209,60.1851],[25.0167,60.1819]]],[[[18.8239,59.3917],[18.8321,59.4033],[18.8409,59.3933],[18.8239,59.3917]]],[[[16.6799,57.5637],[16.6923,57.5763],[16.6987,57.5755],[16.6799,57.5637]]],[[[16.7369,57.6727],[16.7367,57.6813],[16.7491,57.6739],[16.7369,57.6727]]],[[[16.3435,58.6407],[16.3329,58.6493],[16.3539,58.6455],[16.3435,58.6407]]],[[[25.8011,59.6773],[25.7981,59.6873],[25.8235,59.6773],[25.8011,59.6773]]],[[[17.1887,61.5843],[17.1843,61.5959],[17.2163,61.5897],[17.1887,61.5843]]],[[[21.2895,63.2479],[21.2883,63.2583],[21.3055,63.2513],[21.2895,63.2479]]],[[[22.6585,63.7939],[22.6725,63.8025],[22.6641,63.7879],[22.6585,63.7939]]],[[[10.4573,59.2235],[10.4609,59.2317],[10.4633,59.2249],[10.4573,59.2235]]],[[[23.8313,59.9355],[23.8351,59.9461],[23.8383,59.9417],[23.8313,59.9355]]],[[[21.3417,60.7219],[21.3461,60.7341],[21.3507,60.7285],[21.3417,60.7219]]],[[[20.9633,60.4225],[20.9719,60.4355],[20.9739,60.4251],[20.9633,60.4225]]],[[[32.2991,46.5085],[32.2995,46.5151],[32.3251,46.5129],[32.2991,46.5085]]],[[[21.7945,59.9195],[21.7949,59.9361],[21.7997,59.9357],[21.7945,59.9195]]],[[[12.9303,54.4347],[12.9475,54.4443],[12.9637,54.4399],[12.9303,54.4347]]],[[[21.1675,60.8591],[21.1661,60.8739],[21.1763,60.8655],[21.1675,60.8591]]],[[[18.3381,59.0391],[18.3441,59.0543],[18.3555,59.0453],[18.3381,59.0391]]],[[[17.3565,60.7099],[17.3571,60.7179],[17.3755,60.7161],[17.3565,60.7099]]],[[[21.9763,60.2187],[21.9813,60.2283],[21.9951,60.2223],[21.9763,60.2187]]],[[[32.0083,46.1793],[32.0275,46.1805],[32.0347,46.1775],[32.0083,46.1793]]],[[[21.3997,60.4341],[21.4057,60.4457],[21.4145,60.4333],[21.3997,60.4341]]],[[[10.7903,55.5113],[10.7913,55.5215],[10.8069,55.5155],[10.7903,55.5113]]],[[[21.4935,61.7687],[21.4847,61.7803],[21.4989,61.7715],[21.4935,61.7687]]],[[[11.3579,54.9557],[11.3591,54.9671],[11.3713,54.9587],[11.3579,54.9557]]],[[[28.6047,60.6635],[28.5817,60.6669],[28.6145,60.6721],[28.6047,60.6635]]],[[[18.6709,59.5591],[18.6775,59.5683],[18.6899,59.5665],[18.6709,59.5591]]],[[[24.2083,60.0057],[24.2267,60.0175],[24.2367,60.0181],[24.2083,60.0057]]],[[[11.6971,57.8681],[11.6909,57.8771],[11.6989,57.8763],[11.6971,57.8681]]],[[[22.3889,60.1131],[22.3917,60.1253],[22.3995,60.1129],[22.3889,60.1131]]],[[[10.1071,59.0059],[10.1055,59.0175],[10.1145,59.0137],[10.1071,59.0059]]],[[[11.0243,54.8309],[11.0193,54.8515],[11.0229,54.8517],[11.0243,54.8309]]],[[[11.4897,58.1921],[11.4911,58.2051],[11.5063,58.1989],[11.4897,58.1921]]],[[[20.8551,60.3995],[20.8595,60.4141],[20.8679,60.4015],[20.8551,60.3995]]],[[[21.1691,60.3159],[21.1629,60.3339],[21.1731,60.3181],[21.1691,60.3159]]],[[[22.5863,58.1923],[22.5883,58.2069],[22.6003,58.2007],[22.5863,58.1923]]],[[[10.4679,59.0621],[10.4765,59.0773],[10.4749,59.0659],[10.4679,59.0621]]],[[[20.8309,60.2219],[20.8283,60.2375],[20.8453,60.2293],[20.8309,60.2219]]],[[[18.7445,59.2621],[18.7341,59.2737],[18.7433,59.2711],[18.7445,59.2621]]],[[[11.2477,58.5937],[11.2571,58.6031],[11.2565,58.5951],[11.2477,58.5937]]],[[[16.8823,58.3999],[16.8959,58.4105],[16.9031,58.4061],[16.8823,58.3999]]],[[[10.6825,55.9101],[10.6847,55.9247],[10.6961,55.9015],[10.6825,55.9101]]],[[[17.6733,60.6177],[17.6625,60.6309],[17.6757,60.6243],[17.6733,60.6177]]],[[[21.7253,60.1211],[21.7039,60.1273],[21.7307,60.1241],[21.7253,60.1211]]],[[[11.7389,57.7871],[11.7353,57.7971],[11.7563,57.7945],[11.7389,57.7871]]],[[[17.0631,58.6563],[17.0627,58.6699],[17.0781,58.6647],[17.0631,58.6563]]],[[[22.5519,59.8967],[22.5631,59.9087],[22.5663,59.9071],[22.5519,59.8967]]],[[[20.0525,60.0043],[20.0455,60.0193],[20.0585,60.0197],[20.0525,60.0043]]],[[[6.5135,58.2219],[6.5261,58.2315],[6.5295,58.2291],[6.5135,58.2219]]],[[[17.6423,59.0275],[17.6579,59.0413],[17.6555,59.0201],[17.6423,59.0275]]],[[[21.0851,60.1347],[21.0899,60.1501],[21.0975,60.1401],[21.0851,60.1347]]],[[[21.2013,62.3317],[21.1983,62.3439],[21.2095,62.3461],[21.2013,62.3317]]],[[[17.3211,58.7323],[17.3221,58.7431],[17.3301,58.7335],[17.3211,58.7323]]],[[[21.2159,60.3969],[21.2103,60.4129],[21.2195,60.4087],[21.2159,60.3969]]],[[[17.4859,61.9469],[17.4955,61.9601],[17.4975,61.9531],[17.4859,61.9469]]],[[[16.6883,57.6677],[16.6847,57.6773],[16.7009,57.6721],[16.6883,57.6677]]],[[[21.8559,60.1171],[21.8653,60.1299],[21.8711,60.1291],[21.8559,60.1171]]],[[[22.9807,59.8871],[22.9709,59.8977],[22.9891,59.8883],[22.9807,59.8871]]],[[[7.7321,58.0083],[7.7351,58.0219],[7.7409,58.0113],[7.7321,58.0083]]],[[[11.1855,55.2371],[11.1787,55.2509],[11.1949,55.2415],[11.1855,55.2371]]],[[[18.7021,59.2715],[18.6939,59.2765],[18.7101,59.2811],[18.7021,59.2715]]],[[[18.4631,60.2227],[18.4453,60.2361],[18.4683,60.2275],[18.4631,60.2227]]],[[[21.7677,60.0273],[21.7803,60.0363],[21.7859,60.0267],[21.7677,60.0273]]],[[[21.6949,60.4407],[21.6965,60.4509],[21.7073,60.4481],[21.6949,60.4407]]],[[[21.7561,60.5753],[21.7419,60.5873],[21.7633,60.5867],[21.7561,60.5753]]],[[[7.0081,58.0187],[7.0223,58.0259],[7.0257,58.0189],[7.0081,58.0187]]],[[[21.5069,60.1777],[21.4933,60.1847],[21.5159,60.1853],[21.5069,60.1777]]],[[[18.8199,63.2587],[18.8243,63.2695],[18.8407,63.2601],[18.8199,63.2587]]],[[[16.6901,57.4211],[16.6969,57.4297],[16.7063,57.4269],[16.6901,57.4211]]],[[[21.7999,58.3311],[21.7807,58.3431],[21.8015,58.3347],[21.7999,58.3311]]],[[[21.8313,60.1237],[21.8261,60.1331],[21.8505,60.1345],[21.8313,60.1237]]],[[[19.6935,60.1609],[19.6887,60.1763],[19.6979,60.1761],[19.6935,60.1609]]],[[[16.4883,57.1747],[16.4973,57.1901],[16.5009,57.1889],[16.4883,57.1747]]],[[[9.7323,59.0487],[9.7391,59.0575],[9.7451,59.0487],[9.7323,59.0487]]],[[[22.2119,59.8527],[22.2145,59.8625],[22.2207,59.8631],[22.2119,59.8527]]],[[[21.7975,63.4085],[21.8015,63.4257],[21.8193,63.4227],[21.7975,63.4085]]],[[[21.8073,60.3399],[21.7817,60.3461],[21.8077,60.3425],[21.8073,60.3399]]],[[[16.3503,58.6191],[16.3429,58.6307],[16.3711,58.6259],[16.3503,58.6191]]],[[[16.6991,57.5333],[16.6983,57.5463],[16.7071,57.5433],[16.6991,57.5333]]],[[[28.7001,60.7247],[28.7013,60.7371],[28.7105,60.7345],[28.7001,60.7247]]],[[[22.3281,59.8561],[22.3285,59.8649],[22.3447,59.8587],[22.3281,59.8561]]],[[[20.5527,60.0665],[20.5207,60.0717],[20.5547,60.0717],[20.5527,60.0665]]],[[[25.3773,59.5085],[25.3821,59.5221],[25.3893,59.5133],[25.3773,59.5085]]],[[[6.9095,58.0565],[6.9137,58.0661],[6.9283,58.0593],[6.9095,58.0565]]],[[[21.3025,60.2863],[21.3043,60.2965],[21.3091,60.2865],[21.3025,60.2863]]],[[[25.9561,60.2439],[25.9659,60.2521],[25.9689,60.2491],[25.9561,60.2439]]],[[[19.0205,59.7865],[19.0291,59.7975],[19.0319,59.7941],[19.0205,59.7865]]],[[[21.2415,62.9827],[21.2393,62.9927],[21.2511,62.9865],[21.2415,62.9827]]],[[[23.3901,58.9329],[23.3945,58.9545],[23.3973,58.9527],[23.3901,58.9329]]],[[[18.5617,59.0237],[18.5593,59.0333],[18.5769,59.0235],[18.5617,59.0237]]],[[[18.6675,59.4731],[18.6695,59.4783],[18.6711,59.4757],[18.6675,59.4731]]],[[[26.6085,60.3637],[26.5997,60.3743],[26.6143,60.3689],[26.6085,60.3637]]],[[[16.8601,58.2367],[16.8633,58.2511],[16.8761,58.2385],[16.8601,58.2367]]],[[[22.0843,59.8539],[22.0793,59.8605],[22.1059,59.8639],[22.0843,59.8539]]],[[[23.8327,59.9227],[23.8311,59.9297],[23.8445,59.9251],[23.8327,59.9227]]],[[[8.7339,58.4067],[8.7367,58.4181],[8.7475,58.4119],[8.7339,58.4067]]],[[[18.5671,59.0971],[18.5475,59.0995],[18.5685,59.1059],[18.5671,59.0971]]],[[[7.1741,58.0287],[7.1869,58.0417],[7.1909,58.0329],[7.1741,58.0287]]],[[[18.7279,59.4175],[18.7291,59.4267],[18.7495,59.4189],[18.7279,59.4175]]],[[[16.8711,58.4107],[16.8735,58.4197],[16.8931,58.4165],[16.8711,58.4107]]],[[[17.5141,58.8353],[17.5097,58.8477],[17.5215,58.8427],[17.5141,58.8353]]],[[[22.2889,59.9493],[22.2917,59.9581],[22.3053,59.9551],[22.2889,59.9493]]],[[[22.2621,63.4011],[22.2701,63.4059],[22.2679,63.4005],[22.2621,63.4011]]],[[[23.6679,64.1789],[23.6611,64.1951],[23.6817,64.1735],[23.6679,64.1789]]],[[[22.1577,60.1429],[22.1575,60.1501],[22.1923,60.1529],[22.1577,60.1429]]],[[[9.4925,58.8391],[9.4683,58.8503],[9.4953,58.8415],[9.4925,58.8391]]],[[[18.9883,57.7437],[18.9895,57.7587],[18.9971,57.7601],[18.9883,57.7437]]],[[[18.4167,59.2401],[18.4219,59.2415],[18.4199,59.2309],[18.4167,59.2401]]],[[[22.3863,60.2317],[22.3939,60.2413],[22.3991,60.2393],[22.3863,60.2317]]],[[[11.1047,58.9549],[11.1051,58.9679],[11.1143,58.9511],[11.1047,58.9549]]],[[[18.5263,60.2753],[18.5191,60.2849],[18.5325,60.2829],[18.5263,60.2753]]],[[[21.8939,63.2817],[21.8817,63.2931],[21.8967,63.2889],[21.8939,63.2817]]],[[[14.3815,53.8539],[14.3887,53.8629],[14.4017,53.8635],[14.3815,53.8539]]],[[[21.6895,60.3995],[21.6849,60.4143],[21.6973,60.4045],[21.6895,60.3995]]],[[[10.5511,59.8551],[10.5573,59.8679],[10.5621,59.8631],[10.5511,59.8551]]],[[[20.9223,60.3681],[20.9247,60.3809],[20.9369,60.3705],[20.9223,60.3681]]],[[[18.4175,59.4129],[18.4135,59.4187],[18.4211,59.4141],[18.4175,59.4129]]],[[[21.5719,60.4331],[21.5467,60.4455],[21.5731,60.4373],[21.5719,60.4331]]],[[[26.6271,60.3697],[26.6551,60.3803],[26.6593,60.3777],[26.6271,60.3697]]],[[[21.3337,60.8137],[21.3355,60.8291],[21.3397,60.8255],[21.3337,60.8137]]],[[[25.2387,60.2463],[25.2347,60.2549],[25.2409,60.2505],[25.2387,60.2463]]],[[[22.0027,63.2643],[22.0169,63.2737],[22.0215,63.2685],[22.0027,63.2643]]],[[[9.8031,58.9941],[9.8043,59.0057],[9.8179,58.9997],[9.8031,58.9941]]],[[[31.7321,46.2799],[31.7341,46.2925],[31.7403,46.2819],[31.7321,46.2799]]],[[[21.9957,60.2059],[22.0047,60.2133],[22.0073,60.2113],[21.9957,60.2059]]],[[[26.6931,60.3919],[26.6909,60.4065],[26.7027,60.3989],[26.6931,60.3919]]],[[[22.4971,59.8521],[22.5075,59.8611],[22.5179,59.8575],[22.4971,59.8521]]],[[[12.7345,54.4067],[12.7267,54.4135],[12.7417,54.4131],[12.7345,54.4067]]],[[[21.4463,61.8401],[21.4407,61.8523],[21.4547,61.8465],[21.4463,61.8401]]],[[[20.2733,60.2537],[20.2751,60.2657],[20.2857,60.2555],[20.2733,60.2537]]],[[[21.6779,60.4903],[21.6721,60.5037],[21.6821,60.4939],[21.6779,60.4903]]],[[[20.2951,60.2453],[20.3059,60.2577],[20.3077,60.2409],[20.2951,60.2453]]],[[[11.9683,57.3359],[11.9589,57.3453],[11.9761,57.3407],[11.9683,57.3359]]],[[[29.6205,44.8395],[29.6091,44.8389],[29.6209,44.8481],[29.6205,44.8395]]],[[[21.2203,60.9363],[21.2173,60.9463],[21.2289,60.9421],[21.2203,60.9363]]],[[[28.6485,60.5247],[28.6433,60.5379],[28.6487,60.5287],[28.6485,60.5247]]],[[[20.8901,60.5249],[20.8985,60.5341],[20.9019,60.5317],[20.8901,60.5249]]],[[[19.3281,60.2125],[19.3233,60.2169],[19.3399,60.2131],[19.3281,60.2125]]],[[[18.5579,60.2685],[18.5473,60.2807],[18.5663,60.2783],[18.5579,60.2685]]],[[[10.8103,56.1235],[10.8095,56.1317],[10.8197,56.1293],[10.8103,56.1235]]],[[[21.8803,60.3225],[21.8861,60.3289],[21.9103,60.3231],[21.8803,60.3225]]],[[[23.2985,63.9349],[23.2929,63.9479],[23.3101,63.9453],[23.2985,63.9349]]],[[[21.8905,60.2771],[21.8903,60.2867],[21.9129,60.2759],[21.8905,60.2771]]],[[[19.9747,60.3723],[19.9693,60.3811],[19.9891,60.3773],[19.9747,60.3723]]],[[[10.4887,54.9575],[10.4913,54.9651],[10.4971,54.9671],[10.4887,54.9575]]],[[[11.1593,58.9119],[11.1615,58.9219],[11.1805,58.9135],[11.1593,58.9119]]],[[[23.2841,58.4247],[23.2833,58.4303],[23.2967,58.4327],[23.2841,58.4247]]],[[[18.7335,63.0723],[18.7407,63.0889],[18.7411,63.0665],[18.7335,63.0723]]],[[[21.5395,60.0937],[21.5457,60.1035],[21.5547,60.1007],[21.5395,60.0937]]],[[[23.0571,58.7739],[23.0489,58.7831],[23.0615,58.7815],[23.0571,58.7739]]],[[[11.7903,58.2859],[11.7875,58.2963],[11.8005,58.2939],[11.7903,58.2859]]],[[[25.3179,60.2401],[25.3075,60.2485],[25.3317,60.2463],[25.3179,60.2401]]],[[[20.5287,60.0867],[20.5205,60.0939],[20.5443,60.0865],[20.5287,60.0867]]],[[[22.3353,59.8443],[22.3309,59.8533],[22.3465,59.8485],[22.3353,59.8443]]],[[[26.6367,60.2903],[26.6435,60.3065],[26.6525,60.3009],[26.6367,60.2903]]],[[[11.9855,54.9497],[11.9999,54.9537],[11.9999,54.9413],[11.9855,54.9497]]],[[[20.4789,60.1185],[20.4767,60.1267],[20.5041,60.1269],[20.4789,60.1185]]],[[[27.5531,60.4289],[27.5641,60.4401],[27.5681,60.4305],[27.5531,60.4289]]],[[[11.4827,54.9047],[11.4757,54.9123],[11.5077,54.9115],[11.4827,54.9047]]],[[[11.2313,58.3559],[11.2297,58.3713],[11.2391,58.3597],[11.2313,58.3559]]],[[[25.2853,65.0023],[25.3113,65.0035],[25.3221,64.9985],[25.2853,65.0023]]],[[[25.4391,60.1647],[25.4467,60.1709],[25.4575,60.1627],[25.4391,60.1647]]],[[[21.0759,60.2671],[21.0745,60.2803],[21.0817,60.2701],[21.0759,60.2671]]],[[[21.8297,60.3203],[21.8173,60.3277],[21.8415,60.3213],[21.8297,60.3203]]],[[[25.9129,60.2393],[25.9147,60.2469],[25.9271,60.2433],[25.9129,60.2393]]],[[[22.9739,59.9043],[22.9743,59.9135],[22.9831,59.9119],[22.9739,59.9043]]],[[[16.7571,57.9787],[16.7539,57.9887],[16.7607,57.9829],[16.7571,57.9787]]],[[[25.8491,60.2491],[25.8511,60.2627],[25.8619,60.2493],[25.8491,60.2491]]],[[[11.2029,58.6667],[11.2087,58.6827],[11.2131,58.6749],[11.2029,58.6667]]],[[[19.5291,63.4397],[19.5305,63.4541],[19.5387,63.4485],[19.5291,63.4397]]],[[[11.9353,57.3699],[11.9393,57.3797],[11.9537,57.3757],[11.9353,57.3699]]],[[[16.5767,57.1161],[16.5699,57.1271],[16.5849,57.1179],[16.5767,57.1161]]],[[[19.7805,60.3503],[19.7731,60.3579],[19.7879,60.3559],[19.7805,60.3503]]],[[[11.6115,58.2423],[11.6165,58.2567],[11.6299,58.2549],[11.6115,58.2423]]],[[[18.7749,63.1199],[18.7719,63.1333],[18.7823,63.1291],[18.7749,63.1199]]],[[[25.2315,60.2117],[25.2245,60.2201],[25.2535,60.2183],[25.2315,60.2117]]],[[[21.0829,60.3839],[21.0793,60.3947],[21.0863,60.3957],[21.0829,60.3839]]],[[[24.6105,60.0613],[24.6239,60.0713],[24.6321,60.0685],[24.6105,60.0613]]],[[[13.1189,54.3043],[13.1223,54.3145],[13.1297,54.3091],[13.1189,54.3043]]],[[[21.5735,60.0919],[21.5805,60.1009],[21.5855,60.0989],[21.5735,60.0919]]],[[[28.4517,60.6113],[28.4565,60.6193],[28.4629,60.6147],[28.4517,60.6113]]],[[[22.2285,60.1355],[22.2313,60.1425],[22.2427,60.1415],[22.2285,60.1355]]],[[[16.8943,58.3671],[16.8919,58.3757],[16.9021,58.3711],[16.8943,58.3671]]],[[[27.1011,60.5013],[27.0959,60.5085],[27.1061,60.5061],[27.1011,60.5013]]],[[[21.2291,60.3037],[21.2413,60.3097],[21.2405,60.3045],[21.2291,60.3037]]],[[[18.8949,59.6881],[18.9131,59.6923],[18.9261,59.6859],[18.8949,59.6881]]],[[[10.3625,59.1039],[10.3647,59.1235],[10.3673,59.1227],[10.3625,59.1039]]],[[[31.6915,46.2659],[31.6903,46.2723],[31.6949,46.2729],[31.6915,46.2659]]],[[[25.3399,60.1701],[25.3481,60.1761],[25.3595,60.1707],[25.3399,60.1701]]],[[[20.7141,60.2379],[20.7167,60.2527],[20.7273,60.2429],[20.7141,60.2379]]],[[[23.1909,58.7525],[23.1799,58.7593],[23.1915,58.7549],[23.1909,58.7525]]],[[[18.1867,59.0351],[18.1851,59.0427],[18.2031,59.0367],[18.1867,59.0351]]],[[[21.1761,60.9453],[21.1729,60.9563],[21.1857,60.9491],[21.1761,60.9453]]],[[[11.3837,58.2337],[11.3911,58.2433],[11.3963,58.2321],[11.3837,58.2337]]],[[[21.2907,60.2191],[21.2797,60.2285],[21.3029,60.2275],[21.2907,60.2191]]],[[[15.7829,56.0469],[15.7803,56.0589],[15.7835,56.0589],[15.7829,56.0469]]],[[[17.9905,58.9531],[17.9843,58.9621],[17.9937,58.9621],[17.9905,58.9531]]],[[[24.6773,60.1009],[24.6733,60.1077],[24.6841,60.1065],[24.6773,60.1009]]],[[[22.1355,63.4557],[22.1387,63.4671],[22.1423,63.4617],[22.1355,63.4557]]],[[[19.9599,60.0487],[19.9521,60.0555],[19.9771,60.0523],[19.9599,60.0487]]],[[[10.3257,59.5157],[10.3257,59.5311],[10.3299,59.5187],[10.3257,59.5157]]],[[[27.7377,60.4547],[27.7417,60.4689],[27.7445,60.4669],[27.7377,60.4547]]],[[[9.5873,58.8911],[9.5769,58.8969],[9.5991,58.9031],[9.5873,58.8911]]],[[[18.6933,59.1361],[18.7007,59.1493],[18.7137,59.1455],[18.6933,59.1361]]],[[[9.7543,59.0275],[9.7503,59.0417],[9.7605,59.0321],[9.7543,59.0275]]],[[[28.4447,60.5601],[28.4497,60.5693],[28.4547,60.5667],[28.4447,60.5601]]],[[[25.1039,59.5941],[25.0879,59.6089],[25.1083,59.5967],[25.1039,59.5941]]],[[[22.1255,60.3823],[22.1441,60.3909],[22.1515,60.3869],[22.1255,60.3823]]],[[[21.3583,60.1729],[21.3521,60.1819],[21.3631,60.1787],[21.3583,60.1729]]],[[[27.5405,60.4473],[27.5395,60.4553],[27.5553,60.4499],[27.5405,60.4473]]],[[[16.7383,57.8575],[16.7529,57.8613],[16.7579,57.8579],[16.7383,57.8575]]],[[[10.3967,59.4843],[10.3799,59.4995],[10.4017,59.4847],[10.3967,59.4843]]],[[[21.9503,60.1393],[21.9413,60.1473],[21.9561,60.1467],[21.9503,60.1393]]],[[[23.7831,58.3335],[23.7803,58.3467],[23.7891,58.3311],[23.7831,58.3335]]],[[[22.7797,63.8955],[22.7797,63.9055],[22.7841,63.8963],[22.7797,63.8955]]],[[[16.8401,58.4111],[16.8315,58.4217],[16.8475,58.4189],[16.8401,58.4111]]],[[[21.3583,60.7903],[21.3591,60.7989],[21.3643,60.7893],[21.3583,60.7903]]],[[[18.9591,59.2853],[18.9759,59.2913],[18.9871,59.2877],[18.9591,59.2853]]],[[[21.8115,60.4667],[21.8109,60.4773],[21.8185,60.4745],[21.8115,60.4667]]],[[[18.9525,59.3685],[18.9549,59.3703],[18.9627,59.3755],[18.9675,59.3729],[18.9525,59.3685]]],[[[18.2697,62.8823],[18.2769,62.8977],[18.2787,62.8861],[18.2697,62.8823]]],[[[11.3879,58.2885],[11.3877,58.2995],[11.3911,58.2917],[11.3879,58.2885]]],[[[21.2553,64.8783],[21.2429,64.8895],[21.2605,64.8821],[21.2553,64.8783]]],[[[22.9047,59.8935],[22.9047,59.9033],[22.9151,59.8983],[22.9047,59.8935]]],[[[16.0719,56.2563],[16.0691,56.2697],[16.0747,56.2595],[16.0719,56.2563]]],[[[21.8311,63.2845],[21.8187,63.2977],[21.8341,63.2885],[21.8311,63.2845]]],[[[21.7685,60.1135],[21.7727,60.1197],[21.7893,60.1159],[21.7685,60.1135]]],[[[23.4143,58.8317],[23.4023,58.8417],[23.4163,58.8383],[23.4143,58.8317]]],[[[21.3681,63.0509],[21.3647,63.0597],[21.3867,63.0579],[21.3681,63.0509]]],[[[22.3917,59.9687],[22.3947,59.9805],[22.4037,59.9745],[22.3917,59.9687]]],[[[22.5055,60.2387],[22.5153,60.2459],[22.5209,60.2427],[22.5055,60.2387]]],[[[21.8401,60.3697],[21.8319,60.3759],[21.8569,60.3713],[21.8401,60.3697]]],[[[11.3103,54.9601],[11.3115,54.9709],[11.3201,54.9661],[11.3103,54.9601]]],[[[11.1329,59.1351],[11.1325,59.1477],[11.1379,59.1429],[11.1329,59.1351]]],[[[20.5887,60.0755],[20.5845,60.0837],[20.6085,60.0753],[20.5887,60.0755]]],[[[21.7915,60.0971],[21.7853,60.1039],[21.8105,60.0997],[21.7915,60.0971]]],[[[11.3719,55.1843],[11.3611,55.1923],[11.3853,55.1861],[11.3719,55.1843]]],[[[18.5013,59.0675],[18.4897,59.0635],[18.4965,59.0745],[18.5013,59.0675]]],[[[21.3745,60.0709],[21.3665,60.0825],[21.3807,60.0759],[21.3745,60.0709]]],[[[15.1757,56.1343],[15.1721,56.1423],[15.1847,56.1383],[15.1757,56.1343]]],[[[27.0815,60.4133],[27.0743,60.4243],[27.0893,60.4165],[27.0815,60.4133]]],[[[20.8343,60.0317],[20.8315,60.0429],[20.8417,60.0351],[20.8343,60.0317]]],[[[22.0941,63.4263],[22.0967,63.4397],[22.1015,63.4379],[22.0941,63.4263]]],[[[10.9481,59.1289],[10.9615,59.1333],[10.9527,59.1239],[10.9481,59.1289]]],[[[22.9257,60.0643],[22.9115,60.0727],[22.9355,60.0685],[22.9257,60.0643]]],[[[15.4207,56.1235],[15.4293,56.1305],[15.4355,56.1255],[15.4207,56.1235]]],[[[21.3925,63.0751],[21.3943,63.0871],[21.4079,63.0825],[21.3925,63.0751]]],[[[21.6941,60.2713],[21.6969,60.2789],[21.7123,60.2761],[21.6941,60.2713]]],[[[21.4807,60.3027],[21.4837,60.3121],[21.4883,60.3097],[21.4807,60.3027]]],[[[21.4355,60.3045],[21.4301,60.3193],[21.4391,60.3163],[21.4355,60.3045]]],[[[21.8791,60.1341],[21.8871,60.1431],[21.9033,60.1435],[21.8791,60.1341]]],[[[11.6921,57.8223],[11.6931,57.8311],[11.7045,57.8253],[11.6921,57.8223]]],[[[25.2935,60.2263],[25.2855,60.2383],[25.3061,60.2319],[25.2935,60.2263]]],[[[21.5157,61.3837],[21.5219,61.3931],[21.5287,61.3883],[21.5157,61.3837]]],[[[21.4929,60.2643],[21.4845,60.2735],[21.4931,60.2753],[21.4929,60.2643]]],[[[21.7307,60.2069],[21.7333,60.2155],[21.7447,60.2123],[21.7307,60.2069]]],[[[14.2533,53.7001],[14.2609,53.7085],[14.2709,53.7055],[14.2533,53.7001]]],[[[18.7063,59.5913],[18.6965,59.5963],[18.7085,59.6009],[18.7063,59.5913]]],[[[19.6129,60.4119],[19.6073,60.4203],[19.6127,60.4203],[19.6129,60.4119]]],[[[21.1595,60.3437],[21.1597,60.3543],[21.1643,60.3497],[21.1595,60.3437]]],[[[20.5175,60.1439],[20.5197,60.1555],[20.5279,60.1519],[20.5175,60.1439]]],[[[11.6175,57.9267],[11.6171,57.9351],[11.6295,57.9333],[11.6175,57.9267]]],[[[23.5239,64.0787],[23.5273,64.0881],[23.5353,64.0809],[23.5239,64.0787]]],[[[10.4797,54.8873],[10.4961,54.8895],[10.5127,54.8847],[10.4797,54.8873]]],[[[23.0117,60.1067],[23.0023,60.1111],[23.0125,60.1097],[23.0117,60.1067]]],[[[6.9953,58.0643],[7.0015,58.0567],[6.9901,58.0577],[6.9953,58.0643]]],[[[19.0295,59.6801],[19.0445,59.6897],[19.0457,59.6877],[19.0295,59.6801]]],[[[9.8823,55.2441],[9.8759,55.2549],[9.8923,55.2491],[9.8823,55.2441]]],[[[20.9419,60.3471],[20.9495,60.3553],[20.9507,60.3527],[20.9419,60.3471]]],[[[17.4573,62.5209],[17.4579,62.5361],[17.4645,62.5227],[17.4573,62.5209]]],[[[23.8555,59.9203],[23.8639,59.9291],[23.8741,59.9261],[23.8555,59.9203]]],[[[18.6443,63.1185],[18.6437,63.1375],[18.6501,63.1195],[18.6443,63.1185]]],[[[17.4477,60.7407],[17.4553,60.7515],[17.4617,60.7455],[17.4477,60.7407]]],[[[21.2503,60.0689],[21.2517,60.0791],[21.2621,60.0797],[21.2503,60.0689]]],[[[21.6245,60.4809],[21.6275,60.4931],[21.6349,60.4879],[21.6245,60.4809]]],[[[27.0727,60.4279],[27.0739,60.4407],[27.0829,60.4273],[27.0727,60.4279]]],[[[21.9335,60.2279],[21.9245,60.2347],[21.9371,60.2309],[21.9335,60.2279]]],[[[20.3613,60.1797],[20.3639,60.1935],[20.3759,60.1883],[20.3613,60.1797]]],[[[17.3827,61.6107],[17.3907,61.6175],[17.3943,61.6133],[17.3827,61.6107]]],[[[21.4117,62.9927],[21.4057,62.9987],[21.4283,62.9957],[21.4117,62.9927]]],[[[21.1209,60.1655],[21.1283,60.1707],[21.1337,60.1651],[21.1209,60.1655]]],[[[21.0909,63.2629],[21.0971,63.2705],[21.1097,63.2639],[21.0909,63.2629]]],[[[20.3151,60.2641],[20.3283,60.2677],[20.3201,60.2503],[20.3151,60.2641]]],[[[23.8877,59.9247],[23.8841,59.9361],[23.8931,59.9301],[23.8877,59.9247]]],[[[11.6485,57.9383],[11.6369,57.9443],[11.6635,57.9405],[11.6485,57.9383]]],[[[17.4851,58.7655],[17.4825,58.7773],[17.4917,58.7753],[17.4851,58.7655]]],[[[23.6323,64.1527],[23.6347,64.1589],[23.6519,64.1455],[23.6323,64.1527]]],[[[22.4277,59.8325],[22.4189,59.8411],[22.4301,59.8375],[22.4277,59.8325]]],[[[18.7799,59.5623],[18.7761,59.5693],[18.7903,59.5657],[18.7799,59.5623]]],[[[11.8059,57.6227],[11.8013,57.6317],[11.8129,57.6331],[11.8059,57.6227]]],[[[16.9851,58.2711],[16.9855,58.2811],[16.9921,58.2765],[16.9851,58.2711]]],[[[16.7031,57.5529],[16.7071,57.5617],[16.7191,57.5549],[16.7031,57.5529]]],[[[21.9249,60.1163],[21.9167,60.1253],[21.9269,60.1197],[21.9249,60.1163]]],[[[21.2955,62.1167],[21.2987,62.1327],[21.3043,62.1123],[21.2955,62.1167]]],[[[26.3481,60.3653],[26.3515,60.3751],[26.3637,60.3659],[26.3481,60.3653]]],[[[22.0501,63.3241],[22.0533,63.3343],[22.0547,63.3321],[22.0501,63.3241]]],[[[29.7837,45.4453],[29.7765,45.4469],[29.7809,45.4513],[29.7837,45.4453]]],[[[16.5781,57.3059],[16.5721,57.3167],[16.5865,57.3077],[16.5781,57.3059]]],[[[21.4381,61.2113],[21.4361,61.2193],[21.4517,61.2095],[21.4381,61.2113]]],[[[18.8539,59.2067],[18.8651,59.2123],[18.8677,59.2025],[18.8539,59.2067]]],[[[27.8517,60.4957],[27.8505,60.5061],[27.8563,60.5023],[27.8517,60.4957]]],[[[11.7803,58.0571],[11.7711,58.0685],[11.7877,58.0633],[11.7803,58.0571]]],[[[20.3045,60.1667],[20.3015,60.1795],[20.3103,60.1675],[20.3045,60.1667]]],[[[10.5095,59.1867],[10.5089,59.1991],[10.5197,59.1919],[10.5095,59.1867]]],[[[21.7295,60.1003],[21.7389,60.1051],[21.7545,60.1019],[21.7295,60.1003]]],[[[19.7071,60.2955],[19.7187,60.2973],[19.7155,60.2907],[19.7071,60.2955]]],[[[22.8445,60.0347],[22.8413,60.0465],[22.8467,60.0441],[22.8445,60.0347]]],[[[10.7423,59.2665],[10.7403,59.2785],[10.7475,59.2747],[10.7423,59.2665]]],[[[22.1833,60.1255],[22.1805,60.1321],[22.2029,60.1333],[22.1833,60.1255]]],[[[21.8811,60.0065],[21.8869,60.0163],[21.8913,60.0129],[21.8811,60.0065]]],[[[6.9831,58.0147],[6.9991,58.0221],[6.9987,58.0135],[6.9831,58.0147]]],[[[21.4587,61.6275],[21.4667,61.6333],[21.4695,61.6299],[21.4587,61.6275]]],[[[8.2217,58.1127],[8.2117,58.1193],[8.2245,58.1159],[8.2217,58.1127]]],[[[21.3309,61.8453],[21.3331,61.8573],[21.3449,61.8509],[21.3309,61.8453]]],[[[21.4223,60.6083],[21.4255,60.6151],[21.4305,60.6119],[21.4223,60.6083]]],[[[21.4305,60.3297],[21.4105,60.3371],[21.4361,60.3335],[21.4305,60.3297]]],[[[18.7011,59.1727],[18.7113,59.1827],[18.7181,59.1809],[18.7011,59.1727]]],[[[21.5019,60.1497],[21.4957,60.1575],[21.5057,60.1547],[21.5019,60.1497]]],[[[27.1451,60.2833],[27.1555,60.2947],[27.1581,60.2933],[27.1451,60.2833]]],[[[20.9921,60.3619],[20.9871,60.3747],[20.9977,60.3663],[20.9921,60.3619]]],[[[20.2721,60.4131],[20.2663,60.4225],[20.2779,60.4227],[20.2721,60.4131]]],[[[10.7625,55.9433],[10.7687,55.9491],[10.7729,55.9455],[10.7625,55.9433]]],[[[21.5887,60.3309],[21.5881,60.3403],[21.5963,60.3309],[21.5887,60.3309]]],[[[17.3815,62.4839],[17.3945,62.4919],[17.3987,62.4895],[17.3815,62.4839]]],[[[22.2927,60.3275],[22.2833,60.3385],[22.2943,60.3389],[22.2927,60.3275]]],[[[11.5715,57.9335],[11.5675,57.9423],[11.5849,57.9341],[11.5715,57.9335]]],[[[11.9073,57.5873],[11.9189,57.5959],[11.9225,57.5905],[11.9073,57.5873]]],[[[20.4423,60.3243],[20.4423,60.3359],[20.4471,60.3325],[20.4423,60.3243]]],[[[18.4261,59.1147],[18.4279,59.1271],[18.4327,59.1245],[18.4261,59.1147]]],[[[17.5571,60.6551],[17.5611,60.6635],[17.5699,60.6607],[17.5571,60.6551]]],[[[22.4555,60.3833],[22.4629,60.3933],[22.4693,60.3893],[22.4555,60.3833]]],[[[21.0001,60.6475],[20.9919,60.6529],[21.0001,60.6567],[21.0001,60.6475]]],[[[21.4469,60.2575],[21.4471,60.2679],[21.4561,60.2639],[21.4469,60.2575]]],[[[16.4995,56.9299],[16.4975,56.9409],[16.5039,56.9367],[16.4995,56.9299]]],[[[19.4785,60.2729],[19.4813,60.2833],[19.4853,60.2701],[19.4785,60.2729]]],[[[21.5239,61.7561],[21.5139,61.7657],[21.5331,61.7575],[21.5239,61.7561]]],[[[18.9875,59.3681],[18.9849,59.3783],[18.9935,59.3741],[18.9875,59.3681]]],[[[17.0287,58.2571],[17.0151,58.2559],[17.0287,58.2643],[17.0287,58.2571]]],[[[21.9621,60.0873],[21.9615,60.0925],[21.9823,60.0879],[21.9621,60.0873]]],[[[11.5795,57.8857],[11.5851,57.8899],[11.5899,57.8859],[11.5795,57.8857]]],[[[9.5661,58.8785],[9.5429,58.8797],[9.5709,58.8821],[9.5661,58.8785]]],[[[20.2973,59.9731],[20.3035,59.9849],[20.3063,59.9783],[20.2973,59.9731]]],[[[18.0757,59.0333],[18.0935,59.0367],[18.0845,59.0253],[18.0757,59.0333]]],[[[17.6073,58.8609],[17.5955,58.8683],[17.6173,58.8639],[17.6073,58.8609]]],[[[21.1599,60.3765],[21.1635,60.3867],[21.1683,60.3767],[21.1599,60.3765]]],[[[21.4101,62.9323],[21.4159,62.9417],[21.4203,62.9321],[21.4101,62.9323]]],[[[21.5817,61.6227],[21.5757,61.6283],[21.5837,61.6251],[21.5817,61.6227]]],[[[21.1789,60.3757],[21.1823,60.3865],[21.1879,60.3753],[21.1789,60.3757]]],[[[21.4113,60.1059],[21.4085,60.1173],[21.4187,60.1115],[21.4113,60.1059]]],[[[10.4905,54.9143],[10.4865,54.9233],[10.4917,54.9155],[10.4905,54.9143]]],[[[20.7395,60.2089],[20.7427,60.2153],[20.7613,60.2135],[20.7395,60.2089]]],[[[18.6903,59.4145],[18.6899,59.4225],[18.7067,59.4175],[18.6903,59.4145]]],[[[27.4567,60.4007],[27.4595,60.4125],[27.4663,60.4087],[27.4567,60.4007]]],[[[11.8013,58.2697],[11.7985,58.2803],[11.8069,58.2717],[11.8013,58.2697]]],[[[22.0801,60.1337],[22.0987,60.1363],[22.1047,60.1335],[22.0801,60.1337]]],[[[16.6545,57.8183],[16.6437,57.8207],[16.6523,57.8277],[16.6545,57.8183]]],[[[22.4733,59.8445],[22.4683,59.8543],[22.4765,59.8517],[22.4733,59.8445]]],[[[21.0957,60.3651],[21.0931,60.3815],[21.0983,60.3665],[21.0957,60.3651]]],[[[19.1811,63.2739],[19.1799,63.2847],[19.1845,63.2825],[19.1811,63.2739]]],[[[21.5213,60.2173],[21.5185,60.2275],[21.5227,60.2251],[21.5213,60.2173]]],[[[21.1943,60.3321],[21.1915,60.3449],[21.1995,60.3359],[21.1943,60.3321]]],[[[21.8157,60.2745],[21.8213,60.2835],[21.8295,60.2815],[21.8157,60.2745]]],[[[27.3505,60.4609],[27.3433,60.4723],[27.3547,60.4651],[27.3505,60.4609]]],[[[21.5671,60.4039],[21.5721,60.4119],[21.5767,60.4071],[21.5671,60.4039]]],[[[20.3015,60.4039],[20.2993,60.4159],[20.3085,60.4103],[20.3015,60.4039]]],[[[21.8983,60.1179],[21.8973,60.1247],[21.9021,60.1217],[21.8983,60.1179]]],[[[26.7661,60.4581],[26.7759,60.4629],[26.7755,60.4603],[26.7661,60.4581]]],[[[19.6251,60.1559],[19.6249,60.1659],[19.6349,60.1601],[19.6251,60.1559]]],[[[20.7521,60.2597],[20.7433,60.2677],[20.7557,60.2687],[20.7521,60.2597]]],[[[21.5269,61.7447],[21.5443,61.7499],[21.5489,61.7473],[21.5269,61.7447]]],[[[18.7603,63.1615],[18.7537,63.1755],[18.7635,63.1685],[18.7603,63.1615]]],[[[18.6097,60.3089],[18.6009,60.3185],[18.6163,60.3127],[18.6097,60.3089]]],[[[18.8245,59.3743],[18.8281,59.3839],[18.8315,59.3757],[18.8245,59.3743]]],[[[21.6627,60.2521],[21.6683,60.2585],[21.6719,60.2563],[21.6627,60.2521]]],[[[26.2215,60.3887],[26.2051,60.3911],[26.2191,60.3949],[26.2215,60.3887]]],[[[21.3991,60.3269],[21.4079,60.3323],[21.4139,60.3289],[21.3991,60.3269]]],[[[19.1901,59.6653],[19.1927,59.6759],[19.2071,59.6679],[19.1901,59.6653]]],[[[18.9251,59.6619],[18.9261,59.6677],[18.9477,59.6711],[18.9251,59.6619]]],[[[30.2359,59.9655],[30.2279,59.9585],[30.2195,59.9599],[30.2359,59.9655]]],[[[8.4667,58.2465],[8.4475,58.2585],[8.4725,58.2489],[8.4667,58.2465]]],[[[21.0335,60.3867],[21.0313,60.3959],[21.0351,60.3907],[21.0335,60.3867]]],[[[21.6813,59.9069],[21.6907,59.9161],[21.6931,59.9091],[21.6813,59.9069]]],[[[16.6983,57.4325],[16.7023,57.4397],[16.7151,57.4371],[16.6983,57.4325]]],[[[7.9931,58.1145],[8.0063,58.1161],[8.0145,58.1115],[7.9931,58.1145]]],[[[22.0905,60.1381],[22.0945,60.1459],[22.1001,60.1401],[22.0905,60.1381]]],[[[10.4737,59.1971],[10.4677,59.2079],[10.4753,59.2021],[10.4737,59.1971]]],[[[21.2455,60.3619],[21.2443,60.3729],[21.2501,60.3647],[21.2455,60.3619]]],[[[21.8723,60.3439],[21.8671,60.3503],[21.8837,60.3461],[21.8723,60.3439]]],[[[19.1705,59.7425],[19.1753,59.7509],[19.1843,59.7433],[19.1705,59.7425]]],[[[11.3609,58.1191],[11.3545,58.1271],[11.3601,58.1275],[11.3609,58.1191]]],[[[21.9667,60.2037],[21.9705,60.2141],[21.9761,60.2077],[21.9667,60.2037]]],[[[10.3575,59.5127],[10.3541,59.5233],[10.3623,59.5165],[10.3575,59.5127]]],[[[21.8013,59.9675],[21.7969,59.9737],[21.8087,59.9817],[21.8013,59.9675]]],[[[21.1705,60.4471],[21.1871,60.4533],[21.1925,60.4503],[21.1705,60.4471]]],[[[18.7731,57.2717],[18.7669,57.2803],[18.7777,57.2739],[18.7731,57.2717]]],[[[20.2709,63.6499],[20.2767,63.6581],[20.2815,63.6489],[20.2709,63.6499]]],[[[8.9255,58.4741],[8.9133,58.4745],[8.9269,58.4799],[8.9255,58.4741]]],[[[18.8997,59.3763],[18.9009,59.3857],[18.9067,59.3813],[18.8997,59.3763]]],[[[25.4761,60.1735],[25.4803,60.1813],[25.4953,60.1823],[25.4761,60.1735]]],[[[19.5591,63.4891],[19.5517,63.4969],[19.5573,63.5007],[19.5591,63.4891]]],[[[27.3129,60.2781],[27.3177,60.2871],[27.3239,60.2829],[27.3129,60.2781]]],[[[21.2617,60.3961],[21.2581,60.4045],[21.2695,60.4029],[21.2617,60.3961]]],[[[20.6499,60.0333],[20.6475,60.0395],[20.6509,60.0367],[20.6499,60.0333]]],[[[20.5937,63.7843],[20.5875,63.7959],[20.5919,63.7951],[20.5937,63.7843]]],[[[16.6565,57.6423],[16.6449,57.6455],[16.6573,57.6459],[16.6565,57.6423]]],[[[11.6603,57.7297],[11.6523,57.7389],[11.6663,57.7349],[11.6603,57.7297]]],[[[19.5123,63.4529],[19.5043,63.4679],[19.5175,63.4569],[19.5123,63.4529]]],[[[9.3793,58.8515],[9.3747,58.8555],[9.4011,58.8565],[9.3793,58.8515]]],[[[21.2387,60.1711],[21.2455,60.1763],[21.2553,60.1737],[21.2387,60.1711]]],[[[24.4305,64.6951],[24.4493,64.7049],[24.4523,64.7021],[24.4305,64.6951]]],[[[20.7713,60.4109],[20.7665,60.4183],[20.7761,60.4255],[20.7713,60.4109]]],[[[18.6209,59.0875],[18.6159,59.0977],[18.6221,59.0953],[18.6209,59.0875]]],[[[8.3951,58.2311],[8.3885,58.2391],[8.3971,58.2335],[8.3951,58.2311]]],[[[25.5099,60.2075],[25.5005,60.2125],[25.5161,60.2125],[25.5099,60.2075]]],[[[9.6541,58.8957],[9.6555,58.9039],[9.6605,58.9027],[9.6541,58.8957]]],[[[21.3441,63.0901],[21.3403,63.0981],[21.3531,63.0931],[21.3441,63.0901]]],[[[27.4737,60.4215],[27.4637,60.4327],[27.4775,60.4235],[27.4737,60.4215]]],[[[8.3145,58.1775],[8.3195,58.1907],[8.3245,58.1829],[8.3145,58.1775]]],[[[20.8821,60.1883],[20.8785,60.2007],[20.8907,60.1841],[20.8821,60.1883]]],[[[10.7663,59.8649],[10.7639,59.8741],[10.7697,59.8729],[10.7663,59.8649]]],[[[18.8525,59.6801],[18.8517,59.6863],[18.8609,59.6847],[18.8525,59.6801]]],[[[22.6393,63.7783],[22.6339,63.7897],[22.6407,63.7811],[22.6393,63.7783]]],[[[16.9553,58.5035],[16.9555,58.5129],[16.9675,58.5027],[16.9553,58.5035]]],[[[21.6805,60.2427],[21.6927,60.2477],[21.6977,60.2457],[21.6805,60.2427]]],[[[21.3099,60.3041],[21.3119,60.3139],[21.3135,60.3069],[21.3099,60.3041]]],[[[16.6661,57.6349],[16.6671,57.6457],[16.6739,57.6427],[16.6661,57.6349]]],[[[10.7689,59.1003],[10.7671,59.1113],[10.7809,59.1045],[10.7689,59.1003]]],[[[21.2955,60.8353],[21.2841,60.8463],[21.3003,60.8391],[21.2955,60.8353]]],[[[27.1269,60.4145],[27.1201,60.4229],[27.1293,60.4201],[27.1269,60.4145]]],[[[22.6613,63.7411],[22.6619,63.7523],[22.6649,63.7443],[22.6613,63.7411]]],[[[21.0843,60.2855],[21.0711,60.2897],[21.0939,60.2895],[21.0843,60.2855]]],[[[13.7701,54.2073],[13.7787,54.2073],[13.7725,54.1911],[13.7701,54.2073]]],[[[10.9879,59.0527],[10.9897,59.0653],[10.9981,59.0581],[10.9879,59.0527]]],[[[22.2237,63.2627],[22.2271,63.2751],[22.2317,63.2603],[22.2237,63.2627]]],[[[25.6753,60.3635],[25.6819,60.3727],[25.6869,60.3697],[25.6753,60.3635]]],[[[11.2319,58.5293],[11.2349,58.5427],[11.2383,58.5363],[11.2319,58.5293]]],[[[19.8419,60.2691],[19.8639,60.2799],[19.8489,60.2641],[19.8419,60.2691]]],[[[20.4707,60.1673],[20.4687,60.1779],[20.4785,60.1733],[20.4707,60.1673]]],[[[24.1061,60.0159],[24.1087,60.0243],[24.1125,60.0219],[24.1061,60.0159]]],[[[16.7951,58.0885],[16.7949,58.0947],[16.8025,58.0883],[16.7951,58.0885]]],[[[10.4919,59.1933],[10.4967,59.2077],[10.5017,59.2025],[10.4919,59.1933]]],[[[11.1755,58.8577],[11.1733,58.8651],[11.1897,58.8645],[11.1755,58.8577]]],[[[11.0923,58.9515],[11.0887,58.9615],[11.0949,58.9567],[11.0923,58.9515]]],[[[21.4443,60.5649],[21.4313,60.5765],[21.4497,60.5693],[21.4443,60.5649]]],[[[25.8709,60.1967],[25.8785,60.2039],[25.8879,60.2029],[25.8709,60.1967]]],[[[21.3353,60.4079],[21.3375,60.4155],[21.3473,60.4123],[21.3353,60.4079]]],[[[11.4093,58.2317],[11.4001,58.2415],[11.4179,58.2387],[11.4093,58.2317]]],[[[18.5689,63.0391],[18.5661,63.0523],[18.5793,63.0443],[18.5689,63.0391]]],[[[21.1169,60.4979],[21.1061,60.5063],[21.1193,60.5003],[21.1169,60.4979]]],[[[21.3395,60.6605],[21.3371,60.6719],[21.3459,60.6605],[21.3395,60.6605]]],[[[11.6725,58.2601],[11.6739,58.2737],[11.6769,58.2695],[11.6725,58.2601]]],[[[11.1509,58.7475],[11.1543,58.7579],[11.1627,58.7563],[11.1509,58.7475]]],[[[25.9633,60.2185],[25.9697,60.2253],[25.9853,60.2257],[25.9633,60.2185]]],[[[10.5505,59.2071],[10.5447,59.2127],[10.5657,59.2079],[10.5505,59.2071]]],[[[16.5675,57.5823],[16.5601,57.5901],[16.5749,57.5837],[16.5675,57.5823]]],[[[9.7715,59.0199],[9.7799,59.0217],[9.7783,59.0163],[9.7715,59.0199]]],[[[17.2755,61.2361],[17.2817,61.2437],[17.2953,61.2399],[17.2755,61.2361]]],[[[18.4925,59.4271],[18.4807,59.4335],[18.4963,59.4287],[18.4925,59.4271]]],[[[18.6451,59.0907],[18.6531,59.1019],[18.6569,59.0973],[18.6451,59.0907]]],[[[20.6673,63.2437],[20.6713,63.2515],[20.6851,63.2501],[20.6673,63.2437]]],[[[15.4071,56.1401],[15.4037,56.1505],[15.4125,56.1491],[15.4071,56.1401]]],[[[11.7973,57.6405],[11.8043,57.6511],[11.8105,57.6455],[11.7973,57.6405]]],[[[28.6639,60.5161],[28.6669,60.5243],[28.6781,60.5181],[28.6639,60.5161]]],[[[18.5913,63.0301],[18.5941,63.0411],[18.6027,63.0369],[18.5913,63.0301]]],[[[23.6109,59.9049],[23.6071,59.9143],[23.6211,59.9047],[23.6109,59.9049]]],[[[10.5301,59.0561],[10.5235,59.0699],[10.5311,59.0637],[10.5301,59.0561]]],[[[19.4195,63.4479],[19.4121,63.4579],[19.4249,63.4579],[19.4195,63.4479]]],[[[18.5917,59.1253],[18.5875,59.1313],[18.5971,59.1339],[18.5917,59.1253]]],[[[21.6063,63.2553],[21.6061,63.2673],[21.6121,63.2625],[21.6063,63.2553]]],[[[21.3819,61.6755],[21.3777,61.6851],[21.3879,61.6753],[21.3819,61.6755]]],[[[18.5577,59.1107],[18.5735,59.1239],[18.5755,59.1213],[18.5577,59.1107]]],[[[13.1629,54.5035],[13.1645,54.5133],[13.1697,54.5085],[13.1629,54.5035]]],[[[21.6913,60.5635],[21.6959,60.5723],[21.6995,60.5577],[21.6913,60.5635]]],[[[27.0307,60.4931],[27.0301,60.5055],[27.0331,60.4993],[27.0307,60.4931]]],[[[19.6351,60.2991],[19.6405,60.3093],[19.6411,60.3005],[19.6351,60.2991]]],[[[7.6169,57.9667],[7.6139,57.9757],[7.6277,57.9749],[7.6169,57.9667]]],[[[18.3027,59.0779],[18.2813,59.0801],[18.3063,59.0797],[18.3027,59.0779]]],[[[18.7987,59.3835],[18.7973,59.3895],[18.8003,59.3867],[18.7987,59.3835]]],[[[29.6249,44.8589],[29.6291,44.8719],[29.6315,44.8625],[29.6249,44.8589]]],[[[13.9169,54.2413],[13.9229,54.2515],[13.9283,54.2507],[13.9169,54.2413]]],[[[18.6779,59.4701],[18.6893,59.4819],[18.6937,59.4799],[18.6779,59.4701]]],[[[19.1701,59.6861],[19.1753,59.6911],[19.1769,59.6885],[19.1701,59.6861]]],[[[21.6993,60.3885],[21.7021,60.3967],[21.7083,60.3883],[21.6993,60.3885]]],[[[11.6925,57.6895],[11.6923,57.7007],[11.6989,57.6907],[11.6925,57.6895]]],[[[22.8245,63.8605],[22.8141,63.8691],[22.8361,63.8643],[22.8245,63.8605]]],[[[21.4029,62.9201],[21.4007,62.9305],[21.4133,62.9253],[21.4029,62.9201]]],[[[22.6193,59.9369],[22.6049,59.9455],[22.6223,59.9385],[22.6193,59.9369]]],[[[11.2173,58.3275],[11.2235,58.3421],[11.2255,58.3381],[11.2173,58.3275]]],[[[7.5887,57.9871],[7.5881,57.9929],[7.6019,57.9883],[7.5887,57.9871]]],[[[21.2495,59.9875],[21.2539,59.9941],[21.2529,59.9879],[21.2495,59.9875]]],[[[24.3669,60.0017],[24.3669,60.0133],[24.3731,60.0147],[24.3669,60.0017]]],[[[22.5137,60.0033],[22.5123,60.0089],[22.5303,60.0103],[22.5137,60.0033]]],[[[26.9621,60.3699],[26.9617,60.3791],[26.9649,60.3743],[26.9621,60.3699]]],[[[16.8457,58.1249],[16.8491,58.1355],[16.8569,58.1329],[16.8457,58.1249]]],[[[20.5127,60.2585],[20.5225,60.2699],[20.5243,60.2685],[20.5127,60.2585]]],[[[10.5463,59.6965],[10.5473,59.7087],[10.5497,59.6973],[10.5463,59.6965]]],[[[20.6127,60.3917],[20.6133,60.3989],[20.6295,60.3919],[20.6127,60.3917]]],[[[21.3143,60.7683],[21.3235,60.7739],[21.3219,60.7659],[21.3143,60.7683]]],[[[22.6401,60.0085],[22.6483,60.0141],[22.6527,60.0121],[22.6401,60.0085]]],[[[7.5907,57.9761],[7.5823,57.9835],[7.6009,57.9811],[7.5907,57.9761]]],[[[21.5201,60.5675],[21.5041,60.5735],[21.5231,60.5693],[21.5201,60.5675]]],[[[24.0267,60.0145],[24.0269,60.0203],[24.0433,60.0191],[24.0267,60.0145]]],[[[22.8719,60.0715],[22.8633,60.0771],[22.8837,60.0755],[22.8719,60.0715]]],[[[16.6301,57.8845],[16.6283,57.8917],[16.6373,57.8879],[16.6301,57.8845]]],[[[21.0247,60.5257],[21.0245,60.5359],[21.0359,60.5273],[21.0247,60.5257]]],[[[10.9617,58.9763],[10.9533,58.9883],[10.9653,58.9817],[10.9617,58.9763]]],[[[20.2847,60.3477],[20.2803,60.3583],[20.2865,60.3551],[20.2847,60.3477]]],[[[21.2963,62.0711],[21.2891,62.0843],[21.2979,62.0821],[21.2963,62.0711]]],[[[18.6265,60.1699],[18.6179,60.1789],[18.6353,60.1703],[18.6265,60.1699]]],[[[17.5195,58.8061],[17.5209,58.8179],[17.5279,58.8081],[17.5195,58.8061]]],[[[18.6117,59.4303],[18.6091,59.4391],[18.6209,59.4309],[18.6117,59.4303]]],[[[21.7525,60.4203],[21.7527,60.4277],[21.7613,60.4207],[21.7525,60.4203]]],[[[18.4647,59.2965],[18.4761,59.2987],[18.4835,59.2939],[18.4647,59.2965]]],[[[28.5363,60.6501],[28.5317,60.6607],[28.5415,60.6539],[28.5363,60.6501]]],[[[22.4053,60.1321],[22.4063,60.1383],[22.4089,60.1361],[22.4053,60.1321]]],[[[12.8227,55.8539],[12.8283,55.8605],[12.8275,55.8545],[12.8227,55.8539]]],[[[22.0903,60.1523],[22.0927,60.1573],[22.0955,60.1559],[22.0903,60.1523]]],[[[18.7431,59.4905],[18.7309,59.4941],[18.7543,59.4935],[18.7431,59.4905]]],[[[21.2171,60.8265],[21.2135,60.8383],[21.2231,60.8265],[21.2171,60.8265]]],[[[22.4693,58.1361],[22.4755,58.1509],[22.4783,58.1487],[22.4693,58.1361]]],[[[21.7161,60.3357],[21.7411,60.3353],[21.7433,60.3333],[21.7161,60.3357]]],[[[22.9655,60.3207],[22.9867,60.3283],[22.9727,60.3185],[22.9655,60.3207]]],[[[19.3401,60.1979],[19.3533,60.1989],[19.3487,60.1895],[19.3401,60.1979]]],[[[10.9573,55.3293],[10.9727,55.3353],[10.9815,55.3343],[10.9573,55.3293]]],[[[10.4839,59.4365],[10.4855,59.4477],[10.4889,59.4453],[10.4839,59.4365]]],[[[18.5291,59.0721],[18.5325,59.0839],[18.5315,59.0731],[18.5291,59.0721]]],[[[11.1399,58.7297],[11.1385,58.7381],[11.1433,58.7317],[11.1399,58.7297]]],[[[21.3697,60.6491],[21.3581,60.6635],[21.3717,60.6525],[21.3697,60.6491]]],[[[18.7115,59.4461],[18.7281,59.4521],[18.7285,59.4481],[18.7115,59.4461]]],[[[20.2517,63.6793],[20.2441,63.6865],[20.2535,63.6899],[20.2517,63.6793]]],[[[11.4981,54.0231],[11.4973,54.0321],[11.5025,54.0301],[11.4981,54.0231]]],[[[8.5855,55.1765],[8.5921,55.1921],[8.5967,55.1861],[8.5855,55.1765]]],[[[21.2209,62.9033],[21.2151,62.9113],[21.2339,62.9053],[21.2209,62.9033]]],[[[17.1805,61.4367],[17.1823,61.4457],[17.1831,61.4399],[17.1805,61.4367]]],[[[22.0405,63.2561],[22.0387,63.2661],[22.0439,63.2565],[22.0405,63.2561]]],[[[20.9245,60.0215],[20.9269,60.0327],[20.9309,60.0323],[20.9245,60.0215]]],[[[18.7545,63.0693],[18.7499,63.0809],[18.7567,63.0803],[18.7545,63.0693]]],[[[18.6269,63.1255],[18.6311,63.1343],[18.6363,63.1245],[18.6269,63.1255]]],[[[19.7803,60.3727],[19.7853,60.3793],[19.7843,60.3647],[19.7803,60.3727]]],[[[37.6703,47.0813],[37.6763,47.0835],[37.6845,47.0775],[37.6703,47.0813]]],[[[16.7779,58.3697],[16.7845,58.3807],[16.7895,58.3731],[16.7779,58.3697]]],[[[21.5071,63.1323],[21.5249,63.1313],[21.5247,63.1291],[21.5071,63.1323]]],[[[16.9525,58.3135],[16.9569,58.3259],[16.9565,58.3135],[16.9525,58.3135]]],[[[18.3031,59.1113],[18.3247,59.1181],[18.3255,59.1161],[18.3031,59.1113]]],[[[18.4911,62.8731],[18.4891,62.8857],[18.4985,62.8769],[18.4911,62.8731]]],[[[20.7229,60.2611],[20.7343,60.2683],[20.7319,60.2557],[20.7229,60.2611]]],[[[25.0533,60.0989],[25.0657,60.1061],[25.0737,60.1051],[25.0533,60.0989]]],[[[17.1637,61.5989],[17.1639,61.6041],[17.1667,61.6011],[17.1637,61.5989]]],[[[28.6521,60.6043],[28.6469,60.6165],[28.6571,60.6045],[28.6521,60.6043]]],[[[17.4779,58.6861],[17.4813,58.6927],[17.4893,58.6815],[17.4779,58.6861]]],[[[22.2417,63.3147],[22.2443,63.3237],[22.2513,63.3103],[22.2417,63.3147]]],[[[10.4555,59.1693],[10.4627,59.1685],[10.4575,59.1583],[10.4555,59.1693]]],[[[18.8501,59.3213],[18.8631,59.3267],[18.8689,59.3209],[18.8501,59.3213]]],[[[11.2347,58.5915],[11.2289,58.6003],[11.2411,58.5895],[11.2347,58.5915]]],[[[18.5169,57.1203],[18.5249,57.1299],[18.5287,57.1277],[18.5169,57.1203]]],[[[10.3281,55.0417],[10.3423,55.0465],[10.3285,55.0365],[10.3281,55.0417]]],[[[18.6271,59.0951],[18.6351,59.0979],[18.6303,59.0859],[18.6271,59.0951]]],[[[18.7819,59.6637],[18.7743,59.6681],[18.7917,59.6707],[18.7819,59.6637]]],[[[21.2613,62.2975],[21.2683,62.3111],[21.2719,62.3111],[21.2613,62.2975]]],[[[22.4227,60.1309],[22.4163,60.1347],[22.4279,60.1377],[22.4227,60.1309]]],[[[9.2745,58.7239],[9.2655,58.7281],[9.2753,58.7283],[9.2745,58.7239]]],[[[11.0555,54.8475],[11.0591,54.8585],[11.0641,54.8517],[11.0555,54.8475]]],[[[21.6639,60.4829],[21.6691,60.4895],[21.6733,60.4831],[21.6639,60.4829]]],[[[19.5393,60.2677],[19.5381,60.2809],[19.5423,60.2683],[19.5393,60.2677]]],[[[18.7309,59.2275],[18.7283,59.2397],[18.7339,59.2353],[18.7309,59.2275]]],[[[10.6975,55.9269],[10.7145,55.9341],[10.7159,55.9319],[10.6975,55.9269]]],[[[16.9253,58.2279],[16.9287,58.2313],[16.9405,58.2287],[16.9253,58.2279]]],[[[13.1177,54.5415],[13.1253,54.5495],[13.1257,54.5445],[13.1177,54.5415]]],[[[11.6357,54.9019],[11.6401,54.9095],[11.6509,54.9079],[11.6357,54.9019]]],[[[21.3283,60.5689],[21.3279,60.5753],[21.3365,60.5743],[21.3283,60.5689]]],[[[11.2179,58.3467],[11.2161,58.3563],[11.2261,58.3515],[11.2179,58.3467]]],[[[21.5493,60.3221],[21.5475,60.3283],[21.5529,60.3251],[21.5493,60.3221]]],[[[10.9661,59.0899],[10.9633,59.1025],[10.9669,59.0993],[10.9661,59.0899]]],[[[28.5993,60.6517],[28.6039,60.6599],[28.6115,60.6587],[28.5993,60.6517]]],[[[22.6659,59.9381],[22.6633,59.9455],[22.6701,59.9403],[22.6659,59.9381]]],[[[23.4289,59.8565],[23.4291,59.8641],[23.4363,59.8603],[23.4289,59.8565]]],[[[21.1913,60.3101],[21.1963,60.3175],[21.1991,60.3137],[21.1913,60.3101]]],[[[28.6673,60.5095],[28.6697,60.5149],[28.6787,60.5131],[28.6673,60.5095]]],[[[10.5757,59.1985],[10.5783,59.2019],[10.5781,59.1939],[10.5757,59.1985]]],[[[18.8105,59.1499],[18.8089,59.1561],[18.8183,59.1543],[18.8105,59.1499]]],[[[18.5389,59.0191],[18.5385,59.0259],[18.5485,59.0273],[18.5389,59.0191]]],[[[21.3821,60.7707],[21.3935,60.7709],[21.3931,60.7677],[21.3821,60.7707]]],[[[20.9985,60.2461],[21.0001,60.2519],[21.0001,60.2447],[20.9985,60.2461]]],[[[17.9049,62.9007],[17.9049,62.9059],[17.9095,62.9037],[17.9049,62.9007]]],[[[8.5565,55.1081],[8.5617,55.1201],[8.5621,55.1193],[8.5565,55.1081]]],[[[20.9989,63.8043],[21.0001,63.8077],[21.0001,63.8033],[20.9989,63.8043]]]]}}]}