{"type":"FeatureCollection","features":[{"type":"Feature","properties":{"birdlifeId":"22716906","scientificName":"Sylvia borin","rangeType":"wintering","speciesId":"avibase-A6A4FC63","speciesName":"Garden Warbler","speciesLatin":"Sylvia borin"},"geometry":{"type":"MultiPolygon","coordinates":[[[[-7.8054,13.2015],[-5.2935,11.9075],[2.9949,11.1855],[7.1195,11.0299],[12.3827,10.0427],[14.7073,9.2119],[16.1463,8.4095],[18.3643,7.6547],[24.3719,6.8855],[26.8793,6.0569],[32.5269,2.7015],[37.4027,0.4797],[38.2777,-0.502],[38.6331,-1.2621],[38.7977,-2.2918],[38.8459,-4.1554],[38.4463,-6.5368],[38.7559,-11.7602],[38.4661,-13.6292],[37.6273,-16.0238],[36.4833,-18.2309],[35.1365,-19.6894],[34.8787,-19.852],[34.6307,-19.6631],[34.7819,-19.8515],[34.6025,-20.5247],[35.0025,-20.7434],[35.3435,-22.1861],[35.4987,-22.1017],[35.5245,-22.3105],[35.5325,-22.2063],[35.5467,-22.1725],[35.6047,-22.9265],[35.3301,-23.6792],[35.3417,-23.9952],[35.5515,-23.7922],[35.4821,-24.1555],[35.0915,-24.6258],[33.2191,-25.3402],[32.4525,-25.9756],[32.6697,-26.1223],[32.7045,-26.3193],[32.6779,-26.3454],[32.6695,-26.3664],[32.6695,-26.3863],[32.6799,-26.3949],[32.7113,-26.3164],[32.6897,-26.2002],[32.8855,-26.2845],[32.9627,-26.087],[32.4035,-28.5225],[31.4333,-29.1979],[30.0001,-31.307],[28.5219,-32.5898],[28.3877,-31.9814],[29.5891,-30.5672],[30.3993,-28.4937],[30.4577,-27.824],[30.2815,-27.3323],[29.5103,-26.9757],[27.2351,-26.6454],[25.7969,-25.9002],[25.5345,-22.2558],[24.8053,-21.67],[22.7735,-21.5962],[18.7849,-21.0425],[15.1949,-19.4533],[14.2133,-18.2134],[13.5547,-16.9704],[13.3257,-14.7268],[13.4539,-12.5251],[13.7621,-11.9558],[13.8651,-11.0085],[12.9933,-9.0755],[13.4001,-8.7453],[13.3871,-8.3622],[12.2701,-6.1301],[12.8343,-6.0358],[12.9699,-5.9092],[12.4521,-6.0594],[12.2373,-5.825],[11.8043,-4.5891],[9.6249,-2.4087],[8.6955,-0.6465],[8.8423,-0.834],[9.2573,-0.4672],[9.3507,0.3559],[9.4767,0.1455],[9.7491,0.1099],[9.9269,0.1883],[9.3109,0.5177],[9.5033,0.6685],[9.6133,0.5175],[9.6653,1.0613],[9.3469,1.1745],[9.8153,1.9313],[9.9755,3.0843],[9.5455,3.8143],[9.7135,3.8535],[9.6997,4.1189],[9.4303,3.8829],[9.2161,3.9433],[8.9797,4.0967],[8.8999,4.5047],[8.6371,4.7189],[8.7133,4.5043],[8.5133,4.4971],[8.5519,4.7325],[8.2885,4.8531],[8.2793,4.5387],[5.9883,4.3103],[5.5667,4.6943],[5.3875,5.3913],[4.8805,6.0037],[4.4481,6.3445],[3.8279,6.4351],[1.4345,6.1829],[0.9249,5.7841],[0.2385,5.7609],[-2.0555,4.7411],[-3.9879,5.2463],[-6.1211,4.9985],[-7.7228,4.3683],[-9.0288,4.9769],[-10.0215,5.9439],[-10.7906,6.2925],[-10.7307,6.4197],[-11.3537,6.7071],[-11.5642,7.0011],[-12.5169,7.3877],[-12.4304,7.4189],[-12.3395,7.3769],[-12.3001,7.3823],[-12.4836,7.4491],[-12.3026,7.5281],[-12.5341,7.6539],[-12.475,7.7813],[-12.7647,7.7467],[-13.2902,8.4191],[-12.928,8.5641],[-13.1751,8.5313],[-13.3246,9.3387],[-13.7257,9.5033],[-13.5682,9.7703],[-13.755,9.7665],[-13.6837,9.9381],[-13.8142,9.8401],[-14.0481,10.1533],[-14.4565,10.2083],[-14.667,10.4747],[-14.541,10.8171],[-14.7032,10.6327],[-14.6562,10.8003],[-14.7481,10.6899],[-14.8091,10.8231],[-14.671,11.0391],[-15.0863,10.9251],[-14.9955,11.2107],[-15.2287,11.0739],[-15.4281,11.2397],[-15.3538,11.4065],[-15.5141,11.3321],[-15.286,11.6251],[-15.1228,11.5381],[-14.9751,11.5883],[-15.2675,11.6371],[-15.19,11.7253],[-15.2239,11.7591],[-15.4318,11.5439],[-15.5218,11.7799],[-15.3916,11.8821],[-15.192,11.8693],[-15.0248,11.9665],[-15.4094,11.9651],[-15.9612,11.7347],[-15.8812,11.9455],[-16.1126,11.8777],[-16.3861,12.0713],[-16.1391,12.2933],[-16.4726,12.1767],[-16.7359,12.3421],[-16.7615,12.5435],[-16.4007,12.5589],[-16.7722,12.5731],[-16.726,13.4585],[-16.3657,13.2689],[-16.1536,13.4269],[-15.6241,13.4423],[-15.5864,13.4911],[-16.1532,13.4521],[-16.4156,13.3265],[-16.5432,13.5611],[-15.4342,13.6459],[-7.8054,13.2015]],[[29.7643,-11.4292],[29.9365,-11.2257],[29.8653,-10.8235],[29.6527,-10.9249],[29.5453,-11.3653],[29.7643,-11.4292]],[[29.5541,-0.6253],[29.8549,-0.3373],[29.9051,-0.1855],[29.9515,-0.1939],[29.9895,-0.1729],[30.0001,-0.1491],[29.5637,-0.1145],[29.3625,-0.7038],[29.5541,-0.6253]],[[32.9125,1.8243],[32.7809,1.8699],[32.5939,1.6881],[32.4075,1.7019],[32.3185,1.6601],[32.3183,1.6193],[32.7737,1.3135],[32.7289,1.4129],[32.8943,1.3047],[32.9429,1.4409],[33.2691,1.2153],[33.3399,1.4241],[33.1009,1.5141],[33.4913,1.6367],[33.4595,1.7781],[32.6967,1.4973],[32.3291,1.6325],[32.5517,1.5933],[32.8257,1.8327],[32.9907,1.7281],[32.9125,1.8243]],[[29.0441,-2.4121],[29.3765,-2.0377],[29.2625,-1.7136],[29.0561,-1.5874],[28.8551,-2.1442],[28.8917,-2.3398],[28.9707,-2.2547],[28.9745,-2.2823],[28.8459,-2.3775],[28.8475,-2.4916],[29.0441,-2.4121]],[[28.8921,-8.4774],[28.3477,-9.0819],[28.3397,-9.4959],[28.5465,-9.5381],[28.4767,-9.4712],[28.5043,-9.3656],[28.5129,-9.4493],[28.5355,-9.4829],[28.5699,-9.491],[28.5725,-9.5584],[28.6079,-9.5671],[28.6177,-9.5566],[28.6145,-9.5653],[28.5845,-9.5818],[28.6043,-9.7279],[28.6755,-9.8164],[28.6275,-9.5595],[28.6141,-9.5481],[28.5811,-9.558],[28.5745,-9.4862],[28.5159,-9.4435],[28.5255,-9.3962],[28.5443,-9.4542],[28.6215,-9.3995],[28.6957,-9.4645],[28.8115,-9.4201],[28.7113,-9.3412],[29.1169,-8.6198],[28.8921,-8.4774]],[[27.8029,-16.8302],[27.3605,-17.271],[27.0225,-17.9875],[27.6315,-17.5031],[27.7003,-17.1982],[27.9571,-17.031],[28.0059,-17.1369],[28.1357,-17.1635],[28.1161,-16.8484],[28.2179,-16.8972],[28.3875,-16.7588],[28.4411,-16.9256],[28.6517,-16.7304],[28.8027,-16.8952],[29.0559,-16.5938],[28.6071,-16.4884],[27.8029,-16.8302]],[[31.2429,2.1205],[30.5023,1.5133],[30.3837,1.2797],[30.4823,1.2721],[30.4977,1.0447],[30.5389,1.0023],[31.3769,1.8345],[31.4581,2.5507],[31.2429,2.1205]],[[33.9451,-9.9764],[34.2771,-10.4541],[34.3279,-11.6672],[34.0177,-12.2536],[34.3305,-12.9206],[34.3059,-13.3807],[34.6329,-13.7093],[34.5533,-14.1057],[34.8025,-14.256],[34.8599,-13.9939],[35.2257,-14.3875],[35.2401,-15.0],[35.2977,-14.3573],[35.0653,-13.7387],[34.8347,-13.6725],[34.7519,-12.9633],[34.9941,-12.6092],[34.7715,-12.6311],[34.6805,-12.4303],[34.9515,-11.5131],[34.6027,-11.0307],[34.5241,-10.0164],[33.9713,-9.5392],[33.9451,-9.9764]],[[29.0427,-4.3103],[29.2389,-4.0531],[29.1021,-5.0718],[29.3895,-5.6256],[29.1983,-6.0876],[29.5475,-6.7702],[30.1195,-7.243],[30.2939,-7.9029],[30.5955,-8.1514],[30.5319,-8.5996],[30.6829,-8.4863],[31.0253,-8.8064],[31.1821,-8.7616],[31.1509,-8.4265],[30.5751,-7.4978],[30.6041,-7.4894],[30.6105,-7.362],[30.4927,-7.1059],[30.5657,-6.9793],[29.7217,-6.2458],[29.9509,-5.81],[29.2599,-3.3374],[29.0427,-4.3103]],[[33.1529,0.4903],[33.2725,0.3763],[32.9751,0.0887],[32.6623,0.0879],[32.6645,0.3047],[32.5757,0.0463],[32.4525,0.1245],[31.9257,-0.1244],[32.0421,-0.3124],[31.7001,-0.799],[31.8803,-1.1587],[31.6037,-2.0746],[31.7031,-1.9974],[31.6287,-2.341],[31.7517,-2.3236],[31.7775,-2.3661],[31.7141,-2.5341],[31.8569,-2.6094],[31.7635,-2.6541],[31.7925,-2.8344],[31.9161,-2.7141],[31.8985,-2.6292],[32.0293,-2.7633],[31.9335,-2.5906],[32.3051,-2.2581],[32.5159,-2.5656],[32.6609,-2.3781],[32.6759,-2.5208],[32.8259,-2.4948],[32.7123,-2.8706],[32.7703,-3.0921],[32.9017,-2.7965],[32.9595,-2.8729],[33.0329,-2.8743],[32.9173,-2.4167],[33.4151,-2.5584],[33.8415,-2.2282],[33.7781,-2.0754],[33.6089,-2.1899],[33.2233,-2.1427],[33.2171,-2.0286],[33.5615,-2.013],[33.4531,-1.8742],[33.2915,-1.9287],[33.6451,-1.7777],[33.6515,-1.4735],[33.8031,-1.4697],[33.8351,-1.5232],[33.9751,-1.5254],[33.7807,-1.4035],[33.9965,-1.3717],[33.8641,-1.2483],[34.1393,-1.002],[34.0647,-0.5609],[34.8487,-0.3043],[34.6977,-0.0893],[34.3455,-0.1948],[34.3987,-0.2818],[34.2863,-0.3966],[33.9877,0.2637],[33.4871,0.1827],[33.3599,0.4965],[33.1529,0.4903]]],[[[33.1029,-1.9519],[33.1691,-2.1618],[32.8479,-2.0572],[32.8973,-1.9045],[33.1029,-1.9519]]],[[[29.0929,-2.223],[29.0191,-2.2807],[28.9733,-2.2073],[29.1049,-1.9405],[29.0929,-2.223]]],[[[32.3277,-0.3295],[32.2733,-0.3577],[32.2923,-0.468],[32.1903,-0.4585],[32.1607,-0.5418],[32.1661,-0.4339],[32.2517,-0.3728],[32.0673,-0.2183],[32.3277,-0.3295]]],[[[33.3853,0.3065],[33.3301,0.0823],[33.2053,0.1979],[33.3853,0.3065]]],[[[31.9141,-2.3046],[31.8519,-2.4582],[31.8301,-2.3093],[31.7753,-2.3048],[31.9141,-2.3046]]],[[[32.5387,-2.2774],[32.4405,-2.4218],[32.4105,-2.3325],[32.5387,-2.2774]]],[[[32.0399,-2.3468],[31.9489,-2.3451],[31.9483,-2.2715],[32.0399,-2.3468]]],[[[33.0987,-1.8081],[33.0373,-1.8826],[32.9985,-1.8527],[33.0987,-1.8081]]],[[[32.7695,-0.1226],[32.6619,-0.0973],[32.7411,-0.0168],[32.7695,-0.1226]]],[[[34.0611,-0.4823],[33.9443,-0.4677],[33.9647,-0.4352],[34.0611,-0.4823]]],[[[28.4769,-9.2372],[28.4819,-9.3245],[28.3885,-9.2596],[28.4769,-9.2372]]],[[[33.8039,0.1359],[33.8959,0.0873],[33.7659,0.0889],[33.8039,0.1359]]],[[[32.4893,-0.4872],[32.4511,-0.4936],[32.4521,-0.4102],[32.4893,-0.4872]]],[[[34.1643,-0.4383],[34.1217,-0.4223],[34.1643,-0.363],[34.1643,-0.4383]]],[[[31.9377,-1.6585],[31.8547,-1.7495],[31.8571,-1.6161],[31.9377,-1.6585]]],[[[32.8265,0.0265],[32.7641,-0.037],[32.7481,0.0],[32.8265,0.0265]]],[[[33.7331,-0.1189],[33.7179,-0.1609],[33.6675,-0.1281],[33.7331,-0.1189]]],[[[27.6139,-17.3456],[27.5233,-17.368],[27.5469,-17.3406],[27.6139,-17.3456]]],[[[33.3087,0.0495],[33.2621,0.0161],[33.2423,0.0497],[33.3087,0.0495]]],[[[31.7765,-2.1195],[31.8205,-2.1462],[31.7619,-2.1418],[31.7765,-2.1195]]],[[[32.7689,1.4435],[32.8765,1.4553],[32.7555,1.4377],[32.7689,1.4435]]],[[[32.3181,-0.1791],[32.3747,-0.2393],[32.3771,-0.2694],[32.3181,-0.1791]]],[[[34.7571,-12.0528],[34.7313,-12.1],[34.7113,-12.0863],[34.7571,-12.0528]]],[[[27.9931,-17.0023],[27.9379,-16.9885],[27.9471,-16.974],[27.9931,-17.0023]]],[[[32.4779,-0.3734],[32.4299,-0.3826],[32.4391,-0.3397],[32.4779,-0.3734]]],[[[32.3163,-0.3639],[32.3103,-0.4204],[32.3087,-0.4],[32.3163,-0.3639]]],[[[32.4089,-0.3578],[32.4237,-0.3603],[32.3599,-0.3711],[32.4089,-0.3578]]],[[[33.3513,-1.6925],[33.3721,-1.7374],[33.3337,-1.7179],[33.3513,-1.6925]]],[[[32.3901,-0.3904],[32.4057,-0.4024],[32.3553,-0.4276],[32.3901,-0.3904]]],[[[33.5867,0.1559],[33.5803,0.1097],[33.5401,0.1379],[33.5867,0.1559]]],[[[32.3245,-0.4944],[32.3009,-0.5313],[32.2883,-0.5111],[32.3245,-0.4944]]],[[[33.1745,0.1399],[33.1725,0.1129],[33.1543,0.1485],[33.1745,0.1399]]],[[[33.2757,-2.1944],[33.3107,-2.1776],[33.3117,-2.2055],[33.2757,-2.1944]]],[[[32.6119,-0.3106],[32.6113,-0.3276],[32.5639,-0.3319],[32.6119,-0.3106]]],[[[31.9607,-2.4156],[31.9287,-2.4182],[31.9635,-2.3753],[31.9607,-2.4156]]],[[[32.9473,0.0287],[32.9507,0.0257],[32.9001,0.0],[32.9473,0.0287]]],[[[31.9895,-2.4328],[31.9881,-2.4551],[31.9495,-2.4334],[31.9895,-2.4328]]],[[[33.1065,0.1153],[33.1311,0.1061],[33.0943,0.0831],[33.1065,0.1153]]],[[[32.8989,-2.1018],[32.9015,-2.1289],[32.8889,-2.1317],[32.8989,-2.1018]]],[[[28.9341,-2.3409],[28.9519,-2.3452],[28.9443,-2.3719],[28.9341,-2.3409]]],[[[32.3513,-0.435],[32.3543,-0.4396],[32.3351,-0.4607],[32.3513,-0.435]]],[[[28.9097,-2.3771],[28.9313,-2.3784],[28.8777,-2.4359],[28.9097,-2.3771]]],[[[32.1057,-1.4909],[32.1065,-1.4757],[32.1399,-1.4333],[32.1057,-1.4909]]],[[[31.8081,-1.8051],[31.8397,-1.7541],[31.8463,-1.7748],[31.8081,-1.8051]]],[[[28.1807,-16.8272],[28.1937,-16.8393],[28.1559,-16.8494],[28.1807,-16.8272]]],[[[27.5117,-17.3986],[27.5403,-17.4248],[27.5005,-17.4041],[27.5117,-17.3986]]],[[[29.4193,-5.651],[29.4069,-5.6833],[29.4073,-5.6555],[29.4193,-5.651]]],[[[34.0051,-0.1181],[34.0457,-0.1213],[34.0293,-0.1374],[34.0051,-0.1181]]],[[[33.6735,-0.0202],[33.6327,-0.0241],[33.6549,0.0],[33.6735,-0.0202]]],[[[32.2599,-0.1648],[32.2901,-0.1712],[32.2901,-0.1772],[32.2599,-0.1648]]],[[[31.7829,-1.9587],[31.8105,-1.967],[31.7875,-1.9879],[31.7829,-1.9587]]],[[[28.6495,-9.3894],[28.6939,-9.365],[28.7025,-9.366],[28.6495,-9.3894]]],[[[32.5323,-0.3579],[32.5103,-0.3678],[32.5219,-0.3503],[32.5323,-0.3579]]],[[[33.1575,-1.9148],[33.1863,-1.9201],[33.1713,-1.9327],[33.1575,-1.9148]]],[[[32.6067,-0.0782],[32.6321,-0.0982],[32.6079,-0.098],[32.6067,-0.0782]]],[[[28.8827,-16.5783],[28.8841,-16.5813],[28.8729,-16.5945],[28.8827,-16.5783]]],[[[34.8411,-13.9778],[34.8433,-13.9961],[34.8141,-13.9681],[34.8411,-13.9778]]],[[[32.7481,-2.45],[32.7227,-2.4376],[32.7363,-2.4276],[32.7481,-2.45]]],[[[33.1281,0.1233],[33.1281,0.1385],[33.1439,0.1331],[33.1281,0.1233]]],[[[34.5157,-0.2166],[34.4961,-0.2074],[34.5179,-0.1904],[34.5157,-0.2166]]],[[[30.5805,-7.4041],[30.5767,-7.4333],[30.5735,-7.4161],[30.5805,-7.4041]]],[[[32.5763,-0.2144],[32.5863,-0.2321],[32.5631,-0.225],[32.5763,-0.2144]]],[[[32.7717,-2.8648],[32.7975,-2.8733],[32.7721,-2.8832],[32.7717,-2.8648]]],[[[33.7137,-1.3895],[33.7117,-1.407],[33.6943,-1.4073],[33.7137,-1.3895]]],[[[32.8477,-1.8722],[32.8429,-1.854],[32.8623,-1.8619],[32.8477,-1.8722]]],[[[28.9121,-2.1425],[28.9095,-2.111],[28.9211,-2.1289],[28.9121,-2.1425]]],[[[32.5495,-2.2574],[32.5367,-2.2475],[32.5501,-2.2392],[32.5495,-2.2574]]],[[[34.6205,-12.0367],[34.6121,-12.0089],[34.6313,-12.0208],[34.6205,-12.0367]]],[[[33.6507,0.0119],[33.6357,0.0109],[33.6499,0.0335],[33.6507,0.0119]]],[[[32.3481,-0.6495],[32.3587,-0.6109],[32.3599,-0.615],[32.3481,-0.6495]]],[[[32.5801,-1.4663],[32.5971,-1.4375],[32.6003,-1.4493],[32.5801,-1.4663]]],[[[27.6375,-17.3122],[27.6169,-17.3186],[27.6209,-17.2921],[27.6231,-17.3079],[27.6375,-17.3122]]],[[[28.6535,-16.7036],[28.6773,-16.7022],[28.6765,-16.7088],[28.6535,-16.7036]]],[[[30.5747,-7.4831],[30.5685,-7.4632],[30.5743,-7.4629],[30.5747,-7.4831]]],[[[33.0547,-1.9355],[33.0521,-1.9074],[33.0715,-1.9311],[33.0547,-1.9355]]],[[[33.1327,-0.0536],[33.1713,-0.031],[33.1587,-0.0459],[33.1327,-0.0536]]],[[[32.3195,-0.6295],[32.2999,-0.6566],[32.2969,-0.654],[32.3195,-0.6295]]],[[[27.8421,-16.8999],[27.8399,-16.8956],[27.8451,-16.8854],[27.8421,-16.8999]]],[[[31.1157,-8.7201],[31.1189,-8.6958],[31.1269,-8.7094],[31.1157,-8.7201]]],[[[32.6849,-2.4309],[32.6841,-2.4224],[32.7021,-2.4316],[32.6849,-2.4309]]],[[[32.0071,-2.4172],[32.0135,-2.4301],[32.0039,-2.434],[32.0071,-2.4172]]],[[[32.3239,-0.6787],[32.3397,-0.6426],[32.3347,-0.6665],[32.3239,-0.6787]]],[[[33.7657,-1.3833],[33.7749,-1.3716],[33.7829,-1.38],[33.7657,-1.3833]]],[[[28.8669,-16.6953],[28.8681,-16.6795],[28.8851,-16.6953],[28.8669,-16.6953]]],[[[32.6723,-0.0241],[32.6731,-0.0307],[32.6493,-0.0156],[32.6723,-0.0241]]],[[[27.9287,-16.9919],[27.9421,-17.0036],[27.9313,-17.0052],[27.9287,-16.9919]]],[[[33.0301,0.0939],[33.0283,0.0985],[33.0411,0.1063],[33.0301,0.0939]]],[[[33.4143,-1.9023],[33.4249,-1.9004],[33.4249,-1.9092],[33.4143,-1.9023]]],[[[28.8863,-2.2273],[28.8991,-2.2203],[28.8999,-2.2369],[28.8863,-2.2273]]],[[[31.8063,-1.5131],[31.8009,-1.5004],[31.8185,-1.4995],[31.8063,-1.5131]]],[[[27.4359,-17.5655],[27.4573,-17.5561],[27.4541,-17.5642],[27.4359,-17.5655]]],[[[33.1625,0.2041],[33.1683,0.2093],[33.1775,0.2005],[33.1625,0.2041]]],[[[33.3361,0.3211],[33.3537,0.3315],[33.3511,0.3187],[33.3361,0.3211]]],[[[32.2241,-0.5637],[32.2387,-0.5685],[32.2253,-0.5805],[32.2241,-0.5637]]],[[[31.0993,-8.7428],[31.1061,-8.7489],[31.0959,-8.7586],[31.0993,-8.7428]]],[[[32.2889,-0.728],[32.3077,-0.7101],[32.3079,-0.7163],[32.2889,-0.728]]],[[[31.9779,-1.4961],[31.9859,-1.4883],[31.9923,-1.4991],[31.9779,-1.4961]]],[[[32.4215,-0.3813],[32.4239,-0.3962],[32.4129,-0.3937],[32.4215,-0.3813]]],[[[34.6235,-13.9057],[34.6187,-13.8886],[34.6323,-13.8924],[34.6235,-13.9057]]],[[[33.1147,1.3475],[33.1305,1.3579],[33.1309,1.3535],[33.1147,1.3475]]],[[[27.4271,-17.5664],[27.4229,-17.5624],[27.4407,-17.5489],[27.4271,-17.5664]]],[[[28.8903,-16.5783],[28.8959,-16.5676],[28.9077,-16.5735],[28.8903,-16.5783]]],[[[33.3983,0.2483],[33.4161,0.2485],[33.4081,0.2387],[33.3983,0.2483]]],[[[33.4795,-2.2162],[33.4801,-2.2353],[33.4759,-2.2339],[33.4795,-2.2162]]],[[[27.9399,-17.0206],[27.9389,-17.0371],[27.9301,-17.0318],[27.9399,-17.0206]]],[[[34.0837,-0.5273],[34.0849,-0.5115],[34.0933,-0.5172],[34.0837,-0.5273]]],[[[29.1387,-1.9286],[29.1497,-1.9166],[29.1485,-1.9369],[29.1387,-1.9286]]],[[[27.4403,-17.4451],[27.4457,-17.4648],[27.4421,-17.4637],[27.4403,-17.4451]]],[[[34.6025,-0.1558],[34.6181,-0.1537],[34.6177,-0.1581],[34.6025,-0.1558]]],[[[32.1423,-2.1676],[32.1363,-2.1643],[32.1539,-2.1547],[32.1423,-2.1676]]],[[[31.8649,-1.5803],[31.8785,-1.6003],[31.8729,-1.6001],[31.8649,-1.5803]]],[[[32.8833,1.3439],[32.8837,1.3237],[32.8797,1.3269],[32.8833,1.3439]]],[[[29.1379,-2.2918],[29.1439,-2.2749],[29.1477,-2.2795],[29.1379,-2.2918]]],[[[29.2557,-1.9231],[29.2629,-1.8987],[29.2657,-1.9021],[29.2557,-1.9231]]],[[[32.4303,0.0],[32.4283,0.0121],[32.4439,0.0061],[32.4303,0.0]]],[[[34.8097,-14.0119],[34.8269,-14.0188],[34.8205,-14.0241],[34.8097,-14.0119]]],[[[31.6919,-2.2707],[31.6993,-2.2781],[31.6917,-2.2879],[31.6919,-2.2707]]],[[[30.5053,1.0429],[30.5175,1.0523],[30.5189,1.0503],[30.5053,1.0429]]],[[[29.0951,-1.913],[29.0993,-1.8922],[29.1009,-1.8966],[29.0951,-1.913]]],[[[27.4215,-17.4352],[27.4221,-17.4467],[27.4069,-17.4399],[27.4215,-17.4352]]],[[[34.1523,-0.2257],[34.1447,-0.2399],[34.1379,-0.2266],[34.1523,-0.2257]]],[[[32.8247,-1.9633],[32.8247,-1.9707],[32.8137,-1.9596],[32.8225,-1.9522],[32.8247,-1.9633]]],[[[34.0849,-0.4692],[34.0955,-0.4662],[34.0945,-0.471],[34.0849,-0.4692]]],[[[33.1617,0.1749],[33.1611,0.1601],[33.1537,0.1669],[33.1617,0.1749]]],[[[33.6087,0.0423],[33.5989,0.0457],[33.6127,0.0561],[33.6087,0.0423]]],[[[33.2407,1.6353],[33.2441,1.6411],[33.2513,1.6399],[33.2407,1.6353]]],[[[32.7697,-2.0916],[32.7763,-2.0956],[32.7723,-2.1043],[32.7697,-2.0916]]],[[[33.1813,0.2123],[33.1945,0.2207],[33.1967,0.2175],[33.1813,0.2123]]],[[[33.1209,-2.2745],[33.1353,-2.2784],[33.1253,-2.2856],[33.1209,-2.2745]]],[[[28.0921,-17.0221],[28.0831,-17.0168],[28.0993,-17.0125],[28.0921,-17.0221]]],[[[32.5621,-0.3614],[32.5707,-0.3467],[32.5737,-0.3556],[32.5621,-0.3614]]],[[[32.7125,-0.3164],[32.7241,-0.3222],[32.7217,-0.3258],[32.7125,-0.3164]]],[[[32.1951,-2.2539],[32.1919,-2.2444],[32.2053,-2.2504],[32.1951,-2.2539]]],[[[31.7883,-2.3435],[31.7865,-2.3269],[31.7969,-2.3277],[31.7883,-2.3435]]],[[[27.6099,-17.1372],[27.6021,-17.1279],[27.6137,-17.1265],[27.6099,-17.1372]]],[[[32.8301,-0.0648],[32.8369,-0.0783],[32.8311,-0.0774],[32.8301,-0.0648]]],[[[33.4171,-1.6798],[33.4185,-1.6762],[33.4261,-1.6739],[33.4171,-1.6798]]],[[[33.4787,0.0567],[33.4775,0.0407],[33.4745,0.0423],[33.4787,0.0567]]],[[[28.6873,-16.7337],[28.6907,-16.7221],[28.6983,-16.7313],[28.6873,-16.7337]]],[[[34.4849,-13.4338],[34.4819,-13.4286],[34.4901,-13.4187],[34.4849,-13.4338]]],[[[28.1739,-16.8111],[28.1791,-16.8149],[28.1657,-16.82],[28.1739,-16.8111]]],[[[28.6003,-16.5299],[28.5863,-16.5254],[28.6083,-16.5246],[28.6003,-16.5299]]],[[[32.3149,-2.2391],[32.3135,-2.2328],[32.3283,-2.2351],[32.3149,-2.2391]]],[[[30.8931,-8.0573],[30.8947,-8.0447],[30.9023,-8.0545],[30.8931,-8.0573]]],[[[32.4691,-2.2719],[32.4659,-2.2635],[32.4721,-2.2642],[32.4691,-2.2719]]],[[[28.5463,-16.5497],[28.5639,-16.5403],[28.5661,-16.5428],[28.5463,-16.5497]]],[[[32.3335,-0.4763],[32.3373,-0.4823],[32.3283,-0.487],[32.3335,-0.4763]]],[[[34.1869,-0.3443],[34.1903,-0.3434],[34.1949,-0.3501],[34.1869,-0.3443]]],[[[33.2553,-0.0829],[33.2531,-0.0978],[33.2499,-0.0965],[33.2553,-0.0829]]],[[[33.4183,0.2041],[33.4121,0.2105],[33.4231,0.2129],[33.4183,0.2041]]],[[[32.5223,-2.2277],[32.5289,-2.2433],[32.5261,-2.2433],[32.5223,-2.2277]]],[[[33.3537,-1.9481],[33.3553,-1.9389],[33.3605,-1.9396],[33.3537,-1.9481]]],[[[29.1759,-2.2343],[29.1819,-2.2409],[29.1737,-2.2447],[29.1759,-2.2343]]],[[[32.9915,-2.3693],[32.9871,-2.3626],[33.0021,-2.364],[32.9915,-2.3693]]],[[[33.4609,-2.1944],[33.4695,-2.2017],[33.4681,-2.2044],[33.4609,-2.1944]]],[[[28.2279,-16.7965],[28.2191,-16.7927],[28.2385,-16.7917],[28.2279,-16.7965]]],[[[28.9273,-2.3842],[28.9369,-2.383],[28.9301,-2.3944],[28.9273,-2.3842]]],[[[33.5979,0.1085],[33.5951,0.1125],[33.6061,0.1167],[33.5979,0.1085]]],[[[34.0219,-0.7494],[34.0283,-0.7392],[34.0325,-0.7387],[34.0219,-0.7494]]],[[[34.4589,-0.2139],[34.4539,-0.211],[34.4687,-0.2027],[34.4589,-0.2139]]],[[[32.8683,-2.8073],[32.8707,-2.7979],[32.8739,-2.7981],[32.8683,-2.8073]]],[[[33.2097,-1.9336],[33.2029,-1.9286],[33.2161,-1.9276],[33.2097,-1.9336]]],[[[32.2355,-0.4748],[32.2399,-0.4753],[32.2307,-0.4893],[32.2355,-0.4748]]],[[[33.4897,0.0841],[33.4931,0.0927],[33.4981,0.0829],[33.4897,0.0841]]],[[[33.0819,1.4951],[33.0755,1.5001],[33.0869,1.5033],[33.0819,1.4951]]],[[[33.2149,-0.1307],[33.2231,-0.1198],[33.2253,-0.1215],[33.2149,-0.1307]]],[[[32.6845,-2.3313],[32.6977,-2.3495],[32.6899,-2.3448],[32.6845,-2.3313]]],[[[28.4589,-16.747],[28.4679,-16.7592],[28.4663,-16.7613],[28.4589,-16.747]]],[[[34.6077,-13.8885],[34.6059,-13.8811],[34.6129,-13.8811],[34.6077,-13.8885]]],[[[34.7539,-13.9807],[34.7609,-13.9872],[34.7571,-13.9925],[34.7539,-13.9807]]],[[[33.8879,-0.1667],[33.8867,-0.1585],[33.8945,-0.1607],[33.8879,-0.1667]]],[[[32.3473,-0.0129],[32.3507,-0.0234],[32.3451,-0.0193],[32.3473,-0.0129]]],[[[27.4267,-17.4101],[27.4387,-17.4144],[27.4223,-17.4161],[27.4267,-17.4101]]],[[[31.7421,-2.5111],[31.7549,-2.516],[31.7467,-2.5179],[31.7421,-2.5111]]],[[[33.8703,-0.138],[33.8781,-0.1486],[33.8687,-0.1479],[33.8703,-0.138]]],[[[32.3979,-0.2494],[32.4039,-0.2526],[32.3919,-0.2593],[32.3979,-0.2494]]],[[[32.0649,-2.2162],[32.0685,-2.2149],[32.0667,-2.2314],[32.0649,-2.2162]]],[[[28.9111,-2.0333],[28.9091,-2.0306],[28.9181,-2.019],[28.9111,-2.0333]]],[[[32.2445,-0.6124],[32.2535,-0.6062],[32.2513,-0.6145],[32.2445,-0.6124]]],[[[31.8133,-2.6912],[31.8225,-2.6838],[31.8145,-2.6975],[31.8133,-2.6912]]],[[[34.0985,-0.1311],[34.0929,-0.116],[34.0961,-0.115],[34.0985,-0.1311]]],[[[31.7853,-1.933],[31.7839,-1.9424],[31.7779,-1.9385],[31.7853,-1.933]]],[[[28.8897,-2.1355],[28.8753,-2.1308],[28.8797,-2.1271],[28.8897,-2.1355]]],[[[31.6921,-1.8711],[31.7021,-1.8643],[31.7035,-1.8668],[31.6921,-1.8711]]],[[[31.8173,-2.7881],[31.8221,-2.7768],[31.8243,-2.7805],[31.8173,-2.7881]]],[[[30.9423,-8.2055],[30.9495,-8.2134],[30.9461,-8.2182],[30.9423,-8.2055]]],[[[33.9015,-0.1594],[33.9153,-0.1617],[33.9043,-0.1657],[33.9015,-0.1594]]],[[[32.3637,-2.1381],[32.3641,-2.1286],[32.3699,-2.1296],[32.3637,-2.1381]]],[[[34.2529,-0.3528],[34.2487,-0.3521],[34.2527,-0.3424],[34.2619,-0.3429],[34.2529,-0.3528]]],[[[33.7129,-1.4155],[33.7149,-1.4073],[33.7219,-1.4148],[33.7129,-1.4155]]],[[[32.6559,0.1651],[32.6587,0.1557],[32.6477,0.1627],[32.6559,0.1651]]],[[[27.6281,-17.3039],[27.6361,-17.2964],[27.6371,-17.2994],[27.6281,-17.3039]]],[[[33.9097,0.1041],[33.9169,0.1117],[33.9201,0.1087],[33.9097,0.1041]]],[[[32.7945,-1.8097],[32.7901,-1.797],[32.7931,-1.7968],[32.7945,-1.8097]]],[[[32.2829,-2.2137],[32.2751,-2.2088],[32.2897,-2.21],[32.2829,-2.2137]]],[[[32.6475,-2.3814],[32.6499,-2.3819],[32.6439,-2.3933],[32.6475,-2.3814]]],[[[33.2341,-0.1017],[33.2373,-0.1043],[33.2263,-0.1167],[33.2341,-0.1017]]],[[[33.4703,0.0787],[33.4785,0.0751],[33.4757,0.0703],[33.4703,0.0787]]],[[[32.2999,-0.2201],[32.3061,-0.2235],[32.2975,-0.2291],[32.2999,-0.2201]]],[[[27.6189,-17.1544],[27.6149,-17.1465],[27.6285,-17.1494],[27.6189,-17.1544]]],[[[28.4571,-16.5894],[28.4785,-16.5874],[28.4721,-16.5922],[28.4571,-16.5894]]],[[[33.3607,-1.964],[33.3601,-1.9561],[33.3683,-1.9609],[33.3607,-1.964]]],[[[33.1777,-2.459],[33.1761,-2.4567],[33.1813,-2.4514],[33.1777,-2.459]]],[[[32.8259,-0.0496],[32.8279,-0.0558],[32.8165,-0.0586],[32.8259,-0.0496]]],[[[33.1365,0.1667],[33.1433,0.1597],[33.1353,0.1583],[33.1365,0.1667]]],[[[28.6523,-16.572],[28.6689,-16.5674],[28.6595,-16.5738],[28.6523,-16.572]]],[[[30.5479,-7.4411],[30.5475,-7.4514],[30.5445,-7.4498],[30.5479,-7.4411]]],[[[33.5041,0.1135],[33.5019,0.1003],[33.4991,0.1007],[33.5041,0.1135]]],[[[34.5387,-0.1855],[34.5371,-0.1782],[34.5463,-0.1839],[34.5387,-0.1855]]],[[[33.0893,0.0757],[33.0959,0.0681],[33.0939,0.0661],[33.0893,0.0757]]],[[[33.8317,-1.5028],[33.8393,-1.4936],[33.8405,-1.497],[33.8317,-1.5028]]],[[[33.5013,-2.1916],[33.4951,-2.1925],[33.4947,-2.1831],[33.5013,-2.1916]]],[[[33.0779,-1.935],[33.0745,-1.9309],[33.0823,-1.9261],[33.0779,-1.935]]],[[[32.1719,-0.4162],[32.1665,-0.4198],[32.1645,-0.4153],[32.1719,-0.4162]]],[[[33.4025,-1.6629],[33.4063,-1.665],[33.4021,-1.6712],[33.4025,-1.6629]]],[[[32.0499,-2.3604],[32.0533,-2.3577],[32.0527,-2.3701],[32.0499,-2.3604]]],[[[28.9819,-2.3103],[28.9881,-2.3029],[28.9893,-2.3064],[28.9819,-2.3103]]],[[[35.1423,-14.2538],[35.1471,-14.2419],[35.1487,-14.2444],[35.1423,-14.2538]]],[[[32.3035,-0.18],[32.2977,-0.1758],[32.3067,-0.1719],[32.3035,-0.18]]],[[[32.9877,0.0557],[32.9935,0.0501],[32.9893,0.0483],[32.9877,0.0557]]],[[[33.9377,-0.1628],[33.9425,-0.1768],[33.9375,-0.1736],[33.9377,-0.1628]]],[[[30.9419,-8.1562],[30.9493,-8.1535],[30.9501,-8.1556],[30.9419,-8.1562]]],[[[33.0057,0.0603],[33.0025,0.0611],[33.0087,0.0687],[33.0057,0.0603]]],[[[33.3277,-2.2903],[33.3263,-2.2839],[33.3369,-2.286],[33.3277,-2.2903]]],[[[32.9855,-2.1335],[32.9823,-2.1252],[32.9873,-2.1264],[32.9855,-2.1335]]],[[[32.3613,-0.3192],[32.3681,-0.3254],[32.3661,-0.3286],[32.3613,-0.3192]]],[[[33.9191,-0.5634],[33.9249,-0.5562],[33.9259,-0.5608],[33.9191,-0.5634]]],[[[32.4415,-0.2464],[32.4459,-0.2511],[32.4375,-0.2529],[32.4415,-0.2464]]],[[[27.5529,-17.425],[27.5581,-17.4298],[27.5569,-17.4325],[27.5529,-17.425]]],[[[28.1475,-16.7898],[28.1455,-16.7882],[28.1563,-16.7835],[28.1475,-16.7898]]],[[[32.6475,-0.1035],[32.6451,-0.1021],[32.6531,-0.0946],[32.6475,-0.1035]]],[[[28.8811,-2.4438],[28.8865,-2.4387],[28.8875,-2.44],[28.8811,-2.4438]]],[[[31.7967,-1.8311],[31.8007,-1.8221],[31.8027,-1.8228],[31.7967,-1.8311]]],[[[32.9551,-2.1717],[32.9649,-2.1676],[32.9647,-2.1719],[32.9551,-2.1717]]],[[[32.7383,0.0793],[32.7455,0.0717],[32.7423,0.0713],[32.7383,0.0793]]],[[[31.7909,-0.9427],[31.7907,-0.9519],[31.7877,-0.9519],[31.7909,-0.9427]]],[[[33.0381,0.0477],[33.0491,0.0539],[33.0457,0.0465],[33.0381,0.0477]]],[[[33.7675,0.1811],[33.7707,0.1723],[33.7631,0.1759],[33.7675,0.1811]]],[[[32.4311,-0.3199],[32.4431,-0.3261],[32.4301,-0.3241],[32.4311,-0.3199]]],[[[32.1913,-0.58],[32.1929,-0.5786],[32.1959,-0.591],[32.1913,-0.58]]],[[[32.3151,-0.4616],[32.3239,-0.462],[32.3189,-0.4666],[32.3151,-0.4616]]],[[[32.1725,-2.2456],[32.1661,-2.2416],[32.1697,-2.2389],[32.1725,-2.2456]]],[[[32.4697,-0.3234],[32.4675,-0.3218],[32.4807,-0.3195],[32.4697,-0.3234]]],[[[27.9199,-16.8196],[27.9169,-16.8173],[27.9287,-16.8122],[27.9199,-16.8196]]],[[[33.7759,-1.3962],[33.7767,-1.3975],[33.7709,-1.4065],[33.7759,-1.3962]]],[[[33.1499,-0.057],[33.1603,-0.0554],[33.1551,-0.0595],[33.1499,-0.057]]],[[[32.6443,-0.0815],[32.6509,-0.0801],[32.6471,-0.0854],[32.6443,-0.0815]]],[[[31.8651,-1.2793],[31.8653,-1.2922],[31.8629,-1.2901],[31.8651,-1.2793]]],[[[29.1273,-2.2876],[29.1263,-2.2839],[29.1341,-2.2857],[29.1273,-2.2876]]]]}},{"type":"Feature","properties":{"birdlifeId":"22716906","scientificName":"Sylvia borin","rangeType":"breeding","speciesId":"avibase-A6A4FC63","speciesName":"Garden Warbler","speciesLatin":"Sylvia borin"},"geometry":{"type":"MultiPolygon","coordinates":[[[[6.0347,53.4079],[6.8149,53.4671],[6.9033,53.3535],[7.2157,53.2383],[7.0197,53.4443],[7.3397,53.6899],[8.0191,53.7115],[8.2055,53.4059],[8.2765,53.6127],[8.5569,53.5425],[8.4881,53.4797],[8.4985,53.3637],[8.5761,53.5389],[8.4853,53.6831],[8.6651,53.8935],[9.2819,53.8579],[9.5725,53.5993],[9.6917,53.5505],[9.8291,53.5343],[9.3319,53.8587],[8.9197,53.9299],[9.0215,54.0897],[8.8113,54.1769],[8.9645,54.3147],[8.5785,54.3069],[9.0501,54.4767],[8.8127,54.4747],[8.9763,54.5347],[8.7267,54.7247],[8.7115,54.6773],[8.6505,54.6439],[8.5345,54.6303],[8.7127,54.6967],[8.6119,54.8847],[8.2819,54.7473],[8.3003,54.9209],[8.4021,55.0539],[8.3727,54.8993],[8.6451,54.8963],[8.6773,55.3357],[8.3073,55.5943],[8.2395,55.5625],[8.3135,55.4683],[8.0757,55.5663],[8.1625,56.6431],[8.5591,56.5611],[8.2393,56.7099],[8.3083,56.8903],[8.6233,57.1203],[9.4871,57.1915],[9.9535,57.5889],[10.6613,57.7399],[10.4357,57.5935],[10.5597,57.2243],[10.1897,56.7011],[10.9621,56.4339],[10.7041,56.1345],[10.3523,56.1905],[10.4587,56.2899],[10.2567,56.1813],[10.1971,55.8409],[10.0807,55.8875],[9.8577,55.8551],[10.0345,55.7001],[9.5445,55.7079],[9.8621,55.6277],[9.5017,55.4957],[9.6951,55.4651],[9.5157,55.2523],[9.7167,55.2389],[9.5007,55.1579],[9.4281,55.0273],[9.7825,54.9109],[9.6209,54.9341],[9.4233,54.8323],[9.4375,54.7963],[9.9599,54.7821],[10.0287,54.5529],[9.8419,54.4725],[10.1997,54.4581],[10.1317,54.3163],[11.1357,54.3903],[10.7759,53.8909],[11.4611,53.8989],[11.6913,54.1537],[12.0867,54.1839],[12.0899,54.1113],[12.1119,54.0953],[12.1521,54.0933],[12.0965,54.1779],[12.5283,54.4853],[12.9283,54.4293],[12.6965,54.4331],[12.4381,54.3805],[12.3665,54.2681],[13.0269,54.4397],[13.1065,54.2841],[13.4603,54.0881],[13.4965,54.1255],[13.7243,54.1637],[13.8227,53.8407],[14.5807,53.5823],[14.5381,53.7023],[14.7609,53.9269],[14.8017,54.0321],[14.7311,54.0247],[16.1563,54.2865],[17.3453,54.7497],[18.3319,54.8361],[18.7315,54.6837],[18.8295,54.6117],[18.4183,54.7761],[18.5841,54.4331],[18.9405,54.3417],[19.8929,54.6287],[19.2319,54.3395],[19.3811,54.2257],[20.4121,54.6809],[19.9045,54.6343],[19.9465,54.9251],[20.7037,55.0785],[21.0427,55.3987],[21.0829,55.7245],[21.0629,55.3313],[20.8551,55.1531],[20.5299,54.9607],[21.2155,54.9239],[21.3219,55.2987],[21.0655,55.7961],[21.0039,56.5593],[21.6959,57.5621],[22.6089,57.7617],[23.2643,57.0923],[23.6363,56.9661],[24.4089,57.2541],[24.3363,57.8281],[24.5763,58.3329],[23.7361,58.3515],[23.5025,58.5725],[23.7627,58.7625],[23.4629,58.7737],[23.5385,58.8153],[23.4377,58.9415],[23.6659,58.9763],[23.4173,59.0259],[23.5155,59.2305],[24.8011,59.4475],[24.8011,59.5703],[25.4371,59.4917],[25.6979,59.6763],[27.9095,59.4037],[28.1103,59.7953],[28.3541,59.6575],[29.1305,59.9875],[30.2407,59.9151],[30.2523,59.9713],[30.1945,60.0017],[29.9717,60.0103],[29.8739,60.1639],[28.6209,60.3523],[28.4475,60.5473],[28.6719,60.4347],[28.7183,60.4401],[28.6889,60.5531],[28.5547,60.6015],[28.7077,60.5931],[28.6487,60.6545],[28.7543,60.6639],[28.7659,60.7261],[28.7123,60.7725],[28.3073,60.6203],[28.2421,60.5117],[27.7679,60.5825],[26.4457,60.4937],[26.4121,60.4081],[26.5421,60.3513],[26.0723,60.4361],[26.1177,60.3231],[25.9373,60.3609],[25.7903,60.2371],[25.6423,60.3093],[25.7221,60.3361],[25.6769,60.3811],[24.8469,60.2113],[24.8457,60.1675],[24.6587,60.1363],[24.4167,59.9627],[24.3127,60.0873],[23.3947,59.9231],[23.4861,59.9987],[23.4699,60.0247],[23.2325,59.8915],[23.2485,59.8437],[22.9233,59.8089],[23.1651,59.8921],[23.2335,60.0339],[23.0341,59.9093],[22.8853,59.9237],[22.8191,59.9803],[22.8197,60.0201],[22.9843,59.9703],[23.2645,60.0619],[22.8751,60.1639],[23.0403,60.3257],[22.9825,60.3317],[22.5363,60.2121],[22.6493,60.4079],[21.9007,60.5561],[21.8961,60.4819],[21.8313,60.5017],[21.7463,60.4817],[21.8299,60.5421],[21.8555,60.6503],[21.6727,60.5997],[21.6599,60.5201],[21.5849,60.4937],[21.6139,60.5213],[21.5765,60.5655],[21.4299,60.6041],[21.4475,60.7879],[21.3433,60.8863],[21.2171,60.9083],[21.4455,60.9107],[21.3017,61.0817],[21.6173,61.2273],[21.4937,61.5829],[21.7235,61.5513],[21.4269,61.9525],[21.2839,61.9937],[21.4529,62.2135],[21.0815,62.6239],[21.1767,62.7453],[21.1231,62.7945],[21.4183,62.8779],[21.4727,63.0563],[21.6921,63.0511],[21.5449,63.2647],[22.0027,63.1575],[22.3665,63.2853],[22.3755,63.3547],[22.2023,63.4537],[22.4053,63.4371],[22.2967,63.4987],[22.3243,63.5731],[22.4123,63.4719],[22.6149,63.7229],[22.8121,63.6453],[22.9371,63.7147],[22.8777,63.8019],[22.6997,63.8389],[23.4229,63.9399],[23.4073,64.0797],[23.6201,64.0449],[24.3769,64.5469],[24.5443,64.8167],[25.4905,64.9689],[25.3765,65.1033],[25.2275,65.1263],[25.3547,65.4535],[25.0499,65.6219],[24.2311,65.8251],[23.0677,65.8823],[23.2337,65.7741],[23.1287,65.7549],[23.1005,65.6997],[22.6353,65.9139],[22.6919,65.7573],[22.6197,65.8105],[22.5075,65.7845],[22.4591,65.8655],[22.3435,65.8735],[22.1993,65.7609],[22.1469,65.6127],[22.3037,65.6627],[22.4021,65.5383],[22.0791,65.6153],[22.0203,65.5977],[21.7445,65.7565],[21.8233,65.6711],[22.1505,65.5451],[22.1895,65.5505],[22.0809,65.5289],[22.0715,65.5049],[21.8569,65.5477],[21.8231,65.5319],[21.9989,65.4105],[21.5457,65.4281],[21.6431,65.3453],[21.5013,65.4031],[21.4239,65.3599],[21.7455,65.1931],[21.3087,65.3769],[21.2399,65.3343],[21.5923,65.1387],[21.0039,64.8453],[21.6147,64.4379],[21.0751,64.2285],[20.6755,63.7947],[20.5047,63.8377],[20.4051,63.6727],[20.3193,63.7853],[19.6695,63.4341],[19.4473,63.5735],[19.0447,63.1943],[18.8889,63.2981],[18.7253,63.2911],[18.7201,63.2663],[18.9077,63.2339],[18.2149,63.0143],[18.4903,63.0035],[18.5595,62.9651],[18.2123,62.8865],[18.2861,62.8271],[18.1297,62.7691],[17.9615,62.7995],[17.9123,62.9651],[17.7981,62.9859],[17.8369,63.0129],[17.7767,63.1099],[17.6959,63.1517],[17.6379,63.1717],[17.6089,63.1725],[17.9997,62.6633],[17.8657,62.6733],[17.7227,62.4335],[17.4383,62.5499],[17.3399,62.4759],[17.3957,62.3069],[17.6697,62.2313],[17.3117,61.8565],[17.4921,61.6187],[17.1249,61.7225],[17.2613,61.6575],[17.1269,61.6503],[17.1083,61.6203],[17.2481,61.6043],[17.0749,61.6123],[17.0497,61.5751],[17.2267,61.5485],[17.0569,61.5473],[17.2823,61.2809],[17.1197,61.3075],[17.1461,61.0073],[17.2477,61.0099],[17.0847,60.9005],[17.3585,60.7571],[17.1541,60.6841],[17.7415,60.4965],[18.0187,60.5907],[18.2361,60.3367],[18.6121,60.2505],[18.3151,60.3105],[18.5919,60.0505],[18.8169,59.9801],[18.8225,60.1185],[19.0919,59.8803],[18.8499,59.9469],[18.9529,59.8517],[18.7301,59.7571],[19.0943,59.7553],[18.7233,59.6819],[18.2383,59.4371],[18.3365,59.3853],[17.9675,59.4377],[18.4759,59.1705],[18.1985,59.1089],[18.0543,59.0267],[18.0185,59.0469],[17.9037,58.8517],[17.6763,59.1783],[17.5821,58.9495],[17.6341,58.8943],[17.4673,58.8889],[17.5143,58.7799],[17.0967,58.7733],[16.9441,58.6109],[16.3579,58.6637],[16.1993,58.6363],[16.9559,58.4809],[16.3133,58.4933],[16.8011,58.3613],[16.6367,58.3455],[16.8373,58.1289],[16.6199,58.2015],[16.7889,58.0787],[16.6327,57.9827],[16.8099,57.8713],[16.5943,57.9267],[16.4815,57.8915],[16.5401,57.8743],[16.6719,57.7613],[16.4175,57.9251],[16.7419,57.7005],[16.5403,57.7287],[16.6645,57.6081],[16.5815,57.6507],[16.5207,57.5635],[16.7151,57.4887],[16.4715,57.2603],[16.4721,57.1489],[16.5859,57.0461],[16.4577,57.0315],[16.3957,56.6773],[15.8595,56.0709],[15.8347,56.1653],[15.5993,56.2035],[14.6971,56.1589],[14.7665,56.0085],[14.2401,55.8577],[14.3627,55.5541],[14.1875,55.3803],[12.8137,55.3787],[13.0673,55.6731],[12.4483,56.2935],[12.7815,56.2127],[12.6195,56.4177],[12.9385,56.5755],[12.3633,56.9173],[12.1229,57.4299],[11.9545,57.3589],[11.9713,57.3897],[11.9123,57.4375],[11.9319,57.6235],[11.7139,57.7179],[11.8317,57.7809],[11.6823,57.8535],[11.7917,57.9071],[11.7585,57.9489],[11.8213,57.9981],[11.8289,58.0269],[11.8163,58.0693],[11.8177,58.0729],[11.8053,58.0813],[11.9285,58.2227],[11.8251,58.3123],[11.9167,58.3329],[11.9201,58.3519],[11.7049,58.3405],[11.5245,58.2479],[11.7183,58.4321],[11.5831,58.4785],[11.4715,58.2747],[11.4633,58.4551],[11.2439,58.3535],[11.3507,58.4849],[11.2579,58.5217],[11.3107,58.5809],[11.2551,58.6911],[11.1635,58.7503],[11.2593,58.7231],[11.2399,58.8351],[11.1935,58.9311],[11.1187,58.9701],[11.2267,59.1343],[11.1859,59.1957],[10.8307,59.1525],[10.8127,59.3195],[10.5921,59.4295],[10.6957,59.5261],[10.5885,59.7631],[10.6663,59.8715],[10.7467,59.7115],[10.7919,59.8469],[10.7609,59.9083],[10.5379,59.8907],[10.4839,59.8381],[10.5359,59.6869],[10.6317,59.5953],[10.5143,59.5165],[10.4377,59.6827],[10.2881,59.7525],[10.2165,59.7415],[10.3877,59.6743],[10.3901,59.5281],[10.2397,59.5681],[10.5291,59.3095],[10.4257,59.2597],[10.4383,59.1627],[10.3665,59.1741],[10.4029,59.2637],[10.3749,59.2723],[10.3127,59.0599],[10.2327,59.1233],[9.8487,58.9595],[9.8527,59.0171],[9.7939,59.0913],[9.5179,59.1285],[9.7223,59.0335],[9.7531,58.9911],[9.3019,58.8877],[9.2891,58.8381],[9.4657,58.8319],[9.3539,58.7521],[9.0715,58.7559],[9.2465,58.7243],[8.9857,58.6731],[9.2311,58.6847],[8.9401,58.6171],[8.2051,58.1865],[8.2427,58.1207],[8.1953,58.1645],[8.0665,58.1145],[8.1585,58.2523],[8.0331,58.2293],[7.9585,58.0773],[7.1807,58.0581],[7.0581,57.9779],[7.1441,58.0689],[6.9969,58.0291],[6.9759,58.0359],[7.0115,58.0585],[7.0123,58.0641],[7.0151,58.0657],[7.0111,58.0735],[7.0591,58.1205],[6.8227,58.0931],[7.0503,58.1371],[6.8767,58.1961],[6.8013,58.0555],[6.5577,58.1143],[6.9149,58.2813],[6.3777,58.2771],[5.5459,58.6715],[5.5809,59.0373],[5.7455,58.8549],[5.8897,58.9727],[5.9737,58.9065],[6.1755,58.8363],[6.1491,58.9573],[6.6537,59.0573],[6.2671,59.0131],[6.1111,58.9471],[6.0763,58.9079],[6.0809,59.0027],[5.8881,59.0719],[6.5559,59.3187],[6.0215,59.3403],[6.2143,59.4111],[6.2689,59.5113],[6.6641,59.3661],[7.0053,59.5121],[7.3909,59.9037],[7.4253,60.4719],[7.8945,61.0589],[7.6661,61.6313],[7.3025,61.4775],[7.2519,61.3049],[7.3863,61.1845],[7.3247,61.1603],[6.5951,61.2105],[6.7397,61.3497],[6.7487,61.4113],[6.4757,61.1151],[6.0745,61.2195],[5.2215,61.1117],[5.0765,61.1747],[5.3161,61.1879],[4.9865,61.2849],[5.6331,61.3729],[5.4163,61.3843],[5.0791,61.3235],[5.1103,61.3431],[5.1055,61.4079],[5.1579,61.4273],[4.9803,61.4169],[5.4737,61.4901],[5.1579,61.5355],[5.4057,61.6035],[5.0023,61.5781],[5.0073,61.6017],[5.1605,61.6061],[5.3671,61.6277],[5.4083,61.6425],[5.2669,61.6261],[5.0991,61.6377],[4.9891,61.6289],[5.0335,61.7593],[5.1659,61.6987],[5.4267,61.9181],[5.6657,61.8129],[5.9821,61.8483],[5.9181,61.7437],[5.9079,61.7127],[5.9241,61.6897],[6.0323,61.8469],[6.1891,61.7643],[6.0769,61.8491],[6.4959,61.8049],[6.8395,61.8727],[6.4387,61.8293],[5.7363,61.8943],[5.9341,61.9181],[5.4535,61.9385],[5.1629,61.9001],[5.4305,62.0189],[5.0975,62.1925],[5.4635,62.0065],[5.6209,62.0555],[5.4959,62.2015],[5.7369,62.0929],[5.9135,62.2007],[5.8503,62.0121],[5.9937,62.1491],[6.0827,62.0591],[6.3111,62.0611],[5.9373,62.2253],[6.3387,62.3803],[6.5569,62.1091],[6.6589,62.1967],[6.4049,62.3603],[6.7179,62.4559],[7.0113,62.2927],[6.8845,62.0903],[7.2099,62.1039],[6.9689,62.1191],[7.0409,62.2805],[7.4303,62.2563],[7.0027,62.3133],[6.8785,62.4575],[6.5715,62.5445],[6.2661,62.5317],[6.2837,62.5519],[6.2655,62.5811],[7.0861,62.6529],[7.5575,62.5001],[7.7873,62.5751],[7.5579,62.5543],[7.4027,62.6303],[8.1475,62.6881],[7.3523,62.6969],[7.6563,62.7957],[6.9877,62.7231],[7.2371,62.8127],[6.9007,62.9161],[7.2901,63.0169],[7.4435,62.9037],[8.0409,62.9657],[8.1583,62.8159],[8.5483,62.6699],[7.9803,63.0453],[7.8899,63.0305],[8.1029,63.1217],[8.3061,62.8569],[8.6857,62.8203],[8.4245,62.9477],[8.6487,62.9905],[8.3787,62.9701],[8.4933,63.0185],[8.2647,63.0215],[8.1751,63.1299],[8.6155,63.1011],[8.9693,63.2075],[8.4821,63.2841],[8.8423,63.3551],[8.6707,63.4165],[9.0103,63.4137],[8.9789,63.4269],[8.9857,63.4313],[8.9971,63.4347],[9.0063,63.4705],[9.0979,63.2939],[9.5103,63.4013],[9.1531,63.4935],[9.5845,63.5331],[9.7267,63.6521],[9.9807,63.4493],[9.8509,63.3173],[10.8985,63.4587],[10.7547,63.5189],[10.9183,63.5931],[10.6363,63.5501],[11.4803,63.7939],[11.0723,63.8657],[11.4907,64.0093],[11.2367,64.0305],[11.3849,64.1105],[11.2233,64.0741],[11.2109,64.0105],[11.1085,63.9877],[10.9151,63.9059],[10.6931,63.8513],[10.6015,63.8131],[11.0481,63.8867],[10.9447,63.7421],[10.1123,63.4985],[9.8099,63.6653],[10.1221,63.7867],[9.5315,63.7173],[10.2193,63.9299],[9.9529,63.9115],[10.1235,63.9699],[9.9557,63.9525],[10.0027,64.0211],[10.0613,64.0161],[10.0371,64.1037],[10.2541,64.1061],[10.1177,64.1261],[10.3661,64.1797],[10.2791,64.2375],[10.4947,64.2973],[10.4423,64.3555],[10.6731,64.3611],[10.4605,64.4161],[10.8317,64.3719],[10.6499,64.4505],[10.9027,64.4743],[10.9575,64.6119],[11.1555,64.4449],[11.3391,64.4627],[11.2181,64.3177],[11.6893,64.4689],[11.4253,64.4775],[11.7851,64.5941],[11.4771,64.5887],[11.3987,64.4761],[11.0217,64.6221],[11.3653,64.5513],[11.4047,64.7137],[11.5685,64.7699],[11.7869,64.7777],[11.8477,64.7959],[11.6653,64.8575],[12.1531,64.9661],[11.6201,64.8669],[11.3821,64.7539],[11.1869,64.7395],[11.6665,64.8923],[11.2815,64.8591],[11.7867,64.9833],[11.5941,64.9795],[11.9189,65.1409],[12.4575,65.0753],[12.9515,65.3159],[12.4941,65.1319],[12.4351,65.2683],[12.2505,65.2331],[12.4385,65.3645],[12.2029,65.2429],[12.0337,65.2063],[11.9843,65.2267],[12.3461,65.4729],[12.2851,65.5887],[12.4899,65.4063],[12.7687,65.4649],[12.3605,65.6331],[12.7817,65.6373],[12.5425,65.7527],[12.7145,65.7783],[12.6649,65.9225],[13.2089,65.8273],[12.9047,65.9799],[13.0481,66.0793],[12.6765,66.0713],[13.8239,66.1415],[13.5989,66.2291],[13.7909,66.1943],[14.1711,66.3291],[13.0245,66.1819],[13.5647,66.3089],[13.0043,66.3339],[13.1437,66.4121],[13.0711,66.4657],[13.1611,66.4673],[12.9677,66.5341],[13.2507,66.4445],[13.7405,66.6089],[13.2009,66.5605],[13.5565,66.6509],[13.1961,66.7267],[13.6035,66.7001],[13.8837,66.7297],[13.4669,66.7437],[13.9857,66.8031],[13.4857,66.9529],[14.2281,66.9995],[14.5043,67.2423],[15.4721,67.1009],[15.4323,67.2609],[15.0465,67.2723],[15.1747,67.3309],[14.3061,67.2659],[15.0571,67.4537],[14.6273,67.4711],[15.0613,67.5975],[14.9443,67.4923],[15.4393,67.4991],[15.5523,67.3773],[15.6271,67.3301],[15.7101,67.3269],[15.5353,67.4839],[15.8853,67.5951],[15.1717,67.6355],[15.7855,67.7475],[15.3765,67.8815],[15.1641,67.7161],[14.8287,67.6587],[15.1505,67.7703],[14.7519,67.8135],[15.1763,67.8703],[14.8461,67.8681],[15.0079,67.9125],[15.8883,67.9161],[15.9927,68.0015],[15.8147,68.0567],[15.5841,68.0495],[15.5167,68.1023],[15.3951,68.0451],[15.4083,68.0043],[15.2745,68.0609],[15.6195,68.1935],[15.7989,68.1017],[15.9625,68.2699],[16.2169,67.8981],[16.5157,67.8209],[16.1819,68.0241],[16.4681,67.9183],[16.3119,68.0349],[16.7383,68.0889],[16.1309,68.2947],[16.8185,68.1583],[16.2651,68.3605],[16.5935,68.4259],[17.3401,68.2673],[15.9957,67.5205],[15.4265,66.8597],[14.7253,66.4753],[14.4753,66.1833],[14.6053,65.8065],[14.2347,65.0903],[13.2757,64.7405],[13.3051,64.5813],[13.7623,64.5493],[16.2613,65.8379],[19.3105,67.7567],[20.5751,68.2069],[24.6271,68.1149],[29.3559,66.6771],[29.0753,66.9073],[31.8113,67.1705],[33.1001,66.6157],[32.8723,66.5793],[33.1415,66.5979],[33.2233,66.5627],[32.9461,66.5201],[33.6005,66.4003],[33.3127,66.3161],[34.1315,66.2371],[34.8529,65.8965],[34.9637,65.7179],[34.6909,65.8039],[34.6817,65.4511],[34.3777,65.3783],[34.9361,64.8383],[34.9681,64.6055],[34.8095,64.5389],[35.3277,64.3263],[35.8741,64.3253],[36.2759,64.0115],[37.3591,63.8051],[38.0803,64.0713],[37.8011,64.4275],[37.3261,64.3539],[36.5547,64.7447],[36.4397,64.9427],[36.8307,64.9881],[36.8581,65.1803],[38.4087,64.8589],[38.0469,64.6411],[38.5367,64.7983],[40.5059,64.5353],[40.4257,64.7033],[40.6221,64.8391],[40.3337,65.1325],[40.3207,65.5017],[40.7385,65.9829],[41.5777,66.1509],[44.0531,66.0433],[44.0209,66.0055],[44.1801,65.8863],[44.1637,66.0787],[44.8791,66.1311],[45.1877,65.5007],[48.9205,65.1407],[56.0211,62.9607],[57.3381,63.7587],[58.1837,64.0265],[59.8489,64.0553],[59.6087,61.9187],[62.9033,60.9523],[65.4913,60.6255],[70.8495,61.1331],[73.0713,60.6309],[78.8763,57.2757],[82.1319,56.7453],[87.3585,57.0183],[90.1783,57.6117],[92.1343,58.3981],[93.1021,57.7521],[93.7797,56.5009],[89.3893,52.6517],[87.1201,50.3575],[85.8413,49.7863],[84.0727,49.7171],[82.2725,50.0593],[78.3159,50.8749],[76.2697,51.6101],[71.9443,52.4443],[66.7923,52.8227],[63.3281,52.2865],[57.9539,50.8699],[52.4999,48.3849],[52.5691,46.9567],[52.0973,46.8135],[51.1901,47.1147],[49.8123,46.5319],[49.3243,46.5651],[49.3557,46.3903],[49.1321,46.4523],[49.2209,46.2927],[49.0459,46.3647],[48.9655,46.1569],[47.9867,46.9047],[46.7843,47.2361],[44.4799,47.2361],[43.3777,46.2479],[42.2757,47.3471],[38.8691,47.4583],[38.1379,47.0603],[37.5905,47.0963],[37.3241,46.8957],[35.8763,46.6423],[35.4545,46.4343],[35.1901,46.1489],[35.0371,46.0835],[35.3581,46.3533],[35.1911,46.5005],[35.0931,46.2829],[34.9023,46.2439],[34.8125,46.1815],[34.7025,46.1759],[34.5617,45.9851],[34.4017,46.0139],[34.5425,46.1875],[33.6719,46.2209],[34.1429,45.9377],[34.6333,45.9417],[34.4605,45.7673],[34.9867,45.6319],[35.1267,45.3261],[35.3431,45.3325],[35.0503,45.6139],[34.6669,46.0937],[35.4753,45.2911],[36.1483,45.4611],[36.6373,45.3761],[36.3735,45.0577],[35.5351,45.1239],[35.0907,44.7937],[34.7319,44.8179],[33.7887,44.3905],[33.4883,44.5001],[33.3819,44.5889],[33.5453,44.6259],[33.5479,45.1085],[32.9941,45.3259],[33.0281,45.3169],[33.0649,45.3771],[33.1373,45.3937],[33.2607,45.4733],[33.2575,45.4959],[32.9465,45.3593],[32.9873,45.3289],[32.4829,45.3959],[33.7537,45.9583],[33.5945,46.1637],[32.5303,46.0747],[31.9405,46.3001],[31.7919,46.2831],[32.0659,46.3947],[31.7089,46.4371],[31.5387,46.5485],[31.5149,46.5785],[32.0109,46.4915],[32.3441,46.4641],[32.4241,46.4903],[31.9973,46.6465],[31.9751,46.8789],[31.8049,46.6135],[31.4303,46.6329],[31.5045,46.6631],[31.6075,46.8137],[31.5915,46.8515],[31.4125,46.6255],[30.7709,46.5525],[30.4721,46.0763],[30.2475,45.8861],[29.7277,45.5873],[29.8807,45.6781],[29.7401,45.6157],[29.6389,45.8317],[29.7681,45.3337],[29.6147,44.8629],[28.9533,44.6265],[28.5815,45.2415],[28.0851,45.5143],[27.6999,45.4003],[27.1755,45.6281],[26.0103,45.1215],[25.0025,45.0961],[24.5105,45.2863],[24.3059,46.0825],[22.5319,46.2463],[21.7019,46.5605],[21.1609,46.5605],[20.9301,46.2841],[20.2217,46.1707],[19.4309,46.2085],[19.5821,45.9817],[19.2161,45.8555],[19.0803,46.0321],[18.9113,45.8807],[18.9861,45.5523],[19.3747,45.4003],[19.9059,45.6029],[19.4015,45.5901],[19.3727,45.7419],[20.0521,46.0195],[20.0535,45.6787],[20.4371,45.7925],[20.6131,45.7167],[20.4393,45.4763],[20.8043,45.2229],[21.2375,45.2609],[21.4197,44.9563],[20.6071,44.8675],[20.9543,44.6255],[20.5805,44.3195],[20.1239,44.5237],[19.9917,44.3835],[19.1729,44.5237],[19.3013,44.9817],[19.6733,44.8675],[19.5287,45.2357],[18.3003,45.5017],[18.1861,45.7673],[17.4663,45.7673],[17.1067,46.2085],[16.0279,46.7113],[16.1235,46.3973],[15.6105,46.1833],[16.3945,45.9691],[16.6467,45.5269],[17.2027,45.4891],[17.2763,45.0961],[17.1279,44.9817],[16.6555,45.2989],[16.0831,45.3751],[15.4231,45.9943],[14.9901,45.9691],[14.8363,46.1959],[14.6029,46.2211],[14.4625,45.8177],[15.3207,45.6661],[15.5561,45.2229],[15.2283,45.1087],[14.4027,45.6535],[13.8121,45.7419],[13.9855,46.0825],[13.8429,46.1205],[13.4481,45.7795],[13.5019,45.7551],[13.4631,45.6949],[13.3977,45.6753],[13.3795,45.6827],[13.3695,45.7375],[13.2365,45.7539],[13.2451,46.0195],[12.2749,46.0953],[12.0895,45.9187],[11.4813,46.0573],[10.0837,45.6155],[8.4869,45.8177],[7.9951,45.5269],[7.5281,45.5649],[7.6123,45.2483],[7.4667,45.1469],[7.6431,44.9691],[7.3307,44.5619],[7.9355,44.2685],[8.0083,43.8723],[7.1349,43.5541],[6.2419,43.7183],[6.1015,43.9233],[6.3027,44.2047],[6.2339,44.4089],[5.5261,43.7697],[5.1901,44.1407],[4.6141,43.9233],[3.8459,44.1663],[3.5733,43.7311],[2.7465,43.2691],[2.2275,43.2305],[2.2255,42.8441],[3.0305,42.7699],[3.3151,42.3275],[3.0391,42.1749],[3.2007,41.8983],[2.1185,41.2973],[0.9811,41.0399],[0.7075,40.8033],[0.8561,40.7237],[0.7933,40.7023],[0.6843,40.7293],[0.5919,40.7181],[0.8533,40.6827],[-0.5771,39.8875],[-0.6475,39.3211],[-0.8424,39.2155],[-1.2686,39.3607],[-1.0562,39.6903],[-1.3062,40.1767],[-2.1604,40.4127],[-2.4789,40.1109],[-3.0467,39.9665],[-3.3632,39.4795],[-4.3054,39.6639],[-5.4394,39.4531],[-5.7956,39.5585],[-5.4806,39.9665],[-5.5718,40.1767],[-6.4049,40.0059],[-6.5499,40.2159],[-6.2007,40.7139],[-6.2238,41.1189],[-5.7804,41.2623],[-5.8899,41.4707],[-5.7492,41.6269],[-4.3783,41.8217],[-4.1454,41.7047],[-4.016,41.1711],[-3.8207,41.2361],[-3.7354,41.7177],[-4.113,42.0683],[-4.5226,41.9905],[-4.5063,42.1459],[-4.9179,42.2497],[-5.3435,42.0035],[-5.754,42.0163],[-5.786,41.7307],[-7.6338,41.3143],[-8.0805,41.3925],[-8.0227,42.1719],[-7.7011,42.1589],[-7.7098,41.6007],[-6.7572,42.2885],[-7.4077,42.7667],[-7.3208,42.9215],[-6.8205,42.9343],[-7.0237,43.3461],[-6.8191,43.5643],[-6.102,43.4855],[-5.8366,43.6609],[-4.6787,43.2819],[-3.7664,43.3077],[-3.5872,43.5141],[-2.9782,43.3105],[-2.7501,43.4539],[-1.7885,43.3555],[-1.4244,43.6615],[-1.2539,44.5511],[-1.0201,44.6553],[-1.1644,44.7733],[-1.2632,44.6285],[-1.1327,45.5155],[-1.0609,45.5679],[-0.6775,45.0775],[-0.5992,45.0149],[-0.5586,45.0355],[-0.8241,45.4897],[-1.2346,45.6889],[-0.9894,45.9597],[-1.2394,46.1657],[-1.1179,46.2947],[-1.8046,46.4871],[-2.139,46.8171],[-1.9844,47.0325],[-2.2432,47.1345],[-2.0089,47.3161],[-2.4915,47.2699],[-2.4778,47.5127],[-2.8105,47.4861],[-2.9107,47.5413],[-2.7337,47.5397],[-2.6566,47.6099],[-2.706,47.6385],[-3.1229,47.5481],[-3.1365,47.7393],[-3.8514,47.7845],[-4.1015,47.9707],[-4.3661,47.7897],[-4.7385,48.0423],[-4.2941,48.1057],[-4.5577,48.1707],[-4.6331,48.2831],[-4.5561,48.3431],[-4.5182,48.2839],[-4.1894,48.3001],[-4.4616,48.3305],[-4.2869,48.4409],[-4.7747,48.3335],[-4.7537,48.5471],[-3.6014,48.6725],[-3.5437,48.8283],[-3.4002,48.8057],[-3.0781,48.8875],[-2.6922,48.4981],[-2.3252,48.6913],[-2.2271,48.5639],[-1.3589,48.6375],[-1.5722,48.7513],[-1.5476,49.2249],[-1.9425,49.7327],[-1.2685,49.7043],[-1.1415,49.3173],[-0.2292,49.2691],[0.1311,49.4043],[0.3507,49.4339],[0.4815,49.4763],[0.0691,49.5173],[0.2109,49.7175],[1.6723,50.1855],[1.5881,50.8753],[3.5115,51.4101],[3.7693,51.3431],[4.2695,51.3545],[3.4369,51.5369],[4.2975,51.4555],[3.9885,51.5909],[4.1837,51.6049],[4.1075,51.6427],[4.2855,51.6333],[4.3779,51.6567],[4.4031,51.6935],[4.2699,51.6563],[4.0025,51.7987],[3.9693,51.8021],[3.9523,51.8019],[3.9161,51.7951],[3.8699,51.7725],[3.9799,51.8445],[4.3411,51.7051],[4.5003,51.6843],[4.6405,51.7113],[4.0595,51.8395],[4.0145,51.9641],[4.6451,52.4677],[4.7367,52.9653],[5.3031,52.7095],[5.0251,52.6303],[5.0135,52.3755],[4.8423,52.4271],[4.7705,52.4307],[4.7779,52.4057],[5.1387,52.3293],[5.6617,52.6127],[5.7175,52.8401],[5.3735,52.8691],[5.3835,53.0597],[6.0347,53.4079]],[[10.0575,63.9913],[10.0611,63.9939],[10.0417,64.0001],[10.0575,63.9913]],[[13.4401,45.6893],[13.4659,45.7073],[13.4007,45.7253],[13.3901,45.6857],[13.4401,45.6893]],[[8.3829,55.9353],[8.1347,56.1189],[8.1973,55.8679],[8.3829,55.9353]],[[19.9649,45.0247],[20.3909,44.8869],[20.1469,45.2081],[19.9297,45.1929],[19.9649,45.0247]],[[25.8481,46.3643],[26.1061,45.9851],[26.3317,46.1217],[26.4119,46.6821],[25.9823,46.7575],[25.8481,46.3643]],[[14.7871,47.2399],[15.1405,47.3753],[15.1703,47.5857],[14.3685,47.6907],[14.0739,47.3753],[14.7871,47.2399]],[[10.7497,46.7877],[11.2795,47.0743],[12.0873,47.1797],[12.0937,47.3903],[10.8725,47.3001],[10.4949,47.0141],[10.7497,46.7877]],[[25.0297,47.7289],[24.7521,47.8267],[24.7729,47.5707],[24.4293,47.3001],[23.9687,47.2399],[23.5245,47.4505],[23.4509,47.6757],[23.7253,47.8855],[23.2379,48.0959],[22.6443,48.0351],[22.2103,47.6907],[22.8549,47.5405],[22.8173,46.8935],[23.2189,46.6971],[24.6945,46.6669],[25.7083,47.2249],[26.0411,47.6457],[26.4859,47.7805],[26.8915,47.6607],[27.1931,47.3001],[27.7463,47.2575],[26.8409,48.2373],[25.0297,47.7289]],[[-1.2021,42.0303],[-1.7208,41.6715],[-1.8261,41.1349],[-2.2739,41.1875],[-2.3205,41.5605],[-2.7585,41.4231],[-2.4683,40.7083],[-1.6466,40.9447],[-0.9483,40.6557],[-0.4391,40.9645],[0.2497,40.9383],[0.5635,41.4819],[1.0291,41.4689],[1.0117,41.7173],[0.6895,41.9457],[-0.4848,41.8999],[-0.6558,42.4337],[-1.1941,42.4013],[-1.2021,42.0303]]],[[[45.1813,43.5901],[47.5859,42.2533],[48.2007,42.1909],[49.5435,40.6315],[50.2225,40.4973],[50.3583,40.2671],[49.8529,40.3721],[49.4711,40.1733],[49.2779,39.4961],[49.4121,39.3753],[49.2083,39.0893],[49.0195,39.2159],[48.9455,39.1573],[48.8791,38.4441],[48.6595,38.3893],[48.0209,38.8355],[48.3125,39.0079],[48.1201,39.2637],[48.3599,39.3853],[47.9927,39.7119],[46.5405,38.8757],[46.4161,39.2015],[46.6225,39.2247],[46.3807,39.4251],[46.5415,39.5645],[45.5929,39.9825],[45.9009,40.0175],[46.0027,40.2203],[45.3911,40.6433],[45.6141,40.8755],[45.0915,41.0627],[45.2229,41.1419],[45.0345,41.2617],[43.4609,41.1131],[42.8161,41.5869],[41.8693,41.4493],[43.1005,41.2829],[41.2537,40.5311],[39.5305,40.1125],[36.5301,40.2567],[34.1087,40.9669],[28.9601,40.6297],[29.9441,40.7393],[29.2663,40.8121],[29.0189,41.0163],[29.1577,41.2249],[31.2335,41.1041],[32.2771,41.7229],[33.3395,42.0255],[34.7169,41.9469],[35.0183,42.0961],[35.2943,41.7095],[36.0679,41.6843],[36.4031,41.2501],[36.8123,41.3587],[37.5155,41.0253],[37.6875,41.1349],[38.3575,40.9087],[39.4259,41.1055],[40.1825,40.9125],[41.7765,41.4591],[41.5459,41.5217],[41.7767,41.8667],[41.4383,42.7349],[40.2745,43.2275],[45.1813,43.5901]],[[45.5289,40.6061],[45.5875,40.6539],[45.5175,40.6655],[45.5289,40.6061]]],[[[-4.3933,57.9045],[-4.3006,57.8531],[-4.0534,57.8163],[-3.7788,57.8673],[-4.4673,57.4819],[-3.3368,57.7263],[-1.827,57.6149],[-1.7763,57.4725],[-2.5294,56.5839],[-3.3608,56.3809],[-2.8191,56.4501],[-2.601,56.2739],[-3.4015,56.0101],[-3.6791,56.0477],[-3.8001,56.1103],[-3.854,56.1241],[-3.8764,56.1129],[-3.7266,56.0241],[-3.0725,55.9463],[-2.6654,56.0613],[-1.645,55.5865],[-1.2459,54.5933],[-0.596,54.4915],[-0.0819,54.1211],[-0.2038,53.9763],[0.1189,53.6605],[0.1489,53.6001],[-0.2947,53.7439],[-0.6256,53.7347],[-0.7077,53.7069],[-0.533,53.6807],[-0.3005,53.7161],[0.2261,53.4085],[0.3395,53.1031],[0.0,52.8951],[0.1559,52.4853],[0.4125,52.4615],[0.3211,52.7603],[0.5389,52.9787],[1.6879,52.7323],[1.5731,52.0885],[1.3151,51.9349],[1.2723,51.9951],[1.1495,52.0463],[1.2719,51.9599],[1.0519,51.9543],[1.2825,51.9497],[1.1791,51.8745],[1.2291,51.8205],[0.9629,51.8525],[0.6865,51.7311],[0.7443,51.6909],[0.9293,51.7471],[0.9245,51.5959],[0.5477,51.5501],[0.3443,51.4487],[0.6975,51.4733],[0.5407,51.4117],[0.6217,51.3773],[0.6451,51.3981],[0.6701,51.3781],[0.7243,51.4255],[0.7139,51.4141],[0.7585,51.3637],[0.8903,51.3437],[1.4247,51.3943],[1.3925,51.1613],[0.2377,50.7375],[-0.7985,50.7265],[-0.8175,50.8355],[-1.4786,50.9217],[-1.3113,50.8185],[-2.4273,50.6427],[-2.4655,50.5185],[-2.7986,50.7217],[-3.4836,50.6941],[-3.6584,50.2215],[-4.2052,50.4289],[-5.0392,50.2113],[-5.2022,49.9615],[-5.7187,50.0643],[-4.5714,50.7833],[-4.5327,51.0243],[-4.0772,51.0815],[-4.2333,51.1927],[-3.0124,51.2203],[-2.351,51.8049],[-3.4018,51.3847],[-3.8371,51.6311],[-4.3135,51.5679],[-4.0815,51.6613],[-4.3479,51.8031],[-4.943,51.6013],[-5.3222,51.8655],[-4.2118,52.2655],[-3.948,52.5599],[-4.1338,52.6159],[-3.9392,52.7523],[-4.1552,52.8131],[-4.0603,52.9257],[-4.7712,52.7981],[-4.3609,53.0355],[-4.204,53.2145],[-3.3178,53.3591],[-3.2843,53.3265],[-3.0612,53.2267],[-3.2046,53.3903],[-3.0469,53.4413],[-2.9355,53.3099],[-2.789,53.2985],[-2.7441,53.3469],[-3.1081,53.5571],[-2.8395,53.7231],[-3.0613,53.8431],[-3.0145,53.9311],[-2.982,53.8645],[-2.9446,53.8519],[-2.9163,53.8619],[-2.805,54.2463],[-3.1533,54.0657],[-3.6426,54.5185],[-3.4036,54.8701],[-3.0511,54.9837],[-3.6025,55.0273],[-3.5998,54.8753],[-3.9865,54.7699],[-4.0536,54.8623],[-4.4579,54.9453],[-4.396,54.6799],[-4.851,54.8709],[-4.8743,54.6349],[-5.1629,55.0063],[-4.9944,54.9157],[-4.7729,55.3751],[-2.7624,55.1711],[-2.4308,55.2879],[-4.0219,55.3929],[-4.4857,55.4979],[-4.6913,55.5505],[-4.9072,55.7007],[-4.8584,55.7609],[-4.8806,55.9441],[-4.4934,55.9285],[-4.857,55.9921],[-4.7547,56.2107],[-4.9787,55.8627],[-5.1227,56.0139],[-5.0714,55.9041],[-5.1894,55.9841],[-5.2409,55.8979],[-5.2066,55.8275],[-5.3489,55.9009],[-5.2031,56.1329],[-3.9823,56.6111],[-2.8871,56.6227],[-2.7768,56.7495],[-3.2618,56.9337],[-3.2447,57.0715],[-2.5965,57.3697],[-3.1546,57.3353],[-4.058,56.7149],[-4.3003,56.7725],[-4.3785,57.0371],[-4.7119,56.9567],[-4.9312,56.7379],[-5.3679,56.5295],[-4.9856,56.7171],[-5.2497,56.7063],[-5.0964,56.8339],[-5.2021,56.8575],[-5.336,56.8605],[-5.1239,56.8257],[-5.6862,56.5015],[-6.0119,56.6477],[-5.8335,56.6251],[-5.5395,56.6897],[-6.2356,56.7179],[-5.3792,56.8531],[-4.3933,57.9045]],[[-0.2859,50.8341],[-0.2691,50.8361],[-0.2892,50.8379],[-0.2859,50.8341]]],[[[26.3881,44.3345],[26.8875,44.3967],[27.3081,44.3655],[27.3335,44.0751],[27.8035,44.1373],[28.6211,43.9009],[28.5607,43.4537],[28.0973,43.3753],[27.9071,43.1937],[27.9071,42.7093],[27.4567,42.4697],[27.7365,42.4123],[28.1541,41.5905],[29.1127,41.2449],[29.0483,41.0687],[27.4765,40.9185],[26.5865,41.2105],[27.6967,42.0005],[27.1273,42.1295],[26.4171,42.6341],[25.4221,41.9715],[24.0841,41.8871],[23.8349,41.5493],[22.7027,41.4965],[22.7855,42.0031],[22.3183,42.2347],[22.2887,42.5187],[21.9105,42.8019],[22.4161,43.3251],[22.7381,43.0847],[22.2601,42.8229],[22.2943,42.6341],[22.7239,42.8019],[23.1683,43.2519],[23.2697,43.7943],[23.9903,43.9295],[24.6315,42.6341],[25.3375,42.5397],[25.9423,42.9591],[25.9699,43.6797],[25.6925,43.9087],[26.3881,44.3345]]],[[[27.8017,70.7973],[27.7673,70.7497],[28.1445,70.7415],[27.6355,70.6203],[28.3021,70.6575],[27.8327,70.4933],[27.8609,70.4317],[28.3707,70.5209],[28.2623,70.4331],[29.7429,70.0769],[28.7311,70.1761],[28.5637,70.1767],[28.6503,70.0997],[29.6795,69.9795],[29.3505,69.8667],[29.7385,69.9065],[29.4871,69.6563],[30.1141,69.6855],[30.1969,69.7717],[30.1765,69.8843],[30.3785,69.8429],[30.3219,69.6655],[30.4459,69.8161],[30.9547,69.7719],[30.7395,69.5429],[30.2519,69.5531],[29.1813,69.0293],[28.8983,69.0999],[29.3661,69.5129],[27.5657,70.0935],[26.8559,69.9137],[27.0869,69.7335],[26.7949,69.4425],[26.3055,69.5931],[26.3051,69.7435],[25.7345,69.5631],[25.2281,68.7661],[24.9937,68.9283],[25.2687,69.5931],[27.4789,70.3225],[25.1509,69.9137],[24.1139,70.0935],[23.7493,69.9937],[23.4163,69.3017],[23.0731,69.2009],[22.5295,69.7737],[22.2891,69.7235],[22.0815,69.2411],[20.4359,69.1907],[19.7283,68.5123],[16.4557,68.5123],[16.9779,68.7189],[17.6809,68.6753],[17.2387,68.7601],[17.8099,68.7489],[17.4703,68.8335],[17.8501,68.8679],[17.7097,68.9349],[17.4573,68.8947],[17.4723,68.9975],[18.1523,69.1517],[17.9691,69.2333],[18.1709,69.3929],[18.1305,69.4625],[18.3701,69.4601],[18.4975,69.2361],[18.9965,69.2935],[18.4455,69.4445],[18.8247,69.5647],[19.0347,69.3721],[19.3381,69.3301],[19.2435,69.2347],[19.5527,69.2209],[19.3667,69.3767],[18.9681,69.4635],[19.2433,69.5193],[18.9413,69.5795],[19.2167,69.7677],[19.7375,69.8027],[19.5063,69.3979],[19.7387,69.6075],[19.9667,69.5859],[20.1421,69.5855],[19.7721,69.6863],[20.3667,69.9413],[20.2681,69.6845],[20.3573,69.6183],[19.9257,69.2703],[20.4231,69.5891],[20.6483,69.5157],[20.9169,69.4761],[20.4571,69.7587],[20.7039,69.7945],[21.0331,69.9583],[20.8493,69.8567],[21.1285,69.8055],[21.3915,70.0223],[21.9823,69.7315],[22.1399,69.7449],[22.0405,69.7665],[22.0845,69.7769],[21.8823,69.8403],[22.0739,70.0309],[21.7737,70.0403],[21.9971,70.0781],[22.0647,70.1293],[21.6377,70.0759],[22.2581,70.2279],[22.1859,70.1387],[22.5531,70.1161],[22.2895,70.1629],[22.3541,70.2655],[22.9725,70.1907],[22.2787,70.0397],[22.9905,70.1395],[23.1457,69.9607],[23.0597,69.9485],[23.0193,69.9229],[23.5295,70.0173],[23.1481,70.0831],[23.3825,70.1235],[23.1805,70.2193],[25.2765,70.4717],[24.9393,70.2325],[24.9805,70.0485],[25.2315,70.0987],[25.7881,70.5373],[26.5585,70.4627],[26.4755,70.3719],[26.5143,70.3511],[27.1009,70.4681],[26.9615,70.5891],[27.2811,70.5885],[27.0663,70.7043],[27.2923,70.8303],[27.9605,70.8039],[27.8017,70.7973]]],[[[-6.8137,37.8643],[-5.9803,38.0469],[-5.7217,37.8237],[-4.9947,37.8947],[-4.8178,37.7223],[-6.174,36.3685],[-6.4339,36.7475],[-6.3316,36.7969],[-6.3238,36.8947],[-6.2307,36.8945],[-6.1952,36.9139],[-6.0852,37.0639],[-6.3358,36.9009],[-6.3625,36.8045],[-6.9184,37.1845],[-6.8374,37.2987],[-7.0987,37.2155],[-6.8137,37.8643]]],[[[20.0285,42.6489],[20.4443,42.3221],[20.4531,42.0411],[20.9461,42.0099],[20.8731,41.8223],[20.1125,41.6189],[19.8225,40.8493],[19.4673,40.5181],[19.3217,40.6559],[19.5383,40.9323],[19.4009,41.4135],[19.6099,41.7991],[19.1963,41.9283],[19.3447,42.2597],[19.1805,42.4467],[19.3593,42.6023],[19.2629,42.8667],[20.0285,42.6489]]],[[[5.1343,60.6777],[5.2491,60.6221],[5.2705,60.6227],[5.1589,60.7341],[4.9519,60.8111],[5.4669,60.6351],[5.2727,60.7673],[5.5889,60.8741],[5.0833,60.8353],[5.0171,60.9667],[5.1247,60.8785],[5.3075,60.9911],[5.0359,60.9895],[5.1559,61.0871],[6.3621,61.0049],[6.6389,61.1795],[7.0089,61.0655],[7.0209,60.9837],[6.8763,60.9351],[6.8463,60.8829],[7.1273,60.8687],[7.0355,61.1081],[7.4135,61.1047],[7.3639,60.9705],[6.9431,60.7493],[6.8927,60.4907],[6.2209,60.4695],[6.2783,60.3791],[6.0215,60.2673],[5.9005,60.1559],[5.9267,60.0481],[5.8253,59.9865],[5.7675,60.1885],[5.5815,60.1675],[5.7623,60.3927],[5.4431,60.1373],[5.3611,60.2333],[5.2487,60.2125],[5.1747,60.3687],[5.3529,60.3819],[5.2991,60.5253],[5.4651,60.4219],[5.4621,60.4525],[5.5127,60.4251],[5.5613,60.4255],[5.7329,60.4555],[5.7947,60.7289],[5.7131,60.7651],[5.2923,60.5425],[5.2087,60.6231],[5.1231,60.6515],[5.1343,60.6777]]],[[[23.0111,44.6763],[23.3423,44.3345],[22.8785,44.1061],[22.8291,44.2723],[22.3611,44.2411],[22.2883,43.3877],[22.1061,43.5233],[21.9689,44.2619],[22.0897,44.3449],[21.6109,44.3863],[21.4365,44.6867],[23.0111,44.6763]]],[[[12.6349,56.0327],[12.6031,55.7077],[12.2359,55.5371],[12.4587,55.2913],[12.0327,55.1657],[12.1855,55.1123],[12.0505,54.9597],[11.6233,55.0815],[11.8351,55.0449],[11.7253,55.1107],[11.8191,55.1313],[11.7185,55.2095],[11.2487,55.2109],[11.1539,55.5923],[10.9365,55.6729],[11.1115,55.6713],[10.8803,55.7457],[11.2683,55.7329],[11.5321,55.8743],[11.5203,55.9307],[11.3035,55.9747],[11.2889,55.9995],[11.7781,55.9771],[11.6583,55.7219],[11.8151,55.6677],[11.9407,55.9343],[12.0699,55.7679],[11.9943,55.7407],[11.9349,55.6543],[12.0845,55.6527],[12.1233,55.7297],[12.0453,55.9295],[11.8477,55.9653],[12.6349,56.0327]]],[[[45.4575,39.4937],[45.8201,39.5497],[46.1783,38.8411],[45.1419,39.2175],[44.7789,39.7065],[45.0281,39.7745],[45.4575,39.4937]]],[[[6.4117,59.5507],[6.3075,59.6411],[6.2197,59.4751],[5.9771,59.3519],[6.1899,59.4879],[5.8529,59.5461],[5.6699,59.3975],[5.8865,59.3451],[5.7469,59.3431],[5.6625,59.2915],[5.6575,59.2859],[5.6641,59.2615],[5.6443,59.3203],[5.6841,59.3299],[5.6319,59.4051],[5.5139,59.2711],[5.3775,59.4211],[5.3543,59.2697],[5.3433,59.3291],[5.2351,59.4371],[5.5101,59.7335],[5.4565,59.4831],[5.5859,59.6873],[5.7905,59.6039],[5.9301,59.7729],[5.9759,59.7385],[6.0885,59.7385],[6.3717,59.8733],[6.0105,59.7551],[5.6645,59.8529],[5.9875,59.9575],[6.0497,60.0761],[6.3097,60.1295],[6.0787,60.1949],[6.3533,60.3695],[6.6713,60.4037],[6.5511,60.1911],[6.5441,60.0761],[6.6871,60.3853],[6.8771,60.3831],[6.4117,59.5507]]],[[[9.6313,44.5037],[10.1495,44.4883],[10.5265,43.9961],[9.3043,44.3807],[8.9419,44.6111],[9.1207,44.8869],[9.6313,44.5037]]],[[[-8.1161,54.6341],[-7.8485,54.6085],[-7.6791,54.4675],[-7.4815,53.9013],[-7.6435,53.7475],[-7.8824,53.7355],[-8.5472,54.4037],[-8.1161,54.6341]]],[[[-1.2895,41.2005],[-0.5741,41.6453],[-0.0902,41.5735],[-0.7524,41.1219],[-1.2895,41.2005]]],[[[19.0223,57.9179],[19.1091,57.8181],[19.0491,57.8339],[18.9637,57.7897],[18.9569,57.7243],[18.8143,57.7399],[18.7779,57.4703],[18.9451,57.4203],[18.1371,56.9061],[18.3085,57.0971],[18.1021,57.2563],[18.1117,57.5321],[19.0223,57.9179]]],[[[10.4271,55.5889],[10.5663,55.5223],[10.4945,55.5509],[10.4281,55.4409],[10.7117,55.5425],[10.5465,55.4461],[10.8597,55.2945],[10.7463,55.0693],[10.0789,55.0763],[10.1749,55.1293],[9.6807,55.5165],[10.4271,55.5889]]],[[[22.9589,58.6153],[23.3317,58.4603],[22.2995,58.2051],[22.0431,57.9035],[22.2187,58.1379],[21.8439,58.2885],[22.0109,58.3843],[21.8439,58.4977],[22.1027,58.4187],[22.9589,58.6153]]],[[[-0.1699,38.6041],[-0.8021,38.6841],[-0.162,39.0191],[-0.1699,38.6041]]],[[[18.2659,43.7493],[18.9987,43.7339],[18.6469,43.5793],[18.9101,43.1769],[18.0635,43.5483],[18.2659,43.7493]]],[[[-5.9295,54.5993],[-5.5774,54.6763],[-5.46,54.3879],[-5.6868,54.5849],[-5.7039,54.3519],[-5.527,54.3149],[-6.0888,54.2201],[-6.1725,54.7377],[-5.6961,54.7823],[-5.9295,54.5993]]],[[[-7.7073,53.3323],[-7.1502,53.9013],[-6.8747,53.9249],[-6.8865,53.6171],[-7.2663,53.3323],[-7.7073,53.3323]]],[[[15.9639,68.8959],[15.7635,68.7417],[16.0095,68.7789],[15.7735,68.6329],[15.7223,68.5353],[16.2659,68.7447],[16.0881,68.8263],[16.3431,68.8343],[16.2559,68.9237],[16.5969,68.8375],[16.6079,68.6743],[16.0925,68.5583],[15.9105,68.3849],[15.8697,68.5167],[15.6581,68.3143],[15.3193,68.3553],[15.6125,68.4891],[15.5799,68.5109],[15.5379,68.5193],[14.9785,68.2775],[15.3595,68.5041],[15.2023,68.5779],[15.6229,68.6209],[15.4581,68.8153],[15.9639,68.8959]]],[[[17.6675,43.8881],[17.6113,44.1039],[17.8565,44.2885],[18.2847,44.1963],[18.3149,43.8881],[17.6675,43.8881]]],[[[8.7367,45.1471],[8.6361,45.5133],[9.4731,45.1623],[9.4047,45.0095],[8.7367,45.1471]]],[[[-8.2534,53.1301],[-7.4074,53.0705],[-7.7148,52.8679],[-8.5044,52.8917],[-8.2534,53.1301]]],[[[-5.1361,56.1653],[-5.4415,56.0349],[-5.3189,55.7749],[-5.6071,55.4283],[-5.5328,55.3523],[-5.7669,55.2917],[-5.4366,55.8579],[-5.6164,55.7629],[-5.5689,56.0433],[-5.7167,55.9503],[-5.5321,56.0787],[-5.485,56.2611],[-5.6674,56.2937],[-5.5459,56.3497],[-5.1361,56.1653]]],[[[18.0635,69.4955],[17.8777,69.3185],[18.0065,69.1969],[17.4631,69.2063],[17.0979,69.0103],[16.7743,69.0731],[17.2065,69.2007],[16.8797,69.2053],[17.1827,69.3567],[16.8923,69.3661],[16.8605,69.3815],[18.0635,69.4955]]],[[[-6.0025,52.9639],[-6.4479,52.8201],[-6.5284,53.1777],[-6.187,53.3403],[-6.0025,52.9639]]],[[[17.2103,44.3347],[17.2957,44.8411],[17.6373,44.7337],[17.2103,44.3347]]],[[[-9.387,52.3057],[-9.5227,51.9213],[-10.0164,51.9093],[-9.7513,52.1497],[-9.9699,52.1443],[-9.7233,52.2589],[-9.831,52.3249],[-9.387,52.3057]]],[[[17.9413,44.7645],[17.9067,44.9635],[18.1511,45.1165],[18.5375,45.0401],[17.9413,44.7645]]],[[[17.0825,57.1737],[16.4103,56.1929],[16.3809,56.5265],[17.0803,57.3555],[17.0825,57.1737]]],[[[15.7327,44.6877],[15.6753,44.8869],[16.0729,45.1011],[16.1757,44.9635],[16.0137,44.6877],[15.7327,44.6877]]],[[[21.1061,41.2739],[21.4867,41.1481],[21.4989,40.9437],[20.9443,41.0067],[21.1061,41.2739]]],[[[16.7455,45.6809],[16.6873,45.8483],[17.0801,45.9091],[17.2911,45.7723],[17.2197,45.6201],[16.7455,45.6809]]],[[[8.7779,45.0401],[8.7963,44.8869],[8.3209,44.9175],[8.1993,45.3303],[8.7779,45.0401]]],[[[11.4959,54.8313],[11.7467,54.8743],[11.8641,54.6867],[11.4993,54.5973],[10.9637,54.8029],[11.1541,54.8089],[11.0201,54.8921],[11.4959,54.8313]]],[[[21.4261,42.1661],[21.3697,42.3375],[21.8057,42.4623],[21.8139,42.1817],[21.4261,42.1661]]],[[[20.7269,43.7801],[20.8755,44.1809],[21.1465,43.9805],[20.7269,43.7801]]],[[[27.8035,69.1949],[28.1065,69.5391],[28.4555,69.5831],[28.7375,69.3893],[28.2085,69.1509],[27.8035,69.1949]]],[[[-2.7976,37.8441],[-2.7726,38.1987],[-2.4755,38.1177],[-2.5821,37.8643],[-2.7976,37.8441]]],[[[-8.6836,53.4273],[-8.778,53.5223],[-8.3043,53.6883],[-8.0412,53.4629],[-8.6836,53.4273]]],[[[23.0747,58.8389],[22.7393,58.8063],[22.5643,58.6883],[22.0443,58.9249],[22.5833,59.0685],[23.0747,58.8389]]],[[[-3.7305,38.5441],[-3.9719,38.6841],[-3.6262,38.9037],[-3.7305,38.5441]]],[[[13.6809,54.5635],[13.5729,54.4697],[13.7673,54.3427],[13.7271,54.2745],[13.6593,54.3657],[13.1423,54.2827],[13.2731,54.4811],[13.1423,54.5471],[13.5071,54.4847],[13.1621,54.5611],[13.6809,54.5635]]],[[[18.5663,42.6801],[18.8585,42.4623],[18.7119,42.3319],[18.5455,42.4183],[18.7061,42.3947],[18.7649,42.4871],[18.5123,42.4585],[18.5279,42.3931],[18.3453,42.5401],[18.5663,42.6801]]],[[[16.5339,44.7185],[16.8157,44.7337],[16.9381,44.5497],[16.8677,44.4115],[16.5063,44.5651],[16.5339,44.7185]]],[[[-5.6572,56.4605],[-5.667,56.3993],[-6.3344,56.2751],[-5.9851,56.3889],[-6.1964,56.3607],[-5.9959,56.4941],[-6.3454,56.5417],[-6.1343,56.6543],[-5.6572,56.4605]]],[[[15.4205,68.6959],[14.3621,68.6897],[15.1481,68.8185],[15.0063,68.9447],[15.1311,69.0251],[15.4205,68.6959]]],[[[18.3325,44.3039],[18.2965,44.4729],[18.7293,44.4883],[18.6997,44.3039],[18.3325,44.3039]]],[[[-4.4604,36.6629],[-4.5272,36.7961],[-4.1247,36.9287],[-4.1325,36.7271],[-4.4604,36.6629]]],[[[19.9263,60.4203],[19.9465,60.3557],[20.2881,60.2817],[19.9345,60.2391],[20.2427,60.0017],[19.9971,60.1081],[19.7593,60.0949],[19.6493,60.2913],[19.8391,60.2011],[19.9317,60.3195],[19.8063,60.3963],[19.9263,60.4203]]],[[[14.2441,53.9211],[14.7629,54.0153],[14.6931,53.9981],[14.5859,53.8037],[14.4033,53.8923],[13.8835,53.8385],[14.0483,53.9941],[13.7725,54.0181],[13.7765,54.1715],[14.2441,53.9211]]],[[[-4.4339,53.4337],[-4.047,53.3141],[-4.347,53.1317],[-4.5721,53.2699],[-4.4339,53.4337]]],[[[18.7293,69.6831],[19.0507,69.7689],[18.7621,69.6803],[18.7489,69.5603],[18.0059,69.5665],[18.6165,69.6957],[18.4015,69.7767],[18.7293,69.6831]]],[[[18.8135,42.9287],[19.1527,42.8045],[19.0613,42.6801],[18.7391,42.6957],[18.8135,42.9287]]],[[[15.1581,55.1317],[15.1213,55.0151],[14.6847,55.0965],[14.7517,55.2895],[15.1581,55.1317]]],[[[-4.0915,57.9581],[-4.0212,57.8587],[-4.3885,57.9105],[-3.7655,58.0667],[-4.0915,57.9581]]],[[[25.7283,68.4581],[25.9223,68.2259],[25.4717,68.1633],[25.3641,68.2615],[25.7283,68.4581]]],[[[-8.9223,53.1441],[-9.0056,53.2359],[-8.8268,53.2847],[-8.7292,53.0705],[-9.0764,53.0109],[-8.9223,53.1441]]],[[[-4.411,54.1813],[-4.7986,54.0641],[-4.5481,54.3637],[-4.411,54.1813]]],[[[8.9643,63.6609],[8.9641,63.5877],[9.2031,63.5705],[8.3019,63.4857],[8.9643,63.6609]]],[[[22.8619,60.2159],[22.7667,60.0065],[22.6837,60.0445],[22.3791,60.0157],[22.6241,60.1511],[22.4211,60.1581],[22.4747,60.2365],[22.5463,60.2005],[22.9681,60.2823],[22.8619,60.2159]]],[[[15.1897,68.4657],[15.0511,68.3787],[14.9939,68.3853],[14.7423,68.2653],[14.1981,68.1809],[14.4115,68.3985],[14.7793,68.3727],[15.1897,68.4657]]],[[[16.0993,69.1589],[15.4135,68.9003],[15.5645,69.1071],[16.1327,69.3185],[16.0993,69.1589]]],[[[12.1701,54.8335],[11.9767,54.5627],[11.7063,54.9315],[12.1701,54.8335]]],[[[-5.1364,55.6471],[-5.0945,55.4473],[-5.3555,55.5107],[-5.2792,55.7225],[-5.1364,55.6471]]],[[[-8.9544,52.5691],[-9.0055,52.4255],[-9.3197,52.5213],[-8.9544,52.5691]]],[[[-1.0786,50.6881],[-1.5888,50.6679],[-1.3171,50.7719],[-1.0786,50.6881]]],[[[5.7329,60.6795],[5.7145,60.4705],[5.3459,60.5363],[5.4967,60.5259],[5.4439,60.5649],[5.5897,60.6215],[5.6435,60.6869],[5.7329,60.6795]]],[[[11.8397,58.2395],[11.8339,58.1247],[11.4187,58.1295],[11.6855,58.2413],[11.8397,58.2395]]],[[[9.9687,55.0069],[10.0723,54.8759],[9.7877,54.9069],[9.7445,55.0849],[9.9687,55.0069]]],[[[35.5679,65.0841],[35.5247,65.1589],[35.8345,65.1683],[35.7909,64.9733],[35.5679,65.0841]]],[[[10.7227,54.7313],[10.5927,54.8453],[10.9509,55.1629],[10.7227,54.7313]]],[[[26.0137,68.1365],[26.2831,68.1095],[26.1603,67.9391],[25.8997,68.0379],[26.0137,68.1365]]],[[[-9.6639,53.6407],[-9.9151,53.7125],[-9.8999,53.7671],[-9.6639,53.6407]]],[[[5.5005,59.9117],[5.5345,59.7911],[5.3301,59.7875],[5.2881,59.9685],[5.5005,59.9117]]],[[[17.7093,68.4449],[17.8221,68.4111],[17.2671,68.3249],[17.5949,68.3815],[17.3943,68.4491],[17.7093,68.4449]]],[[[3.8341,51.7389],[4.1117,51.6685],[3.6815,51.6927],[3.8341,51.7389]]],[[[11.3723,64.9467],[10.7421,64.8641],[10.8135,64.9281],[11.3723,64.9467]]],[[[12.5235,55.0083],[12.5565,54.9587],[12.1061,54.9029],[12.3565,54.9843],[12.2537,55.0553],[12.5235,55.0083]]],[[[7.9263,63.3819],[7.8325,63.3619],[7.7969,63.4127],[8.2189,63.3807],[7.9263,63.3819]]],[[[23.3583,58.6509],[23.4103,58.5477],[23.0739,58.6033],[23.3583,58.6509]]],[[[18.7159,59.3765],[18.7571,59.3331],[18.2377,59.3041],[18.4735,59.3207],[18.5035,59.3855],[18.7159,59.3765]]],[[[5.6581,59.9057],[5.6063,59.9363],[5.5407,59.8957],[5.3689,59.9891],[5.6735,60.0831],[5.6581,59.9057]]],[[[25.0609,65.0423],[24.5575,65.0389],[24.6495,65.0829],[25.0609,65.0423]]],[[[16.3777,68.5569],[16.5061,68.4723],[16.0723,68.4161],[16.3777,68.5569]]],[[[5.3323,59.2705],[5.2941,59.1411],[5.1689,59.2045],[5.2557,59.4043],[5.3323,59.2705]]],[[[11.3155,54.4031],[11.0099,54.4453],[11.0689,54.5357],[11.3155,54.4031]]],[[[5.2527,59.8493],[5.3547,59.7109],[5.3873,59.7115],[5.3501,59.6855],[5.2967,59.6749],[5.3355,59.6959],[5.3247,59.7347],[5.2407,59.7471],[5.1949,59.5781],[5.2527,59.8493]]],[[[-1.2397,45.9861],[-1.2011,45.8241],[-1.3834,45.9511],[-1.2397,45.9861]]],[[[6.0073,62.4271],[6.1279,62.3555],[5.9171,62.2585],[5.8153,62.2531],[5.8721,62.2799],[5.7761,62.3235],[6.0073,62.4271]]],[[[5.1359,60.3257],[5.1635,60.1893],[4.9591,60.2573],[5.0645,60.2791],[5.0033,60.4157],[5.1359,60.3257]]],[[[7.6693,63.1223],[7.6819,63.0707],[7.6269,63.0589],[7.7355,63.0051],[7.3539,62.9881],[7.5955,63.0213],[7.5739,63.0553],[7.6469,63.0773],[7.6693,63.1223]]],[[[12.4701,65.8583],[12.3801,65.8985],[12.6057,66.0253],[12.8945,66.0237],[12.4701,65.8583]]],[[[4.7085,53.0193],[4.8591,53.1829],[4.9023,53.0807],[4.7085,53.0193]]],[[[5.2365,61.8699],[5.2551,61.8389],[4.8183,61.8557],[5.2365,61.8699]]],[[[17.3627,68.9265],[17.4919,68.8771],[17.1781,68.8039],[17.3627,68.9265]]],[[[5.8185,62.2287],[5.6097,62.1865],[5.5297,62.2283],[5.8185,62.2287]]],[[[21.2777,63.2969],[21.1979,63.2541],[21.1943,63.2335],[21.3205,63.2219],[21.3907,63.2795],[21.4577,63.2059],[21.1683,63.1835],[21.1975,63.3037],[21.2777,63.2969]]],[[[36.7851,45.2159],[36.8295,45.1143],[36.6371,45.1347],[36.7851,45.2159]]],[[[8.8385,63.7097],[8.2865,63.6835],[8.5833,63.6997],[8.6273,63.7459],[8.7603,63.7739],[8.8385,63.7097]]],[[[11.0167,57.1911],[10.8695,57.2581],[11.2099,57.3169],[11.0167,57.1911]]],[[[12.6591,66.1031],[12.3077,66.0209],[12.5695,66.1643],[12.4279,66.1581],[12.5737,66.2259],[12.6591,66.1031]]],[[[8.5725,63.1801],[8.3601,63.1681],[8.2581,63.2747],[8.5725,63.1801]]],[[[11.6013,57.9355],[11.5123,58.0429],[11.5659,58.0655],[11.6049,58.0531],[11.6013,57.9355]]],[[[12.1305,65.6849],[11.7597,65.6205],[11.8271,65.6971],[12.1305,65.6849]]],[[[29.9521,69.8983],[30.0989,69.8159],[29.6925,69.7605],[29.9521,69.8983]]],[[[-5.0077,55.7295],[-5.2196,55.9025],[-5.1583,55.9221],[-5.0077,55.7295]]],[[[-2.0276,49.2375],[-2.0324,49.1725],[-2.2522,49.1863],[-2.0276,49.2375]]],[[[5.0325,61.1219],[4.9315,61.0563],[4.8999,61.1077],[4.8219,61.0599],[4.9459,61.1385],[5.0325,61.1219]]],[[[19.3623,57.9529],[19.0517,57.9031],[19.0965,57.9617],[19.3623,57.9529]]],[[[10.6955,55.8965],[10.5523,55.7737],[10.5281,55.9787],[10.6955,55.8965]]],[[[16.5929,68.9715],[16.6387,68.8987],[16.4627,68.8837],[16.2551,68.9637],[16.5929,68.9715]]],[[[17.1801,68.7697],[16.8235,68.7281],[17.0157,68.8677],[17.1801,68.7697]]],[[[21.9515,60.3805],[22.0515,60.3557],[21.7963,60.3927],[21.9515,60.3805]]],[[[14.9087,68.5719],[15.0001,68.5541],[14.7221,68.4989],[14.9087,68.5719]]],[[[6.7227,62.4913],[6.2481,62.4675],[6.3729,62.4749],[6.7227,62.4913]]],[[[14.1901,67.0103],[13.9965,67.1043],[14.0721,67.1665],[14.1703,67.1303],[14.2869,67.2035],[14.1901,67.0103]]],[[[5.2293,60.5643],[4.8845,60.7323],[5.0221,60.7179],[5.2293,60.5643]]],[[[5.2191,60.4873],[5.2571,60.4103],[5.1655,60.3939],[4.9707,60.5599],[5.2191,60.4873]]],[[[12.6705,55.5871],[12.5193,55.5901],[12.6161,55.6989],[12.6705,55.5871]]],[[[23.3413,59.0361],[23.3881,58.9745],[23.1695,58.9663],[23.3413,59.0361]]],[[[8.0217,63.1511],[7.9675,63.1539],[7.9465,63.1745],[7.9123,63.1791],[8.1957,63.1667],[8.0217,63.1511]]],[[[-1.5133,46.2265],[-1.2553,46.1649],[-1.3219,46.1457],[-1.563,46.2441],[-1.5133,46.2265]]],[[[19.6793,60.1685],[19.5945,60.2195],[19.5471,60.1489],[19.6183,60.2841],[19.6793,60.1685]]],[[[5.1425,60.5953],[5.2517,60.5175],[5.0559,60.5429],[5.1425,60.5953]]],[[[0.8929,51.4203],[0.9429,51.3735],[0.7625,51.3715],[0.8929,51.4203]]],[[[-5.6909,56.1125],[-5.8266,55.9729],[-5.855,56.0845],[-5.6909,56.1125]]],[[[10.3729,54.8845],[10.5383,54.8465],[10.4179,54.8183],[10.2073,54.9643],[10.3729,54.8845]]],[[[18.4847,60.3639],[18.5865,60.3005],[18.4091,60.3705],[18.4847,60.3639]]],[[[8.5967,55.1861],[8.5247,55.0615],[8.4671,55.1027],[8.5967,55.1861]]],[[[5.1841,53.3451],[5.1559,53.3641],[5.5779,53.4479],[5.1841,53.3451]]],[[[8.5709,54.6867],[8.4001,54.7077],[8.4287,54.7507],[8.5709,54.6867]]],[[[22.3625,60.2911],[22.0909,60.2923],[22.1041,60.3261],[22.3625,60.2911]]],[[[34.1581,46.1005],[34.2291,46.1877],[34.2647,46.1287],[34.1581,46.1005]]],[[[20.7059,69.8159],[20.5139,69.8389],[20.5801,69.9079],[20.7059,69.8159]]],[[[6.9417,62.7105],[6.6623,62.6883],[6.7169,62.7435],[6.9417,62.7105]]],[[[15.1365,67.9591],[15.3297,67.9387],[14.9505,67.9549],[15.1365,67.9591]]],[[[15.8731,68.0319],[15.9263,67.9979],[15.5975,67.9897],[15.4725,68.0109],[15.8731,68.0319]]],[[[10.6241,54.9471],[10.5165,55.0079],[10.6255,55.0567],[10.6241,54.9471]]],[[[40.3951,64.6821],[40.4789,64.5729],[40.1993,64.5923],[39.9747,64.6827],[40.3951,64.6821]]],[[[21.8275,60.2139],[21.9509,60.1917],[21.7049,60.1339],[21.8275,60.2139]]],[[[17.5019,62.4601],[17.5393,62.3629],[17.4209,62.3651],[17.5019,62.4601]]],[[[5.1241,62.0311],[5.1411,61.9503],[5.0089,61.9401],[5.1241,62.0311]]],[[[8.6457,63.3879],[8.7091,63.3457],[8.4489,63.3443],[8.6457,63.3879]]],[[[35.8735,64.3573],[35.8545,64.4059],[36.0433,64.3623],[35.8735,64.3573]]],[[[-2.545,49.4229],[-2.6825,49.4351],[-2.6596,49.4625],[-2.545,49.4229]]],[[[7.8271,63.0299],[7.7013,63.0409],[7.7213,63.0857],[7.8271,63.0299]]],[[[6.3711,62.4225],[6.0659,62.4365],[6.2211,62.4563],[6.3711,62.4225]]],[[[21.6197,60.1845],[21.6955,60.1689],[21.6665,60.1167],[21.5047,60.1281],[21.6197,60.1845]]],[[[18.5057,59.2885],[18.5277,59.2745],[18.6161,59.2497],[18.3455,59.2919],[18.5057,59.2885]]],[[[18.1581,62.7529],[18.1751,62.7271],[18.0165,62.6785],[18.1581,62.7529]]],[[[6.1061,59.2593],[5.9267,59.2335],[5.9317,59.2767],[6.1061,59.2593]]],[[[21.4269,60.5579],[21.5385,60.5281],[21.4801,60.5353],[21.4403,60.4905],[21.4269,60.5579]]],[[[17.5781,69.0933],[17.3369,68.9969],[17.4067,69.0827],[17.5781,69.0933]]],[[[11.5889,65.0405],[11.5155,65.0553],[11.5743,65.1091],[11.7813,65.1075],[11.5889,65.0405]]],[[[5.6687,53.4285],[5.6165,53.4527],[5.6335,53.4703],[5.9695,53.4631],[5.6687,53.4285]]],[[[8.4641,55.4219],[8.4803,55.3415],[8.3547,55.4627],[8.4641,55.4219]]],[[[11.3127,64.6005],[11.1543,64.6639],[11.3209,64.6907],[11.3127,64.6005]]],[[[6.9203,62.7747],[6.7711,62.8103],[6.8135,62.8559],[6.9203,62.7747]]],[[[12.8715,66.2959],[12.8851,66.2481],[12.6983,66.2495],[12.8715,66.2959]]],[[[5.3059,60.0585],[5.2629,59.9933],[5.1771,60.0601],[5.3059,60.0585]]],[[[36.0781,65.1875],[36.3009,65.2011],[36.0501,65.1629],[36.0781,65.1875]]],[[[-2.2206,47.0135],[-2.1541,46.8977],[-2.2945,46.9871],[-2.2206,47.0135]]],[[[32.9463,46.0493],[33.0603,46.0239],[32.7647,46.0375],[32.9463,46.0493]]],[[[28.6049,60.3429],[28.7313,60.2859],[28.6201,60.2703],[28.6049,60.3429]]],[[[17.7217,59.0119],[17.7099,58.9013],[17.6337,58.9919],[17.6721,59.0155],[17.7217,59.0119]]],[[[22.4629,60.3431],[22.5245,60.3445],[22.3081,60.3313],[22.4629,60.3431]]],[[[18.4201,59.0085],[18.3653,59.0199],[18.3717,59.0791],[18.4201,59.0085]]],[[[22.2351,63.3163],[22.2499,63.3055],[22.2165,63.2749],[22.1499,63.2933],[22.1013,63.2819],[22.1567,63.2525],[22.0581,63.2811],[22.2351,63.3163]]],[[[5.9287,60.1407],[6.0617,60.1505],[6.0555,60.1333],[5.9287,60.1407]]],[[[21.4115,63.3561],[21.3607,63.2903],[21.2371,63.3335],[21.4115,63.3561]]],[[[18.6551,59.5573],[18.7633,59.5433],[18.6013,59.4947],[18.6001,59.4565],[18.5913,59.5043],[18.5495,59.5057],[18.6551,59.5573]]],[[[14.2321,68.3273],[14.2863,68.2887],[14.1445,68.2539],[14.2321,68.3273]]],[[[5.7269,59.8185],[5.8365,59.7555],[5.7403,59.7247],[5.7445,59.7831],[5.7269,59.8185]]],[[[17.9933,62.5625],[17.9485,62.5537],[17.9659,62.6421],[17.9933,62.5625]]],[[[5.7577,59.1239],[5.7839,59.0813],[5.5727,59.1187],[5.7577,59.1239]]],[[[8.2423,63.2375],[8.3407,63.1713],[8.2241,63.1603],[8.2423,63.2375]]],[[[20.7781,69.9367],[20.7329,69.9891],[20.9623,69.9621],[20.7781,69.9367]]],[[[5.0075,61.3781],[5.0349,61.3253],[4.8811,61.3429],[5.0075,61.3781]]],[[[6.1253,53.4707],[6.3395,53.5067],[6.2453,53.4781],[6.1253,53.4707]]],[[[14.8647,68.2283],[14.7843,68.2389],[14.9565,68.3007],[14.8647,68.2283]]],[[[8.6171,54.4985],[8.5899,54.5315],[8.7093,54.5615],[8.6171,54.4985]]],[[[5.3637,59.9961],[5.3369,60.0303],[5.3661,60.0891],[5.3637,59.9961]]],[[[22.1931,60.2073],[22.3075,60.2717],[22.3251,60.2355],[22.1931,60.2073]]],[[[22.0457,60.1883],[22.0269,60.1491],[21.9481,60.1693],[22.0669,60.2183],[22.0457,60.1883]]],[[[5.4575,59.2229],[5.4765,59.1877],[5.3911,59.1639],[5.4575,59.2229]]],[[[13.1081,66.2915],[13.1861,66.2853],[12.9209,66.2333],[13.1081,66.2915]]],[[[11.4575,53.9573],[11.3787,53.9851],[11.4493,54.0219],[11.4575,53.9573]]],[[[14.9781,68.9285],[14.9935,68.8907],[14.8279,68.8895],[14.9781,68.9285]]],[[[-4.6026,53.2439],[-4.7089,53.3099],[-4.631,53.3219],[-4.6026,53.2439]]],[[[4.8547,53.2225],[5.0375,53.3011],[5.1015,53.3017],[4.8547,53.2225]]],[[[25.6239,60.2043],[25.5777,60.3023],[25.6089,60.3137],[25.6239,60.2043]]],[[[49.0705,38.9645],[49.2065,39.0791],[49.1907,39.0135],[49.0705,38.9645]]],[[[22.4709,60.2963],[22.3149,60.2597],[22.3719,60.2939],[22.4709,60.2963]]],[[[19.2291,58.3379],[19.1849,58.3901],[19.3277,58.3661],[19.2291,58.3379]]],[[[-5.2774,56.5495],[-5.401,56.4617],[-5.4757,56.4863],[-5.2774,56.5495]]],[[[22.7675,63.7187],[22.6755,63.7591],[22.7151,63.7787],[22.7675,63.7187]]],[[[10.4443,59.1559],[10.4541,59.0579],[10.4007,59.0515],[10.4443,59.1559]]],[[[18.1719,59.0345],[18.2343,59.0309],[18.0581,58.9639],[18.1719,59.0345]]],[[[21.3221,60.2347],[21.3803,60.2377],[21.3389,60.2271],[21.3847,60.2043],[21.4707,60.2079],[21.4015,60.1779],[21.3171,60.1959],[21.3419,60.2067],[21.2517,60.2135],[21.2907,60.2191],[21.3221,60.2347]]],[[[14.4197,67.4239],[14.2131,67.3775],[14.3699,67.4459],[14.4197,67.4239]]],[[[5.0157,60.9247],[5.0405,60.8483],[4.9755,60.8545],[5.0157,60.9247]]],[[[20.3087,60.1111],[20.2665,60.0621],[20.2173,60.0925],[20.3087,60.1111]]],[[[6.7475,53.5629],[6.6619,53.5941],[6.7447,53.6243],[6.7475,53.5629]]],[[[4.7145,60.9863],[4.6501,61.0339],[4.6953,61.0829],[4.7145,60.9863]]],[[[8.3461,54.6175],[8.2953,54.6689],[8.3575,54.7161],[8.3461,54.6175]]],[[[45.0101,41.0331],[44.9841,41.0819],[45.0303,41.0851],[45.0101,41.0331]]],[[[19.0129,59.8001],[18.8897,59.7911],[18.9779,59.8649],[19.0129,59.8001]]],[[[18.1229,59.3939],[18.2701,59.3749],[18.1837,59.3419],[18.1229,59.3939]]],[[[9.1069,63.6535],[9.1787,63.6529],[9.0109,63.6177],[9.1069,63.6535]]],[[[11.1523,63.8037],[11.0047,63.7535],[11.0539,63.8029],[11.1523,63.8037]]],[[[21.3031,60.5627],[21.3565,60.4995],[21.2421,60.5141],[21.3031,60.5627]]],[[[21.3135,60.6699],[21.3615,60.6269],[21.3241,60.6307],[21.3235,60.5819],[21.2919,60.5849],[21.3135,60.6699]]],[[[23.6597,59.9307],[23.4035,59.9035],[23.5141,59.9285],[23.6597,59.9307]]],[[[15.3245,67.9673],[15.1673,68.0197],[15.2255,68.0463],[15.3245,67.9673]]],[[[20.4389,60.2389],[20.3809,60.1933],[20.3339,60.2795],[20.4389,60.2389]]],[[[22.0755,60.4433],[21.9965,60.4239],[21.9285,60.4861],[22.0755,60.4433]]],[[[11.0833,59.0689],[10.9973,59.0267],[11.0043,59.0591],[10.9869,59.0809],[11.0833,59.0689]]],[[[25.9401,60.2697],[25.9261,60.3485],[26.0387,60.2877],[25.9977,60.2805],[25.9401,60.2697]]],[[[8.8343,58.4303],[8.7899,58.4543],[8.9479,58.5059],[8.8343,58.4303]]],[[[22.3447,65.5095],[22.3891,65.5139],[22.2775,65.4761],[22.3447,65.5095]]],[[[21.9645,60.2775],[21.8741,60.3075],[21.9693,60.3157],[21.9131,60.3289],[22.0161,60.3351],[21.9645,60.2775]]],[[[13.4771,66.7771],[13.2395,66.7547],[13.3443,66.7923],[13.4771,66.7771]]],[[[5.8417,59.1393],[5.7727,59.1607],[5.8257,59.2013],[5.8417,59.1393]]],[[[4.9631,60.7809],[4.9903,60.7325],[4.8615,60.7851],[4.9631,60.7809]]],[[[21.8063,60.5411],[21.7043,60.4617],[21.7001,60.5005],[21.8063,60.5411]]],[[[31.6985,46.2307],[31.9269,46.1945],[31.7225,46.2211],[31.5941,46.2561],[31.5481,46.2833],[31.5143,46.3223],[31.5187,46.3737],[31.6985,46.2307]]],[[[13.3777,66.8153],[13.3337,66.8247],[13.5759,66.8433],[13.3777,66.8153]]],[[[16.8359,58.3585],[16.9085,58.3213],[16.8511,58.3193],[16.7939,58.3821],[16.8359,58.3585]]],[[[6.3097,62.4897],[6.1745,62.4949],[6.2565,62.5165],[6.4653,62.5131],[6.3097,62.4897]]],[[[5.1205,59.9739],[5.1005,59.9931],[5.1951,60.0217],[5.1205,59.9739]]],[[[18.6545,59.2511],[18.5489,59.2787],[18.5577,59.2863],[18.6545,59.2511]]],[[[7.3389,53.7289],[7.3451,53.7243],[7.1427,53.7103],[7.3389,53.7289]]],[[[-5.5191,56.3509],[-5.5384,56.3605],[-5.473,56.4149],[-5.4825,56.4407],[-5.4167,56.4559],[-5.5191,56.3509]]],[[[26.9817,60.0259],[26.9537,60.1079],[27.0349,60.0413],[26.9817,60.0259]]],[[[20.8129,60.2859],[20.8515,60.2469],[20.7783,60.2287],[20.8129,60.2859]]],[[[-5.5067,56.5033],[-5.6015,56.4655],[-5.4746,56.5627],[-5.5067,56.5033]]],[[[18.2693,58.9169],[18.2311,58.9431],[18.3703,58.9805],[18.2693,58.9169]]],[[[5.7405,62.3247],[5.6011,62.3317],[5.6773,62.3283],[5.7405,62.3247]]],[[[22.9713,65.7329],[22.9709,65.6673],[22.8829,65.7105],[22.9713,65.7329]]],[[[4.7871,61.0205],[4.7305,61.0815],[4.7579,61.1007],[4.7871,61.0205]]],[[[20.9541,63.7933],[20.8755,63.7439],[20.8391,63.7781],[20.9541,63.7933]]],[[[17.8807,58.8137],[17.7973,58.8013],[17.8351,58.8881],[17.8807,58.8137]]],[[[26.5403,60.3773],[26.5057,60.4091],[26.5979,60.4471],[26.5403,60.3773]]],[[[20.8655,63.6843],[20.9519,63.7793],[20.9579,63.7619],[20.8655,63.6843]]],[[[18.7683,60.2041],[18.8143,60.1603],[18.7337,60.1549],[18.7683,60.2041]]],[[[16.3041,68.0453],[16.1691,68.0675],[16.2641,68.0995],[16.3041,68.0453]]],[[[11.5569,56.6851],[11.5155,56.7177],[11.5259,56.7257],[11.5569,56.6851]]],[[[22.9533,60.0853],[22.8441,60.0835],[22.9067,60.1219],[22.9533,60.0853]]],[[[21.2111,62.9859],[21.2197,62.9449],[21.1551,62.9411],[21.2111,62.9859]]],[[[4.8971,60.9121],[4.9293,60.8569],[4.8357,60.8935],[4.8971,60.9121]]],[[[21.7281,70.0171],[21.5465,70.0197],[21.5787,70.0411],[21.7281,70.0171]]],[[[6.1405,62.5329],[6.0993,62.5525],[6.0283,62.5353],[6.0141,62.5455],[6.1305,62.5765],[6.1405,62.5329]]],[[[7.2465,62.6501],[7.2285,62.6625],[7.3989,62.6613],[7.2465,62.6501]]],[[[20.5949,60.0553],[20.6175,60.0333],[20.5067,60.0167],[20.5949,60.0553]]],[[[13.2249,54.4671],[13.1209,54.4487],[13.1565,54.4891],[13.2249,54.4671]]],[[[18.9053,69.6817],[19.0245,69.7127],[19.0233,69.6963],[18.9053,69.6817]]],[[[19.0027,59.6309],[18.8601,59.5897],[18.9543,59.6545],[19.0027,59.6309]]],[[[5.0425,61.3525],[5.0263,61.3777],[5.0935,61.3985],[5.0425,61.3525]]],[[[23.7969,65.7579],[23.8107,65.7457],[23.6933,65.7123],[23.7969,65.7579]]],[[[12.9893,66.3911],[13.1105,66.4145],[13.1055,66.4005],[12.9893,66.3911]]],[[[7.8731,63.1169],[7.6907,63.1173],[7.7457,63.1377],[7.7691,63.1179],[7.8731,63.1169]]],[[[28.4863,60.3655],[28.5319,60.3083],[28.4567,60.3329],[28.4863,60.3655]]],[[[24.4971,59.5543],[24.4885,59.5849],[24.5215,59.6043],[24.4971,59.5543]]],[[[16.5693,68.9853],[16.4315,68.9981],[16.5121,69.0417],[16.5693,68.9853]]],[[[22.2693,60.4019],[22.1507,60.4051],[22.1681,60.4169],[22.2693,60.4019]]],[[[22.0225,63.3793],[22.0959,63.3763],[22.0167,63.3717],[21.9751,63.3319],[21.9421,63.3345],[22.0225,63.3793]]],[[[11.4679,58.2037],[11.4089,58.1991],[11.4505,58.2485],[11.4679,58.2037]]],[[[6.6229,58.2313],[6.6371,58.1997],[6.5491,58.2123],[6.6229,58.2313]]],[[[4.9453,60.9725],[4.9247,61.0087],[4.9927,61.0165],[4.9453,60.9725]]],[[[5.9805,58.4589],[5.9963,58.4163],[5.8841,58.4233],[5.9805,58.4589]]],[[[12.8527,66.1705],[12.9695,66.2023],[12.9659,66.1835],[12.8527,66.1705]]],[[[22.3391,60.1489],[22.2899,60.1475],[22.3885,60.2077],[22.3391,60.1489]]],[[[23.9395,59.9905],[23.9899,59.9849],[23.8451,59.9457],[23.9395,59.9905]]],[[[22.2117,60.3429],[22.1447,60.3539],[22.2953,60.3755],[22.2117,60.3429]]],[[[18.5605,59.4313],[18.5189,59.4961],[18.5593,59.4987],[18.5605,59.4313]]],[[[22.8247,65.7065],[22.7277,65.7271],[22.7441,65.7767],[22.8247,65.7065]]],[[[4.8463,61.7499],[4.7961,61.7929],[4.9045,61.7783],[4.8463,61.7499]]],[[[6.1027,59.2281],[6.0453,59.1841],[5.9915,59.1835],[6.1027,59.2281]]],[[[13.1545,54.5837],[13.1085,54.5837],[13.0653,54.4631],[13.0985,54.5911],[13.1545,54.5837]]],[[[7.5907,53.7579],[7.6345,53.7503],[7.4785,53.7215],[7.5907,53.7579]]],[[[15.6807,56.1191],[15.7415,56.1109],[15.6943,56.0703],[15.6807,56.1191]]],[[[6.2351,62.6971],[6.3619,62.6729],[6.3165,62.6509],[6.2351,62.6971]]],[[[12.0993,65.3931],[12.0465,65.4053],[12.1701,65.4795],[12.1259,65.4393],[12.0993,65.3931]]],[[[12.7477,66.1875],[12.8065,66.1633],[12.6971,66.1447],[12.7477,66.1875]]],[[[5.6389,59.1003],[5.7071,59.0689],[5.5719,59.0851],[5.6389,59.1003]]],[[[12.3047,65.6573],[12.4535,65.7293],[12.3623,65.6603],[12.3047,65.6573]]],[[[28.5225,60.4135],[28.5363,60.3503],[28.4477,60.4641],[28.5225,60.4135]]],[[[0.9885,51.8057],[0.9959,51.7975],[0.8905,51.7777],[0.9885,51.8057]]],[[[10.9135,59.1139],[10.9229,59.0995],[10.8545,59.0669],[10.9135,59.1139]]],[[[20.3559,60.0191],[20.4637,60.0017],[20.3027,59.9939],[20.3559,60.0191]]],[[[0.5771,51.5097],[0.5223,51.5317],[0.5483,51.5475],[0.5771,51.5097]]],[[[5.1589,60.3875],[5.1591,60.3401],[5.0857,60.3771],[5.1589,60.3875]]],[[[12.7833,55.6561],[12.7875,55.6097],[12.7355,55.6357],[12.7833,55.6561]]],[[[6.4825,62.7841],[6.4997,62.7499],[6.4525,62.7227],[6.4825,62.7841]]],[[[22.3425,60.3661],[22.3111,60.3775],[22.4807,60.4041],[22.3425,60.3661]]],[[[23.9509,58.1217],[24.0159,58.1537],[24.0181,58.1411],[23.9509,58.1217]]],[[[9.9829,64.0395],[9.9257,64.0627],[9.9893,64.0821],[9.9829,64.0395]]],[[[18.7183,63.0623],[18.6349,63.0145],[18.6245,63.0257],[18.7183,63.0623]]],[[[-0.9472,50.7813],[-1.0341,50.7967],[-0.9774,50.8381],[-0.9472,50.7813]]],[[[18.7607,59.5749],[18.9597,59.6679],[18.8681,59.6067],[18.7607,59.5749]]],[[[11.4477,54.9645],[11.4721,54.9475],[11.4019,54.9199],[11.3641,54.9503],[11.4477,54.9645]]],[[[22.3197,65.7245],[22.3727,65.6731],[22.3297,65.6615],[22.3197,65.7245]]],[[[29.7277,60.0231],[29.8097,59.9883],[29.7911,59.9761],[29.7277,60.0231]]],[[[9.9007,64.0525],[9.9517,64.0145],[9.8445,64.0247],[9.9007,64.0525]]],[[[5.5341,62.3343],[5.5051,62.3657],[5.6107,62.3539],[5.5341,62.3343]]],[[[7.7707,53.7803],[7.8141,53.7761],[7.6717,53.7577],[7.7707,53.7803]]],[[[21.4303,63.0137],[21.3439,63.0415],[21.4161,63.0387],[21.4355,63.0851],[21.4303,63.0137]]],[[[4.8927,61.6607],[4.8305,61.6725],[4.8263,61.6981],[4.8927,61.6607]]],[[[28.6697,60.4749],[28.6969,60.4697],[28.6269,60.4761],[28.5705,60.5183],[28.6697,60.4749]]],[[[13.7723,67.0865],[13.8729,67.0749],[13.8647,67.0663],[13.7723,67.0865]]],[[[11.8507,55.7837],[11.8175,55.7527],[11.7791,55.7845],[11.8507,55.7837]]],[[[5.0425,61.1219],[5.0245,61.1703],[5.0631,61.1627],[5.0425,61.1219]]],[[[-5.6769,56.1699],[-5.7563,56.1717],[-5.7357,56.1907],[-5.6769,56.1699]]],[[[6.5981,62.6477],[6.5799,62.6637],[6.6537,62.7059],[6.5981,62.6477]]],[[[22.2321,65.4601],[22.2465,65.4125],[22.1575,65.4319],[22.2321,65.4601]]],[[[12.6111,66.5523],[12.5971,66.5791],[12.6441,66.6105],[12.6111,66.5523]]],[[[-5.668,56.2245],[-5.6408,56.2737],[-5.6368,56.2585],[-5.6208,56.2513],[-5.668,56.2245]]],[[[8.8595,63.6557],[8.6827,63.6313],[8.6673,63.6427],[8.8595,63.6557]]],[[[49.1877,46.2799],[49.2139,46.2721],[49.1495,46.2825],[49.1281,46.3001],[49.1877,46.2799]]],[[[21.6373,60.2537],[21.5557,60.2205],[21.5841,60.2731],[21.6135,60.2665],[21.6373,60.2537]]],[[[21.7973,65.3803],[21.8303,65.3517],[21.6585,65.4009],[21.7973,65.3803]]],[[[8.4827,63.3279],[8.3669,63.3133],[8.4211,63.3295],[8.4827,63.3279]]],[[[6.1779,62.6537],[6.1695,62.6683],[6.1911,62.6857],[6.1779,62.6537]]],[[[-5.7188,55.6891],[-5.766,55.6477],[-5.7755,55.6803],[-5.7188,55.6891]]],[[[22.0191,63.3297],[22.0639,63.3003],[22.0477,63.2745],[22.0191,63.3297]]],[[[5.5449,59.8625],[5.5771,59.8815],[5.6135,59.8583],[5.5449,59.8625]]],[[[22.9197,60.0423],[22.8661,60.0077],[22.8547,60.0563],[22.9197,60.0423]]],[[[-3.1732,54.0487],[-3.2112,54.0493],[-3.2607,54.0963],[-3.2729,54.1497],[-3.1732,54.0487]]],[[[6.1893,62.6387],[6.2319,62.6049],[6.2087,62.5985],[6.1893,62.6387]]],[[[7.0913,53.6805],[6.8787,53.6705],[6.8975,53.6775],[7.0913,53.6805]]],[[[23.9947,59.3571],[24.0107,59.3199],[23.9759,59.3213],[23.9947,59.3571]]],[[[27.7965,59.9977],[27.8081,60.0259],[27.8583,60.0213],[27.7965,59.9977]]],[[[12.0677,54.9379],[12.0907,54.9227],[11.9969,54.9331],[12.0677,54.9379]]],[[[11.2229,55.8561],[11.0857,55.9183],[11.1213,55.9131],[11.2229,55.8561]]],[[[20.5455,60.0605],[20.4619,60.0129],[20.4725,60.0515],[20.5455,60.0605]]],[[[12.8349,66.4201],[12.8315,66.4471],[12.8977,66.4553],[12.8349,66.4201]]],[[[21.7001,63.3061],[21.6727,63.2511],[21.6365,63.2955],[21.7001,63.3061]]],[[[22.6593,65.5837],[22.6019,65.5543],[22.5315,65.5787],[22.6593,65.5837]]],[[[-5.5577,56.3759],[-5.591,56.3865],[-5.5678,56.4119],[-5.5577,56.3759]]],[[[5.4775,62.2693],[5.4973,62.2369],[5.4155,62.2439],[5.4775,62.2693]]],[[[5.1003,59.8357],[5.0765,59.8665],[5.1111,59.8743],[5.1003,59.8357]]],[[[25.2783,70.2941],[25.3407,70.2901],[25.3299,70.2687],[25.2783,70.2941]]],[[[7.3599,61.3177],[7.3997,61.2067],[7.3707,61.2715],[7.3599,61.3177]]],[[[10.3237,55.7489],[10.2373,55.7551],[10.3047,55.7673],[10.3237,55.7489]]],[[[12.4515,65.7649],[12.3801,65.7465],[12.4913,65.8113],[12.4515,65.7649]]],[[[18.7961,59.3051],[18.8243,59.2927],[18.7759,59.2579],[18.7433,59.2711],[18.7961,59.3051]]],[[[12.4169,65.8195],[12.3887,65.8431],[12.4997,65.8631],[12.4169,65.8195]]],[[[23.9269,59.3459],[23.9523,59.3135],[23.9205,59.3081],[23.9269,59.3459]]],[[[18.3301,59.1087],[18.3525,59.0977],[18.2411,59.0771],[18.3301,59.1087]]],[[[-4.9432,55.7449],[-4.9532,55.7529],[-4.9166,55.7935],[-4.9432,55.7449]]],[[[22.4297,65.4475],[22.3121,65.4305],[22.2893,65.4589],[22.4297,65.4475]]],[[[16.6841,68.9745],[16.7557,68.9595],[16.6657,68.9311],[16.6841,68.9745]]],[[[6.2631,62.4817],[6.2703,62.4763],[6.0959,62.4585],[6.2631,62.4817]]],[[[21.1701,62.8643],[21.2307,62.8587],[21.1709,62.8285],[21.1701,62.8643]]],[[[8.4671,54.4283],[8.4413,54.4621],[8.4757,54.4679],[8.4671,54.4283]]],[[[18.9315,59.4489],[18.9383,59.4415],[18.8939,59.4079],[18.9315,59.4489]]],[[[20.7501,60.3459],[20.7921,60.3647],[20.8031,60.3467],[20.7501,60.3459]]],[[[20.4441,60.0219],[20.3835,60.0213],[20.4571,60.0671],[20.4441,60.0219]]],[[[35.2873,64.4035],[35.3115,64.3879],[35.2763,64.3561],[35.2225,64.3887],[35.2873,64.4035]]],[[[17.7541,62.3905],[17.6511,62.4269],[17.6679,62.4359],[17.7541,62.3905]]],[[[25.0905,70.5021],[25.0735,70.5087],[25.2415,70.5235],[25.0905,70.5021]]],[[[36.6199,64.2443],[36.6865,64.2163],[36.6239,64.1947],[36.6199,64.2443]]],[[[4.7967,60.6233],[4.8607,60.6151],[4.8437,60.5827],[4.7979,60.5981],[4.7967,60.6233]]],[[[9.4625,63.6469],[9.3741,63.6697],[9.4207,63.6969],[9.4625,63.6469]]],[[[12.9663,66.4571],[12.9377,66.3993],[12.8981,66.4073],[12.9663,66.4571]]],[[[23.2663,57.8033],[23.2677,57.7809],[23.2123,57.7871],[23.2663,57.8033]]],[[[5.9741,62.4919],[6.0523,62.4827],[5.9849,62.4635],[5.9741,62.4919]]],[[[8.5093,63.5675],[8.5019,63.5723],[8.6153,63.5791],[8.5093,63.5675]]],[[[5.8829,59.2535],[5.7883,59.2517],[5.7947,59.2625],[5.8829,59.2535]]],[[[11.0415,58.8963],[11.0591,58.8705],[10.9869,58.9031],[11.0415,58.8963]]],[[[12.3743,65.9333],[12.2373,65.8457],[12.3145,65.9329],[12.3743,65.9333]]],[[[16.1099,68.3611],[16.1763,68.3511],[16.1655,68.3405],[16.1099,68.3611]]],[[[11.5493,54.9879],[11.5701,54.9719],[11.5417,54.9451],[11.5493,54.9879]]],[[[8.9077,58.5209],[8.9811,58.5843],[8.9959,58.5501],[8.9077,58.5209]]],[[[21.0049,59.9563],[21.0095,59.9237],[20.9799,59.9247],[20.9841,59.9315],[21.0049,59.9563]]],[[[5.7191,59.7069],[5.6395,59.7329],[5.6589,59.7479],[5.7191,59.7069]]],[[[21.8107,65.2797],[21.8717,65.2483],[21.7633,65.2639],[21.8107,65.2797]]],[[[21.7341,63.3125],[21.7913,63.2787],[21.7389,63.2745],[21.6901,63.3247],[21.7341,63.3125]]],[[[5.1717,60.1467],[5.1719,60.0975],[5.1177,60.1375],[5.1717,60.1467]]],[[[5.0867,61.5765],[5.1695,61.5457],[5.0565,61.5641],[5.0867,61.5765]]],[[[22.5843,59.9647],[22.5057,59.9651],[22.5069,59.9819],[22.5843,59.9647]]],[[[20.6085,69.9577],[20.6169,69.9887],[20.6859,69.9641],[20.6085,69.9577]]],[[[6.4419,62.6949],[6.3265,62.7045],[6.3321,62.7071],[6.4419,62.6949]]],[[[5.1393,61.4979],[5.1645,61.4857],[5.0625,61.4731],[5.1393,61.4979]]],[[[26.8955,60.4231],[26.8401,60.4375],[26.8811,60.4693],[26.8955,60.4231]]],[[[22.1707,60.3827],[22.2265,60.3809],[22.0993,60.3525],[22.1707,60.3827]]],[[[12.3037,66.1307],[12.2745,66.1281],[12.3319,66.1743],[12.3037,66.1307]]],[[[16.7385,57.6201],[16.7099,57.5815],[16.6607,57.5783],[16.7385,57.6201]]],[[[22.5015,59.8647],[22.4179,59.8479],[22.4179,59.8617],[22.5015,59.8647]]],[[[17.7055,62.1877],[17.6959,62.2165],[17.7415,62.2275],[17.7055,62.1877]]],[[[21.9163,58.3865],[21.8069,58.3845],[21.8787,58.3889],[21.9163,58.3865]]],[[[18.1313,69.6469],[18.0633,69.6483],[18.0999,69.6841],[18.1313,69.6469]]],[[[11.2651,64.4923],[11.2769,64.4775],[11.1899,64.4587],[11.2651,64.4923]]],[[[5.8951,59.1143],[5.8777,59.1215],[5.9185,59.1587],[5.8951,59.1143]]],[[[10.9517,59.0255],[10.9211,59.0469],[10.9445,59.0745],[10.9409,59.0809],[10.9631,59.0507],[10.9517,59.0255]]],[[[18.1021,62.6427],[18.0125,62.6583],[18.0269,62.6671],[18.1021,62.6427]]],[[[14.7565,68.2295],[14.8257,68.2197],[14.7059,68.2037],[14.7565,68.2295]]],[[[7.8811,62.9865],[7.7905,62.9795],[7.8123,62.9957],[7.8811,62.9865]]],[[[17.4563,61.5513],[17.4711,61.5409],[17.3777,61.5351],[17.4563,61.5513]]],[[[20.8871,59.9163],[20.8573,59.9333],[20.9109,59.9497],[20.8871,59.9163]]],[[[16.7605,57.9921],[16.8301,57.9957],[16.8195,57.9751],[16.7605,57.9921]]],[[[16.4761,56.7625],[16.4301,56.7745],[16.4323,56.7845],[16.4761,56.7625]]],[[[5.0221,61.9247],[5.1221,61.8997],[5.0441,61.8967],[5.0221,61.9247]]],[[[22.4813,58.1437],[22.4923,58.1779],[22.5353,58.1513],[22.4813,58.1437]]],[[[16.7763,57.8381],[16.7977,57.8059],[16.7025,57.8411],[16.7763,57.8381]]],[[[45.2293,40.9693],[45.1959,40.9977],[45.2127,41.0041],[45.2293,40.9693]]],[[[25.8945,60.2249],[25.8055,60.1995],[25.8243,60.2303],[25.8945,60.2249]]],[[[26.1155,60.2733],[26.0389,60.2933],[26.1111,60.2881],[26.1155,60.2733]]],[[[21.9527,60.1125],[21.9271,60.1287],[21.9683,60.1395],[21.9527,60.1125]]],[[[20.6883,60.2319],[20.7235,60.2001],[20.6869,60.1859],[20.6883,60.2319]]],[[[4.9489,60.8879],[4.9001,60.9231],[4.9027,60.9341],[4.9489,60.8879]]],[[[22.6263,59.9551],[22.6519,59.9379],[22.5931,59.9547],[22.6263,59.9551]]],[[[18.0203,62.7867],[18.0447,62.7709],[18.0041,62.7513],[18.0203,62.7867]]],[[[12.5621,65.7979],[12.5201,65.7905],[12.5761,65.8459],[12.5621,65.7979]]],[[[11.2117,58.8411],[11.1853,58.8263],[11.1377,58.8483],[11.2117,58.8411]]],[[[14.7109,53.9447],[14.7021,53.9535],[14.7169,53.9793],[14.7109,53.9447]]],[[[12.4211,65.1249],[12.4581,65.1271],[12.3939,65.1101],[12.3165,65.1333],[12.4211,65.1249]]],[[[21.6797,69.9187],[21.6221,69.9281],[21.7117,69.9467],[21.6797,69.9187]]],[[[24.5825,65.6585],[24.5123,65.6763],[24.6065,65.7039],[24.5825,65.6585]]],[[[19.5185,63.4385],[19.5243,63.4173],[19.4595,63.4335],[19.5185,63.4385]]],[[[11.2499,64.8365],[11.1567,64.8155],[11.2253,64.8517],[11.2675,64.8523],[11.2499,64.8365]]],[[[5.3307,61.8931],[5.1963,61.8827],[5.2333,61.8893],[5.3307,61.8931]]],[[[18.5797,63.0643],[18.5533,63.0523],[18.5287,63.0259],[18.4981,63.0349],[18.5797,63.0643]]],[[[15.8099,68.1687],[15.8365,68.1641],[15.8133,68.1303],[15.8099,68.1687]]],[[[22.5197,65.4807],[22.5097,65.5039],[22.5861,65.4793],[22.5197,65.4807]]],[[[23.4271,59.8663],[23.3613,59.8733],[23.4419,59.8941],[23.4271,59.8663]]],[[[20.6819,60.1441],[20.6961,60.1113],[20.6451,60.1293],[20.6819,60.1441]]],[[[22.4615,60.3487],[22.4399,60.3587],[22.5351,60.3761],[22.4615,60.3487]]],[[[5.2751,62.0291],[5.3233,62.0139],[5.2581,61.9979],[5.2751,62.0291]]],[[[15.0727,67.6409],[15.0189,67.6433],[15.0679,67.6687],[15.0727,67.6409]]],[[[18.2203,69.7259],[18.1551,69.7441],[18.2173,69.7629],[18.2203,69.7259]]],[[[21.4295,61.1695],[21.3401,61.1871],[21.3921,61.2123],[21.4295,61.1695]]],[[[4.8869,61.5907],[4.7869,61.5871],[4.8513,61.6023],[4.8869,61.5907]]],[[[13.6105,66.8543],[13.6847,66.8693],[13.6733,66.8463],[13.6105,66.8543]]],[[[16.8549,58.2755],[16.8417,58.3063],[16.8923,58.2969],[16.8549,58.2755]]],[[[18.7093,59.2169],[18.7609,59.2073],[18.6689,59.1775],[18.7093,59.2169]]],[[[21.2043,60.8923],[21.2825,60.8871],[21.2467,60.8607],[21.2043,60.8923]]],[[[13.9155,67.2619],[14.0249,67.2841],[14.0223,67.2813],[13.9155,67.2619]]],[[[26.2043,60.3493],[26.2493,60.3241],[26.2037,60.3181],[26.2043,60.3493]]],[[[8.5539,55.2949],[8.5951,55.2925],[8.5615,55.2653],[8.5539,55.2949]]],[[[13.0265,66.6491],[13.0563,66.6455],[13.0335,66.6089],[13.0265,66.6491]]],[[[5.0929,60.0197],[5.1039,60.0113],[5.0707,59.9877],[5.0929,60.0197]]],[[[5.8655,59.9617],[5.7925,59.9381],[5.9265,59.9827],[5.8655,59.9617]]],[[[-6.4243,56.3099],[-6.4474,56.3177],[-6.3855,56.3517],[-6.4243,56.3099]]],[[[-2.1947,49.7151],[-2.2399,49.7107],[-2.2098,49.7321],[-2.1947,49.7151]]],[[[4.9169,60.5245],[4.8627,60.5181],[4.8711,60.5595],[4.9169,60.5245]]],[[[5.5723,59.8945],[5.6011,59.9239],[5.6209,59.9037],[5.5723,59.8945]]],[[[8.7459,63.7795],[8.6643,63.7637],[8.6929,63.7859],[8.7459,63.7795]]],[[[22.9311,60.0387],[22.9799,60.0393],[22.9615,60.0201],[22.9311,60.0387]]],[[[18.5521,60.2121],[18.5591,60.1885],[18.5005,60.2069],[18.5521,60.2121]]],[[[8.1291,63.2835],[8.1111,63.2843],[8.2103,63.3283],[8.1291,63.2835]]],[[[11.5493,58.2155],[11.4865,58.2117],[11.5253,58.2385],[11.5621,58.2335],[11.5493,58.2155]]],[[[12.2893,65.9841],[12.3257,66.0113],[12.3875,66.0175],[12.2893,65.9841]]],[[[11.7193,58.0865],[11.6483,58.0715],[11.6881,58.0815],[11.7193,58.0865]]],[[[22.1151,60.4105],[22.0887,60.4245],[22.2021,60.4419],[22.1151,60.4105]]],[[[5.0355,60.1665],[5.0651,60.2113],[5.0863,60.1783],[5.0355,60.1665]]],[[[21.3681,60.3665],[21.3707,60.3531],[21.3097,60.3633],[21.3681,60.3665]]],[[[12.8013,66.5499],[12.8793,66.5449],[12.8063,66.5175],[12.8013,66.5499]]],[[[21.4061,60.7587],[21.4271,60.7245],[21.3711,60.7245],[21.3965,60.7351],[21.4061,60.7587]]],[[[8.4907,54.5019],[8.4605,54.5129],[8.4573,54.5513],[8.4907,54.5019]]],[[[4.7345,60.7825],[4.7507,60.7569],[4.7139,60.7515],[4.7345,60.7825]]],[[[4.7981,60.6279],[4.7983,60.6725],[4.8373,60.6379],[4.7981,60.6279]]],[[[21.0569,62.5721],[21.0801,62.5755],[21.0959,62.5643],[21.0569,62.5721]]],[[[-8.3036,54.6117],[-8.2184,54.6437],[-8.1962,54.6417],[-8.3036,54.6117]]],[[[4.7339,61.3157],[4.7797,61.2843],[4.7045,61.2887],[4.7339,61.3157]]],[[[4.2963,51.7359],[4.2691,51.7537],[4.3561,51.7351],[4.2963,51.7359]]],[[[6.8957,53.6563],[6.9287,53.6469],[6.8989,53.6257],[6.8957,53.6563]]],[[[22.3971,59.9497],[22.4329,59.9781],[22.4405,59.9677],[22.3971,59.9497]]],[[[21.2109,63.3621],[21.1819,63.3697],[21.2589,63.3905],[21.2109,63.3621]]],[[[10.9493,64.9911],[10.9559,64.9729],[10.8581,64.9639],[10.9493,64.9911]]],[[[21.2609,62.3415],[21.2199,62.3381],[21.2213,62.3887],[21.2609,62.3415]]],[[[21.4857,61.2457],[21.5215,61.2353],[21.5097,61.2181],[21.4857,61.2457]]],[[[5.4175,62.2173],[5.4295,62.1995],[5.3475,62.2161],[5.4175,62.2173]]],[[[27.0335,60.4151],[26.9961,60.4353],[27.0419,60.4641],[27.0335,60.4151]]],[[[12.6723,55.9123],[12.6713,55.9197],[12.7291,55.9091],[12.6723,55.9123]]],[[[21.8447,65.2195],[21.8563,65.1979],[21.7655,65.2341],[21.8447,65.2195]]],[[[5.4805,59.2121],[5.4539,59.2531],[5.5047,59.2305],[5.4805,59.2121]]],[[[27.8199,60.5055],[27.8535,60.4777],[27.8151,60.4721],[27.8199,60.5055]]],[[[16.6757,57.8131],[16.7305,57.7995],[16.7115,57.7825],[16.6757,57.8131]]],[[[21.3985,60.4033],[21.4253,60.3801],[21.4095,60.3709],[21.3985,60.4033]]],[[[19.6899,69.8503],[19.5947,69.8495],[19.7587,69.8819],[19.6899,69.8503]]],[[[13.0827,66.6631],[13.0305,66.6783],[13.0803,66.7063],[13.0827,66.6631]]],[[[10.7041,55.0567],[10.7205,55.0363],[10.6747,55.0311],[10.7041,55.0567]]],[[[27.0747,60.4037],[27.0745,60.3783],[27.0431,60.3779],[27.0747,60.4037]]],[[[12.1627,65.4957],[12.0741,65.4731],[12.1137,65.4945],[12.1627,65.4957]]],[[[11.1769,55.2013],[11.1755,55.2361],[11.1983,55.2207],[11.1769,55.2013]]],[[[10.1111,55.8691],[10.1221,55.8649],[10.0395,55.8481],[10.1111,55.8691]]],[[[15.5433,56.1229],[15.5801,56.1133],[15.5731,56.0959],[15.5433,56.1229]]],[[[21.2091,62.9053],[21.2293,62.8731],[21.2019,62.8783],[21.2091,62.9053]]],[[[16.0803,68.7627],[16.0569,68.7771],[16.0743,68.7917],[16.0803,68.7627]]],[[[25.1007,60.1663],[25.0163,60.1677],[25.0597,60.1857],[25.1007,60.1663]]],[[[25.0295,59.6373],[25.0441,59.6133],[24.9923,59.6133],[25.0295,59.6373]]],[[[8.1511,53.7131],[8.1201,53.7171],[8.1415,53.7361],[8.1511,53.7131]]],[[[12.1371,65.6285],[12.1863,65.6425],[12.1589,65.6083],[12.1371,65.6285]]],[[[8.5537,54.5855],[8.5781,54.5683],[8.5477,54.5619],[8.5537,54.5855]]],[[[10.8055,64.9717],[10.8797,64.9955],[10.8709,64.9861],[10.8857,64.9855],[10.8055,64.9717]]],[[[8.3703,58.1895],[8.3393,58.2077],[8.3995,58.2147],[8.3703,58.1895]]],[[[4.9283,60.4723],[4.9373,60.4975],[4.9687,60.4819],[4.9283,60.4723]]],[[[8.7735,58.4207],[8.7305,58.4319],[8.7753,58.4509],[8.7735,58.4207]]],[[[16.6473,57.5557],[16.6039,57.5887],[16.6323,57.5961],[16.6473,57.5557]]],[[[6.1467,62.5229],[6.1459,62.5039],[6.1099,62.4991],[6.1467,62.5229]]],[[[21.6481,60.4277],[21.6033,60.4053],[21.6307,60.4585],[21.6481,60.4277]]],[[[8.4507,53.9459],[8.4181,53.9269],[8.4121,53.9549],[8.4357,53.9673],[8.4677,53.9605],[8.4507,53.9459]]],[[[20.3311,60.2057],[20.2587,60.1787],[20.3083,60.2217],[20.3311,60.2057]]],[[[9.4371,63.8063],[9.3879,63.7921],[9.4031,63.8231],[9.4371,63.8063]]],[[[9.5353,58.8621],[9.5157,58.8435],[9.4485,58.8587],[9.5353,58.8621]]],[[[18.6339,63.0085],[18.6725,63.0233],[18.6609,62.9895],[18.6339,63.0085]]],[[[14.8429,68.8361],[14.8557,68.8163],[14.8151,68.8049],[14.8429,68.8361]]],[[[21.4643,60.2369],[21.4743,60.2311],[21.4071,60.2183],[21.4643,60.2369]]],[[[18.9167,59.3933],[18.9139,59.4105],[18.9419,59.4103],[18.9167,59.3933]]],[[[21.0743,62.7343],[21.0773,62.7101],[21.0411,62.7099],[21.0743,62.7343]]],[[[18.6529,59.4449],[18.6907,59.4647],[18.7483,59.4613],[18.6529,59.4449]]],[[[17.6323,58.8545],[17.7185,58.8011],[17.6687,58.8109],[17.6323,58.8545]]],[[[49.0491,46.2173],[49.1011,46.2419],[49.0465,46.1959],[49.0491,46.2173]]],[[[11.5109,58.0773],[11.5211,58.0963],[11.5549,58.0829],[11.5109,58.0773]]],[[[4.9875,61.5183],[4.9909,61.5107],[4.9335,61.5119],[4.9875,61.5183]]],[[[8.6639,54.0625],[8.6913,54.0849],[8.6999,54.0587],[8.6639,54.0625]]],[[[-6.2911,49.9147],[-6.3317,49.9131],[-6.3144,49.9361],[-6.2911,49.9147]]],[[[11.4607,55.1895],[11.4905,55.1967],[11.4687,55.1871],[11.3893,55.1873],[11.4607,55.1895]]],[[[10.8983,59.0625],[10.9513,59.0993],[10.9489,59.0897],[10.9403,59.0841],[10.9353,59.0707],[10.8983,59.0625]]],[[[10.3365,55.0187],[10.3507,55.0051],[10.2637,55.0187],[10.2387,55.0359],[10.3365,55.0187]]],[[[23.2231,70.1511],[23.2885,70.1429],[23.2023,70.1299],[23.2231,70.1511]]],[[[5.0401,61.1787],[5.0199,61.1999],[5.0711,61.2003],[5.0401,61.1787]]],[[[21.4519,60.2741],[21.3893,60.2719],[21.3879,60.2807],[21.4519,60.2741]]],[[[23.2857,65.7445],[23.3159,65.7173],[23.2599,65.7151],[23.2857,65.7445]]],[[[10.1799,55.0477],[10.1807,55.0425],[10.1447,55.0331],[10.1799,55.0477]]],[[[23.1459,59.8943],[23.0613,59.9015],[23.1191,59.9311],[23.1459,59.8943]]],[[[9.0665,63.6875],[9.1161,63.6767],[9.0699,63.6693],[9.0665,63.6875]]],[[[7.8785,53.7933],[7.9235,53.7911],[7.9769,53.7789],[7.8785,53.7933]]],[[[13.5707,66.8913],[13.6363,66.8907],[13.6165,66.8787],[13.5707,66.8913]]],[[[12.2387,65.9583],[12.2235,65.9635],[12.2711,65.9967],[12.2387,65.9583]]],[[[5.6313,62.4043],[5.6705,62.4087],[5.6161,62.3875],[5.6313,62.4043]]],[[[8.0281,58.0809],[7.9633,58.0659],[7.9925,58.0737],[8.0281,58.0809]]],[[[7.5431,57.9959],[7.5547,57.9881],[7.4971,57.9901],[7.5431,57.9959]]],[[[13.8683,67.1293],[13.9225,67.1143],[13.8387,67.1105],[13.8683,67.1293]]],[[[5.2483,59.8901],[5.2691,59.8653],[5.2331,59.8749],[5.2483,59.8901]]],[[[15.4587,56.0927],[15.4521,56.1067],[15.4959,56.1161],[15.4587,56.0927]]],[[[18.3311,59.4447],[18.3647,59.4325],[18.3399,59.4229],[18.3311,59.4447]]],[[[30.0311,69.8581],[30.0177,69.8791],[30.0799,69.8775],[30.0311,69.8581]]],[[[7.3121,62.7355],[7.3503,62.7297],[7.2091,62.7085],[7.3121,62.7355]]],[[[21.1513,63.3219],[21.1789,63.3163],[21.1629,63.2941],[21.1189,63.2969],[21.1513,63.3219]]],[[[19.8139,60.2945],[19.8443,60.3161],[19.8597,60.3021],[19.8139,60.2945]]],[[[9.8239,55.3263],[9.8319,55.3069],[9.8007,55.2969],[9.8239,55.3263]]],[[[16.5783,57.1599],[16.5327,57.1513],[16.5311,57.1661],[16.5783,57.1599]]],[[[18.0357,58.9391],[18.0009,58.9405],[18.0457,58.9749],[18.0357,58.9391]]],[[[4.9025,61.0707],[4.9125,61.0511],[4.8793,61.0425],[4.9025,61.0707]]],[[[5.3553,60.1795],[5.3775,60.1713],[5.3521,60.1479],[5.3553,60.1795]]],[[[21.5583,60.4955],[21.5197,60.4997],[21.5561,60.5259],[21.5583,60.4955]]],[[[7.4311,53.7339],[7.4397,53.7229],[7.3679,53.7293],[7.4311,53.7339]]],[[[21.4853,61.8105],[21.4983,61.7949],[21.4347,61.8031],[21.4853,61.8105]]],[[[-2.3803,49.4129],[-2.3903,49.4193],[-2.372,49.4539],[-2.3803,49.4129]]],[[[31.7661,46.3915],[31.7681,46.3729],[31.7419,46.3835],[31.7661,46.3915]]],[[[9.7569,55.2765],[9.7769,55.2661],[9.7435,55.2497],[9.7569,55.2765]]],[[[20.8271,63.6423],[20.8153,63.6367],[20.8859,63.6727],[20.8271,63.6423]]],[[[22.5539,65.6021],[22.5523,65.6063],[22.5859,65.6211],[22.5539,65.6021]]],[[[21.9903,65.3661],[21.9811,65.4001],[22.0231,65.3847],[21.9903,65.3661]]],[[[22.3089,60.2131],[22.3771,60.2275],[22.3711,60.2209],[22.3089,60.2131]]],[[[11.6237,57.7045],[11.6719,57.7019],[11.6775,57.6837],[11.6237,57.7045]]],[[[21.7207,60.3475],[21.6429,60.3659],[21.6919,60.3601],[21.7207,60.3475]]],[[[22.5563,65.5233],[22.5491,65.5425],[22.6223,65.5223],[22.5563,65.5233]]],[[[5.7347,59.0525],[5.7765,59.0461],[5.7087,59.0343],[5.6821,59.0449],[5.7347,59.0525]]],[[[15.7825,56.1253],[15.7837,56.1177],[15.7651,56.1039],[15.7825,56.1253]]],[[[21.8319,60.1429],[21.9123,60.1543],[21.9111,60.1481],[21.8929,60.1493],[21.8319,60.1429]]],[[[12.8623,66.3975],[12.8829,66.3879],[12.8419,66.3745],[12.8623,66.3975]]],[[[13.0345,66.5931],[13.0579,66.5749],[13.0281,66.5603],[13.0345,66.5931]]],[[[11.1021,64.9993],[11.0903,65.0061],[11.1219,65.0225],[11.1021,64.9993]]],[[[14.6885,67.2407],[14.7103,67.2323],[14.6581,67.2251],[14.6885,67.2407]]],[[[25.4923,60.2463],[25.4467,60.2257],[25.4159,60.2465],[25.4923,60.2463]]],[[[4.8687,60.5785],[4.8727,60.5657],[4.8385,60.5447],[4.8687,60.5785]]],[[[4.8681,61.5761],[4.8891,61.5693],[4.7857,61.5597],[4.8681,61.5761]]],[[[22.1319,60.2605],[22.1897,60.2617],[22.1187,60.2501],[22.1319,60.2605]]],[[[5.0475,60.1187],[5.0401,60.1345],[5.0897,60.1473],[5.0475,60.1187]]],[[[8.1975,63.2563],[8.2281,63.2451],[8.1847,63.2337],[8.1975,63.2563]]],[[[14.7753,68.8221],[14.7291,68.8229],[14.7645,68.8617],[14.7753,68.8221]]],[[[17.2121,61.0265],[17.2095,61.0297],[17.2651,61.0375],[17.2121,61.0265]]],[[[13.0883,66.6219],[13.1137,66.6357],[13.1243,66.6085],[13.0883,66.6219]]],[[[21.8807,60.3665],[21.9087,60.3597],[21.8863,60.3509],[21.8807,60.3665]]],[[[18.1549,58.8905],[18.1427,58.8693],[18.1107,58.8583],[18.1549,58.8905]]],[[[5.9397,58.9789],[5.9001,58.9911],[5.9437,58.9959],[5.9397,58.9789]]],[[[4.9073,59.3159],[4.9123,59.3035],[4.8599,59.3055],[4.9073,59.3159]]],[[[16.8905,58.2439],[16.8769,58.2563],[16.8983,58.2753],[16.8905,58.2439]]],[[[14.7199,68.7915],[14.7983,68.8077],[14.7765,68.7953],[14.7199,68.7915]]],[[[11.6007,57.8583],[11.5711,57.8675],[11.5963,57.8829],[11.6007,57.8583]]],[[[17.3427,60.8789],[17.2859,60.8675],[17.2709,60.8825],[17.3427,60.8789]]],[[[19.2925,40.4831],[19.2769,40.5155],[19.3043,40.5027],[19.2925,40.4831]]],[[[11.7213,55.1739],[11.6937,55.1727],[11.7069,55.2029],[11.7213,55.1739]]],[[[15.6097,56.1039],[15.6425,56.1283],[15.6459,56.1017],[15.6097,56.1039]]],[[[16.7815,58.0527],[16.7941,58.0773],[16.8217,58.0659],[16.7815,58.0527]]],[[[21.2069,60.6193],[21.2385,60.5997],[21.1661,60.6139],[21.2069,60.6193]]],[[[5.7519,59.0143],[5.7517,58.9927],[5.7137,58.9915],[5.7519,59.0143]]],[[[12.2379,55.0563],[12.1835,55.0449],[12.2013,55.0501],[12.2379,55.0563]]],[[[5.2693,60.7917],[5.2417,60.8019],[5.2487,60.8253],[5.2693,60.7917]]],[[[18.7803,59.4869],[18.8155,59.4787],[18.7197,59.4729],[18.7803,59.4869]]],[[[17.4731,58.7505],[17.4693,58.7183],[17.4391,58.7463],[17.4731,58.7505]]],[[[11.4081,64.9383],[11.3981,64.9489],[11.4605,64.9591],[11.4081,64.9383]]],[[[5.7123,59.7569],[5.7193,59.7365],[5.6821,59.7427],[5.7123,59.7569]]],[[[11.6719,65.0429],[11.6481,65.0403],[11.6575,65.0621],[11.6719,65.0429]]],[[[11.3541,58.1441],[11.4075,58.1829],[11.3917,58.1477],[11.3541,58.1441]]],[[[7.6013,63.0873],[7.6065,63.0699],[7.5625,63.0711],[7.6013,63.0873]]],[[[16.8525,58.0955],[16.8069,58.0923],[16.7987,58.1101],[16.8525,58.0955]]],[[[23.8301,59.9519],[23.8241,59.9521],[23.8605,59.9949],[23.8891,59.9899],[23.8301,59.9519]]],[[[5.9453,59.1877],[5.9215,59.2037],[5.9489,59.2111],[5.9453,59.1877]]],[[[-0.6522,45.0793],[-0.5978,45.0205],[-0.6155,45.0303],[-0.6522,45.0793]]],[[[10.6087,54.8903],[10.5923,54.9109],[10.6213,54.9175],[10.6087,54.8903]]],[[[15.9647,68.8293],[16.0379,68.8655],[16.0143,68.8483],[15.9647,68.8293]]],[[[9.5587,58.8979],[9.4869,58.8797],[9.4929,58.8893],[9.5587,58.8979]]],[[[11.7091,57.7413],[11.6947,57.7159],[11.6757,57.7281],[11.7091,57.7413]]],[[[21.2501,64.8937],[21.2493,64.9117],[21.2831,64.9029],[21.2501,64.8937]]],[[[17.9427,58.8469],[17.9363,58.8109],[17.8947,58.8483],[17.9427,58.8469]]],[[[22.3355,59.9493],[22.3747,59.9629],[22.3739,59.9459],[22.3355,59.9493]]],[[[19.4111,40.5187],[19.4407,40.5113],[19.4161,40.5051],[19.4111,40.5187]]],[[[11.6253,57.9033],[11.6425,57.8859],[11.6133,57.8821],[11.6253,57.9033]]],[[[-6.2813,56.4991],[-6.2755,56.4933],[-6.2597,56.4967],[-6.2831,56.4765],[-6.2813,56.4991]]],[[[8.0469,63.3241],[8.0589,63.3149],[7.9899,63.3151],[8.0469,63.3241]]],[[[11.1769,58.8885],[11.1841,58.8739],[11.1421,58.8749],[11.1769,58.8885]]],[[[19.0971,59.8413],[19.1495,59.8669],[19.1441,59.8525],[19.0971,59.8413]]],[[[10.5775,59.6871],[10.5595,59.7195],[10.5807,59.7193],[10.5775,59.6871]]],[[[22.6595,59.9969],[22.6865,60.0349],[22.6909,59.9971],[22.6595,59.9969]]],[[[9.5497,58.9129],[9.5561,58.9081],[9.4857,58.8911],[9.5497,58.9129]]],[[[18.5997,60.2139],[18.6337,60.2011],[18.6143,60.1909],[18.5997,60.2139]]],[[[8.9045,63.7465],[8.9261,63.7383],[8.8781,63.7229],[8.9045,63.7465]]],[[[21.4107,60.2453],[21.4349,60.2503],[21.3951,60.2393],[21.3129,60.2519],[21.4107,60.2453]]],[[[19.0259,57.7407],[19.0209,57.7841],[19.0491,57.7657],[19.0259,57.7407]]],[[[18.3825,60.5117],[18.3683,60.5213],[18.4139,60.5293],[18.3825,60.5117]]],[[[12.3487,66.3561],[12.3031,66.3615],[12.3235,66.3773],[12.3487,66.3561]]],[[[23.3987,59.2997],[23.4279,59.2791],[23.3751,59.2897],[23.3987,59.2997]]],[[[-1.781,55.6887],[-1.7813,55.6695],[-1.8163,55.6845],[-1.781,55.6887]]],[[[20.3135,60.3293],[20.3045,60.3435],[20.3401,60.3609],[20.3135,60.3293]]],[[[6.4521,53.5553],[6.5085,53.5393],[6.4399,53.5407],[6.4521,53.5553]]],[[[20.9279,60.3115],[20.9131,60.3441],[20.9469,60.3307],[20.9279,60.3115]]],[[[21.1747,63.3521],[21.2205,63.3475],[21.1553,63.3247],[21.1747,63.3521]]],[[[18.1991,58.9239],[18.2299,58.9349],[18.2327,58.9141],[18.1991,58.9239]]],[[[-5.6143,56.1987],[-5.6159,56.2321],[-5.5949,56.2271],[-5.6143,56.1987]]],[[[4.9531,60.3599],[4.9741,60.3523],[4.9261,60.3341],[4.9531,60.3599]]],[[[5.2801,59.9527],[5.2921,59.9285],[5.2531,59.9377],[5.2801,59.9527]]],[[[4.9947,60.7809],[5.0405,60.7587],[5.0035,60.7623],[4.9947,60.7809]]],[[[22.2671,60.1315],[22.2363,60.1315],[22.2843,60.1625],[22.2671,60.1315]]],[[[9.1325,63.4865],[9.0979,63.4857],[9.1039,63.5041],[9.1325,63.4865]]],[[[21.0993,60.4823],[21.1199,60.4763],[21.1041,60.4515],[21.0993,60.4823]]],[[[11.1691,58.9041],[11.1117,58.9193],[11.1483,58.9183],[11.1691,58.9041]]],[[[10.8117,64.5331],[10.8433,64.5183],[10.7809,64.5225],[10.8117,64.5331]]],[[[17.3527,60.7897],[17.3073,60.7905],[17.3179,60.8071],[17.3527,60.7897]]],[[[28.3711,60.0241],[28.3739,60.0441],[28.3947,60.0399],[28.3711,60.0241]]],[[[15.1921,67.6209],[15.2103,67.6093],[15.1525,67.6053],[15.1921,67.6209]]],[[[9.5527,58.8353],[9.6177,58.8833],[9.6151,58.8705],[9.5527,58.8353]]],[[[11.0837,58.9993],[11.0581,59.0109],[11.0629,59.0199],[11.0837,58.9993]]],[[[11.1623,55.1707],[11.1823,55.1767],[11.1575,55.1407],[11.1623,55.1707]]],[[[22.3547,63.6093],[22.3611,63.6237],[22.4007,63.6029],[22.3547,63.6093]]],[[[21.8335,63.4467],[21.8281,63.4293],[21.7859,63.4561],[21.8335,63.4467]]],[[[12.5129,66.0461],[12.5857,66.0507],[12.5533,66.0377],[12.5129,66.0461]]],[[[-9.9596,52.1141],[-9.9718,52.1419],[-9.9547,52.1353],[-9.9596,52.1141]]],[[[21.5013,61.6429],[21.5279,61.6309],[21.4875,61.6219],[21.5013,61.6429]]],[[[28.7119,60.7213],[28.7119,60.7493],[28.7605,60.7245],[28.7119,60.7213]]],[[[20.3931,60.3489],[20.3897,60.3339],[20.3541,60.3365],[20.3931,60.3489]]],[[[9.2959,63.5739],[9.3719,63.5931],[9.3713,63.5891],[9.2959,63.5739]]],[[[10.4401,54.9691],[10.3633,54.9761],[10.4223,54.9733],[10.4401,54.9691]]],[[[22.2261,60.1789],[22.2681,60.1749],[22.2119,60.1625],[22.2261,60.1789]]],[[[12.2043,66.0131],[12.2457,66.0031],[12.2425,65.9927],[12.2043,66.0131]]],[[[10.7255,64.5379],[10.7531,64.5233],[10.7031,64.5195],[10.6783,64.5325],[10.7255,64.5379]]],[[[20.5129,60.1111],[20.5773,60.1005],[20.5541,60.0907],[20.5129,60.1111]]],[[[7.4167,61.1593],[7.4179,61.1169],[7.4045,61.1451],[7.4167,61.1593]]],[[[6.6537,58.2251],[6.6793,58.2315],[6.6841,58.2149],[6.6537,58.2251]]],[[[4.9147,60.6549],[4.9063,60.6669],[4.9933,60.6319],[4.9147,60.6549]]],[[[7.3909,57.9891],[7.3263,58.0019],[7.3447,58.0199],[7.3909,57.9891]]],[[[21.8285,69.8835],[21.7809,69.9269],[21.8133,69.9189],[21.8285,69.8835]]],[[[21.0683,60.5203],[21.0567,60.5323],[21.0937,60.5351],[21.0683,60.5203]]],[[[16.7149,57.7661],[16.7267,57.7323],[16.7129,57.7339],[16.7149,57.7661]]],[[[-4.6775,51.1725],[-4.6739,51.2031],[-4.6601,51.1887],[-4.6775,51.1725]]],[[[5.1741,60.3029],[5.1589,60.3207],[5.1857,60.3363],[5.1741,60.3029]]],[[[22.0651,60.2289],[22.0463,60.2423],[22.0841,60.2505],[22.0651,60.2289]]],[[[22.6119,63.7817],[22.6469,63.7679],[22.6085,63.7531],[22.6119,63.7817]]],[[[21.6271,60.2039],[21.6687,60.1917],[21.6463,60.1869],[21.6271,60.2039]]],[[[18.0037,58.9763],[18.0505,58.9969],[18.0493,58.9887],[18.0037,58.9763]]],[[[21.4641,61.6549],[21.4303,61.6779],[21.4769,61.6699],[21.4641,61.6549]]],[[[23.0215,58.9105],[23.0129,58.9313],[23.0519,58.9123],[23.0215,58.9105]]],[[[16.6695,57.8205],[16.6677,57.8389],[16.6991,57.8285],[16.6695,57.8205]]],[[[20.9457,60.4611],[20.9345,60.4751],[20.9647,60.4529],[20.9457,60.4611]]],[[[20.3931,60.2723],[20.3795,60.3043],[20.4073,60.2995],[20.3931,60.2723]]],[[[11.3197,58.3265],[11.3163,58.3547],[11.3407,58.3539],[11.3197,58.3265]]],[[[18.2191,58.9387],[18.1565,58.9103],[18.1999,58.9319],[18.2191,58.9387]]],[[[22.6103,65.6567],[22.6009,65.6629],[22.6363,65.6873],[22.6103,65.6567]]],[[[13.9195,67.0181],[13.9631,67.0643],[13.9603,67.0265],[13.9195,67.0181]]],[[[11.1733,58.7917],[11.1593,58.8027],[11.1835,58.8175],[11.1733,58.7917]]],[[[21.2745,60.8531],[21.2839,60.8285],[21.2673,60.8223],[21.2745,60.8531]]],[[[23.8129,65.7811],[23.8425,65.7837],[23.8253,65.7725],[23.7573,65.7925],[23.8129,65.7811]]],[[[17.6029,62.3807],[17.5599,62.3905],[17.5857,62.4045],[17.6029,62.3807]]],[[[27.1581,70.7809],[27.1557,70.7833],[27.1909,70.8035],[27.1581,70.7809]]],[[[12.6205,66.3537],[12.5421,66.3229],[12.5517,66.3403],[12.6137,66.3577],[12.6205,66.3537]]],[[[18.3887,59.3979],[18.3747,59.4085],[18.4227,59.4053],[18.3887,59.3979]]],[[[19.5871,60.3533],[19.6255,60.3671],[19.6285,60.3643],[19.5871,60.3533]]],[[[23.6443,64.2181],[23.6511,64.2053],[23.6459,64.1893],[23.5933,64.1871],[23.6443,64.2181]]],[[[8.9377,63.4585],[8.9495,63.4447],[8.8809,63.4427],[8.9377,63.4585]]],[[[28.5409,60.6189],[28.5159,60.6479],[28.5303,60.6507],[28.5409,60.6189]]],[[[16.7847,58.3981],[16.8279,58.4107],[16.8193,58.3979],[16.7847,58.3981]]],[[[19.8785,60.2857],[19.8571,60.3101],[19.8889,60.3213],[19.8785,60.2857]]],[[[21.0001,60.3339],[21.0001,60.2981],[20.9781,60.3053],[21.0001,60.3339]]],[[[18.3971,59.3893],[18.4413,59.3663],[18.3627,59.3885],[18.3971,59.3893]]],[[[8.7131,63.8019],[8.6243,63.7861],[8.6729,63.8035],[8.7131,63.8019]]],[[[-0.6865,45.1451],[-0.6917,45.1791],[-0.6756,45.1485],[-0.6865,45.1451]]],[[[10.3607,59.1639],[10.3685,59.1407],[10.3383,59.1403],[10.3607,59.1639]]],[[[8.1109,63.3079],[8.1127,63.3051],[8.0349,63.2881],[8.1109,63.3079]]],[[[9.6917,55.4783],[9.6801,55.5023],[9.7155,55.4883],[9.6917,55.4783]]],[[[5.8527,59.1157],[5.8595,59.1079],[5.8405,59.1015],[5.8527,59.1157]]],[[[4.7831,61.2105],[4.7921,61.1935],[4.7421,61.2087],[4.7831,61.2105]]],[[[10.8323,64.5859],[10.8423,64.5797],[10.7827,64.5713],[10.8323,64.5859]]],[[[14.3855,53.8537],[14.4109,53.8611],[14.4111,53.8425],[14.3855,53.8537]]],[[[1.2505,51.8865],[1.2607,51.8673],[1.2035,51.8735],[1.2505,51.8865]]],[[[16.9447,58.1993],[16.9585,58.1853],[16.9301,58.1795],[16.9447,58.1993]]],[[[5.4913,62.3207],[5.4813,62.3367],[5.5145,62.3389],[5.4913,62.3207]]],[[[26.5641,70.4379],[26.6317,70.4491],[26.5967,70.4405],[26.5641,70.4379]]],[[[7.8697,63.3329],[7.8489,63.3469],[7.9053,63.3517],[7.8697,63.3329]]],[[[11.5057,58.0375],[11.5249,58.0093],[11.4899,58.0051],[11.5057,58.0375]]],[[[23.3657,59.9109],[23.4017,59.8943],[23.3615,59.8921],[23.3657,59.9109]]],[[[5.5857,60.6661],[5.5757,60.6897],[5.6077,60.6607],[5.5857,60.6661]]],[[[18.6653,59.4017],[18.7091,59.4001],[18.6395,59.3951],[18.6653,59.4017]]],[[[30.1113,69.7947],[30.1723,69.7827],[30.1559,69.7813],[30.1113,69.7947]]],[[[18.8937,59.6807],[18.9181,59.6689],[18.8997,59.6625],[18.8937,59.6807]]],[[[22.0967,60.1701],[22.1219,60.1899],[22.1511,60.1955],[22.1559,60.1927],[22.0967,60.1701]]],[[[21.7813,65.3341],[21.8233,65.3193],[21.7807,65.3193],[21.7813,65.3341]]],[[[11.2433,64.7869],[11.3075,64.8043],[11.3067,64.7963],[11.2433,64.7869]]],[[[18.7799,59.5403],[18.7689,59.5441],[18.8417,59.5551],[18.7799,59.5403]]],[[[8.5043,63.2385],[8.4899,63.2521],[8.5081,63.2647],[8.5043,63.2385]]],[[[21.0689,60.4193],[21.0691,60.4015],[21.0417,60.4055],[21.0689,60.4193]]],[[[5.6361,62.3807],[5.6825,62.3745],[5.6561,62.3617],[5.6361,62.3807]]],[[[21.2045,62.4217],[21.2127,62.4111],[21.1793,62.3713],[21.2045,62.4217]]],[[[19.5349,60.2611],[19.5437,60.2343],[19.5035,60.2309],[19.5349,60.2611]]],[[[5.6263,59.3407],[5.6263,59.3629],[5.6413,59.3693],[5.6263,59.3407]]],[[[22.3599,59.9643],[22.3399,59.9651],[22.3853,59.9963],[22.3599,59.9643]]],[[[12.9063,66.6027],[12.9357,66.5959],[12.9137,66.5765],[12.9063,66.6027]]],[[[-2.8279,47.5879],[-2.8622,47.5611],[-2.8422,47.6025],[-2.8279,47.5879]]],[[[21.2327,60.8613],[21.2391,60.8521],[21.2117,60.8415],[21.2327,60.8613]]],[[[21.7545,63.4313],[21.7149,63.4383],[21.7237,63.4515],[21.7545,63.4313]]],[[[8.8925,63.7747],[8.8297,63.7697],[8.8545,63.7821],[8.8925,63.7747]]],[[[-0.6996,45.2057],[-0.7016,45.1787],[-0.7129,45.1915],[-0.6996,45.2057]]],[[[21.4357,60.2637],[21.3659,60.2555],[21.3853,60.2657],[21.4357,60.2637]]],[[[4.8465,61.3585],[4.8635,61.3527],[4.8351,61.3323],[4.8465,61.3585]]],[[[13.0401,54.4415],[12.9771,54.4353],[13.0513,54.4625],[13.0401,54.4415]]],[[[24.1285,58.2073],[24.0975,58.2057],[24.1461,58.2347],[24.1285,58.2073]]],[[[17.4989,58.7635],[17.5161,58.7445],[17.4967,58.7397],[17.4989,58.7635]]],[[[11.6893,55.1595],[11.7151,55.1455],[11.6507,55.1743],[11.6893,55.1595]]],[[[9.0515,58.5785],[9.0309,58.5835],[9.0801,58.5971],[9.0515,58.5785]]],[[[18.9655,59.4247],[18.9889,59.4121],[18.9617,59.3985],[18.9655,59.4247]]],[[[26.7699,60.3493],[26.7463,60.3605],[26.7899,60.3581],[26.7699,60.3493]]],[[[18.8121,69.6477],[18.7773,69.6623],[18.8329,69.6709],[18.8121,69.6477]]],[[[4.8377,60.9941],[4.8683,60.9847],[4.8345,60.9737],[4.8377,60.9941]]],[[[36.7557,64.0199],[36.7601,64.0607],[36.7881,64.0425],[36.7557,64.0199]]],[[[19.1933,59.7929],[19.2069,59.7907],[19.1919,59.7685],[19.1933,59.7929]]],[[[35.0011,64.4785],[34.9689,64.4881],[35.0291,64.4907],[35.0011,64.4785]]],[[[21.3539,60.6021],[21.3285,60.6193],[21.3563,60.6181],[21.3539,60.6021]]],[[[5.8115,58.9477],[5.8015,58.9583],[5.8333,58.9647],[5.8115,58.9477]]],[[[20.7901,63.6201],[20.7983,63.6105],[20.7593,63.5923],[20.7901,63.6201]]],[[[12.3431,65.1755],[12.3283,65.1959],[12.3665,65.1957],[12.3431,65.1755]]],[[[12.1837,65.4517],[12.2203,65.4807],[12.2269,65.4631],[12.1837,65.4517]]],[[[10.4201,55.9515],[10.4087,55.9609],[10.4629,55.9533],[10.4201,55.9515]]],[[[17.2761,61.5735],[17.3107,61.5589],[17.3059,61.5557],[17.2761,61.5735]]],[[[15.4603,56.1375],[15.4295,56.1495],[15.4591,56.1543],[15.4603,56.1375]]],[[[21.3589,60.7447],[21.3359,60.7625],[21.3537,60.7671],[21.3589,60.7447]]],[[[22.6719,65.5449],[22.6549,65.5537],[22.6963,65.5599],[22.6719,65.5449]]],[[[11.2337,58.6717],[11.2449,58.6613],[11.2241,58.6455],[11.2337,58.6717]]],[[[11.2437,58.5313],[11.2485,58.5627],[11.2667,58.5339],[11.2437,58.5313]]],[[[5.9717,58.9787],[5.9767,58.9893],[6.0073,58.9871],[5.9717,58.9787]]],[[[21.6777,60.2935],[21.6921,60.2843],[21.6297,60.2889],[21.6777,60.2935]]],[[[27.4049,60.4501],[27.3785,60.4725],[27.4255,60.4597],[27.4049,60.4501]]],[[[22.1589,60.2471],[22.1753,60.2441],[22.1173,60.2365],[22.1589,60.2471]]],[[[7.9293,63.1751],[7.9539,63.1633],[7.8999,63.1633],[7.9293,63.1751]]],[[[12.5589,56.4503],[12.5843,56.4337],[12.5609,56.4231],[12.5589,56.4503]]],[[[20.4049,60.1521],[20.4001,60.1627],[20.4293,60.1765],[20.4049,60.1521]]],[[[24.8975,60.1659],[24.8975,60.1465],[24.8793,60.1453],[24.8975,60.1659]]],[[[10.0729,55.8217],[10.0615,55.8351],[10.1043,55.8287],[10.0729,55.8217]]],[[[-4.0168,48.7559],[-3.9953,48.7451],[-4.045,48.7463],[-4.0168,48.7559]]],[[[24.7601,59.5743],[24.7407,59.5861],[24.7885,59.5927],[24.7601,59.5743]]],[[[22.1811,60.2193],[22.1759,60.2237],[22.2113,60.2371],[22.1811,60.2193]]],[[[19.7903,60.3833],[19.7709,60.3985],[19.8133,60.4175],[19.7903,60.3833]]],[[[16.6499,57.0993],[16.6513,57.0945],[16.5859,57.1017],[16.6499,57.0993]]],[[[35.7261,64.3941],[35.7683,64.3839],[35.7541,64.3735],[35.7261,64.3941]]],[[[25.0371,60.1405],[25.0607,60.1561],[25.0877,60.1501],[25.0371,60.1405]]],[[[8.4865,53.9185],[8.4897,53.9287],[8.5195,53.9227],[8.4865,53.9185]]],[[[22.5079,59.9209],[22.4927,59.9341],[22.5059,59.9505],[22.5079,59.9209]]],[[[16.9079,68.4789],[16.9045,68.4799],[16.9689,68.4949],[16.9079,68.4789]]],[[[3.9345,51.7901],[3.9691,51.7751],[3.9103,51.7729],[3.9345,51.7901]]],[[[6.0743,62.5173],[6.0761,62.5065],[6.0453,62.5005],[6.0743,62.5173]]],[[[27.1793,59.8455],[27.1795,59.8595],[27.2027,59.8561],[27.1793,59.8455]]],[[[9.5101,63.8347],[9.5129,63.8319],[9.4637,63.8285],[9.5101,63.8347]]],[[[22.0501,60.4181],[22.0781,60.4169],[22.0523,60.3983],[22.0501,60.4181]]],[[[17.0045,58.4991],[17.0079,58.4967],[16.9689,58.4847],[17.0045,58.4991]]],[[[20.0865,60.3881],[20.1285,60.3999],[20.1323,60.3921],[20.0865,60.3881]]],[[[18.5099,60.1747],[18.4879,60.1835],[18.5263,60.1897],[18.5099,60.1747]]],[[[8.4071,63.5947],[8.4221,63.5879],[8.3925,63.5713],[8.4071,63.5947]]],[[[21.1549,60.7875],[21.1409,60.7979],[21.1567,60.8079],[21.1549,60.7875]]],[[[19.0461,59.5723],[19.0339,59.5789],[19.0879,59.5791],[19.0461,59.5723]]],[[[15.7757,56.0711],[15.7535,56.0697],[15.7875,56.0935],[15.7757,56.0711]]],[[[16.9259,58.5105],[16.8987,58.5239],[16.9139,58.5313],[16.9259,58.5105]]],[[[21.2013,62.9935],[21.1793,63.0145],[21.1975,63.0237],[21.2013,62.9935]]],[[[12.3617,66.1493],[12.4019,66.1501],[12.3979,66.1449],[12.3617,66.1493]]],[[[16.6607,57.8485],[16.6469,57.8813],[16.6775,57.8675],[16.6607,57.8485]]],[[[-2.8078,47.5775],[-2.8113,47.5807],[-2.7941,47.6009],[-2.8078,47.5775]]],[[[22.0943,65.4941],[22.0817,65.5167],[22.1303,65.5065],[22.0943,65.4941]]],[[[12.5187,66.3335],[12.6023,66.3713],[12.5937,66.3627],[12.5187,66.3335]]],[[[25.9253,60.2335],[25.9555,60.2289],[25.9371,60.2177],[25.9253,60.2335]]],[[[11.6463,57.7057],[11.6359,57.7227],[11.6577,57.7237],[11.6463,57.7057]]],[[[19.7961,60.3349],[19.8043,60.3595],[19.8203,60.3549],[19.7961,60.3349]]],[[[21.8795,65.2035],[21.9573,65.1827],[21.9111,65.1813],[21.8795,65.2035]]],[[[12.6985,54.4307],[12.7345,54.4199],[12.6799,54.4205],[12.6985,54.4307]]],[[[-5.2724,51.7391],[-5.3156,51.7431],[-5.3034,51.7513],[-5.2724,51.7391]]],[[[25.3309,65.0823],[25.2979,65.0931],[25.3601,65.1019],[25.3309,65.0823]]],[[[13.4651,66.7965],[13.4683,66.7943],[13.4013,66.7965],[13.4651,66.7965]]],[[[22.8075,65.5683],[22.8201,65.5539],[22.8031,65.5501],[22.8075,65.5683]]],[[[21.7195,60.3305],[21.7255,60.3277],[21.6525,60.3357],[21.7195,60.3305]]],[[[9.7715,53.5607],[9.7879,53.5547],[9.7599,53.5549],[9.7715,53.5607]]],[[[18.5415,59.0597],[18.5465,59.0401],[18.5213,59.0369],[18.5415,59.0597]]],[[[10.1825,55.6081],[10.1647,55.6495],[10.1953,55.6425],[10.1825,55.6081]]],[[[11.7807,57.5989],[11.7589,57.6165],[11.7947,57.6173],[11.7807,57.5989]]],[[[11.6407,57.9081],[11.6695,57.9053],[11.6559,57.8865],[11.6407,57.9081]]],[[[18.8877,63.2433],[18.8683,63.2545],[18.8923,63.2687],[18.8877,63.2433]]],[[[13.4315,66.8883],[13.4797,66.8849],[13.4577,66.8749],[13.4315,66.8883]]],[[[20.4939,60.0929],[20.5191,60.0827],[20.4545,60.0825],[20.4939,60.0929]]],[[[12.0833,65.4911],[12.1551,65.5339],[12.1397,65.5155],[12.0833,65.4911]]],[[[-6.3371,49.9661],[-6.3271,49.9473],[-6.3388,49.9427],[-6.3371,49.9661]]],[[[20.9585,59.9363],[20.9725,59.9291],[20.9311,59.9183],[20.9585,59.9363]]],[[[18.2277,62.7815],[18.2535,62.7847],[18.2289,62.7687],[18.2277,62.7815]]],[[[13.4379,66.9333],[13.4707,66.9243],[13.4693,66.9217],[13.4379,66.9333]]],[[[21.5121,65.3551],[21.5315,65.3385],[21.5009,65.3361],[21.5121,65.3551]]],[[[10.7647,59.2069],[10.7659,59.2217],[10.7927,59.2039],[10.7647,59.2069]]],[[[4.0099,51.7275],[3.9855,51.7581],[4.0027,51.7567],[4.0099,51.7275]]],[[[19.7265,60.3659],[19.7185,60.3835],[19.7457,60.3893],[19.7265,60.3659]]],[[[23.2023,65.7455],[23.1921,65.7545],[23.2459,65.7553],[23.2023,65.7455]]],[[[17.3423,60.6755],[17.3025,60.6771],[17.3255,60.6951],[17.3423,60.6755]]],[[[9.0097,58.5899],[9.0373,58.5947],[9.0215,58.5807],[9.0097,58.5899]]],[[[4.7763,61.6467],[4.7957,61.6587],[4.8101,61.6375],[4.7763,61.6467]]],[[[20.0269,60.0057],[19.9967,60.0109],[20.0063,60.0227],[20.0269,60.0057]]],[[[21.0723,60.3501],[21.0685,60.3697],[21.0859,60.3649],[21.0723,60.3501]]],[[[19.1213,59.7655],[19.1625,59.7551],[19.1289,59.7457],[19.1213,59.7655]]],[[[9.0593,58.6063],[9.1259,58.6231],[9.0993,58.6117],[9.0593,58.6063]]],[[[21.7611,60.3681],[21.7317,60.3785],[21.7961,60.3827],[21.7611,60.3681]]],[[[13.9439,67.1271],[13.9385,67.1275],[13.9671,67.1613],[13.9943,67.1453],[13.9439,67.1271]]],[[[17.3287,61.1473],[17.3111,61.1643],[17.3297,61.1749],[17.3287,61.1473]]],[[[4.7641,61.3123],[4.7481,61.3211],[4.7607,61.3289],[4.7641,61.3123]]],[[[11.4953,54.9009],[11.5201,54.8853],[11.4811,54.8841],[11.4953,54.9009]]],[[[12.2093,65.9363],[12.2063,65.9381],[12.2837,65.9621],[12.2093,65.9363]]],[[[5.6445,59.0487],[5.6661,59.0447],[5.6397,59.0345],[5.6445,59.0487]]],[[[5.4277,59.0771],[5.4331,59.0711],[5.3907,59.0605],[5.4277,59.0771]]],[[[21.4917,61.3571],[21.5107,61.3451],[21.4629,61.3437],[21.4917,61.3571]]],[[[18.6931,63.1327],[18.6601,63.1525],[18.6889,63.1503],[18.6931,63.1327]]],[[[21.4269,61.2105],[21.4645,61.1973],[21.4319,61.1949],[21.4269,61.2105]]],[[[21.6031,59.8365],[21.6561,59.8399],[21.5793,59.8267],[21.6031,59.8365]]],[[[18.7917,60.1283],[18.7663,60.1283],[18.7691,60.1467],[18.7917,60.1283]]],[[[21.4927,63.1599],[21.5421,63.1381],[21.4889,63.1467],[21.4927,63.1599]]],[[[5.9951,58.9349],[6.0315,58.9087],[5.9911,58.9177],[5.9951,58.9349]]],[[[21.4767,60.1053],[21.4679,60.1101],[21.4953,60.1193],[21.4767,60.1053]]],[[[29.5485,44.7941],[29.5409,44.7977],[29.5939,44.8155],[29.5485,44.7941]]],[[[10.6907,59.2421],[10.7073,59.2491],[10.7061,59.2275],[10.6907,59.2421]]],[[[21.5699,65.1027],[21.6093,65.0959],[21.6057,65.0911],[21.5699,65.1027]]],[[[5.0561,59.8881],[5.0527,59.8915],[5.0827,59.9075],[5.0561,59.8881]]],[[[21.7549,60.2473],[21.7485,60.2509],[21.7917,60.2569],[21.7549,60.2473]]],[[[12.9995,66.6613],[13.0273,66.6569],[12.9857,66.6489],[12.9995,66.6613]]],[[[21.6623,65.1389],[21.6591,65.1517],[21.7009,65.1381],[21.6623,65.1389]]],[[[20.3519,69.6753],[20.3869,69.6743],[20.3821,69.6629],[20.3519,69.6753]]],[[[16.6751,68.8605],[16.6649,68.8629],[16.6825,68.8783],[16.6751,68.8605]]],[[[23.7607,59.9271],[23.7545,59.9291],[23.7621,59.9441],[23.7607,59.9271]]],[[[25.2021,65.0931],[25.1885,65.0975],[25.2307,65.1035],[25.2021,65.0931]]],[[[23.7529,65.5821],[23.7799,65.5681],[23.7553,65.5621],[23.7529,65.5821]]],[[[11.7313,65.6657],[11.7137,65.6749],[11.7627,65.6725],[11.7313,65.6657]]],[[[21.6937,60.4221],[21.7143,60.4433],[21.7257,60.4259],[21.6937,60.4221]]],[[[17.4811,58.7275],[17.4993,58.7181],[17.4927,58.7073],[17.4811,58.7275]]],[[[17.5401,61.7115],[17.5225,61.7253],[17.5581,61.7317],[17.5401,61.7115]]],[[[22.4685,59.9753],[22.4699,59.9631],[22.4465,59.9639],[22.4685,59.9753]]],[[[-5.3352,51.8583],[-5.3531,51.8629],[-5.3509,51.8795],[-5.3352,51.8583]]],[[[-4.9509,55.7129],[-4.9677,55.7201],[-4.9404,55.7363],[-4.9509,55.7129]]],[[[11.7709,57.6349],[11.7621,57.6473],[11.7805,57.6563],[11.7709,57.6349]]],[[[18.6757,60.2753],[18.6791,60.2557],[18.6585,60.2571],[18.6757,60.2753]]],[[[15.3063,68.3203],[15.2531,68.3077],[15.2633,68.3241],[15.3063,68.3203]]],[[[21.5567,60.2881],[21.5507,60.3017],[21.5763,60.3021],[21.5567,60.2881]]],[[[15.1813,68.4947],[15.1997,68.4869],[15.1343,68.4837],[15.1813,68.4947]]],[[[22.3417,59.8053],[22.3107,59.8003],[22.3071,59.8027],[22.3417,59.8053]]],[[[27.8395,60.5241],[27.8465,60.5185],[27.8323,60.5039],[27.8395,60.5241]]],[[[20.7339,60.2199],[20.7335,60.2487],[20.7413,60.2511],[20.7339,60.2199]]],[[[21.6841,60.1075],[21.6867,60.0979],[21.6359,60.0981],[21.6841,60.1075]]],[[[28.6019,60.5257],[28.5937,60.5549],[28.6095,60.5529],[28.6019,60.5257]]],[[[-1.1892,44.6941],[-1.1935,44.7033],[-1.171,44.7053],[-1.1892,44.6941]]],[[[12.2285,57.1241],[12.2331,57.1105],[12.2025,57.1119],[12.2285,57.1241]]],[[[25.6713,60.2325],[25.6919,60.2157],[25.6837,60.2095],[25.6713,60.2325]]],[[[5.1591,60.8173],[5.1587,60.8347],[5.1773,60.8401],[5.1591,60.8173]]],[[[5.1067,52.4697],[5.1423,52.4641],[5.1025,52.4519],[5.1067,52.4697]]],[[[21.9445,63.2759],[21.9301,63.2879],[21.9573,63.2957],[21.9445,63.2759]]],[[[4.9723,61.2621],[4.9909,61.2491],[4.9535,61.2461],[4.9723,61.2621]]],[[[23.3791,58.5283],[23.3967,58.5135],[23.3745,58.5095],[23.3791,58.5283]]],[[[4.9461,60.9531],[4.9355,60.9665],[4.9789,60.9597],[4.9461,60.9531]]],[[[8.3193,63.4577],[8.3437,63.4527],[8.3317,63.4391],[8.3193,63.4577]]],[[[16.6757,68.8821],[16.6685,68.8849],[16.7135,68.8977],[16.6757,68.8821]]],[[[12.0199,66.4963],[12.0045,66.5077],[12.0469,66.5167],[12.0199,66.4963]]],[[[21.4717,60.3881],[21.4983,60.3885],[21.4989,60.3741],[21.4717,60.3881]]],[[[11.7769,58.0847],[11.7705,58.1097],[11.7991,58.0939],[11.7769,58.0847]]],[[[17.9657,57.2761],[17.9631,57.2841],[17.9997,57.2811],[17.9657,57.2761]]],[[[9.5073,53.7037],[9.5099,53.7057],[9.5311,53.6893],[9.5073,53.7037]]],[[[21.3805,60.4429],[21.3893,60.4403],[21.3885,60.4213],[21.3805,60.4429]]],[[[23.0305,58.6495],[23.0467,58.6289],[23.0247,58.6311],[23.0305,58.6495]]],[[[22.6049,63.8183],[22.6303,63.8063],[22.6071,63.7889],[22.6049,63.8183]]],[[[20.7477,60.2903],[20.7341,60.2807],[20.7453,60.3023],[20.7477,60.2903]]],[[[23.3683,59.9143],[23.3609,59.9249],[23.3755,59.9323],[23.3683,59.9143]]],[[[17.3789,61.6233],[17.3621,61.6357],[17.3781,61.6457],[17.3789,61.6233]]],[[[22.4029,59.8405],[22.3655,59.8491],[22.4041,59.8629],[22.4029,59.8405]]],[[[14.3065,67.2821],[14.2843,67.2877],[14.3497,67.3049],[14.3065,67.2821]]],[[[23.8049,65.6451],[23.8089,65.6357],[23.7797,65.6375],[23.8049,65.6451]]],[[[21.5449,60.5333],[21.5317,60.5515],[21.5517,60.5521],[21.5449,60.5333]]],[[[23.4865,65.7251],[23.4937,65.7425],[23.5245,65.7201],[23.4865,65.7251]]],[[[21.0719,63.4323],[21.0979,63.4239],[21.0795,63.4127],[21.0719,63.4323]]],[[[36.6769,45.3265],[36.6655,45.3281],[36.7203,45.3643],[36.6769,45.3265]]],[[[5.1115,59.8973],[5.1259,59.8823],[5.1179,59.8767],[5.1115,59.8973]]],[[[5.8853,62.2487],[5.9171,62.2525],[5.8801,62.2333],[5.8639,62.2363],[5.8853,62.2487]]],[[[22.1113,60.1373],[22.1083,60.1461],[22.1295,60.1573],[22.1113,60.1373]]],[[[13.8633,67.3889],[13.9233,67.4083],[13.9175,67.4027],[13.8633,67.3889]]],[[[22.4189,65.3771],[22.4511,65.3735],[22.4245,65.3657],[22.4189,65.3771]]],[[[26.7419,60.4381],[26.7597,60.4285],[26.7299,60.4091],[26.7419,60.4381]]],[[[4.8401,61.1989],[4.8233,61.2139],[4.8445,61.2223],[4.8401,61.1989]]],[[[21.9181,60.1687],[21.9477,60.1809],[21.9499,60.1787],[21.9181,60.1687]]],[[[22.4551,63.5437],[22.4201,63.5763],[22.4281,63.5797],[22.4551,63.5437]]],[[[16.6771,58.4291],[16.6929,58.4163],[16.6529,58.4221],[16.6771,58.4291]]],[[[8.4435,54.5663],[8.4409,54.5793],[8.4555,54.5845],[8.4435,54.5663]]],[[[25.5211,60.2397],[25.5351,60.2605],[25.5445,60.2537],[25.5211,60.2397]]],[[[21.7603,59.9677],[21.7817,59.9691],[21.7845,59.9555],[21.7603,59.9677]]],[[[23.4725,58.8265],[23.4823,58.8153],[23.4625,58.8163],[23.4725,58.8265]]],[[[15.4525,67.9825],[15.4411,67.9839],[15.4995,67.9875],[15.4525,67.9825]]],[[[19.0583,57.7877],[19.0365,57.7993],[19.0441,57.8061],[19.0583,57.7877]]],[[[10.2767,64.2491],[10.2785,64.2681],[10.3009,64.2731],[10.2767,64.2491]]],[[[-5.1465,55.7845],[-5.1535,55.7781],[-5.1639,55.7849],[-5.1465,55.7845]]],[[[32.0605,46.1773],[32.1299,46.1621],[32.1523,46.1525],[32.0605,46.1773]]],[[[4.9277,60.5097],[4.9277,60.4899],[4.9089,60.5081],[4.9277,60.5097]]],[[[22.4329,65.7021],[22.3947,65.7137],[22.4273,65.7205],[22.4329,65.7021]]],[[[22.0209,60.1315],[21.9837,60.1381],[22.0305,60.1399],[22.0209,60.1315]]],[[[9.5765,55.1175],[9.5575,55.1125],[9.5475,55.1243],[9.5765,55.1175]]],[[[26.3089,60.3385],[26.2591,60.3527],[26.2685,60.3605],[26.3089,60.3385]]],[[[22.6197,65.6369],[22.6153,65.6441],[22.6445,65.6473],[22.6197,65.6369]]],[[[16.6323,68.7179],[16.6267,68.7199],[16.6503,68.7421],[16.6323,68.7179]]],[[[6.5705,53.5435],[6.5855,53.5511],[6.6155,53.5487],[6.5705,53.5435]]],[[[21.6463,60.4645],[21.6507,60.4811],[21.6783,60.4699],[21.6463,60.4645]]],[[[18.6275,63.0573],[18.6151,63.0763],[18.6409,63.0805],[18.6275,63.0573]]],[[[5.0765,60.6823],[5.0659,60.6961],[5.0949,60.6899],[5.0765,60.6823]]],[[[21.6545,60.3753],[21.6479,60.3807],[21.6665,60.3821],[21.6545,60.3753]]],[[[10.4781,55.0109],[10.4921,55.0061],[10.4633,54.9977],[10.4781,55.0109]]],[[[11.0591,65.0119],[11.0315,65.0135],[11.0505,65.0269],[11.0591,65.0119]]],[[[4.8115,60.9109],[4.7911,60.9309],[4.8151,60.9311],[4.8115,60.9109]]],[[[18.6185,60.2841],[18.6397,60.2673],[18.6101,60.2689],[18.6185,60.2841]]],[[[10.6637,64.8621],[10.7211,64.8871],[10.7111,64.8765],[10.6637,64.8621]]],[[[11.1161,59.1145],[11.1427,59.1197],[11.1449,59.1175],[11.1161,59.1145]]],[[[37.7489,46.6701],[37.7765,46.6553],[37.7609,46.6439],[37.7489,46.6701]]],[[[-6.2943,49.9687],[-6.2682,49.9647],[-6.3102,49.9667],[-6.2943,49.9687]]],[[[21.6775,63.3937],[21.6933,63.3905],[21.6659,63.3787],[21.6775,63.3937]]],[[[18.9311,63.2323],[18.9491,63.2249],[18.9235,63.2093],[18.9311,63.2323]]],[[[-5.6964,56.2247],[-5.6872,56.2073],[-5.7093,56.2161],[-5.6964,56.2247]]],[[[20.3609,60.0831],[20.3587,60.0685],[20.3379,60.0653],[20.3609,60.0831]]],[[[21.5237,61.5989],[21.5283,61.5967],[21.4685,61.5865],[21.5237,61.5989]]],[[[23.9913,65.6961],[24.0007,65.6873],[23.9833,65.6819],[23.9913,65.6961]]],[[[16.4939,56.9675],[16.4867,56.9589],[16.4645,56.9787],[16.4939,56.9675]]],[[[25.8947,60.2189],[25.9163,60.2085],[25.8665,60.2095],[25.8947,60.2189]]],[[[-4.8032,54.0619],[-4.8124,54.0451],[-4.8302,54.0543],[-4.8032,54.0619]]],[[[18.1703,59.0617],[18.1951,59.0497],[18.1561,59.0469],[18.1703,59.0617]]],[[[10.8769,64.5119],[10.8531,64.5227],[10.8695,64.5321],[10.8959,64.5251],[10.8769,64.5119]]],[[[11.3071,55.7809],[11.3079,55.7695],[11.2875,55.7975],[11.3071,55.7809]]],[[[11.1255,64.7517],[11.1627,64.7499],[11.1173,64.7397],[11.1255,64.7517]]],[[[21.4417,60.4207],[21.4125,60.4123],[21.4199,60.4289],[21.4417,60.4207]]],[[[10.0193,64.1967],[10.0441,64.1883],[10.0013,64.1729],[10.0193,64.1967]]],[[[24.9321,65.6081],[24.9361,65.6223],[24.9499,65.6207],[24.9321,65.6081]]],[[[24.5181,65.7301],[24.5385,65.7227],[24.5305,65.7109],[24.5181,65.7301]]],[[[18.9137,59.3585],[18.9317,59.3525],[18.8829,59.3445],[18.9137,59.3585]]],[[[5.2381,59.9193],[5.2563,59.9003],[5.2317,59.9089],[5.2381,59.9193]]],[[[28.0285,60.0299],[28.0611,60.0215],[28.0075,60.0271],[28.0285,60.0299]]],[[[23.2051,63.9353],[23.1841,63.9473],[23.2005,63.9559],[23.2051,63.9353]]],[[[5.1463,61.5819],[5.1581,61.5731],[5.1361,61.5721],[5.1463,61.5819]]],[[[21.7723,59.9245],[21.7817,59.9157],[21.7299,59.9169],[21.7723,59.9245]]],[[[25.5299,60.1937],[25.5293,60.2155],[25.5521,60.2089],[25.5299,60.1937]]],[[[10.6799,64.5561],[10.7065,64.5521],[10.6989,64.5403],[10.6799,64.5561]]],[[[12.0475,66.0581],[11.9977,66.0427],[12.0209,66.0645],[12.0397,66.0673],[12.0475,66.0581]]],[[[11.1469,58.7753],[11.1609,58.7685],[11.1349,58.7621],[11.1469,58.7753]]],[[[3.6899,51.6239],[3.6857,51.6171],[3.6883,51.6261],[3.7135,51.6439],[3.6899,51.6239]]],[[[8.8125,54.5613],[8.8409,54.5577],[8.8283,54.5483],[8.8125,54.5613]]],[[[21.5731,60.5271],[21.5659,60.5403],[21.5815,60.5405],[21.5731,60.5271]]],[[[10.5527,59.8731],[10.5253,59.8611],[10.5247,59.8767],[10.5527,59.8731]]],[[[22.5717,63.7621],[22.5551,63.7493],[22.5575,63.7653],[22.5717,63.7621]]],[[[26.1247,60.3691],[26.0953,60.3947],[26.0991,60.3963],[26.1247,60.3691]]],[[[-5.0857,55.5299],[-5.089,55.5393],[-5.0781,55.5393],[-5.0857,55.5299]]],[[[18.1529,69.6827],[18.1357,69.7015],[18.1561,69.7047],[18.1529,69.6827]]],[[[11.7937,57.5887],[11.7997,57.5677],[11.7849,57.5653],[11.7937,57.5887]]],[[[21.3683,60.4995],[21.3499,60.5131],[21.3781,60.5195],[21.3683,60.4995]]],[[[14.6769,67.8227],[14.7065,67.8235],[14.6493,67.8087],[14.6769,67.8227]]],[[[21.9771,60.2839],[22.0129,60.2963],[21.9973,60.2839],[21.9771,60.2839]]],[[[22.4643,59.9241],[22.4623,59.9441],[22.4825,59.9359],[22.4643,59.9241]]],[[[10.5237,59.3687],[10.5207,59.3847],[10.5407,59.3815],[10.5237,59.3687]]],[[[22.7297,65.5269],[22.7373,65.5171],[22.6927,65.5219],[22.7297,65.5269]]],[[[13.9835,67.1667],[14.0203,67.1669],[14.0093,67.1561],[13.9835,67.1667]]],[[[9.8717,63.9087],[9.8779,63.8987],[9.8387,63.8863],[9.8717,63.9087]]],[[[10.7695,64.8493],[10.7769,64.8451],[10.7293,64.8383],[10.7695,64.8493]]],[[[21.3747,62.9319],[21.3615,62.9433],[21.3993,62.9559],[21.3747,62.9319]]],[[[18.6413,60.2219],[18.6271,60.2275],[18.6473,60.2283],[18.6413,60.2219]]],[[[12.2739,66.0391],[12.3031,66.0429],[12.3043,66.0369],[12.2739,66.0391]]],[[[21.5355,60.2335],[21.5007,60.2367],[21.5111,60.2543],[21.5355,60.2335]]],[[[28.4645,60.5947],[28.4797,60.5867],[28.4429,60.5955],[28.4401,60.6075],[28.4645,60.5947]]],[[[17.2193,61.6419],[17.2437,61.6439],[17.2085,61.6307],[17.2193,61.6419]]],[[[4.7703,61.5553],[4.7349,61.5565],[4.7573,61.5699],[4.7703,61.5553]]],[[[22.7131,65.4719],[22.7125,65.4757],[22.7499,65.4929],[22.7131,65.4719]]],[[[9.5281,63.6415],[9.5035,63.6475],[9.5523,63.6559],[9.5281,63.6415]]],[[[9.9227,63.9269],[9.9195,63.9305],[9.9511,63.9411],[9.9227,63.9269]]],[[[11.4245,58.1549],[11.4153,58.1697],[11.4217,58.1741],[11.4245,58.1549]]],[[[5.3179,62.0559],[5.3269,62.0443],[5.3145,62.0429],[5.3179,62.0559]]],[[[20.6067,60.0839],[20.5787,60.0907],[20.6029,60.1007],[20.6067,60.0839]]],[[[20.4579,60.2993],[20.4267,60.2955],[20.4313,60.3071],[20.4579,60.2993]]],[[[14.6599,68.1667],[14.7135,68.1695],[14.7105,68.1671],[14.6599,68.1667]]],[[[4.9551,60.5631],[4.9443,60.5757],[4.9769,60.5781],[4.9551,60.5631]]],[[[5.1013,60.6943],[5.0933,60.7021],[5.1253,60.6939],[5.1013,60.6943]]],[[[21.8417,60.2947],[21.8593,60.2947],[21.8451,60.2837],[21.8417,60.2947]]],[[[49.2705,46.2519],[49.2457,46.2623],[49.2661,46.2651],[49.2705,46.2519]]],[[[20.8859,60.3653],[20.8863,60.3417],[20.8829,60.3423],[20.8859,60.3653]]],[[[5.7041,59.9309],[5.7247,59.9389],[5.7281,59.9267],[5.7041,59.9309]]],[[[18.0891,69.7473],[18.0975,69.7361],[18.0777,69.7325],[18.0891,69.7473]]],[[[21.4645,60.1451],[21.4855,60.1421],[21.4755,60.1315],[21.4645,60.1451]]],[[[19.7393,60.3543],[19.7757,60.3689],[19.7705,60.3633],[19.7393,60.3543]]],[[[11.7235,56.1817],[11.7143,56.1867],[11.7511,56.1873],[11.7235,56.1817]]],[[[22.8247,63.7299],[22.8493,63.7269],[22.8077,63.7195],[22.8247,63.7299]]],[[[5.2493,59.7115],[5.2689,59.7265],[5.2715,59.7251],[5.2493,59.7115]]],[[[21.0843,62.6933],[21.1161,62.6881],[21.0715,62.6803],[21.0843,62.6933]]],[[[12.5553,66.3919],[12.5693,66.3887],[12.5193,66.3741],[12.5553,66.3919]]],[[[20.5203,60.2757],[20.5029,60.2909],[20.5275,60.2925],[20.5203,60.2757]]],[[[13.2259,66.8155],[13.2297,66.8069],[13.2103,66.8011],[13.2259,66.8155]]],[[[5.3965,59.2767],[5.3975,59.2903],[5.4217,59.2771],[5.3965,59.2767]]],[[[21.2391,60.2023],[21.2639,60.1967],[21.2497,60.1925],[21.2391,60.2023]]],[[[23.2875,59.8871],[23.2857,59.8891],[23.3387,59.8881],[23.2875,59.8871]]],[[[22.0595,65.3969],[22.0369,65.4039],[22.0779,65.4073],[22.0595,65.3969]]],[[[-1.9713,50.6911],[-1.993,50.6981],[-1.9831,50.7023],[-1.9713,50.6911]]],[[[18.8193,63.1503],[18.8309,63.1425],[18.7981,63.1349],[18.8193,63.1503]]],[[[8.7275,54.6325],[8.7135,54.6377],[8.7381,54.6479],[8.7275,54.6325]]],[[[18.8583,59.3943],[18.8617,59.4087],[18.8811,59.4083],[18.8583,59.3943]]],[[[11.5879,58.3857],[11.5997,58.3921],[11.5981,58.3767],[11.5879,58.3857]]],[[[13.8555,67.4035],[13.9077,67.4211],[13.8931,67.4101],[13.8555,67.4035]]],[[[11.2157,58.8283],[11.2213,58.8127],[11.1993,58.8149],[11.2157,58.8283]]],[[[22.7009,65.4941],[22.6725,65.5063],[22.6921,65.5091],[22.7009,65.4941]]],[[[11.6227,57.7859],[11.6315,57.7745],[11.6075,57.7741],[11.6227,57.7859]]],[[[12.9279,66.4927],[12.9637,66.4917],[12.9183,66.4789],[12.9279,66.4927]]],[[[19.4803,60.2437],[19.4965,60.2653],[19.5005,60.2553],[19.4803,60.2437]]],[[[11.2511,58.6397],[11.2431,58.6211],[11.2221,58.6345],[11.2511,58.6397]]],[[[21.5197,61.7147],[21.5121,61.7255],[21.5579,61.7085],[21.5197,61.7147]]],[[[21.2773,60.8043],[21.2499,60.8063],[21.2805,60.8185],[21.2773,60.8043]]],[[[22.3513,59.9271],[22.3843,59.9371],[22.3629,59.9239],[22.3513,59.9271]]],[[[22.5199,65.4155],[22.5419,65.4015],[22.5161,65.3983],[22.5199,65.4155]]],[[[10.4259,64.3311],[10.3903,64.3365],[10.4041,64.3455],[10.4259,64.3311]]],[[[0.6843,51.4137],[0.6899,51.4001],[0.6619,51.4093],[0.6843,51.4137]]],[[[20.8553,60.2505],[20.8627,60.2615],[20.8727,60.2525],[20.8553,60.2505]]],[[[12.1761,57.1675],[12.1961,57.1643],[12.1833,57.1523],[12.1761,57.1675]]],[[[17.5535,62.4257],[17.5373,62.4353],[17.5505,62.4397],[17.5535,62.4257]]],[[[20.6259,60.4147],[20.6419,60.4007],[20.6063,60.4035],[20.6259,60.4147]]],[[[13.7725,67.1675],[13.8083,67.1639],[13.7813,67.1533],[13.7725,67.1675]]],[[[21.0421,60.5601],[21.0773,60.5571],[21.0497,60.5489],[21.0421,60.5601]]],[[[18.8983,59.3427],[18.9133,59.3395],[18.9051,59.3311],[18.8983,59.3427]]],[[[11.1307,58.7867],[11.1333,58.7951],[11.1583,58.7915],[11.1307,58.7867]]],[[[-6.3789,56.3039],[-6.3594,56.3007],[-6.3659,56.2881],[-6.3789,56.3039]]],[[[-5.9009,56.6647],[-5.8767,56.6697],[-5.8761,56.6647],[-5.9009,56.6647]]],[[[23.0765,65.6643],[23.0645,65.6727],[23.0967,65.6737],[23.0765,65.6643]]],[[[18.9941,57.4301],[18.9727,57.4409],[18.9931,57.4463],[18.9941,57.4301]]],[[[16.5271,57.0189],[16.5287,57.0327],[16.5525,57.0229],[16.5271,57.0189]]],[[[22.8101,65.5439],[22.8165,65.5215],[22.8077,65.5207],[22.8101,65.5439]]],[[[6.8727,62.6697],[6.9267,62.6787],[6.9155,62.6735],[6.8727,62.6697]]],[[[21.0001,60.4061],[20.9815,60.4189],[21.0001,60.4323],[21.0001,60.4061]]],[[[12.9507,66.6795],[12.9283,66.6833],[12.9529,66.6947],[12.9507,66.6795]]],[[[9.7049,63.8623],[9.7651,63.8783],[9.7253,63.8673],[9.7049,63.8623]]],[[[18.2035,59.0705],[18.2435,59.0729],[18.2427,59.0705],[18.2035,59.0705]]],[[[10.5739,59.8599],[10.5669,59.8721],[10.5849,59.8753],[10.5739,59.8599]]],[[[17.9755,58.9027],[17.9923,58.9067],[17.9905,58.8973],[17.9755,58.9027]]],[[[17.9733,69.6483],[18.0031,69.6443],[17.9699,69.6331],[17.9733,69.6483]]],[[[14.5145,67.3675],[14.5629,67.3799],[14.5541,67.3743],[14.5145,67.3675]]],[[[20.6011,60.1697],[20.6173,60.1633],[20.5725,60.1573],[20.6011,60.1697]]],[[[14.6525,67.5577],[14.6471,67.5669],[14.7129,67.5649],[14.6525,67.5577]]],[[[26.7685,70.4947],[26.7313,70.5067],[26.7715,70.5089],[26.7685,70.4947]]],[[[5.0169,60.7423],[4.9769,60.7653],[4.9879,60.7609],[5.0169,60.7423]]],[[[21.7339,60.5539],[21.7299,60.5647],[21.7473,60.5737],[21.7339,60.5539]]],[[[27.8879,60.0113],[27.8949,60.0159],[27.9053,60.0093],[27.8879,60.0113]]],[[[9.7149,55.3653],[9.7237,55.3585],[9.6915,55.3581],[9.7149,55.3653]]],[[[23.1221,58.8283],[23.1197,58.8405],[23.1495,58.8317],[23.1221,58.8283]]],[[[21.0679,60.3085],[21.0753,60.2981],[21.0617,60.2919],[21.0537,60.2933],[21.0679,60.3085]]],[[[17.5097,61.9561],[17.5041,61.9645],[17.5385,61.9589],[17.5097,61.9561]]],[[[15.6425,56.1543],[15.6385,56.1659],[15.6523,56.1715],[15.6425,56.1543]]],[[[19.1063,59.7925],[19.1093,59.7897],[19.1037,59.7775],[19.1063,59.7925]]],[[[11.0273,64.8761],[11.0555,64.8803],[11.0429,64.8617],[11.0273,64.8761]]],[[[22.0205,65.4939],[21.9879,65.5015],[21.9927,65.5081],[22.0205,65.4939]]],[[[10.5919,63.5693],[10.6449,63.5887],[10.6255,63.5773],[10.5919,63.5693]]],[[[22.3553,59.9099],[22.3885,59.9217],[22.3759,59.9089],[22.3553,59.9099]]],[[[5.2717,60.5451],[5.2731,60.5369],[5.2625,60.5313],[5.2717,60.5451]]],[[[20.0605,60.4369],[20.0827,60.4363],[20.0791,60.4201],[20.0605,60.4369]]],[[[21.0399,60.4299],[21.0273,60.4373],[21.0679,60.4387],[21.0399,60.4299]]],[[[18.5751,59.4221],[18.5969,59.4087],[18.5691,59.4089],[18.5751,59.4221]]],[[[24.6019,60.0603],[24.6243,60.0541],[24.5981,60.0475],[24.6019,60.0603]]],[[[21.4401,61.6121],[21.4155,61.6279],[21.4373,61.6259],[21.4401,61.6121]]],[[[5.1233,59.7291],[5.1133,59.7315],[5.1401,59.7533],[5.1233,59.7291]]],[[[22.4247,59.9969],[22.4331,59.9969],[22.4369,59.9883],[22.4247,59.9969]]],[[[4.7795,61.1279],[4.7653,61.1327],[4.7931,61.1501],[4.7795,61.1279]]],[[[-4.799,52.7671],[-4.7829,52.7697],[-4.787,52.7575],[-4.799,52.7671]]],[[[9.1749,63.6707],[9.1303,63.6703],[9.1503,63.6801],[9.1749,63.6707]]],[[[22.3115,60.1427],[22.3403,60.1425],[22.3229,60.1281],[22.3115,60.1427]]],[[[12.0781,54.9455],[12.0663,54.9499],[12.1063,54.9583],[12.0781,54.9455]]],[[[21.0911,60.4987],[21.1079,60.4905],[21.0749,60.4869],[21.0911,60.4987]]],[[[19.7667,60.4267],[19.7833,60.4257],[19.7761,60.4089],[19.7667,60.4267]]],[[[18.9325,59.2907],[18.9441,59.2801],[18.9187,59.2829],[18.9325,59.2907]]],[[[17.7207,58.8607],[17.7329,58.8409],[17.7201,58.8395],[17.7207,58.8607]]],[[[21.9585,60.2325],[21.9531,60.2451],[21.9623,60.2481],[21.9585,60.2325]]],[[[22.3961,59.8237],[22.4163,59.8185],[22.4039,59.8059],[22.3961,59.8237]]],[[[11.3475,55.0237],[11.3447,55.0271],[11.3697,55.0407],[11.3475,55.0237]]],[[[5.3647,60.1469],[5.3877,60.1447],[5.3657,60.1331],[5.3647,60.1469]]],[[[20.4037,60.3439],[20.4309,60.3397],[20.4001,60.3283],[20.4037,60.3439]]],[[[13.9827,67.4357],[13.9831,67.4279],[13.9551,67.4211],[13.9827,67.4357]]],[[[5.0775,59.8279],[5.0911,59.8163],[5.0739,59.8051],[5.0775,59.8279]]],[[[21.9023,60.3375],[21.9135,60.3329],[21.8509,60.3403],[21.9023,60.3375]]],[[[18.7813,59.6399],[18.7739,59.6491],[18.7923,59.6579],[18.7813,59.6399]]],[[[19.7015,60.3623],[19.7049,60.3791],[19.7177,60.3697],[19.7015,60.3623]]],[[[21.0099,60.7229],[21.0411,60.7333],[21.0255,60.7245],[21.0099,60.7229]]],[[[13.3187,45.6985],[13.3077,45.7063],[13.3207,45.7149],[13.3187,45.6985]]],[[[20.0043,60.3755],[19.9847,60.3933],[20.0023,60.4017],[20.0043,60.3755]]],[[[16.5769,57.8739],[16.5911,57.8653],[16.5655,57.8611],[16.5769,57.8739]]],[[[10.4621,55.4807],[10.4825,55.4849],[10.4689,55.4761],[10.4621,55.4807]]],[[[-7.0999,37.2099],[-7.0595,37.2065],[-7.0684,37.2051],[-7.0999,37.2099]]],[[[21.0129,60.8449],[21.0111,60.8485],[21.0357,60.8477],[21.0129,60.8449]]],[[[5.1103,60.1063],[5.1195,60.0839],[5.1135,60.0833],[5.1103,60.1063]]],[[[21.5375,60.3021],[21.5479,60.2863],[21.5301,60.2841],[21.5375,60.3021]]],[[[18.1289,69.7593],[18.1163,69.7719],[18.1585,69.7693],[18.1289,69.7593]]],[[[20.0483,60.4365],[20.0537,60.4225],[20.0455,60.4183],[20.0483,60.4365]]],[[[25.2347,59.5785],[25.2441,59.5647],[25.2181,59.5707],[25.2347,59.5785]]],[[[23.0359,65.6753],[23.0363,65.6659],[23.0317,65.6615],[23.0359,65.6753]]],[[[16.6183,57.8603],[16.5981,57.8723],[16.6163,57.8779],[16.6183,57.8603]]],[[[23.6737,59.9213],[23.6379,59.9175],[23.6669,59.9333],[23.6737,59.9213]]],[[[12.9773,66.6685],[13.0179,66.6723],[13.0049,66.6665],[12.9773,66.6685]]],[[[4.9735,60.3183],[4.9525,60.3293],[4.9785,60.3311],[4.9735,60.3183]]],[[[6.2481,62.5725],[6.2651,62.5719],[6.2299,62.5527],[6.2481,62.5725]]],[[[22.0133,63.3437],[22.0203,63.3583],[22.0401,63.3435],[22.0133,63.3437]]],[[[20.7917,60.3949],[20.7973,60.3843],[20.7713,60.4031],[20.7917,60.3949]]],[[[12.2773,65.9297],[12.3033,65.9309],[12.2877,65.9251],[12.2773,65.9297]]],[[[6.0621,53.4627],[6.0683,53.4577],[6.0505,53.4469],[6.0621,53.4627]]],[[[16.7003,57.5239],[16.7227,57.5043],[16.6997,57.5123],[16.7003,57.5239]]],[[[5.1915,60.2407],[5.1951,60.2363],[5.1729,60.2311],[5.1915,60.2407]]],[[[22.9891,58.8143],[22.9911,58.8175],[23.0125,58.8093],[22.9891,58.8143]]],[[[20.3069,60.1603],[20.3287,60.1489],[20.3133,60.1423],[20.3069,60.1603]]],[[[21.1633,60.5667],[21.1657,60.5801],[21.1851,60.5725],[21.1633,60.5667]]],[[[5.1919,62.0205],[5.2137,62.0211],[5.2035,62.0081],[5.1919,62.0205]]],[[[16.9283,58.2645],[16.9433,58.2605],[16.9335,58.2521],[16.9283,58.2645]]],[[[7.5033,63.0697],[7.4711,63.0647],[7.4583,63.0717],[7.5033,63.0697]]],[[[8.5505,63.1487],[8.5041,63.1487],[8.5421,63.1579],[8.5505,63.1487]]],[[[9.3365,63.6555],[9.3479,63.6523],[9.3137,63.6417],[9.3365,63.6555]]],[[[23.4423,58.6273],[23.4177,58.6357],[23.4337,58.6443],[23.4423,58.6273]]],[[[-4.6883,51.6465],[-4.6805,51.6425],[-4.6906,51.6349],[-4.6883,51.6465]]],[[[18.8367,59.3039],[18.8239,59.3049],[18.8373,59.3101],[18.8697,59.3009],[18.8367,59.3039]]],[[[11.1235,58.8643],[11.1169,58.8807],[11.1373,58.8747],[11.1235,58.8643]]],[[[11.7187,57.9303],[11.7281,57.9265],[11.6707,57.9269],[11.7187,57.9303]]],[[[10.8687,64.6001],[10.8669,64.6089],[10.8837,64.6161],[10.8687,64.6001]]],[[[5.1619,61.6187],[5.1741,61.6151],[5.1349,61.6119],[5.1619,61.6187]]],[[[20.0551,60.3907],[20.0689,60.3813],[20.0635,60.3769],[20.0551,60.3907]]],[[[10.7367,64.5121],[10.7429,64.5089],[10.7205,64.5013],[10.7367,64.5121]]],[[[21.9319,60.2007],[21.9155,60.2049],[21.9543,60.2049],[21.9319,60.2007]]],[[[12.3403,65.8615],[12.3559,65.8679],[12.3445,65.8431],[12.3403,65.8615]]],[[[23.2617,58.5223],[23.2561,58.5265],[23.2717,58.5409],[23.2617,58.5223]]],[[[12.0079,65.4077],[12.0377,65.4027],[12.0199,65.3935],[12.0079,65.4077]]],[[[10.8843,59.0509],[10.9029,59.0375],[10.8911,59.0319],[10.8843,59.0509]]],[[[22.3755,59.9019],[22.4045,59.8993],[22.3813,59.8911],[22.3755,59.9019]]],[[[19.9689,60.0359],[19.9631,60.0381],[19.9941,60.0509],[19.9689,60.0359]]],[[[10.6727,64.4829],[10.6779,64.4703],[10.6561,64.4733],[10.6727,64.4829]]],[[[6.8611,58.0785],[6.8941,58.0731],[6.8765,58.0583],[6.8611,58.0785]]],[[[20.3523,60.1539],[20.3299,60.1603],[20.3555,60.1737],[20.3523,60.1539]]],[[[5.2403,59.6707],[5.2417,59.6931],[5.2595,59.6767],[5.2403,59.6707]]],[[[21.1953,62.3725],[21.2143,62.3957],[21.2183,62.3937],[21.1953,62.3725]]],[[[22.7501,63.8653],[22.7507,63.8735],[22.7727,63.8741],[22.7501,63.8653]]],[[[18.7263,59.4405],[18.7395,59.4351],[18.7123,59.4299],[18.7263,59.4405]]],[[[22.8397,65.7239],[22.8171,65.7385],[22.8399,65.7445],[22.8397,65.7239]]],[[[16.6105,57.5597],[16.6071,57.5635],[16.6355,57.5617],[16.6105,57.5597]]],[[[11.7541,58.0831],[11.7409,58.0939],[11.7531,58.1037],[11.7541,58.0831]]],[[[21.3069,60.7091],[21.2899,60.7127],[21.3115,60.7195],[21.3069,60.7091]]],[[[11.8925,54.9949],[11.9017,54.9757],[11.8903,54.9797],[11.8925,54.9949]]],[[[25.1451,60.1625],[25.1459,60.1587],[25.1231,60.1541],[25.1451,60.1625]]],[[[-5.9312,56.6731],[-5.9123,56.6627],[-5.9436,56.6609],[-5.9525,56.6629],[-5.9312,56.6731]]],[[[-5.6256,54.5109],[-5.6209,54.5103],[-5.6505,54.4999],[-5.6418,54.5209],[-5.6256,54.5109]]],[[[22.6369,65.7889],[22.6379,65.7839],[22.6101,65.7731],[22.6369,65.7889]]],[[[10.3605,64.3231],[10.3467,64.3291],[10.3573,64.3389],[10.3605,64.3231]]],[[[10.9013,64.5625],[10.9277,64.5505],[10.8925,64.5531],[10.9013,64.5625]]],[[[12.0927,55.7345],[12.1021,55.7285],[12.0759,55.7297],[12.0927,55.7345]]],[[[5.4649,59.2599],[5.4623,59.2723],[5.4823,59.2649],[5.4649,59.2599]]],[[[25.3529,60.2293],[25.3355,60.2405],[25.3701,60.2369],[25.3529,60.2293]]],[[[19.1329,59.8025],[19.1151,59.8077],[19.1275,59.8135],[19.1329,59.8025]]],[[[18.6519,60.2903],[18.6589,60.2827],[18.6345,60.2851],[18.6519,60.2903]]],[[[9.8255,59.0085],[9.8053,59.0287],[9.8289,59.0251],[9.8255,59.0085]]],[[[21.3213,60.5565],[21.2931,60.5789],[21.2993,60.5801],[21.3213,60.5565]]],[[[5.0449,60.9743],[5.0449,60.9767],[5.0895,60.9709],[5.0449,60.9743]]],[[[21.6235,60.0879],[21.5927,60.0895],[21.6011,60.0997],[21.6235,60.0879]]],[[[18.8835,63.1863],[18.9069,63.1825],[18.8937,63.1803],[18.8835,63.1863]]],[[[24.0003,60.0101],[23.9745,60.0147],[24.0049,60.0197],[24.0003,60.0101]]],[[[25.2387,60.2239],[25.2225,60.2275],[25.2543,60.2339],[25.2387,60.2239]]],[[[23.5605,65.7203],[23.5391,65.7411],[23.5525,65.7409],[23.5605,65.7203]]],[[[6.5291,62.6385],[6.5251,62.6393],[6.5491,62.6539],[6.5291,62.6385]]],[[[5.5049,58.9109],[5.4961,58.9185],[5.5169,58.9247],[5.5049,58.9109]]],[[[17.6485,58.9319],[17.6551,58.9435],[17.6667,58.9305],[17.6485,58.9319]]],[[[16.8005,58.2865],[16.8105,58.2761],[16.7869,58.2775],[16.8005,58.2865]]],[[[21.7533,60.1103],[21.7137,60.1131],[21.7395,60.1205],[21.7533,60.1103]]],[[[10.1699,64.1657],[10.1657,64.1771],[10.1955,64.1669],[10.1699,64.1657]]],[[[16.8887,58.3589],[16.9027,58.3561],[16.8849,58.3445],[16.8887,58.3589]]],[[[21.2893,60.7665],[21.2779,60.7703],[21.3035,60.7757],[21.2893,60.7665]]],[[[17.8789,62.9023],[17.9095,62.9037],[17.9069,62.9017],[17.8789,62.9023]]],[[[22.0819,60.1723],[22.0701,60.1839],[22.1059,60.1851],[22.0819,60.1723]]],[[[24.8213,65.3881],[24.8601,65.3865],[24.8337,65.3791],[24.8213,65.3881]]],[[[26.4175,60.3533],[26.4355,60.3615],[26.4435,60.3507],[26.4175,60.3533]]],[[[18.8387,63.1547],[18.8755,63.1573],[18.8695,63.1539],[18.8387,63.1547]]],[[[21.4041,63.0141],[21.4131,63.0043],[21.3935,63.0023],[21.4041,63.0141]]],[[[17.8719,58.7541],[17.8705,58.7729],[17.8769,58.7697],[17.8719,58.7541]]],[[[-9.0218,53.2279],[-9.0062,53.2249],[-9.0194,53.2151],[-9.0218,53.2279]]],[[[5.8203,59.0421],[5.8137,59.0531],[5.8227,59.0559],[5.8203,59.0421]]],[[[21.4683,60.1205],[21.5085,60.1379],[21.4885,60.1227],[21.4683,60.1205]]],[[[5.0851,59.4331],[5.0723,59.4417],[5.0955,59.4479],[5.0851,59.4331]]],[[[4.9729,61.2761],[4.9725,61.2663],[4.9469,61.2731],[4.9729,61.2761]]],[[[18.8371,59.6609],[18.8609,59.6553],[18.8437,59.6501],[18.8371,59.6609]]],[[[17.5761,58.8765],[17.5667,58.8873],[17.5951,58.8821],[17.5761,58.8765]]],[[[20.8149,63.1097],[20.7917,63.1103],[20.8079,63.1259],[20.8149,63.1097]]],[[[-9.0848,53.1657],[-9.0559,53.1639],[-9.065,53.1625],[-9.0848,53.1657]]],[[[22.7733,65.5411],[22.7425,65.5535],[22.7595,65.5555],[22.7733,65.5411]]],[[[15.0175,68.3519],[15.0123,68.3657],[15.0371,68.3683],[15.0175,68.3519]]],[[[22.4529,65.6039],[22.4209,65.6191],[22.4297,65.6255],[22.4529,65.6039]]],[[[23.2301,65.7915],[23.2101,65.7957],[23.2513,65.7935],[23.2301,65.7915]]],[[[28.4219,70.5535],[28.4301,70.5687],[28.4313,70.5353],[28.4219,70.5535]]],[[[25.1437,65.0991],[25.1395,65.1021],[25.1929,65.1101],[25.1437,65.0991]]],[[[21.4803,61.3959],[21.4991,61.3895],[21.4759,61.3901],[21.4803,61.3959]]],[[[5.3737,53.0629],[5.3657,53.0767],[5.3807,53.0735],[5.3737,53.0629]]],[[[21.9779,69.8071],[22.0115,69.7919],[21.9811,69.7935],[21.9779,69.8071]]],[[[17.1963,61.5801],[17.2233,61.5737],[17.2211,61.5721],[17.1963,61.5801]]],[[[18.8893,59.3075],[18.8667,59.3111],[18.8915,59.3173],[18.8893,59.3075]]],[[[10.2493,64.2585],[10.2377,64.2617],[10.2629,64.2571],[10.2493,64.2585]]],[[[21.2325,60.6097],[21.2207,60.6277],[21.2395,60.6261],[21.2325,60.6097]]],[[[22.7905,65.6687],[22.7989,65.6527],[22.7745,65.6565],[22.7905,65.6687]]],[[[22.7251,59.9971],[22.7281,60.0103],[22.7483,60.0065],[22.7251,59.9971]]],[[[-6.9007,37.1513],[-6.901,37.1555],[-6.8819,37.1475],[-6.9007,37.1513]]],[[[-5.4033,56.5963],[-5.3844,56.5991],[-5.3882,56.5903],[-5.4033,56.5963]]],[[[5.3507,59.7341],[5.3511,59.7369],[5.3659,59.7411],[5.3507,59.7341]]],[[[21.3071,60.8213],[21.2921,60.8279],[21.3093,60.8389],[21.3071,60.8213]]],[[[22.8233,60.0459],[22.8225,60.0327],[22.8097,60.0381],[22.8233,60.0459]]],[[[18.6733,59.1887],[18.6411,59.1725],[18.6477,59.1847],[18.6733,59.1887]]],[[[-3.0165,48.8421],[-3.0178,48.8549],[-2.9984,48.8519],[-3.0165,48.8421]]],[[[18.7185,59.6011],[18.7127,59.6073],[18.7325,59.6171],[18.7185,59.6011]]],[[[16.9359,58.2267],[16.9527,58.2239],[16.9183,58.2145],[16.9359,58.2267]]],[[[5.0813,61.6231],[5.0731,61.6301],[5.0923,61.6329],[5.0813,61.6231]]],[[[-3.5693,48.8113],[-3.5669,48.8067],[-3.5876,48.8005],[-3.5693,48.8113]]],[[[20.5903,63.7281],[20.5681,63.7379],[20.5839,63.7483],[20.5903,63.7281]]],[[[22.7469,63.7041],[22.7415,63.7131],[22.7705,63.7117],[22.7469,63.7041]]],[[[11.6877,65.1271],[11.6829,65.1281],[11.7311,65.1389],[11.6877,65.1271]]],[[[21.3009,60.1503],[21.3277,60.1661],[21.3257,60.1637],[21.3009,60.1503]]],[[[10.7041,54.9547],[10.7055,54.9483],[10.6931,54.9481],[10.7041,54.9547]]],[[[21.4935,60.2997],[21.5027,60.2965],[21.4597,60.2937],[21.4935,60.2997]]],[[[12.3241,65.8143],[12.3163,65.8183],[12.3301,65.8373],[12.3241,65.8143]]],[[[10.7117,64.4907],[10.7475,64.4787],[10.7285,64.4765],[10.7117,64.4907]]],[[[21.4249,63.2929],[21.4365,63.2887],[21.4197,63.2829],[21.4249,63.2929]]],[[[22.1189,65.4399],[22.1377,65.4303],[22.1309,65.4175],[22.1189,65.4399]]],[[[21.3905,63.1545],[21.3817,63.1623],[21.3951,63.1735],[21.3905,63.1545]]],[[[11.7943,57.5977],[11.8001,57.6061],[11.8197,57.6071],[11.7943,57.5977]]],[[[21.2339,60.2363],[21.2225,60.2369],[21.2211,60.2463],[21.2339,60.2363]]],[[[27.4175,60.4073],[27.4315,60.4187],[27.4351,60.4121],[27.4175,60.4073]]],[[[21.2403,60.8167],[21.2367,60.8347],[21.2567,60.8235],[21.2403,60.8167]]],[[[27.3763,60.4967],[27.3877,60.4901],[27.3569,60.4855],[27.3763,60.4967]]],[[[18.7805,59.4441],[18.8153,59.4565],[18.8137,59.4493],[18.7805,59.4441]]],[[[18.0667,57.3009],[18.0625,57.3117],[18.0805,57.3113],[18.0667,57.3009]]],[[[14.8367,56.0001],[14.8307,56.0029],[14.8419,56.0131],[14.8367,56.0001]]],[[[22.2709,60.3891],[22.2795,60.3831],[22.2587,60.3785],[22.2709,60.3891]]],[[[5.8349,59.2291],[5.8347,59.2207],[5.7975,59.2301],[5.8349,59.2291]]],[[[28.7807,70.1407],[28.8077,70.1381],[28.7557,70.1311],[28.7807,70.1407]]],[[[12.8797,66.3637],[12.8605,66.3645],[12.8757,66.3739],[12.8797,66.3637]]],[[[7.1825,62.7145],[7.1235,62.7127],[7.1249,62.7145],[7.1825,62.7145]]],[[[-5.5838,55.2773],[-5.5976,55.2803],[-5.5669,55.2837],[-5.5838,55.2773]]],[[[18.5023,59.1153],[18.5287,59.1217],[18.5157,59.1155],[18.5023,59.1153]]],[[[5.9571,59.3303],[5.9515,59.3377],[5.9753,59.3429],[5.9571,59.3303]]],[[[8.2491,63.5043],[8.2713,63.4967],[8.2577,63.4897],[8.2491,63.5043]]],[[[-2.4593,49.4681],[-2.4646,49.4853],[-2.4551,49.4877],[-2.4593,49.4681]]],[[[5.6759,59.9131],[5.6703,59.9337],[5.6859,59.9327],[5.6759,59.9131]]],[[[14.5679,67.7271],[14.6019,67.7413],[14.5949,67.7297],[14.5679,67.7271]]],[[[22.4401,63.5395],[22.4425,63.5179],[22.4291,63.5265],[22.4401,63.5395]]],[[[13.4103,66.9071],[13.3849,66.9083],[13.3981,66.9183],[13.4103,66.9071]]],[[[16.7115,57.4497],[16.7321,57.4481],[16.7207,57.4407],[16.7115,57.4497]]],[[[24.6205,60.0961],[24.6539,60.1001],[24.6445,60.0977],[24.6205,60.0961]]],[[[21.5045,60.1641],[21.4725,60.1651],[21.4905,60.1753],[21.5045,60.1641]]],[[[4.9197,61.7753],[4.9497,61.7849],[4.9469,61.7791],[4.9197,61.7753]]],[[[19.7317,60.3275],[19.7347,60.3157],[19.7023,60.3151],[19.7317,60.3275]]],[[[13.5189,54.3163],[13.5467,54.3333],[13.5489,54.3249],[13.5189,54.3163]]],[[[12.4039,65.9997],[12.3851,66.0041],[12.4237,66.0137],[12.4039,65.9997]]],[[[28.6775,60.4627],[28.6957,60.4487],[28.6905,60.4433],[28.6775,60.4627]]],[[[21.3823,62.8851],[21.3749,62.8897],[21.3809,62.9053],[21.3823,62.8851]]],[[[18.7111,69.5451],[18.6979,69.5489],[18.7569,69.5523],[18.7111,69.5451]]],[[[-8.5438,54.4097],[-8.5552,54.4093],[-8.5581,54.4113],[-8.5142,54.4301],[-8.5438,54.4097]]],[[[13.4175,54.1597],[13.3981,54.1797],[13.4153,54.1757],[13.4175,54.1597]]],[[[24.3567,59.9993],[24.3883,59.9955],[24.3465,59.9909],[24.3567,59.9993]]],[[[21.6661,65.3429],[21.6473,65.3535],[21.6597,65.3539],[21.6661,65.3429]]],[[[5.4645,62.2119],[5.4551,62.2237],[5.4825,62.2205],[5.4645,62.2119]]],[[[11.4799,58.0711],[11.4801,58.0591],[11.4699,58.0599],[11.4799,58.0711]]],[[[5.1461,59.8971],[5.1543,59.8855],[5.1393,59.8845],[5.1461,59.8971]]],[[[-6.3639,49.9455],[-6.3676,49.9491],[-6.363,49.9649],[-6.3639,49.9455]]],[[[16.7389,58.3947],[16.7345,58.4087],[16.7505,58.4071],[16.7389,58.3947]]],[[[22.0021,63.2213],[22.0203,63.2153],[22.0099,63.2105],[22.0021,63.2213]]],[[[12.0403,66.5225],[12.0241,66.5307],[12.0543,66.5305],[12.0403,66.5225]]],[[[26.5227,60.3613],[26.5139,60.3707],[26.5343,60.3727],[26.5227,60.3613]]],[[[19.0505,59.6581],[19.0615,59.6451],[19.0337,59.6465],[19.0505,59.6581]]],[[[5.1281,53.2977],[5.1521,53.3087],[5.1525,53.3037],[5.1281,53.2977]]],[[[12.3091,65.2027],[12.3149,65.2211],[12.3293,65.2127],[12.3091,65.2027]]],[[[22.1869,59.8665],[22.1799,59.8679],[22.1845,59.8749],[22.1869,59.8665]]],[[[25.4643,60.1859],[25.4761,60.1835],[25.4591,60.1753],[25.4643,60.1859]]],[[[21.5471,60.2565],[21.5527,60.2529],[21.5455,60.2447],[21.5471,60.2565]]],[[[26.1329,60.3593],[26.1211,60.3395],[26.1129,60.3511],[26.1329,60.3593]]],[[[18.8873,63.1929],[18.9177,63.2041],[18.9089,63.1945],[18.8873,63.1929]]],[[[18.4797,60.3045],[18.4475,60.3163],[18.4665,60.3145],[18.4797,60.3045]]],[[[17.3271,61.5519],[17.3221,61.5651],[17.3355,61.5669],[17.3271,61.5519]]],[[[6.3403,62.4333],[6.3181,62.4369],[6.3363,62.4467],[6.3403,62.4333]]],[[[13.4209,66.9283],[13.4041,66.9307],[13.4431,66.9411],[13.4209,66.9283]]],[[[22.3575,60.0291],[22.3707,60.0229],[22.3571,60.0099],[22.3575,60.0291]]],[[[5.8901,59.2267],[5.8803,59.2409],[5.9009,59.2413],[5.8901,59.2267]]],[[[11.5155,64.7979],[11.4933,64.7987],[11.5353,64.8035],[11.5155,64.7979]]],[[[16.6873,57.8563],[16.6879,57.8691],[16.7077,57.8605],[16.6873,57.8563]]],[[[16.8899,58.1825],[16.8835,58.1909],[16.9017,58.1995],[16.8899,58.1825]]],[[[18.8609,59.5143],[18.8765,59.5119],[18.8651,59.5057],[18.8609,59.5143]]],[[[4.8107,61.1289],[4.8001,61.1419],[4.8163,61.1357],[4.8107,61.1289]]],[[[22.6379,63.8111],[22.6423,63.8319],[22.6573,63.8197],[22.6379,63.8111]]],[[[6.5865,62.8287],[6.6093,62.8233],[6.6025,62.8127],[6.5865,62.8287]]],[[[22.4785,65.3747],[22.4593,65.3901],[22.4833,65.3845],[22.4785,65.3747]]],[[[10.1061,55.1367],[10.1145,55.1341],[10.1071,55.1307],[10.1061,55.1367]]],[[[16.4781,69.0417],[16.4691,69.0489],[16.5017,69.0539],[16.4781,69.0417]]],[[[10.5037,54.9397],[10.5261,54.9243],[10.4983,54.9269],[10.5037,54.9397]]],[[[4.8743,60.9487],[4.8873,60.9407],[4.8683,60.9365],[4.8743,60.9487]]],[[[10.9871,64.8587],[10.9835,64.8601],[10.9873,64.8713],[10.9871,64.8587]]],[[[20.8167,60.0613],[20.7967,60.0671],[20.8209,60.0753],[20.8167,60.0613]]],[[[10.2483,55.0703],[10.2703,55.0549],[10.2499,55.0617],[10.2483,55.0703]]],[[[24.6227,65.6867],[24.6071,65.6979],[24.6241,65.7029],[24.6227,65.6867]]],[[[12.3193,65.2409],[12.3667,65.2503],[12.3527,65.2439],[12.3193,65.2409]]],[[[24.9785,70.2279],[25.0265,70.2343],[25.0223,70.2329],[24.9785,70.2279]]],[[[5.8133,59.0901],[5.8261,59.0843],[5.8223,59.0783],[5.8133,59.0901]]],[[[20.8439,62.9679],[20.8565,62.9805],[20.8655,62.9687],[20.8439,62.9679]]],[[[10.7289,59.3045],[10.7489,59.3175],[10.7507,59.3069],[10.7289,59.3045]]],[[[11.8163,58.0693],[11.8075,58.0555],[11.8013,58.0749],[11.8163,58.0693]]],[[[21.2079,60.5187],[21.2357,60.5103],[21.2151,60.5071],[21.2079,60.5187]]],[[[21.7115,60.2957],[21.7067,60.2985],[21.7241,60.3031],[21.7115,60.2957]]],[[[9.3597,63.7885],[9.3819,63.8059],[9.3781,63.7917],[9.3597,63.7885]]],[[[20.7431,60.1773],[20.7493,60.1667],[20.7341,60.1607],[20.7431,60.1773]]],[[[15.7861,56.0151],[15.8101,56.0299],[15.8121,56.0241],[15.7861,56.0151]]],[[[20.1175,60.3771],[20.1423,60.3877],[20.1409,60.3791],[20.1175,60.3771]]],[[[21.1033,62.8387],[21.1339,62.8321],[21.1301,62.8301],[21.1033,62.8387]]],[[[20.3143,60.0881],[20.3275,60.0823],[20.3147,60.0749],[20.3143,60.0881]]],[[[22.8155,60.0605],[22.7993,60.0675],[22.8271,60.0703],[22.8155,60.0605]]],[[[34.9871,64.7103],[35.0135,64.7107],[35.0103,64.7027],[34.9871,64.7103]]],[[[21.1783,60.8073],[21.1547,60.8153],[21.1669,60.8221],[21.1783,60.8073]]],[[[9.7843,63.8881],[9.7827,63.8901],[9.8151,63.9029],[9.7843,63.8881]]],[[[14.9821,56.1065],[14.9625,56.1141],[14.9703,56.1187],[14.9821,56.1065]]],[[[7.4473,63.0701],[7.4549,63.0669],[7.4153,63.0651],[7.4473,63.0701]]],[[[9.5937,53.5917],[9.5801,53.6041],[9.5953,53.5995],[9.5937,53.5917]]],[[[9.0831,63.9897],[9.0873,63.9879],[9.0741,63.9771],[9.0831,63.9897]]],[[[21.3499,61.4731],[21.3447,61.4799],[21.3637,61.4837],[21.3499,61.4731]]],[[[18.3511,59.4101],[18.3659,59.4071],[18.3355,59.4045],[18.3511,59.4101]]],[[[36.4287,64.3473],[36.4513,64.3419],[36.4365,64.3343],[36.4287,64.3473]]],[[[4.8823,60.4961],[4.8691,60.5091],[4.8895,60.5119],[4.8823,60.4961]]],[[[20.4001,60.1711],[20.4217,60.1871],[20.4251,60.1823],[20.4001,60.1711]]],[[[17.9115,69.6269],[17.9277,69.6161],[17.9189,69.6117],[17.9115,69.6269]]],[[[21.4947,60.5167],[21.4861,60.5205],[21.5121,60.5241],[21.4947,60.5167]]],[[[21.5563,63.0831],[21.5539,63.0855],[21.5749,63.1009],[21.5563,63.0831]]],[[[22.6585,63.7819],[22.6341,63.7975],[22.6457,63.8043],[22.6585,63.7819]]],[[[23.7163,59.9367],[23.7243,59.9253],[23.6979,59.9271],[23.7163,59.9367]]],[[[11.7155,55.1383],[11.7229,55.1469],[11.7305,55.1367],[11.7155,55.1383]]],[[[21.4171,60.6427],[21.4221,60.6275],[21.4017,60.6331],[21.4171,60.6427]]],[[[24.9891,65.6027],[24.9919,65.5927],[24.9653,65.6025],[24.9891,65.6027]]],[[[34.9477,46.2405],[34.9419,46.2421],[34.9875,46.2515],[34.9947,46.2491],[34.9477,46.2405]]],[[[18.8573,57.7013],[18.8537,57.7137],[18.8677,57.7129],[18.8573,57.7013]]],[[[4.8597,61.2075],[4.8545,61.2199],[4.8609,61.2209],[4.8597,61.2075]]],[[[27.8611,60.4627],[27.8607,60.4711],[27.8871,60.4661],[27.8611,60.4627]]],[[[20.5345,60.0755],[20.5323,60.0787],[20.5681,60.0873],[20.5345,60.0755]]],[[[23.0653,58.8097],[23.0693,58.8287],[23.0821,58.8233],[23.0653,58.8097]]],[[[-5.5382,54.6849],[-5.5229,54.6747],[-5.5356,54.6731],[-5.5382,54.6849]]],[[[22.7165,65.6689],[22.6915,65.6755],[22.7153,65.6815],[22.7165,65.6689]]],[[[21.2777,60.7645],[21.2851,60.7599],[21.2583,60.7571],[21.2777,60.7645]]],[[[16.8063,58.0057],[16.7917,58.0163],[16.8231,58.0083],[16.8063,58.0057]]],[[[11.7637,64.7839],[11.7735,64.7797],[11.7379,64.7895],[11.7637,64.7839]]],[[[12.1067,54.9673],[12.1327,54.9837],[12.1213,54.9759],[12.1067,54.9673]]],[[[16.5151,69.0685],[16.5401,69.0637],[16.5313,69.0537],[16.5151,69.0685]]],[[[11.0515,58.9883],[11.0355,58.9945],[11.0475,59.0061],[11.0515,58.9883]]],[[[16.7069,57.9935],[16.7217,57.9863],[16.7021,57.9857],[16.7069,57.9935]]],[[[-5.7776,56.2475],[-5.7557,56.2521],[-5.7595,56.2451],[-5.7776,56.2475]]],[[[11.7493,57.6527],[11.7587,57.6491],[11.7365,57.6401],[11.7493,57.6527]]],[[[21.4983,61.2885],[21.4691,61.2969],[21.4883,61.2999],[21.4983,61.2885]]],[[[21.3171,60.1959],[21.2647,60.2025],[21.2859,60.2011],[21.3171,60.1959]]],[[[19.0245,59.6365],[19.0393,59.6431],[19.0425,59.6321],[19.0245,59.6365]]],[[[-0.711,45.2299],[-0.7198,45.2799],[-0.7109,45.2501],[-0.711,45.2299]]],[[[8.5611,63.6255],[8.5833,63.6227],[8.5537,63.6159],[8.5611,63.6255]]],[[[22.4749,65.8191],[22.4895,65.7951],[22.4699,65.8027],[22.4749,65.8191]]],[[[8.4221,63.5707],[8.4081,63.5739],[8.4223,63.5813],[8.4221,63.5707]]],[[[22.9517,59.7677],[22.9397,59.7747],[22.9559,59.7787],[22.9517,59.7677]]],[[[22.7737,63.9145],[22.7423,63.9201],[22.7653,63.9271],[22.7737,63.9145]]],[[[5.1093,59.9111],[5.1177,59.9061],[5.0967,59.8985],[5.1093,59.9111]]],[[[23.4269,58.5437],[23.4385,58.5537],[23.4565,58.5477],[23.4269,58.5437]]],[[[12.1337,57.3039],[12.1377,57.2963],[12.1229,57.2919],[12.1337,57.3039]]],[[[18.6291,59.1593],[18.6609,59.1719],[18.6617,59.1655],[18.6291,59.1593]]],[[[19.6981,60.3273],[19.6877,60.3401],[19.7055,60.3407],[19.6981,60.3273]]],[[[21.4143,61.6361],[21.4073,61.6469],[21.4407,61.6375],[21.4143,61.6361]]],[[[20.2341,60.4479],[20.2261,60.4571],[20.2453,60.4623],[20.2341,60.4479]]],[[[3.9371,51.7449],[3.9669,51.7491],[3.9667,51.7465],[3.9371,51.7449]]],[[[22.6021,59.9091],[22.6227,59.9037],[22.5947,59.9019],[22.6021,59.9091]]],[[[19.9043,63.4937],[19.9141,63.4867],[19.8943,63.4775],[19.9043,63.4937]]],[[[19.1317,59.7781],[19.1329,59.7833],[19.1537,59.7841],[19.1317,59.7781]]],[[[12.8529,66.5543],[12.8455,66.5685],[12.8595,66.5715],[12.8529,66.5543]]],[[[22.6595,63.7755],[22.6777,63.7815],[22.6815,63.7725],[22.6595,63.7755]]],[[[27.7945,60.4427],[27.7805,60.4511],[27.7897,60.4575],[27.7945,60.4427]]],[[[21.8403,65.3829],[21.8411,65.3797],[21.8059,65.3831],[21.8403,65.3829]]],[[[21.2903,60.3213],[21.2891,60.3305],[21.3131,60.3243],[21.2903,60.3213]]],[[[21.3273,60.0715],[21.3197,60.0773],[21.3399,60.0803],[21.3273,60.0715]]],[[[11.5767,58.0901],[11.5911,58.1043],[11.5925,58.0923],[11.5767,58.0901]]],[[[24.9883,65.4099],[24.9953,65.4213],[25.0155,65.4083],[24.9883,65.4099]]],[[[18.6629,60.1921],[18.6697,60.1829],[18.6597,60.1815],[18.6629,60.1921]]],[[[16.5791,57.8489],[16.5961,57.8595],[16.5995,57.8559],[16.5791,57.8489]]],[[[-5.6276,56.2557],[-5.6114,56.2679],[-5.6086,56.2615],[-5.6276,56.2557]]],[[[-3.0025,48.8559],[-3.0174,48.8599],[-2.9914,48.8675],[-3.0025,48.8559]]],[[[25.0297,65.6067],[25.0277,65.6141],[25.0455,65.6167],[25.0297,65.6067]]],[[[25.9977,60.2805],[26.0053,60.2675],[25.9919,60.2651],[25.9977,60.2805]]],[[[16.3419,68.1991],[16.3235,68.2011],[16.3761,68.2077],[16.3419,68.1991]]],[[[22.5631,59.9435],[22.5555,59.9469],[22.5791,59.9553],[22.5631,59.9435]]],[[[20.3717,60.0361],[20.3881,60.0471],[20.4047,60.0439],[20.3717,60.0361]]],[[[11.7253,57.9409],[11.7225,57.9521],[11.7431,57.9443],[11.7253,57.9409]]],[[[18.6875,60.2447],[18.6797,60.2491],[18.6921,60.2627],[18.6875,60.2447]]],[[[23.5651,59.8231],[23.5557,59.8255],[23.5857,59.8307],[23.5651,59.8231]]],[[[4.6927,61.2911],[4.6667,61.2983],[4.6739,61.3033],[4.6927,61.2911]]],[[[22.8081,63.9123],[22.7913,63.9137],[22.8165,63.9209],[22.8081,63.9123]]],[[[18.8113,59.5727],[18.8201,59.5693],[18.8095,59.5629],[18.7903,59.5657],[18.8113,59.5727]]],[[[23.4293,65.7629],[23.4385,65.7495],[23.4249,65.7463],[23.4293,65.7629]]],[[[12.8957,66.4851],[12.8729,66.4871],[12.8909,66.4967],[12.8957,66.4851]]],[[[26.9781,60.4161],[26.9859,60.4277],[26.9957,60.4155],[26.9781,60.4161]]],[[[4.8785,61.1871],[4.8825,61.1761],[4.8611,61.1831],[4.8785,61.1871]]],[[[4.8481,61.6375],[4.8517,61.6167],[4.8391,61.6249],[4.8481,61.6375]]],[[[4.9121,60.4427],[4.9109,60.4529],[4.9199,60.4527],[4.9121,60.4427]]],[[[21.0533,60.4957],[21.0461,60.5029],[21.0705,60.5021],[21.0533,60.4957]]],[[[21.7185,60.4055],[21.7099,60.4059],[21.7247,60.4195],[21.7185,60.4055]]],[[[21.9651,65.5135],[21.9663,65.5089],[21.9265,65.5173],[21.9651,65.5135]]],[[[5.6727,59.0445],[5.6443,59.0563],[5.6709,59.0587],[5.6727,59.0445]]],[[[11.0483,64.9811],[11.0357,64.9869],[11.0695,64.9917],[11.0483,64.9811]]],[[[36.3997,64.3139],[36.4163,64.3009],[36.4053,64.3011],[36.3997,64.3139]]],[[[5.2821,59.6879],[5.2905,59.7017],[5.3083,59.6939],[5.2821,59.6879]]],[[[20.9455,60.4793],[20.9471,60.4889],[20.9673,60.4813],[20.9455,60.4793]]],[[[16.9639,58.4255],[16.9845,58.4277],[16.9789,58.4255],[16.9639,58.4255]]],[[[7.4189,62.6647],[7.4127,62.6669],[7.4475,62.6741],[7.4189,62.6647]]],[[[22.7763,63.8803],[22.7757,63.8835],[22.7947,63.8901],[22.7763,63.8803]]],[[[21.6725,60.5079],[21.6781,60.5171],[21.6935,60.5107],[21.6725,60.5079]]],[[[18.8321,59.4033],[18.8409,59.3933],[18.8239,59.3917],[18.8321,59.4033]]],[[[16.6799,57.5637],[16.6717,57.5699],[16.6987,57.5755],[16.6799,57.5637]]],[[[9.0639,63.5125],[9.1113,63.5217],[9.1037,63.5197],[9.0639,63.5125]]],[[[24.9911,60.1807],[25.0209,60.1851],[25.0169,60.1819],[24.9911,60.1807]]],[[[16.7367,57.6813],[16.7491,57.6739],[16.7369,57.6727],[16.7367,57.6813]]],[[[16.3329,58.6493],[16.3539,58.6455],[16.3435,58.6407],[16.3329,58.6493]]],[[[27.8927,60.4851],[27.8971,60.4809],[27.8705,60.4787],[27.8927,60.4851]]],[[[17.1843,61.5959],[17.2163,61.5897],[17.1887,61.5843],[17.1843,61.5959]]],[[[21.2883,63.2583],[21.3055,63.2513],[21.2895,63.2479],[21.2883,63.2583]]],[[[22.6641,63.7879],[22.6543,63.8077],[22.6669,63.8061],[22.6641,63.7879]]],[[[6.6375,62.7825],[6.6705,62.7845],[6.6657,62.7801],[6.6375,62.7825]]],[[[32.2991,46.5085],[32.2961,46.5119],[32.3251,46.5129],[32.2991,46.5085]]],[[[0.7709,51.7303],[0.7803,51.7251],[0.7671,51.7219],[0.7709,51.7303]]],[[[23.8143,59.9339],[23.8121,59.9365],[23.8351,59.9461],[23.8143,59.9339]]],[[[25.8011,59.6773],[25.7881,59.6851],[25.8235,59.6773],[25.8011,59.6773]]],[[[23.8259,65.6557],[23.8217,65.6715],[23.8337,65.6677],[23.8259,65.6557]]],[[[21.9011,65.3525],[21.9147,65.3431],[21.8879,65.3443],[21.9011,65.3525]]],[[[8.6603,63.8727],[8.6759,63.8727],[8.6407,63.8653],[8.6603,63.8727]]],[[[10.4609,59.2317],[10.4633,59.2249],[10.4573,59.2235],[10.4609,59.2317]]],[[[20.9559,60.4255],[20.9565,60.4323],[20.9719,60.4355],[20.9559,60.4255]]],[[[21.3417,60.7219],[21.3289,60.7283],[21.3461,60.7341],[21.3417,60.7219]]],[[[21.1593,60.8605],[21.1605,60.8721],[21.1747,60.8689],[21.1593,60.8605]]],[[[18.3441,59.0543],[18.3555,59.0453],[18.3399,59.0397],[18.3441,59.0543]]],[[[21.7841,59.9255],[21.7997,59.9357],[21.8019,59.9253],[21.7841,59.9255]]],[[[12.9475,54.4443],[12.9637,54.4399],[12.9303,54.4347],[12.9475,54.4443]]],[[[24.0999,65.8005],[24.1315,65.8089],[24.1257,65.8047],[24.0999,65.8005]]],[[[22.3129,65.5483],[22.2719,65.5603],[22.2757,65.5621],[22.3129,65.5483]]],[[[22.6141,65.4489],[22.6153,65.4633],[22.6307,65.4601],[22.6141,65.4489]]],[[[-1.1762,46.0097],[-1.1789,46.0143],[-1.1686,46.0259],[-1.1762,46.0097]]],[[[23.7499,65.6017],[23.7673,65.6061],[23.7551,65.5915],[23.7499,65.6017]]],[[[17.3443,60.7127],[17.3755,60.7161],[17.3755,60.7143],[17.3443,60.7127]]],[[[4.8061,60.9485],[4.8011,60.9525],[4.8271,60.9571],[4.8061,60.9485]]],[[[7.9731,63.2101],[7.9959,63.2189],[8.0239,63.2183],[7.9731,63.2101]]],[[[9.7557,63.9343],[9.7607,63.9403],[9.7691,63.9379],[9.7557,63.9343]]],[[[21.9813,60.2283],[21.9951,60.2223],[21.9763,60.2187],[21.9813,60.2283]]],[[[5.2033,59.8991],[5.2061,59.8883],[5.1975,59.8881],[5.2033,59.8991]]],[[[21.3997,60.4341],[21.3943,60.4461],[21.4057,60.4457],[21.3997,60.4341]]],[[[-5.544,56.1667],[-5.5291,56.1707],[-5.5412,56.1609],[-5.544,56.1667]]],[[[10.7903,55.5113],[10.7845,55.5121],[10.7913,55.5215],[10.7903,55.5113]]],[[[8.6415,63.6249],[8.6221,63.6301],[8.6575,63.6365],[8.6415,63.6249]]],[[[10.7705,64.9801],[10.8035,64.9869],[10.7809,64.9799],[10.7705,64.9801]]],[[[22.9745,65.6427],[22.9653,65.6531],[22.9759,65.6557],[22.9745,65.6427]]],[[[18.6775,59.5683],[18.6899,59.5665],[18.6709,59.5591],[18.6775,59.5683]]],[[[23.2723,65.7653],[23.2797,65.7527],[23.2499,65.7617],[23.2723,65.7653]]],[[[28.6047,60.6635],[28.5789,60.6635],[28.6061,60.6727],[28.6047,60.6635]]],[[[14.3237,67.2839],[14.3657,67.2953],[14.3577,67.2889],[14.3237,67.2839]]],[[[11.0577,64.9803],[11.1059,64.9879],[11.1021,64.9849],[11.0577,64.9803]]],[[[14.3213,68.6105],[14.3183,68.6183],[14.3405,68.6285],[14.3213,68.6105]]],[[[21.4935,61.7687],[21.4745,61.7761],[21.4923,61.7787],[21.4935,61.7687]]],[[[11.3591,54.9671],[11.3713,54.9587],[11.3579,54.9557],[11.3591,54.9671]]],[[[26.8649,70.5111],[26.8481,70.5119],[26.8903,70.5211],[26.8649,70.5111]]],[[[4.8189,60.9355],[4.8041,60.9391],[4.8093,60.9415],[4.8189,60.9355]]],[[[0.6707,51.4249],[0.6837,51.4193],[0.6687,51.4159],[0.6707,51.4249]]],[[[22.4875,65.6377],[22.5047,65.6265],[22.4875,65.6263],[22.4875,65.6377]]],[[[14.8677,68.8073],[14.9051,68.8205],[14.8985,68.8137],[14.8677,68.8073]]],[[[11.6833,57.8617],[11.6807,57.8635],[11.6909,57.8771],[11.6833,57.8617]]],[[[10.0945,59.0079],[10.0941,59.0111],[10.1115,59.0173],[10.0945,59.0079]]],[[[22.3889,60.1131],[22.3797,60.1239],[22.3917,60.1253],[22.3889,60.1131]]],[[[11.4911,58.2051],[11.5063,58.1987],[11.4897,58.1921],[11.4911,58.2051]]],[[[5.0887,60.0655],[5.0777,60.0703],[5.0893,60.0763],[5.0887,60.0655]]],[[[-5.4073,56.5335],[-5.4307,56.5317],[-5.4023,56.5415],[-5.4073,56.5335]]],[[[24.2083,60.0057],[24.1997,60.0087],[24.2367,60.0181],[24.2083,60.0057]]],[[[22.5883,58.2069],[22.6003,58.2007],[22.5863,58.1923],[22.5883,58.2069]]],[[[21.1539,60.3279],[21.1571,60.3329],[21.1723,60.3249],[21.1539,60.3279]]],[[[10.4679,59.0621],[10.4613,59.0815],[10.4745,59.0795],[10.4679,59.0621]]],[[[11.0181,54.8407],[11.0193,54.8515],[11.0273,54.8481],[11.0181,54.8407]]],[[[8.3603,63.5315],[8.3611,63.5407],[8.3875,63.5413],[8.3603,63.5315]]],[[[-6.3529,49.9003],[-6.341,49.8903],[-6.3453,49.8859],[-6.3529,49.9003]]],[[[6.5587,62.5135],[6.5941,62.5147],[6.5831,62.5093],[6.5587,62.5135]]],[[[1.2269,51.8887],[1.2245,51.9033],[1.2411,51.8925],[1.2269,51.8887]]],[[[20.8551,60.3995],[20.8489,60.4115],[20.8595,60.4141],[20.8551,60.3995]]],[[[35.4521,64.4049],[35.4653,64.4031],[35.4621,64.3933],[35.4521,64.4049]]],[[[10.6847,55.9247],[10.6961,55.9015],[10.6825,55.9101],[10.6847,55.9247]]],[[[20.8283,60.2375],[20.8453,60.2293],[20.8309,60.2219],[20.8283,60.2375]]],[[[12.4887,66.1325],[12.4723,66.1401],[12.5049,66.1497],[12.4887,66.1325]]],[[[4.1291,51.3591],[4.1223,51.3645],[4.1433,51.3651],[4.1291,51.3591]]],[[[21.7039,60.1273],[21.7307,60.1241],[21.7253,60.1211],[21.7039,60.1273]]],[[[18.7445,59.2621],[18.7291,59.2577],[18.7287,59.2641],[18.7445,59.2621]]],[[[5.1949,59.9431],[5.2043,59.9371],[5.1937,59.9295],[5.1949,59.9431]]],[[[-0.5505,53.6919],[-0.5326,53.6869],[-0.5523,53.6855],[-0.5505,53.6919]]],[[[16.8721,58.4029],[16.9031,58.4061],[16.9027,58.4059],[16.8721,58.4029]]],[[[24.2875,65.6855],[24.2673,65.6969],[24.2829,65.6977],[24.2875,65.6855]]],[[[5.2113,60.2379],[5.2095,60.2507],[5.2219,60.2461],[5.2113,60.2379]]],[[[6.4931,62.8025],[6.5175,62.8001],[6.5071,62.7933],[6.4931,62.8025]]],[[[12.6293,66.3619],[12.6191,66.3697],[12.6365,66.3781],[12.6293,66.3619]]],[[[11.7389,57.7871],[11.7305,57.7905],[11.7563,57.7945],[11.7389,57.7871]]],[[[17.6733,60.6177],[17.6483,60.6279],[17.6625,60.6309],[17.6733,60.6177]]],[[[11.2477,58.5937],[11.2369,58.6033],[11.2571,58.6031],[11.2477,58.5937]]],[[[5.1435,59.3829],[5.1497,59.3917],[5.1571,59.3879],[5.1435,59.3829]]],[[[4.8119,60.8707],[4.8185,60.8635],[4.7967,60.8643],[4.8119,60.8707]]],[[[0.7195,51.7325],[0.7259,51.7221],[0.7057,51.7231],[0.7195,51.7325]]],[[[5.1503,61.8861],[5.1207,61.8897],[5.1555,61.8907],[5.1503,61.8861]]],[[[8.1245,63.4695],[8.1047,63.4777],[8.1399,63.4743],[8.1245,63.4695]]],[[[20.0429,60.0083],[20.0437,60.0175],[20.0585,60.0197],[20.0429,60.0083]]],[[[21.1871,62.3311],[21.2095,62.3461],[21.2013,62.3317],[21.1871,62.3311]]],[[[17.6423,59.0275],[17.6579,59.0413],[17.6559,59.0231],[17.6423,59.0275]]],[[[24.8867,65.6195],[24.8733,65.6235],[24.8861,65.6375],[24.8867,65.6195]]],[[[32.0275,46.1805],[32.0347,46.1775],[32.0131,46.1789],[32.0275,46.1805]]],[[[23.8567,65.7651],[23.8397,65.7693],[23.8561,65.7781],[23.8567,65.7651]]],[[[6.5135,58.2219],[6.5021,58.2267],[6.5295,58.2291],[6.5135,58.2219]]],[[[15.4405,68.0411],[15.4631,68.0333],[15.4311,68.0341],[15.4405,68.0411]]],[[[17.0627,58.6699],[17.0781,58.6647],[17.0631,58.6563],[17.0627,58.6699]]],[[[22.5429,59.9057],[22.5663,59.9071],[22.5629,59.9033],[22.5429,59.9057]]],[[[21.0851,60.1347],[21.0799,60.1459],[21.0951,60.1475],[21.0851,60.1347]]],[[[13.5839,66.8381],[13.6163,66.8355],[13.5997,66.8311],[13.5839,66.8381]]],[[[17.4859,61.9469],[17.4803,61.9569],[17.4955,61.9601],[17.4859,61.9469]]],[[[21.2029,60.4029],[21.2103,60.4129],[21.2195,60.4087],[21.2029,60.4029]]],[[[16.6969,57.6765],[16.7009,57.6721],[16.6883,57.6677],[16.6969,57.6765]]],[[[16.0329,68.1937],[16.0747,68.1985],[16.0547,68.1909],[16.0329,68.1937]]],[[[22.9671,59.8899],[22.9589,59.8937],[22.9745,59.8969],[22.9671,59.8899]]],[[[18.6801,59.2689],[18.7101,59.2811],[18.7107,59.2773],[18.6801,59.2689]]],[[[17.3221,58.7431],[17.3301,58.7335],[17.3211,58.7323],[17.3221,58.7431]]],[[[21.8393,60.1193],[21.8711,60.1291],[21.8541,60.1207],[21.8393,60.1193]]],[[[24.1633,65.7099],[24.1235,65.7113],[24.1555,65.7177],[24.1633,65.7099]]],[[[7.7377,58.0077],[7.7195,58.0143],[7.7405,58.0193],[7.7377,58.0077]]],[[[36.4627,64.3329],[36.4915,64.3269],[36.4707,64.3243],[36.4627,64.3329]]],[[[10.0931,64.2085],[10.1123,64.2001],[10.1023,64.1957],[10.0931,64.2085]]],[[[12.1423,66.0095],[12.1399,66.0135],[12.1657,66.0173],[12.1423,66.0095]]],[[[16.6785,57.4229],[16.7063,57.4269],[16.7037,57.4247],[16.6785,57.4229]]],[[[5.4421,60.0667],[5.4381,60.0649],[5.4275,60.0793],[5.4421,60.0667]]],[[[21.6849,60.4487],[21.7073,60.4481],[21.6949,60.4407],[21.6849,60.4487]]],[[[18.4453,60.2361],[18.4683,60.2275],[18.4631,60.2227],[18.4453,60.2361]]],[[[11.1745,55.2461],[11.1749,55.2495],[11.1949,55.2415],[11.1745,55.2461]]],[[[21.7561,60.5753],[21.7411,60.5829],[21.7419,60.5873],[21.7561,60.5753]]],[[[16.5037,69.0863],[16.5183,69.0755],[16.4957,69.0733],[16.5037,69.0863]]],[[[17.4135,69.1435],[17.3997,69.1475],[17.4363,69.1505],[17.4135,69.1435]]],[[[25.1587,70.2223],[25.2077,70.2323],[25.2035,70.2303],[25.1587,70.2223]]],[[[21.7975,63.4085],[21.7919,63.4085],[21.8015,63.4257],[21.7975,63.4085]]],[[[21.5069,60.1777],[21.4881,60.1797],[21.5159,60.1853],[21.5069,60.1777]]],[[[21.8261,60.1331],[21.8505,60.1345],[21.8367,60.1293],[21.8261,60.1331]]],[[[25.2979,65.3513],[25.2937,65.3631],[25.3145,65.3533],[25.2979,65.3513]]],[[[7.0223,58.0259],[7.0257,58.0189],[7.0081,58.0187],[7.0223,58.0259]]],[[[8.3121,55.5151],[8.3083,55.5233],[8.3149,55.5227],[8.3121,55.5151]]],[[[19.6867,60.1689],[19.6931,60.1775],[19.6999,60.1695],[19.6867,60.1689]]],[[[21.7677,60.0273],[21.7673,60.0399],[21.7803,60.0361],[21.7677,60.0273]]],[[[21.7817,60.3461],[21.8077,60.3425],[21.8073,60.3399],[21.7817,60.3461]]],[[[18.8199,63.2587],[18.8195,63.2691],[18.8407,63.2601],[18.8199,63.2587]]],[[[22.1989,59.8475],[22.1919,59.8491],[22.2207,59.8631],[22.1989,59.8475]]],[[[16.4825,57.1847],[16.5009,57.1889],[16.4983,57.1821],[16.4825,57.1847]]],[[[5.6695,59.2627],[5.6625,59.2767],[5.6741,59.2829],[5.6695,59.2627]]],[[[16.3503,58.6191],[16.3429,58.6307],[16.3711,58.6259],[16.3503,58.6191]]],[[[24.1173,65.6997],[24.0785,65.7103],[24.1139,65.7095],[24.1173,65.6997]]],[[[16.6917,57.5407],[16.7037,57.5465],[16.7071,57.5433],[16.6917,57.5407]]],[[[9.7391,59.0575],[9.7451,59.0487],[9.7207,59.0593],[9.7391,59.0575]]],[[[14.9319,68.5699],[14.9235,68.5727],[14.9345,68.5771],[14.9319,68.5699]]],[[[25.3821,59.5221],[25.3893,59.5133],[25.3773,59.5085],[25.3821,59.5221]]],[[[26.5991,60.3615],[26.5909,60.3619],[26.6143,60.3689],[26.5991,60.3615]]],[[[28.7001,60.7247],[28.6907,60.7287],[28.7105,60.7345],[28.7001,60.7247]]],[[[5.7345,59.6849],[5.7473,59.6813],[5.7289,59.6719],[5.7345,59.6849]]],[[[20.5525,60.0749],[20.5547,60.0717],[20.5201,60.0679],[20.5525,60.0749]]],[[[25.9385,60.2441],[25.9365,60.2471],[25.9689,60.2491],[25.9385,60.2441]]],[[[21.7785,58.3373],[21.7737,58.3417],[21.7991,58.3381],[21.7785,58.3373]]],[[[21.3043,60.2965],[21.3089,60.2865],[21.2905,60.2907],[21.3043,60.2965]]],[[[26.9033,70.6027],[26.9247,70.5971],[26.9197,70.5931],[26.9033,70.6027]]],[[[24.1355,65.7907],[24.1347,65.7955],[24.1511,65.8025],[24.1355,65.7907]]],[[[12.1325,65.4289],[12.1503,65.4439],[12.1541,65.4399],[12.1325,65.4289]]],[[[5.8719,58.4263],[5.8667,58.4285],[5.8875,58.4433],[5.8719,58.4263]]],[[[6.9237,58.0647],[6.9283,58.0593],[6.9095,58.0565],[6.9237,58.0647]]],[[[21.2415,62.9827],[21.2227,62.9899],[21.2393,62.9927],[21.2415,62.9827]]],[[[22.3281,59.8561],[22.3171,59.8633],[22.3447,59.8587],[22.3281,59.8561]]],[[[23.3831,58.9401],[23.3945,58.9545],[23.3973,58.9527],[23.3831,58.9401]]],[[[19.0119,59.7863],[19.0071,59.7911],[19.0291,59.7975],[19.0119,59.7863]]],[[[5.8319,58.9765],[5.8231,58.9897],[5.8351,58.9893],[5.8319,58.9765]]],[[[7.1883,58.0291],[7.1741,58.0287],[7.1723,58.0371],[7.1883,58.0291]]],[[[4.8663,52.4151],[4.8739,52.4059],[4.8503,52.4149],[4.8663,52.4151]]],[[[14.7153,67.5949],[14.7563,67.6005],[14.7363,67.5937],[14.7153,67.5949]]],[[[36.6633,64.0969],[36.6593,64.1005],[36.6727,64.1097],[36.6633,64.0969]]],[[[18.5593,59.0333],[18.5769,59.0235],[18.5617,59.0237],[18.5593,59.0333]]],[[[8.7339,58.4067],[8.7291,58.4121],[8.7367,58.4181],[8.7339,58.4067]]],[[[18.5455,59.0963],[18.5685,59.1059],[18.5671,59.0971],[18.5455,59.0963]]],[[[22.0843,59.8539],[22.0753,59.8575],[22.1059,59.8639],[22.0843,59.8539]]],[[[18.6695,59.4783],[18.6711,59.4757],[18.6339,59.4707],[18.6695,59.4783]]],[[[17.5049,58.8385],[17.5061,58.8475],[17.5215,58.8427],[17.5049,58.8385]]],[[[22.2701,63.4059],[22.2679,63.4007],[22.2621,63.4011],[22.2701,63.4059]]],[[[7.1927,62.7167],[7.2093,62.7225],[7.2465,62.7241],[7.1927,62.7167]]],[[[18.7291,59.4267],[18.7495,59.4189],[18.7279,59.4175],[18.7291,59.4267]]],[[[23.6611,64.1951],[23.6817,64.1735],[23.6679,64.1789],[23.6611,64.1951]]],[[[5.2287,61.5657],[5.2101,61.5701],[5.2477,61.5685],[5.2287,61.5657]]],[[[22.2917,59.9581],[22.3053,59.9551],[22.2889,59.9493],[22.2917,59.9581]]],[[[16.8711,58.4107],[16.8657,58.4127],[16.8931,58.4165],[16.8711,58.4107]]],[[[16.8633,58.2511],[16.8761,58.2385],[16.8601,58.2367],[16.8633,58.2511]]],[[[22.1889,60.1551],[22.1923,60.1529],[22.1525,60.1457],[22.1889,60.1551]]],[[[18.9895,57.7587],[18.9971,57.7601],[18.9883,57.7437],[18.9895,57.7587]]],[[[10.9891,64.8381],[10.9927,64.8447],[11.0087,64.8345],[10.9891,64.8381]]],[[[5.9361,59.1639],[5.9331,59.1735],[5.9495,59.1665],[5.9361,59.1639]]],[[[23.8327,59.9227],[23.8109,59.9249],[23.8311,59.9295],[23.8327,59.9227]]],[[[9.4683,58.8503],[9.4953,58.8415],[9.4925,58.8391],[9.4683,58.8503]]],[[[7.4147,63.0573],[7.4269,63.0533],[7.4185,63.0465],[7.4147,63.0573]]],[[[5.2121,60.7865],[5.2123,60.7933],[5.2241,60.7975],[5.2121,60.7865]]],[[[18.4135,59.4187],[18.4211,59.4141],[18.4005,59.4127],[18.4135,59.4187]]],[[[18.5191,60.2849],[18.5325,60.2829],[18.5263,60.2753],[18.5191,60.2849]]],[[[18.4029,59.2453],[18.4067,59.2507],[18.4219,59.2415],[18.4029,59.2453]]],[[[11.1051,58.9679],[11.1143,58.9511],[11.1047,58.9549],[11.1051,58.9679]]],[[[8.2807,56.0001],[8.2909,56.0001],[8.2799,55.9817],[8.2807,56.0001]]],[[[21.6849,60.4143],[21.6973,60.4045],[21.6895,60.3995],[21.6849,60.4143]]],[[[22.3863,60.2317],[22.3713,60.2353],[22.3939,60.2413],[22.3863,60.2317]]],[[[21.5715,60.4331],[21.5455,60.4425],[21.5667,60.4413],[21.5715,60.4331]]],[[[21.8817,63.2931],[21.8967,63.2889],[21.8939,63.2817],[21.8817,63.2931]]],[[[20.9223,60.3681],[20.9169,60.3735],[20.9247,60.3809],[20.9223,60.3681]]],[[[4.8191,60.5533],[4.8009,60.5493],[4.8051,60.5585],[4.8191,60.5533]]],[[[14.3815,53.8539],[14.3761,53.8575],[14.4001,53.8641],[14.3815,53.8539]]],[[[10.5389,59.8551],[10.5367,59.8577],[10.5573,59.8679],[10.5389,59.8551]]],[[[26.6551,60.3803],[26.6593,60.3777],[26.6293,60.3699],[26.6551,60.3803]]],[[[9.2093,63.5603],[9.2183,63.5561],[9.2015,63.5477],[9.2093,63.5603]]],[[[27.8975,70.6635],[27.8945,70.6677],[27.9349,70.6711],[27.8975,70.6635]]],[[[-5.2911,51.6999],[-5.2663,51.7057],[-5.2738,51.6999],[-5.2911,51.6999]]],[[[12.8219,66.5609],[12.8345,66.5571],[12.8325,66.5533],[12.8219,66.5609]]],[[[25.2409,60.2505],[25.2117,60.2501],[25.2185,60.2529],[25.2409,60.2505]]],[[[16.8883,69.0271],[16.8795,69.0289],[16.9027,69.0381],[16.8883,69.0271]]],[[[21.3245,60.8165],[21.3355,60.8291],[21.3397,60.8255],[21.3245,60.8165]]],[[[21.9971,63.2697],[22.0215,63.2685],[22.0163,63.2661],[21.9971,63.2697]]],[[[22.3755,65.6121],[22.3851,65.5987],[22.3647,65.6029],[22.3755,65.6121]]],[[[9.8043,59.0057],[9.8179,58.9997],[9.8031,58.9941],[9.8043,59.0057]]],[[[21.9867,60.2067],[21.9813,60.2125],[22.0047,60.2133],[21.9867,60.2067]]],[[[26.6931,60.3919],[26.6815,60.4001],[26.6909,60.4065],[26.6931,60.3919]]],[[[21.4409,61.8417],[21.4359,61.8483],[21.4485,61.8511],[21.4409,61.8417]]],[[[8.4695,63.5837],[8.4689,63.5907],[8.4873,63.5853],[8.4695,63.5837]]],[[[5.1481,59.7493],[5.1609,59.7503],[5.1625,59.7425],[5.1481,59.7493]]],[[[5.3267,61.3539],[5.3209,61.3575],[5.3521,61.3591],[5.3267,61.3539]]],[[[12.7257,54.4061],[12.7209,54.4081],[12.7417,54.4131],[12.7257,54.4061]]],[[[21.6721,60.5037],[21.6821,60.4939],[21.6573,60.4949],[21.6721,60.5037]]],[[[20.2955,60.2459],[20.3059,60.2577],[20.3077,60.2409],[20.2955,60.2459]]],[[[21.8803,60.3225],[21.8771,60.3271],[21.9103,60.3231],[21.8803,60.3225]]],[[[19.3233,60.2169],[19.3399,60.2131],[19.3281,60.2125],[19.3233,60.2169]]],[[[22.4915,59.8575],[22.5177,59.8575],[22.5153,59.8551],[22.4915,59.8575]]],[[[11.9589,57.3453],[11.9761,57.3407],[11.9435,57.3415],[11.9589,57.3453]]],[[[9.0487,63.4599],[9.0375,63.4667],[9.0557,63.4701],[9.0487,63.4599]]],[[[23.2929,63.9479],[23.3101,63.9453],[23.2985,63.9349],[23.2929,63.9479]]],[[[28.6485,60.5247],[28.6323,60.5267],[28.6433,60.5379],[28.6485,60.5247]]],[[[20.2751,60.2657],[20.2857,60.2555],[20.2733,60.2537],[20.2751,60.2657]]],[[[-6.0846,56.4715],[-6.0812,56.4689],[-6.1054,56.4675],[-6.0846,56.4715]]],[[[5.8431,59.2243],[5.8437,59.2347],[5.8589,59.2323],[5.8431,59.2243]]],[[[29.6087,44.8293],[29.6209,44.8481],[29.6205,44.8395],[29.6087,44.8293]]],[[[18.5579,60.2685],[18.5457,60.2757],[18.5473,60.2807],[18.5579,60.2685]]],[[[10.2787,64.2875],[10.2649,64.2883],[10.3047,64.2939],[10.2787,64.2875]]],[[[10.8005,56.1229],[10.7977,56.1255],[10.8197,56.1293],[10.8005,56.1229]]],[[[20.8985,60.5341],[20.9019,60.5317],[20.8901,60.5249],[20.8985,60.5341]]],[[[21.2129,60.9367],[21.2059,60.9451],[21.2249,60.9451],[21.2129,60.9367]]],[[[21.5543,65.0357],[21.5281,65.0431],[21.5377,65.0475],[21.5543,65.0357]]],[[[7.9643,63.0971],[7.9575,63.0999],[7.9773,63.1081],[7.9643,63.0971]]],[[[10.4835,54.9569],[10.4723,54.9641],[10.4971,54.9671],[10.4835,54.9569]]],[[[10.2715,64.2983],[10.2707,64.3011],[10.2825,64.3071],[10.2715,64.2983]]],[[[19.9747,60.3723],[19.9641,60.3777],[19.9693,60.3811],[19.9747,60.3723]]],[[[10.7335,64.9399],[10.7615,64.9483],[10.7581,64.9449],[10.7335,64.9399]]],[[[11.1617,58.9219],[11.1805,58.9135],[11.1647,58.9123],[11.1617,58.9219]]],[[[-2.7046,47.5975],[-2.7027,47.5949],[-2.7254,47.5893],[-2.7046,47.5975]]],[[[18.7407,63.0889],[18.7411,63.0665],[18.7335,63.0723],[18.7407,63.0889]]],[[[21.8903,60.2867],[21.9127,60.2759],[21.8905,60.2771],[21.8903,60.2867]]],[[[11.7903,58.2859],[11.7827,58.2923],[11.7991,58.2959],[11.7903,58.2859]]],[[[21.5395,60.0937],[21.5329,60.0991],[21.5515,60.1027],[21.5395,60.0937]]],[[[23.0571,58.7739],[23.0431,58.7747],[23.0489,58.7831],[23.0571,58.7739]]],[[[11.9999,54.9413],[11.9855,54.9497],[11.9999,54.9537],[11.9999,54.9413]]],[[[9.3973,63.5897],[9.3839,63.5899],[9.3991,63.6019],[9.3973,63.5897]]],[[[8.3965,62.9171],[8.4103,62.9039],[8.3965,62.9079],[8.3965,62.9171]]],[[[23.2833,58.4303],[23.2967,58.4327],[23.2841,58.4247],[23.2833,58.4303]]],[[[20.5205,60.0939],[20.5443,60.0865],[20.5287,60.0867],[20.5205,60.0939]]],[[[22.4039,65.7909],[22.3887,65.8039],[22.4089,65.7979],[22.4039,65.7909]]],[[[25.3179,60.2401],[25.3033,60.2463],[25.3315,60.2463],[25.3179,60.2401]]],[[[20.4847,60.1255],[20.5041,60.1269],[20.4717,60.1185],[20.4847,60.1255]]],[[[22.0793,65.4947],[22.0951,65.4829],[22.0657,65.4927],[22.0793,65.4947]]],[[[1.2591,51.8881],[1.2803,51.8793],[1.2629,51.8793],[1.2591,51.8881]]],[[[4.8925,60.7119],[4.8949,60.7045],[4.8785,60.7051],[4.8925,60.7119]]],[[[27.5681,60.4305],[27.5489,60.4335],[27.5641,60.4401],[27.5681,60.4305]]],[[[25.2853,65.0023],[25.2847,65.0071],[25.3113,65.0035],[25.2853,65.0023]]],[[[11.1995,58.6743],[11.2087,58.6827],[11.2131,58.6749],[11.1995,58.6743]]],[[[11.4757,54.9123],[11.5077,54.9115],[11.4827,54.9047],[11.4757,54.9123]]],[[[26.6435,60.3065],[26.6525,60.3009],[26.6367,60.2903],[26.6435,60.3065]]],[[[21.8297,60.3203],[21.8059,60.3253],[21.8173,60.3277],[21.8297,60.3203]]],[[[16.7449,57.9753],[16.7387,57.9767],[16.7585,57.9873],[16.7449,57.9753]]],[[[22.3353,59.8443],[22.3231,59.8491],[22.3465,59.8485],[22.3353,59.8443]]],[[[25.8923,60.2385],[25.9271,60.2433],[25.9129,60.2393],[25.8923,60.2385]]],[[[22.9743,59.9135],[22.9831,59.9119],[22.9739,59.9043],[22.9743,59.9135]]],[[[9.4289,63.5453],[9.4149,63.5503],[9.4319,63.5567],[9.4289,63.5453]]],[[[25.4467,60.1709],[25.4575,60.1627],[25.4391,60.1647],[25.4467,60.1709]]],[[[12.7257,66.6091],[12.7203,66.6107],[12.7437,66.6147],[12.7257,66.6091]]],[[[11.2297,58.3713],[11.2391,58.3597],[11.2313,58.3559],[11.2297,58.3713]]],[[[21.0759,60.2671],[21.0627,60.2797],[21.0745,60.2803],[21.0759,60.2671]]],[[[23.4547,65.7885],[23.4381,65.7927],[23.4507,65.8027],[23.4547,65.7885]]],[[[22.2111,60.1347],[22.2427,60.1415],[22.2285,60.1355],[22.2111,60.1347]]],[[[5.0717,60.4047],[5.0823,60.3935],[5.0727,60.3897],[5.0717,60.4047]]],[[[25.8491,60.2491],[25.8467,60.2613],[25.8511,60.2627],[25.8491,60.2491]]],[[[5.1869,59.9069],[5.1647,59.9163],[5.1729,59.9211],[5.1869,59.9069]]],[[[17.7609,68.8897],[17.7407,68.9005],[17.7553,68.9011],[17.7609,68.8897]]],[[[19.5305,63.4541],[19.5387,63.4485],[19.5291,63.4397],[19.5305,63.4541]]],[[[6.2645,62.5503],[6.2525,62.5541],[6.2699,62.5635],[6.2645,62.5503]]],[[[24.6071,60.0655],[24.6321,60.0685],[24.6269,60.0663],[24.6071,60.0655]]],[[[11.6085,58.2447],[11.6281,58.2571],[11.6277,58.2519],[11.6085,58.2447]]],[[[4.8769,60.8339],[4.9013,60.8149],[4.8929,60.8125],[4.8769,60.8339]]],[[[8.2879,63.5203],[8.3193,63.5289],[8.3063,63.5207],[8.2879,63.5203]]],[[[18.7701,63.1205],[18.7653,63.1279],[18.7795,63.1333],[18.7701,63.1205]]],[[[16.5699,57.1271],[16.5849,57.1179],[16.5767,57.1161],[16.5699,57.1271]]],[[[21.0735,60.3885],[21.0863,60.3957],[21.0879,60.3929],[21.0735,60.3885]]],[[[25.2639,70.4839],[25.2923,70.4931],[25.2905,70.4897],[25.2639,70.4839]]],[[[11.9353,57.3699],[11.9303,57.3711],[11.9445,57.3807],[11.9353,57.3699]]],[[[17.8289,69.6021],[17.8473,69.5939],[17.8215,69.5947],[17.8289,69.6021]]],[[[16.8919,58.3757],[16.9021,58.3711],[16.8943,58.3671],[16.8919,58.3757]]],[[[13.1189,54.3043],[13.1143,54.3137],[13.1297,54.3091],[13.1189,54.3043]]],[[[21.5735,60.0919],[21.5603,60.0933],[21.5805,60.1009],[21.5735,60.0919]]],[[[28.4565,60.6193],[28.4629,60.6147],[28.4517,60.6113],[28.4565,60.6193]]],[[[19.7731,60.3579],[19.7879,60.3559],[19.7805,60.3503],[19.7731,60.3579]]],[[[25.3481,60.1761],[25.3595,60.1709],[25.3399,60.1701],[25.3481,60.1761]]],[[[21.2291,60.3037],[21.2255,60.3155],[21.2413,60.3097],[21.2291,60.3037]]],[[[18.9131,59.6923],[18.9261,59.6859],[18.8949,59.6881],[18.9131,59.6923]]],[[[27.0911,60.4981],[27.0831,60.4985],[27.0959,60.5085],[27.0911,60.4981]]],[[[18.1903,59.0397],[18.2031,59.0367],[18.1681,59.0395],[18.1903,59.0397]]],[[[11.3837,58.2337],[11.3799,58.2405],[11.3911,58.2433],[11.3837,58.2337]]],[[[20.7141,60.2379],[20.7167,60.2527],[20.7273,60.2429],[20.7141,60.2379]]],[[[19.9521,60.0555],[19.9771,60.0523],[19.9599,60.0487],[19.9521,60.0555]]],[[[21.1761,60.9453],[21.1665,60.9545],[21.1799,60.9541],[21.1761,60.9453]]],[[[10.3545,59.1149],[10.3647,59.1235],[10.3685,59.1167],[10.3545,59.1149]]],[[[10.3257,59.5157],[10.3171,59.5331],[10.3257,59.5311],[10.3257,59.5157]]],[[[22.1387,63.4671],[22.1423,63.4617],[22.1355,63.4557],[22.1387,63.4671]]],[[[12.2539,65.9381],[12.2837,65.9469],[12.3077,65.9481],[12.2539,65.9381]]],[[[24.6609,60.0985],[24.6841,60.1065],[24.6823,60.1031],[24.6609,60.0985]]],[[[9.1381,63.4789],[9.1533,63.4745],[9.1343,63.4681],[9.1381,63.4789]]],[[[5.4065,59.7345],[5.3963,59.7463],[5.4117,59.7461],[5.4065,59.7345]]],[[[15.7741,56.0461],[15.7713,56.0525],[15.7835,56.0589],[15.7741,56.0461]]],[[[17.9763,58.9529],[17.9753,58.9567],[17.9937,58.9621],[17.9763,58.9529]]],[[[5.4139,60.1441],[5.4051,60.1451],[5.4171,60.1581],[5.4139,60.1441]]],[[[27.7377,60.4547],[27.7239,60.4647],[27.7445,60.4669],[27.7377,60.4547]]],[[[23.1909,58.7525],[23.1685,58.7513],[23.1799,58.7593],[23.1909,58.7525]]],[[[9.5995,58.9019],[9.5743,58.8935],[9.5769,58.8969],[9.5995,58.9019]]],[[[25.2227,60.2189],[25.2535,60.2183],[25.2495,60.2159],[25.2227,60.2189]]],[[[21.2797,60.2285],[21.3029,60.2275],[21.3021,60.2271],[21.2797,60.2285]]],[[[24.5953,65.6393],[24.6039,65.6277],[24.6005,65.6271],[24.5953,65.6393]]],[[[15.2939,68.9069],[15.2903,68.9095],[15.3233,68.9137],[15.2939,68.9069]]],[[[18.7007,59.1493],[18.7137,59.1455],[18.6933,59.1361],[18.7007,59.1493]]],[[[22.7491,65.7997],[22.7259,65.8135],[22.7315,65.8143],[22.7491,65.7997]]],[[[5.2805,61.8475],[5.2899,61.8465],[5.2847,61.8361],[5.2805,61.8475]]],[[[9.7543,59.0275],[9.7445,59.0427],[9.7503,59.0417],[9.7543,59.0275]]],[[[10.3929,59.4865],[10.3731,59.4983],[10.3799,59.4995],[10.3929,59.4865]]],[[[-3.7802,43.4759],[-3.7632,43.4709],[-3.7689,43.4679],[-3.7802,43.4759]]],[[[21.9437,60.1383],[21.9377,60.1405],[21.9539,60.1489],[21.9437,60.1383]]],[[[25.0853,59.6025],[25.0879,59.6089],[25.1083,59.5967],[25.0853,59.6025]]],[[[21.3583,60.1729],[21.3385,60.1771],[21.3589,60.1813],[21.3583,60.1729]]],[[[22.1255,60.3823],[22.1179,60.3853],[22.1509,60.3895],[22.1255,60.3823]]],[[[14.8523,68.4361],[14.8695,68.4317],[14.8511,68.4233],[14.8523,68.4361]]],[[[16.7383,57.8575],[16.7333,57.8657],[16.7529,57.8613],[16.7383,57.8575]]],[[[28.4447,60.5601],[28.4297,60.5691],[28.4547,60.5667],[28.4447,60.5601]]],[[[27.5405,60.4473],[27.5301,60.4511],[27.5395,60.4553],[27.5405,60.4473]]],[[[8.6959,54.1257],[8.6811,54.1341],[8.6979,54.1377],[8.6959,54.1257]]],[[[21.3591,60.7989],[21.3643,60.7893],[21.3583,60.7903],[21.3591,60.7989]]],[[[23.7803,58.3467],[23.7891,58.3311],[23.7831,58.3335],[23.7803,58.3467]]],[[[22.7797,63.8955],[22.7613,63.9031],[22.7797,63.9055],[22.7797,63.8955]]],[[[11.3871,58.2997],[11.3911,58.2917],[11.3879,58.2885],[11.3871,58.2997]]],[[[18.0115,69.6385],[18.0437,69.6295],[18.0235,69.6287],[18.0115,69.6385]]],[[[18.9627,59.3755],[18.9675,59.3729],[18.9561,59.3609],[18.9627,59.3755]]],[[[21.7727,60.1197],[21.7893,60.1159],[21.7685,60.1135],[21.7727,60.1197]]],[[[18.2769,62.8977],[18.2787,62.8861],[18.2697,62.8821],[18.2769,62.8977]]],[[[18.9759,59.2913],[18.9871,59.2877],[18.9591,59.2853],[18.9759,59.2913]]],[[[5.1073,60.3641],[5.1135,60.3513],[5.1059,60.3537],[5.1073,60.3641]]],[[[16.8319,58.4135],[16.8283,58.4187],[16.8475,58.4189],[16.8319,58.4135]]],[[[20.5887,60.0755],[20.5819,60.0797],[20.6085,60.0753],[20.5887,60.0755]]],[[[21.3681,63.0509],[21.3619,63.0577],[21.3867,63.0579],[21.3681,63.0509]]],[[[5.3655,62.2383],[5.3759,62.2245],[5.3669,62.2311],[5.3655,62.2383]]],[[[21.8185,60.3741],[21.8179,60.3765],[21.8569,60.3713],[21.8185,60.3741]]],[[[21.8007,60.4663],[21.8153,60.4769],[21.8185,60.4745],[21.8007,60.4663]]],[[[16.0719,56.2563],[16.0567,56.2665],[16.0691,56.2697],[16.0719,56.2563]]],[[[23.4133,58.8409],[23.4163,58.8383],[23.4143,58.8317],[23.4133,58.8409]]],[[[21.8215,63.2865],[21.8121,63.2909],[21.8235,63.2971],[21.8215,63.2865]]],[[[21.2429,64.8895],[21.2605,64.8821],[21.2553,64.8785],[21.2429,64.8895]]],[[[10.8229,64.9963],[10.8505,65.0069],[10.8351,64.9971],[10.8229,64.9963]]],[[[3.9231,51.7337],[3.9139,51.7381],[3.9215,51.7411],[3.9231,51.7337]]],[[[22.9047,59.8935],[22.8967,59.8981],[22.9117,59.9017],[22.9047,59.8935]]],[[[22.3885,59.9797],[22.4037,59.9745],[22.3995,59.9703],[22.3885,59.9797]]],[[[-1.1169,45.9543],[-1.1197,45.9613],[-1.1081,45.9595],[-1.1169,45.9543]]],[[[11.1209,59.1399],[11.1325,59.1477],[11.1379,59.1429],[11.1209,59.1399]]],[[[21.7853,60.1039],[21.8105,60.0997],[21.8055,60.0971],[21.7853,60.1039]]],[[[25.0793,70.1675],[25.0769,70.1693],[25.0993,70.1829],[25.0793,70.1675]]],[[[11.3065,54.9615],[11.3047,54.9691],[11.3201,54.9661],[11.3065,54.9615]]],[[[0.6017,51.4039],[0.6155,51.3983],[0.6007,51.3959],[0.6017,51.4039]]],[[[15.8131,68.6335],[15.8437,68.6381],[15.8347,68.6329],[15.8131,68.6335]]],[[[5.8907,62.2259],[5.8863,62.2289],[5.9057,62.2353],[5.8907,62.2259]]],[[[27.0743,60.4243],[27.0893,60.4165],[27.0815,60.4133],[27.0743,60.4243]]],[[[20.8315,60.0429],[20.8417,60.0351],[20.8343,60.0317],[20.8315,60.0429]]],[[[22.9257,60.0643],[22.9095,60.0701],[22.9355,60.0685],[22.9257,60.0643]]],[[[22.4989,60.2405],[22.4979,60.2447],[22.5153,60.2457],[22.4989,60.2405]]],[[[49.0289,39.1961],[49.0303,39.1849],[49.0271,39.1857],[49.0289,39.1961]]],[[[5.0651,59.8463],[5.0627,59.8575],[5.0757,59.8537],[5.0651,59.8463]]],[[[18.4897,59.0635],[18.4965,59.0745],[18.5013,59.0675],[18.4897,59.0635]]],[[[8.5537,54.4643],[8.5483,54.4719],[8.5685,54.4683],[8.5537,54.4643]]],[[[22.0899,63.4267],[22.0819,63.4311],[22.0967,63.4397],[22.0899,63.4267]]],[[[6.8717,53.5967],[6.8559,53.5955],[6.8695,53.6039],[6.8717,53.5967]]],[[[11.3581,55.1891],[11.3575,55.1913],[11.3853,55.1861],[11.3581,55.1891]]],[[[4.9775,60.3077],[4.9783,60.3127],[4.9889,60.3149],[4.9775,60.3077]]],[[[4.7185,61.1199],[4.7375,61.1123],[4.7185,61.1107],[4.7185,61.1199]]],[[[15.1687,56.1349],[15.1647,56.1385],[15.1847,56.1383],[15.1687,56.1349]]],[[[21.3745,60.0709],[21.3619,60.0777],[21.3769,60.0795],[21.3745,60.0709]]],[[[10.9615,59.1333],[10.9527,59.1239],[10.9481,59.1289],[10.9615,59.1333]]],[[[14.8245,68.8431],[14.8171,68.8459],[14.8467,68.8487],[14.8245,68.8431]]],[[[21.3943,63.0871],[21.4079,63.0825],[21.3925,63.0751],[21.3943,63.0871]]],[[[15.4207,56.1235],[15.4147,56.1293],[15.4293,56.1305],[15.4207,56.1235]]],[[[21.4355,60.3045],[21.4277,60.3081],[21.4301,60.3193],[21.4355,60.3045]]],[[[21.4807,60.3027],[21.4679,60.3055],[21.4837,60.3121],[21.4807,60.3027]]],[[[5.0103,60.5571],[5.0131,60.5545],[5.0031,60.5529],[5.0103,60.5571]]],[[[20.5075,60.1421],[20.5279,60.1519],[20.5175,60.1439],[20.5075,60.1421]]],[[[21.7253,60.2141],[21.7447,60.2123],[21.7375,60.2077],[21.7253,60.2141]]],[[[25.2935,60.2263],[25.2855,60.2383],[25.3061,60.2319],[25.2935,60.2263]]],[[[4.7929,60.5925],[4.7775,60.5969],[4.7941,60.6007],[4.7929,60.5925]]],[[[21.6941,60.2713],[21.6907,60.2769],[21.7123,60.2761],[21.6941,60.2713]]],[[[19.5983,60.4075],[19.6127,60.4203],[19.6129,60.4119],[19.5983,60.4075]]],[[[19.0295,59.6801],[19.0233,59.6855],[19.0445,59.6897],[19.0295,59.6801]]],[[[21.5157,61.3837],[21.5087,61.3897],[21.5219,61.3931],[21.5157,61.3837]]],[[[21.4845,60.2735],[21.4931,60.2753],[21.4957,60.2693],[21.4845,60.2735]]],[[[21.8751,60.1377],[21.9033,60.1435],[21.8859,60.1367],[21.8751,60.1377]]],[[[11.6921,57.8223],[11.6811,57.8249],[11.7045,57.8253],[11.6921,57.8223]]],[[[4.7993,61.1239],[4.8045,61.1125],[4.7905,61.1159],[4.7993,61.1239]]],[[[14.2709,53.7055],[14.2533,53.7001],[14.2505,53.7047],[14.2709,53.7055]]],[[[-6.036,56.6221],[-6.0331,56.6151],[-6.049,56.6213],[-6.036,56.6221]]],[[[23.5273,64.0881],[23.5353,64.0809],[23.5239,64.0787],[23.5273,64.0881]]],[[[22.8613,65.7099],[22.8463,65.7199],[22.8713,65.7125],[22.8613,65.7099]]],[[[5.1747,60.1545],[5.1675,60.1595],[5.1759,60.1667],[5.1747,60.1545]]],[[[12.5505,66.3697],[12.5751,66.3803],[12.5693,66.3715],[12.5505,66.3697]]],[[[21.1515,60.3441],[21.1487,60.3463],[21.1597,60.3543],[21.1515,60.3441]]],[[[11.6175,57.9267],[11.6085,57.9299],[11.6171,57.9351],[11.6175,57.9267]]],[[[5.3045,60.1777],[5.3233,60.1763],[5.3167,60.1709],[5.3045,60.1777]]],[[[13.2789,45.7281],[13.2811,45.7379],[13.2891,45.7303],[13.2789,45.7281]]],[[[20.9369,60.3485],[20.9313,60.3577],[20.9495,60.3553],[20.9369,60.3485]]],[[[7.0015,58.0567],[6.9901,58.0577],[6.9953,58.0643],[7.0015,58.0567]]],[[[4.8283,60.7989],[4.8375,60.7881],[4.8277,60.7883],[4.8283,60.7989]]],[[[10.4961,54.8895],[10.5127,54.8847],[10.4797,54.8873],[10.4961,54.8895]]],[[[9.8823,55.2441],[9.8695,55.2543],[9.8915,55.2507],[9.8823,55.2441]]],[[[18.6921,59.5909],[18.7085,59.6009],[18.7063,59.5913],[18.6921,59.5909]]],[[[17.4573,62.5209],[17.4533,62.5377],[17.4579,62.5361],[17.4573,62.5209]]],[[[13.9587,67.4147],[13.9879,67.4217],[13.9803,67.4165],[13.9587,67.4147]]],[[[8.4485,63.6139],[8.4451,63.6155],[8.4621,63.6207],[8.4485,63.6139]]],[[[23.8555,59.9203],[23.8465,59.9227],[23.8639,59.9291],[23.8555,59.9203]]],[[[25.1995,65.2571],[25.2001,65.2623],[25.2217,65.2633],[25.1995,65.2571]]],[[[4.9611,61.6435],[4.9749,61.6343],[4.9615,61.6345],[4.9611,61.6435]]],[[[22.9945,60.1013],[22.9911,60.1025],[23.0125,60.1097],[22.9945,60.1013]]],[[[14.9369,67.9189],[14.9641,67.9247],[14.9317,67.9105],[14.9369,67.9189]]],[[[10.3905,64.3665],[10.3899,64.3681],[10.4033,64.3747],[10.3905,64.3665]]],[[[18.6443,63.1185],[18.6437,63.1375],[18.6517,63.1237],[18.6443,63.1185]]],[[[5.2521,59.9175],[5.2339,59.9303],[5.2375,59.9331],[5.2521,59.9175]]],[[[25.3681,70.2721],[25.4043,70.2745],[25.3973,70.2731],[25.3681,70.2721]]],[[[17.4601,60.7515],[17.4617,60.7455],[17.4477,60.7407],[17.4601,60.7515]]],[[[21.6201,60.4821],[21.6209,60.4917],[21.6349,60.4879],[21.6201,60.4821]]],[[[8.9857,63.4313],[8.9563,63.4275],[8.9755,63.4369],[8.9857,63.4313]]],[[[11.3567,64.4105],[11.3641,64.4029],[11.3471,64.4013],[11.3567,64.4105]]],[[[27.0739,60.4407],[27.0829,60.4273],[27.0727,60.4279],[27.0739,60.4407]]],[[[21.2425,60.0709],[21.2621,60.0797],[21.2503,60.0689],[21.2425,60.0709]]],[[[21.0971,63.2705],[21.1097,63.2639],[21.0909,63.2629],[21.0971,63.2705]]],[[[21.9245,60.2347],[21.9371,60.2309],[21.9335,60.2279],[21.9245,60.2347]]],[[[20.3639,60.1933],[20.3759,60.1883],[20.3631,60.1807],[20.3639,60.1933]]],[[[17.3827,61.6107],[17.3727,61.6193],[17.3907,61.6175],[17.3827,61.6107]]],[[[5.1525,60.2975],[5.1657,60.3009],[5.1693,60.2969],[5.1525,60.2975]]],[[[22.7267,65.8529],[22.7445,65.8583],[22.7607,65.8529],[22.7267,65.8529]]],[[[20.3151,60.2641],[20.3243,60.2703],[20.3283,60.2677],[20.3151,60.2641]]],[[[11.6403,57.9389],[11.6353,57.9419],[11.6635,57.9407],[11.6403,57.9389]]],[[[21.1209,60.1655],[21.1085,60.1699],[21.1283,60.1707],[21.1209,60.1655]]],[[[13.4313,45.6975],[13.4285,45.7117],[13.4379,45.7083],[13.4313,45.6975]]],[[[21.4117,62.9927],[21.3973,62.9969],[21.4241,62.9973],[21.4117,62.9927]]],[[[16.9779,58.2703],[16.9733,58.2735],[16.9855,58.2811],[16.9779,58.2703]]],[[[11.4967,64.5677],[11.4817,64.5755],[11.4927,64.5787],[11.4967,64.5677]]],[[[23.6437,64.1467],[23.6299,64.1573],[23.6347,64.1589],[23.6437,64.1467]]],[[[6.5953,62.6271],[6.5913,62.6281],[6.6197,62.6331],[6.5953,62.6271]]],[[[11.6469,64.7997],[11.6829,64.8041],[11.6765,64.8013],[11.6469,64.7997]]],[[[17.4769,58.7713],[17.4825,58.7773],[17.4917,58.7753],[17.4769,58.7713]]],[[[22.4177,59.8331],[22.4113,59.8375],[22.4189,59.8411],[22.4177,59.8331]]],[[[16.7071,57.5617],[16.7191,57.5549],[16.7031,57.5529],[16.7071,57.5617]]],[[[5.1367,60.0353],[5.1471,60.0315],[5.1305,60.0245],[5.1367,60.0353]]],[[[18.7799,59.5623],[18.7679,59.5655],[18.7705,59.5685],[18.7799,59.5623]]],[[[11.8059,57.6227],[11.7991,57.6271],[11.8107,57.6357],[11.8059,57.6227]]],[[[21.9135,60.1159],[21.9081,60.1183],[21.9167,60.1253],[21.9135,60.1159]]],[[[5.2655,60.7763],[5.2619,60.7683],[5.2483,60.7757],[5.2655,60.7763]]],[[[23.8841,59.9359],[23.8931,59.9301],[23.8877,59.9247],[23.8841,59.9359]]],[[[12.6079,66.3025],[12.6299,66.3151],[12.6297,66.3125],[12.6079,66.3025]]],[[[29.7765,45.4469],[29.7809,45.4513],[29.7771,45.4353],[29.7765,45.4469]]],[[[4.3485,51.7235],[4.3611,51.7183],[4.3607,51.7167],[4.3485,51.7235]]],[[[21.2955,62.1167],[21.2945,62.1317],[21.2987,62.1327],[21.2955,62.1167]]],[[[5.9771,59.1581],[5.9699,59.1641],[5.9859,59.1671],[5.9771,59.1581]]],[[[-5.5589,56.1405],[-5.5772,56.1321],[-5.5665,56.1443],[-5.5589,56.1405]]],[[[22.0361,63.3295],[22.0533,63.3343],[22.0501,63.3241],[22.0361,63.3295]]],[[[5.5655,60.0847],[5.5815,60.0793],[5.5669,60.0765],[5.5655,60.0847]]],[[[26.3481,60.3653],[26.3443,60.3697],[26.3545,60.3745],[26.3481,60.3653]]],[[[21.4361,61.2193],[21.4517,61.2095],[21.4381,61.2113],[21.4361,61.2193]]],[[[31.8185,46.3411],[31.8191,46.3383],[31.8069,46.3331],[31.8185,46.3411]]],[[[16.5705,57.3077],[16.5661,57.3123],[16.5721,57.3167],[16.5705,57.3077]]],[[[18.8651,59.2123],[18.8677,59.2025],[18.8539,59.2067],[18.8651,59.2123]]],[[[11.7711,58.0685],[11.7877,58.0633],[11.7803,58.0571],[11.7711,58.0685]]],[[[12.6261,65.8695],[12.5967,65.8551],[12.6123,65.8655],[12.6261,65.8695]]],[[[20.3015,60.1795],[20.3103,60.1675],[20.3045,60.1667],[20.3015,60.1795]]],[[[4.8397,60.8755],[4.8405,60.8785],[4.8677,60.8673],[4.8397,60.8755]]],[[[12.2527,65.8385],[12.2651,65.8495],[12.2649,65.8377],[12.2527,65.8385]]],[[[10.7423,59.2665],[10.7327,59.2663],[10.7403,59.2785],[10.7423,59.2665]]],[[[19.7071,60.2955],[19.7063,60.3083],[19.7187,60.2973],[19.7071,60.2955]]],[[[6.9987,58.0135],[6.9823,58.0187],[6.9991,58.0221],[6.9987,58.0135]]],[[[13.6039,67.0399],[13.5975,67.0407],[13.6247,67.0519],[13.6039,67.0399]]],[[[27.8469,60.4967],[27.8409,60.5055],[27.8505,60.5061],[27.8469,60.4967]]],[[[22.8413,60.0465],[22.8467,60.0441],[22.8445,60.0347],[22.8413,60.0465]]],[[[21.8811,60.0065],[21.8729,60.0101],[21.8869,60.0163],[21.8811,60.0065]]],[[[21.7295,60.1003],[21.7199,60.1037],[21.7389,60.1051],[21.7295,60.1003]]],[[[12.4185,66.4155],[12.4169,66.4163],[12.4545,66.4221],[12.4185,66.4155]]],[[[22.1749,60.1291],[22.2029,60.1333],[22.1855,60.1299],[22.1749,60.1291]]],[[[12.2157,65.7955],[12.2249,65.8127],[12.2279,65.8003],[12.2157,65.7955]]],[[[27.1359,60.2855],[27.1581,60.2933],[27.1567,60.2899],[27.1359,60.2855]]],[[[20.2625,60.4175],[20.2759,60.4257],[20.2779,60.4227],[20.2625,60.4175]]],[[[21.7345,65.1373],[21.7401,65.1299],[21.7251,65.1275],[21.7345,65.1373]]],[[[8.2097,58.1117],[8.2069,58.1133],[8.2181,58.1201],[8.2097,58.1117]]],[[[21.4105,60.3371],[21.4361,60.3335],[21.4305,60.3297],[21.4105,60.3371]]],[[[21.4667,61.6333],[21.4695,61.6299],[21.4587,61.6275],[21.4667,61.6333]]],[[[10.5095,59.1867],[10.5013,59.1915],[10.5089,59.1991],[10.5095,59.1867]]],[[[21.3309,61.8453],[21.3295,61.8529],[21.3331,61.8573],[21.3309,61.8453]]],[[[18.6963,59.1757],[18.7181,59.1809],[18.7145,59.1783],[18.6963,59.1757]]],[[[13.3513,45.6899],[13.3513,45.6955],[13.3681,45.6873],[13.3513,45.6899]]],[[[4.9145,60.9629],[4.9173,60.9565],[4.9029,60.9547],[4.9145,60.9629]]],[[[8.4143,63.6723],[8.4027,63.6781],[8.4273,63.6771],[8.4143,63.6723]]],[[[4.9095,61.2955],[4.9043,61.3075],[4.9151,61.3063],[4.9095,61.2955]]],[[[10.7625,55.9433],[10.7497,55.9489],[10.7661,55.9495],[10.7625,55.9433]]],[[[4.9585,60.6583],[4.9775,60.6473],[4.9635,60.6491],[4.9585,60.6583]]],[[[20.9871,60.3747],[20.9977,60.3663],[20.9921,60.3619],[20.9871,60.3747]]],[[[36.2891,64.0933],[36.2845,64.1033],[36.2993,64.1029],[36.2891,64.0933]]],[[[7.8561,63.1841],[7.8765,63.1823],[7.8663,63.1781],[7.8561,63.1841]]],[[[22.2833,60.3385],[22.2905,60.3407],[22.2927,60.3275],[22.2833,60.3385]]],[[[21.4895,60.1517],[21.4903,60.1547],[21.5041,60.1589],[21.4895,60.1517]]],[[[22.4509,60.3871],[22.4675,60.3933],[22.4693,60.3893],[22.4509,60.3871]]],[[[25.0655,70.2279],[25.0955,70.2355],[25.0917,70.2325],[25.0655,70.2279]]],[[[4.9095,60.8355],[4.9175,60.8301],[4.9153,60.8255],[4.9095,60.8355]]],[[[21.5887,60.3309],[21.5759,60.3401],[21.5881,60.3403],[21.5887,60.3309]]],[[[17.1289,69.4485],[17.1023,69.4453],[17.0985,69.4555],[17.1289,69.4485]]],[[[18.9849,59.3783],[18.9935,59.3743],[18.9875,59.3681],[18.9849,59.3783]]],[[[8.5873,63.7623],[8.5949,63.7567],[8.5925,63.7545],[8.5873,63.7623]]],[[[12.2513,66.2423],[12.2871,66.2511],[12.2685,66.2423],[12.2513,66.2423]]],[[[11.9189,57.5959],[11.9225,57.5905],[11.9073,57.5873],[11.9189,57.5959]]],[[[12.1951,65.4377],[12.2203,65.4439],[12.2095,65.4363],[12.1951,65.4377]]],[[[11.5675,57.9423],[11.5849,57.9341],[11.5715,57.9335],[11.5675,57.9423]]],[[[-3.1845,48.8775],[-3.1849,48.8699],[-3.1914,48.8687],[-3.1845,48.8775]]],[[[20.4335,60.3213],[20.4297,60.3257],[20.4423,60.3359],[20.4335,60.3213]]],[[[21.4471,60.2679],[21.4561,60.2639],[21.4469,60.2575],[21.4471,60.2679]]],[[[21.5031,61.7645],[21.5031,61.7671],[21.5331,61.7575],[21.5031,61.7645]]],[[[20.9919,60.6529],[21.0001,60.6567],[21.0001,60.6475],[20.9919,60.6529]]],[[[17.3815,62.4839],[17.3681,62.4855],[17.3985,62.4895],[17.3815,62.4839]]],[[[21.9621,60.0873],[21.9553,60.0923],[21.9783,60.0901],[21.9621,60.0873]]],[[[5.2023,60.1547],[5.2007,60.1595],[5.2093,60.1575],[5.2023,60.1547]]],[[[19.4785,60.2729],[19.4713,60.2841],[19.4813,60.2833],[19.4785,60.2729]]],[[[16.4995,56.9299],[16.4897,56.9347],[16.4975,56.9409],[16.4995,56.9299]]],[[[17.5611,60.6635],[17.5699,60.6607],[17.5571,60.6551],[17.5611,60.6635]]],[[[18.4261,59.1147],[18.4135,59.1179],[18.4279,59.1271],[18.4261,59.1147]]],[[[12.2539,66.2509],[12.2497,66.2527],[12.2643,66.2619],[12.2539,66.2509]]],[[[21.5495,65.3645],[21.5329,65.3705],[21.5585,65.3691],[21.5495,65.3645]]],[[[15.5181,68.0603],[15.5123,68.0629],[15.5299,68.0719],[15.5181,68.0603]]],[[[21.4223,60.6083],[21.4067,60.6157],[21.4255,60.6151],[21.4223,60.6083]]],[[[5.7885,59.0069],[5.7959,58.9909],[5.7841,59.0009],[5.7885,59.0069]]],[[[10.4905,54.9141],[10.4751,54.9169],[10.4865,54.9233],[10.4905,54.9141]]],[[[17.6073,58.8609],[17.5917,58.8645],[17.6173,58.8639],[17.6073,58.8609]]],[[[-9.2494,52.6289],[-9.226,52.6241],[-9.247,52.6219],[-9.2494,52.6289]]],[[[17.0287,58.2571],[17.0143,58.2493],[17.0249,58.2653],[17.0287,58.2571]]],[[[9.5395,58.8755],[9.5709,58.8821],[9.5661,58.8785],[9.5395,58.8755]]],[[[21.1599,60.3765],[21.1573,60.3879],[21.1673,60.3827],[21.1599,60.3765]]],[[[29.7719,70.0665],[29.7741,70.0611],[29.7541,70.0637],[29.7719,70.0665]]],[[[20.3035,59.9849],[20.3063,59.9783],[20.2973,59.9731],[20.3035,59.9849]]],[[[11.5851,57.8899],[11.5899,57.8859],[11.5795,57.8857],[11.5851,57.8899]]],[[[21.8321,65.2945],[21.8133,65.3021],[21.8209,65.3053],[21.8321,65.2945]]],[[[20.7353,60.2103],[20.7613,60.2135],[20.7477,60.2107],[20.7353,60.2103]]],[[[18.6903,59.4145],[18.6863,59.4209],[18.7067,59.4175],[18.6903,59.4145]]],[[[22.4629,59.8469],[22.4737,59.8561],[22.4765,59.8517],[22.4629,59.8469]]],[[[21.4101,62.9323],[21.4071,62.9421],[21.4159,62.9417],[21.4101,62.9323]]],[[[18.0757,59.0333],[18.0935,59.0367],[18.0925,59.0355],[18.0757,59.0333]]],[[[9.2489,53.8667],[9.2265,53.8729],[9.2535,53.8707],[9.2489,53.8667]]],[[[11.0277,64.8373],[11.0383,64.8393],[11.0293,64.8277],[11.0277,64.8373]]],[[[27.4529,60.4093],[27.4663,60.4087],[27.4615,60.4069],[27.4529,60.4093]]],[[[11.8013,58.2697],[11.7905,58.2761],[11.7985,58.2803],[11.8013,58.2697]]],[[[21.4047,60.1101],[21.4087,60.1173],[21.4187,60.1115],[21.4047,60.1101]]],[[[21.1789,60.3757],[21.1769,60.3845],[21.1885,60.3799],[21.1789,60.3757]]],[[[21.5687,61.6223],[21.5563,61.6243],[21.5757,61.6283],[21.5687,61.6223]]],[[[13.1369,66.7453],[13.1335,66.7489],[13.1425,66.7543],[13.1369,66.7453]]],[[[22.0987,60.1363],[22.1047,60.1335],[22.0801,60.1337],[22.0987,60.1363]]],[[[21.8871,60.1249],[21.9021,60.1217],[21.8983,60.1179],[21.8871,60.1249]]],[[[16.6429,57.8157],[16.6523,57.8277],[16.6545,57.8183],[16.6429,57.8157]]],[[[10.2677,64.2229],[10.2775,64.2175],[10.2467,64.2243],[10.2677,64.2229]]],[[[21.0969,60.3779],[21.0983,60.3665],[21.0957,60.3651],[21.0969,60.3779]]],[[[-5.7618,55.6311],[-5.7487,55.6409],[-5.7524,55.6345],[-5.7618,55.6311]]],[[[27.3433,60.4723],[27.3547,60.4651],[27.3505,60.4609],[27.3433,60.4723]]],[[[21.5721,60.4119],[21.5767,60.4071],[21.5671,60.4039],[21.5721,60.4119]]],[[[21.1833,60.3331],[21.1865,60.3433],[21.1995,60.3357],[21.1833,60.3331]]],[[[8.3261,63.5217],[8.3227,63.5239],[8.3449,63.5325],[8.3261,63.5217]]],[[[21.5185,60.2275],[21.5227,60.2251],[21.5213,60.2173],[21.5185,60.2275]]],[[[18.8567,69.6283],[18.8449,69.6367],[18.8471,69.6419],[18.8567,69.6283]]],[[[20.3015,60.4039],[20.2923,60.4077],[20.2993,60.4159],[20.3015,60.4039]]],[[[19.1811,63.2739],[19.1691,63.2785],[19.1799,63.2847],[19.1811,63.2739]]],[[[21.8121,60.2807],[21.8295,60.2815],[21.8285,60.2793],[21.8121,60.2807]]],[[[21.5443,61.7499],[21.5489,61.7473],[21.5269,61.7447],[21.5443,61.7499]]],[[[12.1547,65.9137],[12.1573,65.9211],[12.1727,65.9137],[12.1547,65.9137]]],[[[12.8431,66.9573],[12.8311,66.9619],[12.8551,66.9667],[12.8431,66.9573]]],[[[19.6251,60.1559],[19.6193,60.1657],[19.6329,60.1623],[19.6251,60.1559]]],[[[-2.5702,56.1883],[-2.5746,56.1945],[-2.5672,56.1937],[-2.5702,56.1883]]],[[[21.6507,60.2557],[21.6501,60.2585],[21.6719,60.2563],[21.6507,60.2557]]],[[[18.6009,60.3185],[18.6163,60.3127],[18.6097,60.3089],[18.6009,60.3185]]],[[[18.8245,59.3743],[18.8133,59.3823],[18.8281,59.3839],[18.8245,59.3743]]],[[[8.4475,58.2585],[8.4725,58.2489],[8.4667,58.2465],[8.4475,58.2585]]],[[[26.7661,60.4581],[26.7573,60.4701],[26.7759,60.4629],[26.7661,60.4581]]],[[[21.3991,60.3269],[21.3915,60.3327],[21.4079,60.3323],[21.3991,60.3269]]],[[[20.7433,60.2597],[20.7433,60.2677],[20.7557,60.2687],[20.7433,60.2597]]],[[[16.7023,57.4397],[16.7151,57.4371],[16.6983,57.4325],[16.7023,57.4397]]],[[[30.2279,59.9585],[30.2195,59.9599],[30.2359,59.9655],[30.2279,59.9585]]],[[[5.1445,59.5871],[5.1379,59.5985],[5.1477,59.6003],[5.1445,59.5871]]],[[[4.8081,61.6283],[4.8195,61.6219],[4.8047,61.6211],[4.8081,61.6283]]],[[[21.0235,60.3855],[21.0209,60.3889],[21.0313,60.3959],[21.0235,60.3855]]],[[[18.9189,59.6629],[18.9477,59.6711],[18.9309,59.6643],[18.9189,59.6629]]],[[[22.0795,60.1445],[22.0999,60.1433],[22.0905,60.1381],[22.0795,60.1445]]],[[[5.2455,59.9327],[5.2395,59.9423],[5.2585,59.9333],[5.2455,59.9327]]],[[[21.6907,59.9161],[21.6931,59.9091],[21.6813,59.9069],[21.6907,59.9161]]],[[[4.9351,61.3937],[4.9279,61.3865],[4.9091,61.3879],[4.9351,61.3937]]],[[[19.1927,59.6759],[19.2071,59.6679],[19.1901,59.6653],[19.1927,59.6759]]],[[[8.9725,63.4511],[8.9713,63.4531],[8.9835,63.4597],[8.9725,63.4511]]],[[[8.0063,58.1161],[8.0145,58.1115],[7.9931,58.1145],[8.0063,58.1161]]],[[[0.6359,51.5351],[0.6159,51.5361],[0.6425,51.5397],[0.6359,51.5351]]],[[[18.7501,63.1689],[18.7537,63.1755],[18.7635,63.1685],[18.7501,63.1689]]],[[[8.7087,54.1619],[8.7039,54.1633],[8.7077,54.1723],[8.7087,54.1619]]],[[[19.1753,59.7509],[19.1843,59.7433],[19.1705,59.7425],[19.1753,59.7509]]],[[[-6.427,56.4855],[-6.4381,56.4849],[-6.4225,56.4973],[-6.427,56.4855]]],[[[10.3465,59.5209],[10.3479,59.5231],[10.3591,59.5213],[10.3465,59.5209]]],[[[15.8541,68.4159],[15.8485,68.4283],[15.8639,68.4249],[15.8541,68.4159]]],[[[26.2051,60.3911],[26.2191,60.3949],[26.2215,60.3887],[26.2051,60.3911]]],[[[21.7969,59.9737],[21.8087,59.9817],[21.8101,59.9801],[21.7969,59.9737]]],[[[18.7611,57.2753],[18.7605,57.2785],[18.7729,57.2785],[18.7611,57.2753]]],[[[10.4621,59.2007],[10.4637,59.2055],[10.4753,59.2021],[10.4621,59.2007]]],[[[21.1855,60.4533],[21.1925,60.4503],[21.1705,60.4471],[21.1855,60.4533]]],[[[11.3545,58.1271],[11.3601,58.1275],[11.3625,58.1237],[11.3545,58.1271]]],[[[21.9619,60.2083],[21.9659,60.2151],[21.9761,60.2077],[21.9619,60.2083]]],[[[21.8671,60.3503],[21.8837,60.3461],[21.8723,60.3439],[21.8671,60.3503]]],[[[22.8903,65.6815],[22.9023,65.6715],[22.8929,65.6721],[22.8903,65.6815]]],[[[5.0837,60.7015],[5.0593,60.7131],[5.0797,60.7093],[5.0837,60.7015]]],[[[27.3177,60.2871],[27.3239,60.2829],[27.3129,60.2781],[27.3177,60.2871]]],[[[20.5793,63.7837],[20.5875,63.7959],[20.5937,63.7843],[20.5793,63.7837]]],[[[25.4761,60.1735],[25.4713,60.1747],[25.4803,60.1813],[25.4761,60.1735]]],[[[14.8133,67.9079],[14.8373,67.9163],[14.8169,67.9027],[14.8133,67.9079]]],[[[20.2767,63.6581],[20.2815,63.6489],[20.2709,63.6499],[20.2767,63.6581]]],[[[21.2411,60.3629],[21.2375,60.3735],[21.2443,60.3729],[21.2411,60.3629]]],[[[9.1087,63.9865],[9.1279,63.9855],[9.1213,63.9781],[9.1087,63.9865]]],[[[11.6603,57.7297],[11.6463,57.7383],[11.6663,57.7349],[11.6603,57.7297]]],[[[-4.5147,48.3135],[-4.5075,48.3145],[-4.5061,48.3117],[-4.5147,48.3135]]],[[[20.6339,60.0341],[20.6509,60.0367],[20.6499,60.0333],[20.6339,60.0341]]],[[[18.8937,59.3751],[18.8901,59.3779],[18.9009,59.3857],[18.8937,59.3751]]],[[[19.5463,63.4875],[19.5573,63.5007],[19.5591,63.4891],[19.5463,63.4875]]],[[[20.7665,60.4183],[20.7761,60.4255],[20.7771,60.4209],[20.7665,60.4183]]],[[[21.2531,60.4015],[21.2695,60.4029],[21.2643,60.4005],[21.2531,60.4015]]],[[[8.9093,58.4683],[8.9269,58.4799],[8.9255,58.4741],[8.9093,58.4683]]],[[[21.2311,60.1735],[21.2317,60.1761],[21.2553,60.1737],[21.2311,60.1735]]],[[[9.3793,58.8515],[9.3717,58.8523],[9.4011,58.8565],[9.3793,58.8515]]],[[[5.1889,59.8831],[5.1799,59.8925],[5.1907,59.8907],[5.1889,59.8831]]],[[[6.5343,62.8113],[6.5237,62.8185],[6.5447,62.8147],[6.5343,62.8113]]],[[[-6.2624,56.4577],[-6.2564,56.4503],[-6.2651,56.4495],[-6.2624,56.4577]]],[[[24.4243,64.6989],[24.4521,64.7021],[24.4489,64.6993],[24.4243,64.6989]]],[[[5.1703,59.3915],[5.1611,59.3923],[5.1555,59.4045],[5.1703,59.3915]]],[[[-4.1816,47.8615],[-4.1767,47.8459],[-4.1844,47.8543],[-4.1816,47.8615]]],[[[5.0965,60.7199],[5.0797,60.7293],[5.0927,60.7275],[5.0965,60.7199]]],[[[19.5031,63.4601],[19.5043,63.4679],[19.5113,63.4655],[19.5031,63.4601]]],[[[8.3885,58.2391],[8.3971,58.2335],[8.3951,58.2311],[8.3885,58.2391]]],[[[5.1883,60.8085],[5.1857,60.8175],[5.1943,60.8169],[5.1883,60.8085]]],[[[11.1689,64.7233],[11.1603,64.7257],[11.1841,64.7347],[11.1689,64.7233]]],[[[18.6159,59.0977],[18.6221,59.0953],[18.6209,59.0875],[18.6159,59.0977]]],[[[5.0863,59.8777],[5.0783,59.8835],[5.0917,59.8881],[5.0863,59.8777]]],[[[-5.8228,56.2197],[-5.8023,56.2321],[-5.8039,56.2257],[-5.8228,56.2197]]],[[[27.4613,60.4237],[27.4599,60.4313],[27.4637,60.4327],[27.4613,60.4237]]],[[[9.1461,63.4519],[9.1349,63.4519],[9.1563,63.4593],[9.1461,63.4519]]],[[[16.6391,57.6415],[16.6573,57.6459],[16.6565,57.6423],[16.6391,57.6415]]],[[[9.6459,58.8955],[9.6425,58.9007],[9.6595,58.9041],[9.6459,58.8955]]],[[[21.3441,63.0901],[21.3307,63.0939],[21.3403,63.0981],[21.3441,63.0901]]],[[[21.6747,60.2477],[21.6977,60.2457],[21.6961,60.2437],[21.6747,60.2477]]],[[[22.6339,63.7897],[22.6407,63.7811],[22.6393,63.7783],[22.6339,63.7897]]],[[[22.6501,63.7433],[22.6495,63.7465],[22.6619,63.7523],[22.6501,63.7433]]],[[[25.5005,60.2063],[25.4957,60.2089],[25.5161,60.2125],[25.5005,60.2063]]],[[[12.9251,66.6721],[12.9089,66.6747],[12.9229,66.6775],[12.9251,66.6721]]],[[[8.3195,58.1907],[8.3245,58.1829],[8.3145,58.1775],[8.3195,58.1907]]],[[[18.8517,59.6863],[18.8609,59.6847],[18.8525,59.6801],[18.8517,59.6863]]],[[[21.2841,60.8463],[21.3003,60.8391],[21.2955,60.8353],[21.2841,60.8463]]],[[[8.7957,63.8081],[8.7921,63.8133],[8.8057,63.8177],[8.7957,63.8081]]],[[[16.9553,58.5035],[16.9525,58.5103],[16.9555,58.5129],[16.9553,58.5035]]],[[[10.7613,59.8635],[10.7505,59.8659],[10.7685,59.8745],[10.7613,59.8635]]],[[[4.8717,60.8269],[4.8813,60.8185],[4.8737,60.8167],[4.8717,60.8269]]],[[[4.8171,61.1183],[4.8279,61.1041],[4.8177,61.1071],[4.8171,61.1183]]],[[[16.6661,57.6349],[16.6601,57.6433],[16.6739,57.6427],[16.6661,57.6349]]],[[[22.2271,63.2751],[22.2317,63.2603],[22.2237,63.2627],[22.2271,63.2751]]],[[[13.7701,54.2073],[13.7741,54.2107],[13.7787,54.2073],[13.7701,54.2073]]],[[[21.0731,60.2853],[21.0703,60.2867],[21.0939,60.2895],[21.0731,60.2853]]],[[[10.7671,59.1113],[10.7809,59.1045],[10.7689,59.1003],[10.7671,59.1113]]],[[[0.5641,51.4099],[0.5819,51.4059],[0.5807,51.4043],[0.5641,51.4099]]],[[[27.1169,60.4133],[27.1201,60.4229],[27.1293,60.4201],[27.1169,60.4133]]],[[[11.2267,58.5353],[11.2349,58.5427],[11.2383,58.5363],[11.2267,58.5353]]],[[[21.3099,60.3041],[21.2949,60.3101],[21.3119,60.3139],[21.3099,60.3041]]],[[[20.8785,60.2007],[20.8907,60.1841],[20.8821,60.1883],[20.8785,60.2007]]],[[[22.4779,65.6783],[22.4791,65.6697],[22.4725,65.6703],[22.4779,65.6783]]],[[[16.7949,58.0947],[16.8025,58.0883],[16.7951,58.0885],[16.7949,58.0947]]],[[[14.1783,67.1661],[14.1779,67.1777],[14.1925,67.1683],[14.1783,67.1661]]],[[[21.3371,60.6719],[21.3459,60.6605],[21.3395,60.6605],[21.3371,60.6719]]],[[[10.9879,59.0527],[10.9843,59.0643],[10.9981,59.0581],[10.9879,59.0527]]],[[[6.8207,62.8901],[6.8153,62.8929],[6.8383,62.8965],[6.8207,62.8901]]],[[[29.7751,69.8981],[29.7739,69.9085],[29.7911,69.9037],[29.7751,69.8981]]],[[[5.0959,59.8015],[5.0851,59.8063],[5.0995,59.8117],[5.0959,59.8015]]],[[[21.0971,60.5031],[21.0969,60.5061],[21.1107,60.5051],[21.0971,60.5031]]],[[[10.4893,59.1991],[10.4967,59.2077],[10.5017,59.2025],[10.4893,59.1991]]],[[[25.8715,60.2025],[25.8879,60.2029],[25.8709,60.1967],[25.8715,60.2025]]],[[[21.3353,60.4079],[21.3249,60.4091],[21.3375,60.4155],[21.3353,60.4079]]],[[[36.7353,64.1887],[36.7435,64.1785],[36.7253,64.1849],[36.7353,64.1887]]],[[[20.4687,60.1779],[20.4785,60.1733],[20.4707,60.1673],[20.4687,60.1779]]],[[[4.6929,61.1741],[4.6965,61.1845],[4.7055,61.1805],[4.6929,61.1741]]],[[[25.6753,60.3635],[25.6675,60.3659],[25.6819,60.3727],[25.6753,60.3635]]],[[[24.0917,60.0173],[24.1125,60.0219],[24.1061,60.0159],[24.0917,60.0173]]],[[[6.1971,62.5253],[6.2165,62.5343],[6.2187,62.5303],[6.1971,62.5253]]],[[[11.0887,58.9615],[11.0949,58.9567],[11.0923,58.9515],[11.0887,58.9615]]],[[[19.8615,60.2787],[19.8639,60.2799],[19.8489,60.2641],[19.8615,60.2787]]],[[[11.4001,58.2415],[11.4179,58.2387],[11.4093,58.2317],[11.4001,58.2415]]],[[[11.1429,58.7469],[11.1627,58.7563],[11.1519,58.7483],[11.1429,58.7469]]],[[[18.5661,63.0523],[18.5793,63.0443],[18.5689,63.0391],[18.5661,63.0523]]],[[[21.4443,60.5649],[21.4285,60.5739],[21.4497,60.5693],[21.4443,60.5649]]],[[[11.1755,58.8577],[11.1711,58.8587],[11.1733,58.8651],[11.1755,58.8577]]],[[[16.5601,57.5901],[16.5749,57.5837],[16.5675,57.5823],[16.5601,57.5901]]],[[[-6.1693,56.4465],[-6.153,56.4469],[-6.1664,56.4419],[-6.1693,56.4465]]],[[[11.6739,58.2737],[11.6769,58.2695],[11.6725,58.2601],[11.6739,58.2737]]],[[[17.2755,61.2361],[17.2725,61.2373],[17.2817,61.2437],[17.2953,61.2399],[17.2755,61.2361]]],[[[5.2191,60.7589],[5.2267,60.7523],[5.2203,60.7517],[5.2191,60.7589]]],[[[10.5505,59.2071],[10.5433,59.2091],[10.5447,59.2127],[10.5505,59.2071]]],[[[6.0309,59.4671],[6.0355,59.4731],[6.0577,59.4721],[6.0309,59.4671]]],[[[10.4193,64.3741],[10.4185,64.3767],[10.4355,64.3805],[10.4193,64.3741]]],[[[18.4807,59.4335],[18.4963,59.4287],[18.4925,59.4271],[18.4807,59.4335]]],[[[11.8043,57.6511],[11.8105,57.6455],[11.7973,57.6405],[11.8043,57.6511]]],[[[11.5303,64.9697],[11.5237,64.9711],[11.5487,64.9781],[11.5303,64.9697]]],[[[26.9451,70.5567],[26.9313,70.5623],[26.9659,70.5583],[26.9451,70.5567]]],[[[9.7715,59.0199],[9.7697,59.0317],[9.7757,59.0287],[9.7715,59.0199]]],[[[10.5235,59.0699],[10.5311,59.0637],[10.5301,59.0561],[10.5235,59.0699]]],[[[4.9737,61.3827],[4.9627,61.3831],[4.9749,61.3865],[4.9737,61.3827]]],[[[20.6577,63.2457],[20.6851,63.2501],[20.6805,63.2469],[20.6577,63.2457]]],[[[23.6071,59.9143],[23.6211,59.9047],[23.6109,59.9049],[23.6071,59.9143]]],[[[22.6569,65.4731],[22.6613,65.4665],[22.6587,65.4651],[22.6569,65.4731]]],[[[25.9603,60.2213],[25.9853,60.2257],[25.9775,60.2213],[25.9603,60.2213]]],[[[4.7947,61.6159],[4.7983,61.6125],[4.7869,61.6085],[4.7947,61.6159]]],[[[15.4071,56.1401],[15.4011,56.1461],[15.4103,56.1513],[15.4071,56.1401]]],[[[18.6531,59.1019],[18.6569,59.0973],[18.6451,59.0907],[18.6531,59.1019]]],[[[28.6669,60.5243],[28.6781,60.5181],[28.6643,60.5163],[28.6669,60.5243]]],[[[6.3679,62.7455],[6.3641,62.7475],[6.3727,62.7525],[6.3679,62.7455]]],[[[36.0989,64.3523],[36.1257,64.3495],[36.1093,64.3465],[36.0989,64.3523]]],[[[21.6061,63.2673],[21.6121,63.2625],[21.6063,63.2553],[21.6061,63.2673]]],[[[18.5941,63.0411],[18.6027,63.0369],[18.5913,63.0301],[18.5941,63.0411]]],[[[5.8921,59.0295],[5.9021,59.0273],[5.8989,59.0191],[5.8921,59.0295]]],[[[14.3011,68.5983],[14.3267,68.6045],[14.3181,68.6019],[14.3011,68.5983]]],[[[24.9889,70.2061],[24.9825,70.2099],[25.0113,70.2135],[24.9889,70.2061]]],[[[35.0023,64.6469],[34.9947,64.6515],[35.0161,64.6555],[35.0023,64.6469]]],[[[18.5525,59.1119],[18.5735,59.1239],[18.5755,59.1213],[18.5525,59.1119]]],[[[18.5819,59.1261],[18.5971,59.1339],[18.5977,59.1285],[18.5819,59.1261]]],[[[19.4121,63.4579],[19.4249,63.4579],[19.4201,63.4555],[19.4121,63.4579]]],[[[21.6913,60.5635],[21.6903,60.5687],[21.6959,60.5723],[21.6913,60.5635]]],[[[5.2091,61.8127],[5.1977,61.8167],[5.2269,61.8185],[5.2091,61.8127]]],[[[14.1821,68.2205],[14.1819,68.2325],[14.1921,68.2321],[14.1821,68.2205]]],[[[21.3821,61.6755],[21.3715,61.6811],[21.3777,61.6851],[21.3821,61.6755]]],[[[5.1423,59.6475],[5.1499,59.6359],[5.1419,59.6321],[5.1423,59.6475]]],[[[4.9663,60.4473],[4.9625,60.4407],[4.9543,60.4503],[4.9663,60.4473]]],[[[6.3833,62.7547],[6.4107,62.7581],[6.4099,62.7569],[6.3833,62.7547]]],[[[19.6351,60.2991],[19.6311,60.3141],[19.6405,60.3093],[19.6351,60.2991]]],[[[18.6893,59.4819],[18.6937,59.4799],[18.6779,59.4701],[18.6893,59.4819]]],[[[18.7973,59.3895],[18.8003,59.3867],[18.7987,59.3835],[18.7973,59.3895]]],[[[-1.8271,48.8775],[-1.8245,48.8747],[-1.8359,48.8745],[-1.8271,48.8775]]],[[[13.1587,54.5071],[13.1579,54.5123],[13.1697,54.5085],[13.1587,54.5071]]],[[[27.0301,60.5055],[27.0331,60.4993],[27.0307,60.4931],[27.0301,60.5055]]],[[[8.3255,63.5119],[8.3111,63.5169],[8.3357,63.5173],[8.3255,63.5119]]],[[[7.6139,57.9757],[7.6277,57.9749],[7.6169,57.9667],[7.6139,57.9757]]],[[[11.6923,57.7007],[11.6989,57.6907],[11.6925,57.6895],[11.6923,57.7007]]],[[[-5.6278,54.4467],[-5.6321,54.4477],[-5.6286,54.4547],[-5.6278,54.4467]]],[[[22.8141,63.8691],[22.8361,63.8643],[22.8245,63.8605],[22.8141,63.8691]]],[[[21.7021,60.3967],[21.7083,60.3883],[21.6993,60.3885],[21.7021,60.3967]]],[[[18.2873,59.0765],[18.2775,59.0771],[18.3061,59.0797],[18.2873,59.0765]]],[[[11.2235,58.3421],[11.2255,58.3381],[11.2173,58.3275],[11.2235,58.3421]]],[[[25.1885,70.3057],[25.1885,70.3109],[25.2047,70.3161],[25.1885,70.3057]]],[[[22.6049,59.9455],[22.6223,59.9385],[22.6193,59.9369],[22.6049,59.9455]]],[[[12.0629,66.4961],[12.0871,66.5059],[12.0897,66.5009],[12.0629,66.4961]]],[[[21.4029,62.9201],[21.3951,62.9279],[21.4007,62.9305],[21.4029,62.9201]]],[[[5.2669,61.9851],[5.2657,61.9829],[5.2507,61.9901],[5.2669,61.9851]]],[[[13.9131,54.2419],[13.9283,54.2507],[13.9281,54.2479],[13.9131,54.2419]]],[[[19.1753,59.6909],[19.1769,59.6885],[19.1701,59.6861],[19.1753,59.6909]]],[[[22.5137,60.0033],[22.5089,60.0055],[22.5123,60.0089],[22.5137,60.0033]]],[[[12.4101,66.0249],[12.4213,66.0227],[12.4063,66.0161],[12.4101,66.0249]]],[[[7.5881,57.9929],[7.6019,57.9883],[7.5887,57.9871],[7.5881,57.9929]]],[[[16.8457,58.1249],[16.8455,58.1341],[16.8569,58.1329],[16.8457,58.1249]]],[[[21.2405,59.9945],[21.2429,59.9989],[21.2539,59.9941],[21.2405,59.9945]]],[[[10.5463,59.6965],[10.5393,59.7087],[10.5473,59.7087],[10.5463,59.6965]]],[[[24.3669,60.0017],[24.3641,60.0025],[24.3671,60.0135],[24.3669,60.0017]]],[[[23.1769,65.7275],[23.1705,65.7341],[23.1767,65.7371],[23.1769,65.7275]]],[[[29.6255,44.8557],[29.6291,44.8719],[29.6329,44.8691],[29.6255,44.8557]]],[[[24.0179,60.0145],[24.0433,60.0191],[24.0267,60.0145],[24.0179,60.0145]]],[[[12.0221,65.4549],[12.0491,65.4623],[12.0439,65.4585],[12.0221,65.4549]]],[[[26.9621,60.3699],[26.9475,60.3805],[26.9617,60.3791],[26.9621,60.3699]]],[[[5.6067,60.6769],[5.5945,60.6923],[5.5979,60.6935],[5.6067,60.6769]]],[[[22.6483,60.0141],[22.6527,60.0121],[22.6401,60.0085],[22.6483,60.0141]]],[[[11.2407,64.7927],[11.2341,64.7931],[11.2459,64.8001],[11.2407,64.7927]]],[[[21.5201,60.5675],[21.4969,60.5699],[21.5041,60.5735],[21.5201,60.5675]]],[[[21.3143,60.7683],[21.3131,60.7751],[21.3235,60.7739],[21.3143,60.7683]]],[[[20.5127,60.2585],[20.5111,60.2661],[20.5225,60.2699],[20.5127,60.2585]]],[[[20.6127,60.3917],[20.6097,60.3943],[20.6133,60.3989],[20.6127,60.3917]]],[[[22.8633,60.0771],[22.8837,60.0755],[22.8719,60.0715],[22.8633,60.0771]]],[[[16.6301,57.8845],[16.6191,57.8909],[16.6283,57.8917],[16.6301,57.8845]]],[[[12.2853,65.4663],[12.2783,65.4669],[12.2975,65.4771],[12.2853,65.4663]]],[[[11.4901,64.9743],[11.4771,64.9777],[11.4815,64.9853],[11.4901,64.9743]]],[[[21.0247,60.5257],[21.0187,60.5289],[21.0245,60.5359],[21.0247,60.5257]]],[[[-5.7233,56.2297],[-5.7307,56.2329],[-5.7136,56.2379],[-5.7233,56.2297]]],[[[12.0421,65.8193],[12.0323,65.8199],[12.0527,65.8277],[12.0421,65.8193]]],[[[5.2477,60.1401],[5.2501,60.1449],[5.2569,60.1429],[5.2477,60.1401]]],[[[21.2891,62.0767],[21.2891,62.0843],[21.2979,62.0821],[21.2891,62.0767]]],[[[8.3011,63.6747],[8.3099,63.6709],[8.2821,63.6675],[8.3011,63.6747]]],[[[24.1281,65.6661],[24.1097,65.6751],[24.1327,65.6711],[24.1281,65.6661]]],[[[10.7403,64.8811],[10.7177,64.8741],[10.7301,64.8829],[10.7403,64.8811]]],[[[7.7719,63.1285],[7.7679,63.1299],[7.7915,63.1347],[7.7719,63.1285]]],[[[13.0993,66.7557],[13.0929,66.7557],[13.1171,66.7657],[13.0993,66.7557]]],[[[10.9533,58.9797],[10.9533,58.9883],[10.9653,58.9817],[10.9533,58.9797]]],[[[20.2729,60.3503],[20.2803,60.3583],[20.2865,60.3551],[20.2729,60.3503]]],[[[7.5907,57.9761],[7.5791,57.9807],[7.6009,57.9811],[7.5907,57.9761]]],[[[9.8063,63.8797],[9.7991,63.8813],[9.8087,63.8855],[9.8063,63.8797]]],[[[17.5175,58.8117],[17.5209,58.8179],[17.5279,58.8081],[17.5175,58.8117]]],[[[18.6265,60.1699],[18.6143,60.1771],[18.6319,60.1733],[18.6265,60.1699]]],[[[14.8611,67.9093],[14.8879,67.9153],[14.8847,67.9135],[14.8611,67.9093]]],[[[22.0785,60.1505],[22.0729,60.1519],[22.0955,60.1559],[22.0785,60.1505]]],[[[11.2299,64.7701],[11.2167,64.7729],[11.2449,64.7743],[11.2299,64.7701]]],[[[17.3609,68.2625],[17.3777,68.2615],[17.3605,68.2515],[17.3609,68.2625]]],[[[18.6091,59.4391],[18.6209,59.4309],[18.6117,59.4303],[18.6091,59.4391]]],[[[25.1241,65.1317],[25.1283,65.1427],[25.1371,65.1371],[25.1241,65.1317]]],[[[5.1321,59.8141],[5.1223,59.8217],[5.1273,59.8241],[5.1321,59.8141]]],[[[6.6577,62.7123],[6.6531,62.7169],[6.6791,62.7189],[6.6577,62.7123]]],[[[28.5317,60.6607],[28.5415,60.6539],[28.5363,60.6501],[28.5317,60.6607]]],[[[12.8227,55.8539],[12.8163,55.8637],[12.8283,55.8605],[12.8227,55.8539]]],[[[21.7525,60.4203],[21.7403,60.4257],[21.7527,60.4277],[21.7525,60.4203]]],[[[8.5639,63.7183],[8.5743,63.7267],[8.5857,63.7239],[8.5639,63.7183]]],[[[12.5211,66.3641],[12.5451,66.3743],[12.5431,66.3723],[12.5211,66.3641]]],[[[25.1879,70.1917],[25.1747,70.1933],[25.1959,70.2021],[25.1879,70.1917]]],[[[22.9655,60.3207],[22.9867,60.3283],[22.9869,60.3251],[22.9655,60.3207]]],[[[22.3891,60.1301],[22.3879,60.1321],[22.4063,60.1383],[22.3891,60.1301]]],[[[4.9755,61.2277],[4.9659,61.2333],[4.9903,61.2307],[4.9755,61.2277]]],[[[21.2121,60.8281],[21.2135,60.8383],[21.2205,60.8335],[21.2121,60.8281]]],[[[22.4693,58.1361],[22.4657,58.1375],[22.4755,58.1509],[22.4693,58.1361]]],[[[5.1167,59.6973],[5.1097,59.6879],[5.1121,59.6961],[5.1167,59.6973]]],[[[18.4647,59.2967],[18.4575,59.3003],[18.4761,59.2987],[18.4647,59.2967]]],[[[18.7291,59.4925],[18.7543,59.4935],[18.7431,59.4905],[18.7291,59.4925]]],[[[19.3533,60.1989],[19.3487,60.1895],[19.3401,60.1979],[19.3533,60.1989]]],[[[21.7161,60.3357],[21.7145,60.3387],[21.7411,60.3353],[21.7161,60.3357]]],[[[8.7355,54.4729],[8.7491,54.4725],[8.7285,54.4675],[8.7355,54.4729]]],[[[21.2151,62.9113],[21.2339,62.9053],[21.2209,62.9033],[21.2151,62.9113]]],[[[11.1385,58.7381],[11.1433,58.7317],[11.1399,58.7297],[11.1385,58.7381]]],[[[12.1173,65.9095],[12.1121,65.9111],[12.1219,65.9227],[12.1173,65.9095]]],[[[10.4839,59.4365],[10.4767,59.4435],[10.4855,59.4477],[10.4839,59.4365]]],[[[5.1045,61.5015],[5.0871,61.5047],[5.1027,61.5077],[5.1045,61.5015]]],[[[18.7281,59.4521],[18.7285,59.4481],[18.7115,59.4461],[18.7281,59.4521]]],[[[21.3565,60.6555],[21.3581,60.6635],[21.3641,60.6567],[21.3565,60.6555]]],[[[14.8471,68.8769],[14.8489,68.8737],[14.8245,68.8689],[14.8471,68.8769]]],[[[10.9563,55.3311],[10.9815,55.3343],[10.9775,55.3321],[10.9563,55.3311]]],[[[18.5223,59.0803],[18.5265,59.0835],[18.5325,59.0839],[18.5223,59.0803]]],[[[6.3661,62.4931],[6.3713,62.4909],[6.3507,62.4865],[6.3661,62.4931]]],[[[20.2441,63.6865],[20.2535,63.6899],[20.2517,63.6793],[20.2441,63.6865]]],[[[12.7035,66.2335],[12.7305,66.2391],[12.7261,66.2343],[12.7035,66.2335]]],[[[11.3735,64.9127],[11.3633,64.9133],[11.3887,64.9201],[11.3735,64.9127]]],[[[4.9819,60.3445],[4.9879,60.3337],[4.9837,60.3319],[4.9819,60.3445]]],[[[11.4981,54.0231],[11.4885,54.0247],[11.4973,54.0321],[11.4981,54.0231]]],[[[17.1805,61.4367],[17.1665,61.4453],[17.1823,61.4457],[17.1805,61.4367]]],[[[22.0405,63.2561],[22.0263,63.2609],[22.0387,63.2661],[22.0405,63.2561]]],[[[20.9195,60.0231],[20.9309,60.0323],[20.9321,60.0287],[20.9195,60.0231]]],[[[13.2439,66.8519],[13.2391,66.8521],[13.2505,66.8653],[13.2439,66.8519]]],[[[18.6311,63.1343],[18.6363,63.1245],[18.6269,63.1255],[18.6311,63.1343]]],[[[18.7499,63.0697],[18.7499,63.0809],[18.7567,63.0803],[18.7499,63.0697]]],[[[19.7843,60.3647],[19.7745,60.3753],[19.7853,60.3793],[19.7843,60.3647]]],[[[21.5071,63.1323],[21.5063,63.1381],[21.5249,63.1313],[21.5071,63.1323]]],[[[37.6763,47.0835],[37.6845,47.0775],[37.6703,47.0813],[37.6763,47.0835]]],[[[12.0457,65.7489],[12.0711,65.7583],[12.0685,65.7563],[12.0457,65.7489]]],[[[18.3031,59.1113],[18.3017,59.1133],[18.3247,59.1181],[18.3031,59.1113]]],[[[16.9559,58.3157],[16.9565,58.3135],[16.9485,58.3201],[16.9559,58.3157]]],[[[16.7843,58.3685],[16.7779,58.3697],[16.7845,58.3807],[16.7843,58.3685]]],[[[12.3129,66.2265],[12.3067,66.2265],[12.3347,66.2307],[12.3129,66.2265]]],[[[10.8719,64.5541],[10.8927,64.5487],[10.8909,64.5467],[10.8719,64.5541]]],[[[18.4911,62.8731],[18.4847,62.8837],[18.4985,62.8769],[18.4911,62.8731]]],[[[4.7497,60.6913],[4.7695,60.6903],[4.7679,60.6867],[4.7497,60.6913]]],[[[12.5097,66.3835],[12.5159,66.3825],[12.5039,66.3735],[12.5097,66.3835]]],[[[9.9753,64.1197],[9.9773,64.1175],[9.9535,64.1117],[9.9753,64.1197]]],[[[10.7517,64.5077],[10.7591,64.5135],[10.7611,64.5021],[10.7517,64.5077]]],[[[6.7925,62.7971],[6.7985,62.7929],[6.7927,62.7887],[6.7925,62.7971]]],[[[4.7269,60.7187],[4.7523,60.7085],[4.7313,60.7113],[4.7269,60.7187]]],[[[6.9475,62.9393],[6.9705,62.9429],[6.9705,62.9399],[6.9475,62.9393]]],[[[21.9487,65.2799],[21.9515,65.2763],[21.9423,65.2735],[21.9487,65.2799]]],[[[20.7271,60.2637],[20.7343,60.2683],[20.7319,60.2557],[20.7271,60.2637]]],[[[25.0657,60.1061],[25.0737,60.1051],[25.0533,60.0989],[25.0657,60.1061]]],[[[17.1639,61.6041],[17.1667,61.6011],[17.1637,61.5989],[17.1639,61.6041]]],[[[25.1237,70.2403],[25.1185,70.2477],[25.1319,70.2521],[25.1237,70.2403]]],[[[12.0495,65.8071],[12.0449,65.8083],[12.0561,65.8207],[12.0495,65.8071]]],[[[11.1193,63.7343],[11.1373,63.7447],[11.1369,63.7377],[11.1193,63.7343]]],[[[7.1281,62.8327],[7.1533,62.8351],[7.1423,62.8311],[7.1281,62.8327]]],[[[5.0935,60.7363],[5.0965,60.7295],[5.0895,60.7325],[5.0935,60.7363]]],[[[-5.6955,56.2261],[-5.7026,56.2299],[-5.6925,56.2395],[-5.6955,56.2261]]],[[[-5.6657,54.3779],[-5.6548,54.3777],[-5.6569,54.3731],[-5.6657,54.3779]]],[[[12.2853,65.6555],[12.2947,65.6651],[12.2977,65.6633],[12.2853,65.6555]]],[[[17.6317,63.1681],[17.6551,63.1617],[17.6397,63.1629],[17.6317,63.1681]]],[[[28.6469,60.6165],[28.6571,60.6045],[28.6521,60.6043],[28.6469,60.6165]]],[[[10.8887,64.9875],[10.8785,64.9905],[10.9067,64.9939],[10.8887,64.9875]]],[[[22.2443,63.3237],[22.2513,63.3103],[22.2417,63.3147],[22.2443,63.3237]]],[[[5.0745,60.6073],[5.0677,60.6113],[5.0695,60.6137],[5.0745,60.6073]]],[[[10.4575,59.1583],[10.4507,59.1721],[10.4627,59.1685],[10.4575,59.1583]]],[[[16.1725,68.0491],[16.1479,68.0553],[16.1645,68.0555],[16.1725,68.0491]]],[[[17.4779,58.6861],[17.4769,58.6903],[17.4813,58.6927],[17.4779,58.6861]]],[[[18.8501,59.3213],[18.8489,59.3237],[18.8631,59.3267],[18.8501,59.3213]]],[[[5.1843,60.1505],[5.1901,60.1435],[5.1831,60.1417],[5.1843,60.1505]]],[[[12.3247,66.0829],[12.3429,66.0911],[12.3425,66.0879],[12.3247,66.0829]]],[[[4.9507,60.3661],[4.9395,60.3759],[4.9443,60.3779],[4.9507,60.3661]]],[[[11.2289,58.6003],[11.2411,58.5895],[11.2347,58.5915],[11.2289,58.6003]]],[[[18.5249,57.1297],[18.5287,57.1277],[18.5269,57.1257],[18.5249,57.1297]]],[[[0.6271,51.4217],[0.6261,51.4249],[0.6355,51.4237],[0.6271,51.4217]]],[[[12.3195,65.8587],[12.3179,65.8611],[12.3365,65.8711],[12.3195,65.8587]]],[[[18.6355,59.0909],[18.6303,59.0859],[18.6271,59.0951],[18.6355,59.0909]]],[[[18.7819,59.6637],[18.7697,59.6643],[18.7917,59.6707],[18.7819,59.6637]]],[[[36.4313,64.2963],[36.4499,64.2897],[36.4391,64.2887],[36.4313,64.2963]]],[[[7.1253,62.8279],[7.1455,62.8291],[7.1409,62.8233],[7.1253,62.8279]]],[[[10.3281,55.0417],[10.3423,55.0465],[10.3371,55.0399],[10.3281,55.0417]]],[[[21.2565,62.2997],[21.2719,62.3111],[21.2613,62.2975],[21.2565,62.2997]]],[[[22.4163,60.1347],[22.4279,60.1377],[22.4283,60.1349],[22.4163,60.1347]]],[[[5.3175,60.1543],[5.3091,60.1595],[5.3239,60.1649],[5.3175,60.1543]]],[[[12.0789,65.9143],[12.0899,65.9129],[12.0879,65.9105],[12.0789,65.9143]]],[[[3.9617,51.7973],[3.9621,51.8013],[3.9747,51.7987],[3.9617,51.7973]]],[[[8.3707,63.5743],[8.3511,63.5639],[8.3619,63.5697],[8.3707,63.5743]]],[[[6.1733,62.5177],[6.1779,62.5165],[6.1589,62.5081],[6.1733,62.5177]]],[[[9.2605,58.7185],[9.2753,58.7283],[9.2745,58.7239],[9.2605,58.7185]]],[[[10.6945,55.9285],[10.7159,55.9319],[10.7125,55.9303],[10.6945,55.9285]]],[[[19.5349,60.2757],[19.5381,60.2809],[19.5431,60.2747],[19.5349,60.2757]]],[[[12.0463,66.0733],[12.0643,66.0821],[12.0617,66.0801],[12.0463,66.0733]]],[[[18.7309,59.2275],[18.7225,59.2343],[18.7283,59.2397],[18.7309,59.2275]]],[[[21.6639,60.4829],[21.6611,60.4877],[21.6721,60.4875],[21.6639,60.4829]]],[[[11.0641,54.8517],[11.0555,54.8475],[11.0549,54.8585],[11.0641,54.8517]]],[[[22.6911,65.4917],[22.6987,65.4849],[22.6767,65.4913],[22.6911,65.4917]]],[[[16.9287,58.2313],[16.9405,58.2287],[16.9253,58.2279],[16.9287,58.2313]]],[[[11.6327,54.9031],[11.6401,54.9095],[11.6509,54.9081],[11.6327,54.9031]]],[[[13.9443,67.0641],[13.9399,67.0663],[13.9453,67.0761],[13.9443,67.0641]]],[[[13.1253,54.5495],[13.1257,54.5445],[13.1177,54.5415],[13.1253,54.5495]]],[[[21.3235,60.5709],[21.3229,60.5737],[21.3365,60.5743],[21.3235,60.5709]]],[[[-3.9287,48.6855],[-3.934,48.6979],[-3.9306,48.6987],[-3.9287,48.6855]]],[[[-5.6439,54.4177],[-5.6361,54.4269],[-5.6346,54.4255],[-5.6439,54.4177]]],[[[11.2161,58.3563],[11.2261,58.3515],[11.2179,58.3467],[11.2161,58.3563]]],[[[21.5475,60.3283],[21.5529,60.3251],[21.5493,60.3221],[21.5475,60.3283]]],[[[20.6891,69.9201],[20.7021,69.9173],[20.6963,69.9151],[20.6891,69.9201]]],[[[13.2353,45.7167],[13.2355,45.7205],[13.2449,45.7211],[13.2353,45.7167]]],[[[10.9573,59.0947],[10.9633,59.1025],[10.9669,59.0993],[10.9573,59.0947]]],[[[36.2381,64.3237],[36.2527,64.3115],[36.2437,64.3127],[36.2381,64.3237]]],[[[28.6039,60.6599],[28.6115,60.6587],[28.5993,60.6517],[28.6039,60.6599]]],[[[23.4289,59.8565],[23.4235,59.8579],[23.4291,59.8641],[23.4289,59.8565]]],[[[22.6659,59.9381],[22.6559,59.9455],[22.6633,59.9455],[22.6659,59.9381]]],[[[-9.1153,53.1435],[-9.1162,53.1487],[-9.1072,53.1499],[-9.1153,53.1435]]],[[[12.6209,65.8837],[12.6273,65.8835],[12.6213,65.8743],[12.6209,65.8837]]],[[[3.7253,51.6507],[3.7203,51.6527],[3.7267,51.6569],[3.7253,51.6507]]],[[[12.1217,65.4131],[12.1203,65.4229],[12.1283,65.4217],[12.1217,65.4131]]],[[[21.1913,60.3101],[21.1911,60.3173],[21.1963,60.3175],[21.1913,60.3101]]],[[[28.6673,60.5095],[28.6645,60.5115],[28.6759,60.5151],[28.6673,60.5095]]],[[[13.4005,45.6949],[13.4099,45.7019],[13.4099,45.7003],[13.4005,45.6949]]],[[[10.5697,59.2019],[10.5729,59.2055],[10.5783,59.2019],[10.5697,59.2019]]],[[[20.6637,69.9219],[20.6879,69.9257],[20.6835,69.9239],[20.6637,69.9219]]],[[[18.8089,59.1561],[18.8183,59.1543],[18.8105,59.1499],[18.8089,59.1561]]],[[[24.0277,65.6029],[24.0389,65.6153],[24.0381,65.6105],[24.0277,65.6029]]],[[[23.3975,70.2509],[23.3991,70.2475],[23.3903,70.2467],[23.3975,70.2509]]],[[[23.3605,70.2479],[23.3301,70.2427],[23.3157,70.2443],[23.3605,70.2479]]],[[[18.5389,59.0191],[18.5365,59.0225],[18.5485,59.0273],[18.5389,59.0191]]],[[[19.5043,40.9561],[19.5001,40.9569],[19.5013,40.9623],[19.5043,40.9561]]],[[[-8.1302,54.6341],[-8.1471,54.6343],[-8.1242,54.6349],[-8.1302,54.6341]]],[[[10.6977,64.8617],[10.6907,64.8619],[10.7021,64.8699],[10.6977,64.8617]]],[[[28.0761,70.7929],[28.0659,70.7919],[28.0339,70.7971],[28.0761,70.7929]]],[[[-8.1668,54.6313],[-8.1686,54.6327],[-8.1646,54.6387],[-8.1668,54.6313]]],[[[31.9599,46.1921],[31.9637,46.1901],[31.9619,46.1895],[31.9599,46.1921]]],[[[-5.9449,56.6899],[-5.9415,56.6823],[-5.9493,56.6827],[-5.9449,56.6899]]],[[[9.1781,64.0001],[9.1599,63.9973],[9.1551,64.0001],[9.1781,64.0001]]],[[[21.3931,60.7677],[21.3821,60.7707],[21.3829,60.7731],[21.3931,60.7677]]],[[[19.5143,40.9561],[19.5109,40.9595],[19.5165,40.9603],[19.5143,40.9561]]],[[[10.7425,64.8895],[10.7461,64.8853],[10.7451,64.8851],[10.7425,64.8895]]],[[[-9.2604,52.6119],[-9.2589,52.6085],[-9.2658,52.6037],[-9.2604,52.6119]]],[[[21.0001,60.2519],[21.0001,60.2447],[20.9985,60.2461],[21.0001,60.2519]]],[[[22.7555,70.2497],[22.7409,70.2491],[22.7305,70.2519],[22.7555,70.2497]]],[[[-3.7808,43.4833],[-3.7815,43.4913],[-3.7786,43.4865],[-3.7808,43.4833]]],[[[22.6007,70.2635],[22.5715,70.2653],[22.5597,70.2673],[22.6007,70.2635]]],[[[33.4325,45.8345],[33.4435,45.8377],[33.4393,45.8351],[33.4325,45.8345]]],[[[49.2203,46.3585],[49.2213,46.3533],[49.2195,46.3543],[49.2203,46.3585]]],[[[-9.2585,52.6149],[-9.2552,52.6201],[-9.2552,52.6171],[-9.2585,52.6149]]],[[[-9.1667,53.1357],[-9.168,53.1359],[-9.1642,53.1373],[-9.1667,53.1357]]],[[[21.0001,63.8077],[21.0001,63.8033],[20.9989,63.8043],[21.0001,63.8077]]],[[[32.2347,46.1777],[32.2355,46.1761],[32.2333,46.1769],[32.2347,46.1777]]],[[[22.2639,70.2369],[22.2641,70.2361],[22.2609,70.2359],[22.2639,70.2369]]],[[[-4.8465,48.3569],[-4.8467,48.3569],[-4.8468,48.3583],[-4.8465,48.3569]]],[[[22.6423,70.2599],[22.6403,70.2599],[22.6393,70.2601],[22.6423,70.2599]]]]}}]}