{"type":"FeatureCollection","features":[{"type":"Feature","properties":{"birdlifeId":"22714679","scientificName":"Locustella fluviatilis","rangeType":"wintering","speciesId":"avibase-2B020CA0","speciesName":"River Warbler","speciesLatin":"Locustella fluviatilis"},"geometry":{"type":"Polygon","coordinates":[[[28.6167,-12.6267],[29.5067,-13.0691],[33.1903,-12.7893],[34.0765,-13.6775],[33.9685,-13.8514],[35.6967,-15.4168],[35.7719,-16.7611],[35.3751,-17.5953],[33.2939,-19.8911],[33.3685,-20.0283],[31.6501,-22.0471],[31.7321,-22.2188],[31.3283,-22.7108],[31.3879,-22.9696],[30.8713,-23.5678],[30.9221,-23.8788],[29.8751,-25.1114],[28.6075,-25.8456],[27.6834,-25.9808],[26.8369,-25.7792],[26.5144,-24.7311],[26.9578,-22.5139],[26.6756,-21.7883],[24.2569,-21.0224],[22.6444,-19.5308],[21.3544,-18.8858],[21.1529,-17.8377],[21.556,-15.3384],[22.4832,-14.0887],[24.9077,-12.8148],[28.6167,-12.6267]]]}},{"type":"Feature","properties":{"birdlifeId":"22714679","scientificName":"Locustella fluviatilis","rangeType":"breeding","speciesId":"avibase-2B020CA0","speciesName":"River Warbler","speciesLatin":"Locustella fluviatilis"},"geometry":{"type":"MultiPolygon","coordinates":[[[[30.2523,59.9713],[30.2123,59.9775],[30.2401,59.9839],[30.1945,60.0017],[29.9717,60.0103],[29.8739,60.1639],[28.6209,60.3523],[28.4467,60.5433],[28.4985,60.5477],[28.5677,60.4773],[28.6799,60.4325],[28.7183,60.4401],[28.6889,60.5531],[28.5547,60.6015],[28.7077,60.5931],[28.7665,60.7209],[28.7555,60.7433],[28.6941,60.7727],[28.2421,60.5117],[27.7679,60.5825],[26.4457,60.4937],[26.4121,60.4081],[26.5421,60.3513],[26.0723,60.4361],[26.1177,60.3231],[25.9373,60.3609],[25.7903,60.2371],[25.6423,60.3093],[25.7221,60.3361],[25.6769,60.3811],[24.8469,60.2113],[24.8457,60.1675],[24.6587,60.1363],[24.4167,59.9627],[24.3127,60.0873],[23.3947,59.9231],[23.4861,59.9987],[23.4699,60.0247],[23.2325,59.8915],[23.2485,59.8437],[22.8979,59.8111],[23.1651,59.8921],[23.2335,60.0339],[23.0341,59.9093],[22.8853,59.9237],[22.8191,59.9803],[22.8197,60.0201],[22.9843,59.9703],[23.2645,60.0619],[22.8751,60.1639],[23.0403,60.3257],[22.9825,60.3317],[22.5239,60.2145],[22.6553,60.4041],[21.9007,60.5561],[21.8961,60.4819],[21.8313,60.5017],[21.7463,60.4817],[21.8299,60.5421],[21.8555,60.6503],[21.6727,60.5997],[21.6599,60.5201],[21.5849,60.4937],[21.6139,60.5213],[21.5765,60.5655],[21.3489,60.6869],[21.4781,60.7071],[21.4475,60.7879],[21.3433,60.8863],[21.2169,60.9063],[21.4455,60.9107],[21.3017,61.0817],[21.6173,61.2273],[21.4937,61.5829],[21.7235,61.5513],[21.4269,61.9525],[21.2839,61.9937],[21.4529,62.2135],[21.3697,62.3687],[21.1119,62.4847],[21.1231,62.7945],[21.4183,62.8779],[21.4731,63.0565],[21.6921,63.0511],[21.5117,63.1701],[21.5765,63.2807],[21.5891,63.2479],[21.6827,63.2095],[21.9909,63.2567],[21.9403,63.1943],[22.0027,63.1575],[22.3665,63.2853],[22.3815,63.3481],[22.2013,63.4713],[22.4027,63.4355],[22.2967,63.4987],[22.3243,63.5731],[22.4163,63.4735],[22.6149,63.7229],[22.8541,63.6509],[22.9237,63.7759],[22.6691,63.8099],[22.8031,63.8575],[22.8873,63.8501],[23.075,63.6669],[26.1138,63.7843],[31.2076,63.3674],[33.6521,63.5231],[34.9699,64.4447],[35.6193,64.3837],[36.2871,63.9795],[37.3951,63.7867],[37.7243,63.9025],[43.4161,62.6767],[48.7979,61.2225],[53.4691,60.7863],[56.1277,60.0701],[57.5251,60.4401],[61.0517,60.5469],[68.6311,57.9655],[70.0001,57.9846],[72.4088,57.314],[74.1549,56.6288],[75.5031,55.3248],[76.1097,54.9934],[73.7631,54.4376],[70.3049,55.5492],[67.8966,55.5492],[61.3508,54.2523],[60.435,53.6183],[60.1668,53.1778],[60.203,52.7794],[59.1492,49.992],[58.8548,49.6424],[57.4747,49.3093],[56.7133,49.5472],[56.3123,49.9482],[55.1581,52.107],[54.3728,52.6781],[53.5162,52.3212],[53.3021,50.9649],[53.5162,50.1083],[53.0879,48.9661],[52.3027,48.3951],[51.6603,48.1809],[50.2326,48.3951],[50.0184,49.2517],[49.2332,50.8221],[48.528,51.0077],[47.0573,49.5585],[47.6021,48.4763],[49.3847,46.4753],[48.6277,46.0829],[48.7517,45.8497],[48.5575,45.9653],[47.8241,45.6589],[47.5523,45.7695],[47.6537,45.6265],[47.6131,45.5721],[47.4911,45.7245],[47.3803,45.7447],[47.5193,45.5041],[46.4079,46.1873],[43.4581,46.7127],[39.7853,46.9327],[39.0595,46.3549],[38.2255,44.4057],[36.6039,45.2029],[36.9877,45.2805],[36.6655,45.3281],[36.8309,45.4367],[37.0773,45.2365],[37.7373,45.2991],[37.5965,45.6385],[37.9481,46.0127],[38.5745,46.0897],[37.9043,46.4121],[37.7463,46.6711],[38.5817,46.6509],[38.4629,46.8545],[39.3005,47.0199],[39.2015,47.2847],[37.5905,47.0963],[36.1159,46.4863],[36.2453,46.6395],[35.9217,46.6567],[35.4545,46.4343],[35.1831,46.1423],[34.9913,46.0819],[35.2225,46.1895],[35.3581,46.3533],[35.1689,46.4961],[34.8091,46.1655],[35.3269,45.3709],[36.6373,45.3687],[36.3735,45.0577],[35.5351,45.1239],[33.9657,44.3949],[33.7401,44.3917],[33.3821,44.5887],[33.5545,44.6237],[33.5717,45.0803],[32.9941,45.3259],[33.0281,45.3169],[33.0649,45.3771],[33.1373,45.3937],[33.2607,45.4733],[33.2575,45.4959],[32.9465,45.3593],[32.9873,45.3289],[32.4837,45.3893],[33.6865,45.8493],[33.5945,46.1637],[32.2263,46.1377],[31.7587,46.3055],[32.0647,46.3893],[32.0247,46.4507],[31.7089,46.4371],[31.5387,46.5485],[31.5139,46.5751],[32.0109,46.4915],[32.1565,46.5093],[32.3253,46.4645],[32.4189,46.4813],[31.9973,46.6465],[31.9923,46.8659],[31.8049,46.6135],[31.4303,46.6329],[31.6073,46.8189],[31.4173,46.8137],[31.4125,46.6255],[30.7511,46.5401],[30.4721,46.0763],[30.2475,45.8861],[29.7277,45.5873],[29.8807,45.6781],[29.7401,45.6157],[29.6389,45.8317],[29.7681,45.3337],[29.6147,44.8629],[29.1125,44.7651],[28.8413,44.4889],[28.3237,44.5899],[27.6783,45.1125],[28.0451,45.3985],[28.1541,46.7725],[27.4479,47.2731],[26.9609,48.0155],[24.9195,47.7117],[24.4279,47.9593],[23.9855,47.5345],[22.7493,47.3133],[22.4839,45.6941],[22.7057,45.2453],[21.9333,44.8771],[21.0635,45.4189],[21.1109,46.0601],[20.7751,46.3035],[20.3601,46.1311],[20.1039,46.2325],[20.0623,45.9789],[20.5885,45.4801],[20.7101,45.0101],[20.5649,44.9999],[20.4435,45.1839],[18.7093,45.2555],[16.9615,46.0703],[15.6055,46.2731],[15.6891,46.5567],[16.0971,46.5871],[15.5335,46.6679],[15.3701,46.9507],[15.4877,47.3535],[15.6629,47.3637],[15.8779,46.9205],[16.0131,47.3837],[16.6515,47.3335],[16.1811,47.5747],[15.5217,47.4741],[15.5123,47.6047],[16.2511,47.8553],[16.2133,47.9955],[15.1565,48.1855],[14.5925,47.9355],[14.4035,47.9455],[14.5137,48.1655],[13.3821,47.9255],[14.1169,48.4749],[15.1403,48.5149],[14.2115,48.6643],[14.0157,48.5049],[12.6751,49.8629],[12.2019,49.7347],[12.2551,49.5767],[12.5183,49.5669],[12.6429,49.3591],[12.6291,48.9525],[13.5589,48.7935],[13.7647,48.4251],[13.5371,48.1855],[12.7583,48.0155],[11.8399,48.4949],[11.0599,48.2853],[10.6851,48.4451],[10.3615,47.8153],[10.1137,47.8153],[10.0181,48.6145],[10.5963,48.9227],[11.0793,48.9427],[10.9615,49.4087],[11.5723,49.7445],[10.5709,49.5669],[8.7605,49.7841],[8.9721,50.0501],[8.6777,50.0009],[8.6383,50.1879],[8.8783,50.4041],[10.4835,50.0895],[10.3507,50.5707],[11.0133,50.6295],[11.6167,50.2173],[11.5823,50.0599],[11.9459,49.9713],[12.3109,50.3549],[12.7703,50.4825],[12.0433,50.6883],[12.1155,51.0793],[11.9433,51.2063],[11.3851,51.2257],[11.0263,51.5081],[11.1585,51.9547],[11.9253,51.5373],[12.2109,51.7025],[12.1733,51.8869],[12.3799,51.8965],[12.8393,51.5665],[12.8765,51.3817],[12.4599,51.2549],[12.5975,50.9915],[12.9919,50.9231],[13.0253,50.6295],[13.5125,50.6981],[13.2081,50.8057],[13.2039,51.0891],[12.9389,51.0793],[12.9199,51.3621],[14.5579,51.4693],[14.5053,51.2647],[14.8521,51.1185],[14.8271,50.8743],[15.1887,51.0793],[14.9753,51.2453],[14.5727,52.5057],[13.6929,52.2933],[13.3003,52.4381],[13.0945,52.0805],[12.6683,52.1193],[12.7651,53.1117],[11.5019,53.3703],[11.4083,52.8043],[11.8469,52.6695],[11.9397,52.3705],[11.2355,52.4961],[11.0079,52.3127],[10.3155,52.3513],[10.5937,52.7465],[10.0627,52.7753],[10.0551,53.0157],[10.3355,52.9965],[10.3847,53.1501],[10.0367,53.3799],[10.1637,53.6571],[9.8275,53.8099],[9.8659,54.0955],[11.0873,54.2651],[10.7759,53.8909],[11.4565,53.8981],[11.6913,54.1537],[12.0867,54.1839],[12.0899,54.1113],[12.1119,54.0953],[12.1521,54.0933],[12.5203,54.4845],[12.9283,54.4293],[12.6965,54.4331],[12.4381,54.3805],[12.3665,54.2681],[13.0183,54.4407],[13.1437,54.2541],[13.4603,54.0881],[13.4965,54.1255],[13.7243,54.1637],[13.8227,53.8407],[14.5807,53.5823],[14.5381,53.7023],[14.7609,53.9269],[14.8017,54.0321],[14.7311,54.0247],[16.1563,54.2865],[17.2789,54.7405],[18.3319,54.8361],[18.7315,54.6837],[18.8295,54.6117],[18.4183,54.7761],[18.5841,54.4331],[18.9405,54.3417],[19.8929,54.6287],[19.2319,54.3395],[19.3731,54.2231],[20.4121,54.6809],[19.9045,54.6343],[19.9465,54.9251],[20.7037,55.0785],[21.0427,55.3987],[21.0829,55.7245],[21.0629,55.3313],[20.8551,55.1531],[20.5299,54.9607],[21.2519,54.9533],[21.3219,55.2987],[21.0653,55.7967],[21.0039,56.5593],[21.7109,57.5713],[22.6089,57.7617],[23.2643,57.0923],[23.6363,56.9661],[24.3995,57.2413],[24.3363,57.8281],[24.5763,58.3329],[23.7361,58.3515],[23.5025,58.5725],[23.7627,58.7625],[23.4629,58.7737],[23.5385,58.8153],[23.4377,58.9415],[23.6659,58.9763],[23.4173,59.0259],[23.5155,59.2305],[24.8011,59.4475],[24.8011,59.5703],[25.4371,59.4917],[25.6979,59.6763],[27.9095,59.4037],[28.1103,59.7953],[28.3541,59.6575],[29.1305,59.9875],[30.1667,59.8571],[30.2523,59.9713]],[[15.1385,48.8333],[15.3039,48.9427],[15.2621,48.9923],[15.1385,48.8333]],[[13.2007,52.9099],[13.2223,52.7079],[13.5369,52.8139],[13.5131,52.9581],[13.2007,52.9099]],[[12.4501,48.4051],[12.9865,48.2953],[13.4869,48.4151],[13.2013,48.5945],[12.3539,48.5845],[12.4501,48.4051]],[[34.1309,46.1167],[33.8861,46.2275],[33.6885,46.1881],[34.1429,45.9377],[34.6333,45.9417],[34.4605,45.7673],[34.9867,45.6319],[35.0537,45.3689],[35.3387,45.2861],[34.7631,46.0157],[34.4095,46.0021],[34.5753,46.1475],[34.1501,46.2731],[34.1309,46.1167]],[[16.1717,51.0305],[15.3341,51.0403],[15.5027,50.8645],[16.3537,50.8351],[16.2401,50.6001],[16.4899,50.2861],[17.0965,50.3943],[16.1717,51.0305]],[[18.7749,48.7837],[18.8223,48.5647],[19.1577,48.8433],[19.4991,48.6643],[19.9521,48.9427],[20.5385,48.7041],[20.9113,49.1015],[21.5353,49.2701],[22.3785,48.7771],[22.5743,49.0909],[22.8861,49.0029],[22.7575,49.2765],[22.1471,49.4679],[18.6363,49.8037],[18.7823,49.5075],[18.3843,49.1609],[18.9269,49.1907],[19.3647,49.4481],[19.2195,49.1907],[19.8923,49.1907],[19.8839,49.0321],[18.4213,49.0221],[17.8487,48.6643],[18.7749,48.7837]]],[[[14.8336,56.1338],[14.8475,56.1604],[14.6875,56.1668],[14.6753,56.1265],[14.7825,56.0346],[14.7531,56.0096],[14.5392,56.0612],[14.2469,55.8721],[14.3619,55.554],[14.1903,55.3815],[12.8075,55.3776],[12.9686,55.4376],[12.8892,55.5643],[13.0631,55.6671],[12.5205,56.2926],[12.8014,56.2274],[12.6186,56.4221],[12.9508,56.5482],[12.5986,56.831],[12.3569,56.9218],[12.3619,56.9268],[12.3475,56.9315],[12.3614,56.9371],[12.3475,56.966],[12.3581,56.971],[12.3442,56.9726],[12.3503,57.0099],[12.2125,57.1854],[12.1497,57.1935],[12.2108,57.2246],[12.0936,57.234],[12.1669,57.3021],[12.1097,57.434],[12.0586,57.4613],[11.9514,57.3537],[11.9636,57.3871],[11.9019,57.434],[11.9664,57.4935],[11.9308,57.6215],[11.7992,57.7124],[11.7019,57.7049],[11.7997,57.751],[11.8164,57.7915],[11.7319,57.7832],[11.7503,57.799],[11.7297,57.8226],[11.6825,57.8387],[11.7103,57.8501],[11.7092,57.8565],[11.7042,57.8579],[11.6886,57.8488],[11.6586,57.8515],[11.7842,57.9018],[11.9169,58.2226],[11.9125,58.3507],[11.7062,58.3399],[11.9024,58.645],[13.8059,59.7455],[17.3096,60.6649],[17.7414,60.4964],[18.0188,60.5906],[18.2361,60.3367],[18.6122,60.2505],[18.3151,60.3103],[18.5919,60.0505],[18.842,60.1115],[18.9031,59.9313],[19.0836,59.8763],[18.8703,59.9346],[18.7136,59.7482],[19.0714,59.7171],[18.8903,59.7165],[18.7653,59.6857],[18.2208,59.4326],[18.3008,59.4232],[18.2603,59.4265],[18.3314,59.3815],[18.1397,59.4526],[18.0825,59.4238],[18.0464,59.3804],[18.1564,59.3218],[18.0814,59.3187],[18.1497,59.3157],[18.2747,59.3593],[18.3236,59.3482],[18.3497,59.3638],[18.4614,59.3149],[18.4731,59.4215],[18.5558,59.2854],[18.7108,59.2785],[18.6397,59.2624],[18.6347,59.2454],[18.4569,59.3124],[18.4142,59.2982],[18.6208,59.2474],[18.5458,59.2401],[18.5775,59.2215],[18.4964,59.2146],[18.3125,59.3285],[18.2531,59.2668],[18.4175,59.1379],[18.4308,59.1637],[18.4553,59.1712],[18.4708,59.1654],[18.4081,59.1293],[18.3919,59.1396],[18.3564,59.1263],[18.3492,59.1193],[18.3436,59.1293],[18.2997,59.1207],[18.2753,59.1065],[18.3442,59.0929],[18.2564,59.081],[18.2219,59.0687],[18.2697,59.0746],[18.2742,59.0782],[18.2975,59.0732],[18.1936,59.0643],[18.2403,59.0846],[18.2169,59.0849],[18.2536,59.1118],[18.2397,59.1188],[18.0014,59.0418],[18.0225,59.0126],[17.9558,58.9579],[17.9642,58.9393],[17.9814,58.9385],[17.9792,58.9182],[17.9642,58.9154],[17.9097,58.8521],[17.9392,58.8488],[17.9286,58.8393],[17.9219,58.8004],[17.9236,58.8276],[17.8492,58.8696],[17.8747,58.8776],[17.8603,58.9162],[17.8303,58.8543],[17.8753,58.811],[17.7897,58.7996],[17.8486,58.9032],[17.7847,59.0965],[17.6531,59.1832],[17.5719,58.9504],[17.6297,58.8838],[17.5269,58.8957],[17.5525,58.8646],[17.6058,58.8615],[17.5581,58.8596],[17.5803,58.8429],[17.5769,58.8318],[17.4536,58.8896],[17.4553,58.8057],[17.4936,58.7965],[17.4958,58.7874],[17.5019,58.7912],[17.5153,58.7829],[17.5136,58.7788],[17.3858,58.7968],[17.3925,58.741],[17.3564,58.7568],[17.3314,58.7426],[17.2981,58.7582],[17.2747,58.7463],[17.3031,58.7265],[17.1947,58.7379],[17.1575,58.7318],[17.1614,58.7165],[17.0858,58.7693],[17.0353,58.6963],[17.1692,58.6899],[16.9525,58.6793],[16.9297,58.6107],[16.7969,58.626],[16.5992,58.6362],[16.5836,58.6413],[16.4647,58.6569],[16.3792,58.6585],[16.3519,58.6662],[16.1853,58.6415],[16.1825,58.6151],[16.2114,58.5971],[16.4014,58.5851],[16.7736,58.6046],[16.7681,58.569],[16.9508,58.4846],[16.8569,58.4735],[16.7386,58.4204],[16.4842,58.4837],[16.4158,58.4762],[16.8036,58.3349],[16.7369,58.3474],[16.7292,58.3401],[16.7347,58.3318],[16.6986,58.3338],[16.6314,58.3543],[16.6364,58.3451],[16.7331,58.311],[16.8908,58.2951],[16.8458,58.2626],[16.8225,58.2621],[16.8531,58.2701],[16.8236,58.2668],[16.8497,58.2815],[16.8231,58.2954],[16.7003,58.2713],[16.7747,58.1074],[16.7214,58.144],[16.6925,58.1518],[16.6347,58.1912],[16.6053,58.2026],[16.6753,58.1307],[16.8136,58.0635],[16.8019,58.0443],[16.7569,58.0721],[16.7269,58.0682],[16.7636,58.0521],[16.6886,58.0482],[16.8058,58.0032],[16.6619,58.0537],[16.6225,57.986],[16.8019,57.8704],[16.4947,57.996],[16.4942,57.9787],[16.5219,57.9565],[16.5981,57.9321],[16.5619,57.9188],[16.5703,57.9079],[16.5858,57.9038],[16.5803,57.8904],[16.5992,57.8787],[16.4842,57.9126],[16.4681,57.8913],[16.7086,57.7607],[16.7025,57.7554],[16.7164,57.7315],[16.5286,57.8504],[16.4408,57.8682],[16.4131,57.9015],[16.4081,57.8796],[16.4469,57.834],[16.7503,57.676],[16.6925,57.6882],[16.6314,57.6826],[16.5664,57.7299],[16.5231,57.7265],[16.5931,57.6829],[16.6458,57.6765],[16.5819,57.6587],[16.6319,57.5698],[16.6325,57.5757],[16.6519,57.5654],[16.6781,57.574],[16.6931,57.5713],[16.6436,57.554],[16.5953,57.5868],[16.5975,57.6215],[16.4981,57.6371],[16.5125,57.564],[16.5869,57.5349],[16.6681,57.5468],[16.6292,57.5349],[16.6981,57.4738],[16.7036,57.4804],[16.7097,57.4796],[16.7142,57.4832],[16.7181,57.4824],[16.6819,57.4626],[16.6714,57.4707],[16.6786,57.4601],[16.6664,57.4663],[16.6514,57.4621],[16.7275,57.4434],[16.6786,57.4321],[16.6775,57.4087],[16.6625,57.4104],[16.6458,57.4087],[16.6381,57.4049],[16.6258,57.3651],[16.5575,57.3754],[16.4542,57.2671],[16.4642,57.1601],[16.5358,57.0679],[16.5858,57.054],[16.4519,57.044],[16.3931,56.7851],[16.4414,56.7843],[16.4658,56.8032],[16.4826,56.7921],[16.3631,56.7635],[16.3919,56.7532],[16.3492,56.7176],[16.3736,56.6546],[16.2819,56.6568],[16.2453,56.6332],[15.848,56.0731],[15.8297,56.1696],[15.5919,56.2121],[15.4031,56.1804],[15.3492,56.119],[15.3064,56.1774],[15.0147,56.1971],[15.0308,56.1468],[14.9703,56.1718],[14.8619,56.1657],[14.8525,56.1465],[14.8336,56.1338]]],[[[25.9355,45.3749],[26.8521,45.0485],[27.0167,44.8895],[26.8351,44.3847],[27.3787,44.3049],[27.3787,44.1095],[26.3551,43.8781],[25.6733,44.1451],[25.3201,44.4999],[24.5451,44.4733],[23.9199,44.8895],[24.0129,45.2073],[25.9355,45.3749]]],[[[46.7703,44.3899],[47.2271,44.2251],[47.5217,43.7769],[47.7347,43.9177],[47.4729,43.3645],[47.4655,43.0053],[47.6429,42.8907],[44.7997,43.5817],[46.0545,43.9615],[46.7703,44.3899]]],[[[24.2699,45.5421],[23.7369,45.8409],[24.2999,46.6721],[24.8889,46.6635],[25.4473,46.1739],[25.4733,45.7881],[24.9937,45.5157],[24.2699,45.5421]]],[[[17.5259,44.8807],[16.9743,45.1367],[17.2079,45.3483],[18.3303,45.2867],[18.6095,45.1015],[18.4769,44.9247],[17.5259,44.8807]]],[[[13.6187,52.2837],[14.1559,52.0709],[14.2151,51.7219],[13.8401,51.5567],[12.7441,51.7801],[13.6187,52.2837]]],[[[9.7475,52.0999],[9.0777,52.4189],[9.1411,52.5829],[10.0031,52.7657],[10.0945,52.3609],[10.3739,52.3319],[10.2929,52.0903],[9.7475,52.0999]]],[[[22.9589,58.6153],[23.3317,58.4603],[22.2995,58.2051],[22.0431,57.9035],[22.2187,58.1379],[21.8439,58.2885],[22.0109,58.3843],[21.8439,58.4977],[22.1031,58.4187],[22.9589,58.6153]]],[[[19.9101,44.5975],[19.6837,44.8275],[20.0547,45.0131],[20.6067,44.8099],[20.3335,44.5797],[19.9101,44.5975]]],[[[25.2059,43.6107],[24.9861,43.9049],[25.7245,43.9583],[25.9055,43.8603],[25.7289,43.6107],[25.2059,43.6107]]],[[[24.0121,43.6375],[23.9443,43.7623],[24.6737,43.8871],[24.4585,43.6019],[24.0121,43.6375]]],[[[15.9927,45.9285],[16.1501,45.7881],[15.9825,45.6651],[15.2611,45.7793],[15.9927,45.9285]]],[[[16.7513,45.4981],[16.8679,45.2867],[16.3237,45.4365],[16.2349,45.7179],[16.4757,45.7969],[16.5517,45.5069],[16.7513,45.4981]]],[[[20.7957,44.8453],[20.8223,45.1279],[21.2711,45.1103],[21.1593,44.8719],[20.7957,44.8453]]],[[[23.0747,58.8389],[22.7393,58.8063],[22.5643,58.6883],[22.0443,58.9249],[22.5833,59.0677],[23.0747,58.8389]]],[[[22.2881,44.0117],[22.2635,44.2605],[22.6971,44.2071],[22.6125,44.0205],[22.2881,44.0117]]],[[[13.6809,54.5635],[13.5729,54.4697],[13.7673,54.3427],[13.7271,54.2745],[13.6593,54.3657],[13.1423,54.2827],[13.2731,54.4811],[13.1423,54.5471],[13.5071,54.4847],[13.1621,54.5611],[13.6809,54.5635]]],[[[14.8815,46.0075],[14.8491,46.1477],[15.1919,46.2703],[15.2443,45.9987],[14.8815,46.0075]]],[[[11.8663,47.9355],[11.9163,48.1355],[12.2071,48.1055],[12.1705,47.8755],[11.8663,47.9355]]],[[[19.9263,60.4203],[19.9465,60.3557],[20.2881,60.2817],[19.9345,60.2391],[20.2427,60.0017],[19.9971,60.1081],[19.7593,60.0949],[19.6493,60.2913],[19.8391,60.2011],[19.9317,60.3195],[19.8063,60.3963],[19.9263,60.4203]]],[[[14.2441,53.9211],[14.7629,54.0153],[14.6931,53.9981],[14.5859,53.8037],[14.4033,53.8923],[13.8835,53.8385],[14.0483,53.9941],[13.7725,54.0181],[13.7765,54.1715],[14.2441,53.9211]]],[[[10.5253,51.4985],[10.5793,51.3329],[10.2393,51.2843],[10.1841,51.4109],[10.5253,51.4985]]],[[[22.8619,60.2159],[22.7667,60.0065],[22.6837,60.0445],[22.3791,60.0157],[22.6241,60.1511],[22.4211,60.1581],[22.4747,60.2365],[22.5463,60.2005],[22.9681,60.2823],[22.8619,60.2159]]],[[[8.3439,53.1883],[8.4151,53.0733],[8.3685,52.9869],[8.0013,53.0925],[8.3439,53.1883]]],[[[7.7187,51.7317],[7.6323,51.8189],[7.7967,51.9255],[7.9261,51.7801],[7.7187,51.7317]]],[[[11.7086,58.1026],[11.6236,58.1343],[11.5435,58.0868],[11.6797,58.2421],[11.6875,58.3001],[11.8425,58.2337],[11.6925,58.0788],[11.7008,58.0693],[11.7564,58.006],[11.7147,58.0238],[11.6775,57.9643],[11.5347,57.9446],[11.7086,58.1026]]],[[[8.9245,53.3129],[8.7497,53.4183],[8.9605,53.5521],[8.9245,53.3129]]],[[[9.0251,53.2075],[8.9691,53.3225],[9.1785,53.3991],[9.2777,53.2459],[9.0251,53.2075]]],[[[23.3583,58.6509],[23.4103,58.5477],[23.0739,58.6033],[23.3583,58.6509]]],[[[47.8489,44.0013],[47.8755,43.9855],[47.7381,43.9251],[47.8489,44.0013]]],[[[21.9515,60.3805],[22.0515,60.3557],[21.7963,60.3927],[21.9515,60.3805]]],[[[23.3413,59.0361],[23.3881,58.9745],[23.1695,58.9663],[23.3413,59.0361]]],[[[19.6793,60.1685],[19.5945,60.2195],[19.5471,60.1489],[19.6183,60.2841],[19.6793,60.1685]]],[[[18.4846,60.3638],[18.5865,60.3006],[18.4091,60.3705],[18.4846,60.3638]]],[[[22.3625,60.2911],[22.0909,60.2923],[22.1041,60.3261],[22.3625,60.2911]]],[[[34.1581,46.1005],[34.2291,46.1877],[34.2647,46.1287],[34.1581,46.1005]]],[[[18.7047,59.5574],[18.6942,59.5515],[18.6847,59.5596],[18.6497,59.5521],[18.6736,59.5304],[18.8114,59.5535],[18.8314,59.5468],[18.6647,59.5221],[18.6764,59.5185],[18.6519,59.5157],[18.6269,59.4857],[18.5969,59.4979],[18.5692,59.4501],[18.6019,59.4487],[18.6097,59.4249],[18.5942,59.4199],[18.6158,59.4099],[18.5808,59.4193],[18.5658,59.4379],[18.5475,59.4221],[18.5097,59.4929],[18.6681,59.5618],[18.7047,59.5574]]],[[[21.8275,60.2139],[21.9509,60.1917],[21.7049,60.1339],[21.8275,60.2139]]],[[[17.7136,58.9957],[17.6775,58.9221],[17.6969,58.8943],[17.6586,58.9315],[17.6342,58.9243],[17.6447,58.9615],[17.6192,58.9707],[17.7136,58.9957]]],[[[21.6197,60.1845],[21.6955,60.1689],[21.6665,60.1167],[21.5047,60.1281],[21.6197,60.1845]]],[[[32.8663,46.0689],[33.0621,46.0247],[32.9343,46.0165],[32.5611,46.0765],[32.8663,46.0689]]],[[[21.4269,60.5579],[21.5385,60.5281],[21.4801,60.5353],[21.4403,60.4905],[21.4269,60.5579]]],[[[18.1903,59.0246],[18.2047,59.0274],[18.2314,59.0246],[18.1408,59.0149],[18.0158,58.9296],[17.9603,58.9496],[18.1636,59.0307],[18.1903,59.0246]]],[[[18.4931,59.0921],[18.4219,59.0396],[18.4131,59.011],[18.3386,59.0268],[18.4931,59.0921]]],[[[28.6049,60.3429],[28.7313,60.2859],[28.6201,60.2703],[28.6049,60.3429]]],[[[22.4629,60.3431],[22.5245,60.3445],[22.3081,60.3313],[22.4629,60.3431]]],[[[48.4285,45.7545],[48.4511,45.6837],[48.3379,45.7973],[48.4285,45.7545]]],[[[47.9919,45.5303],[47.9545,45.5041],[47.9323,45.6247],[47.9919,45.5303]]],[[[22.2351,63.3163],[22.2499,63.3055],[22.2165,63.2749],[22.1499,63.2933],[22.1013,63.2819],[22.1567,63.2525],[22.0581,63.2811],[22.2351,63.3163]]],[[[18.2864,58.9474],[18.3275,58.9238],[18.1947,58.9274],[18.1758,58.9176],[18.1653,58.9074],[18.1531,58.9065],[18.1431,58.9007],[18.1342,58.9012],[18.1836,58.9496],[18.2147,58.9343],[18.2864,58.9474]]],[[[19.0142,59.7815],[18.9353,59.7904],[18.8769,59.7807],[18.9603,59.859],[19.0142,59.7815]]],[[[22.1931,60.2073],[22.3075,60.2717],[22.3251,60.2355],[22.1931,60.2073]]],[[[22.0457,60.1883],[22.0269,60.1491],[21.9481,60.1693],[22.0669,60.2183],[22.0457,60.1883]]],[[[11.4575,53.9573],[11.3787,53.9851],[11.4493,54.0219],[11.4575,53.9573]]],[[[25.6239,60.2043],[25.5777,60.3023],[25.6089,60.3137],[25.6239,60.2043]]],[[[22.4709,60.2963],[22.3149,60.2597],[22.3719,60.2939],[22.4709,60.2963]]],[[[31.6063,46.2563],[31.9637,46.1901],[31.5941,46.2561],[31.5125,46.3483],[31.6063,46.2563]]],[[[22.7675,63.7187],[22.6755,63.7591],[22.7151,63.7787],[22.7675,63.7187]]],[[[21.3221,60.2347],[21.3803,60.2377],[21.3389,60.2271],[21.3847,60.2043],[21.4707,60.2079],[21.4015,60.1779],[21.3171,60.1959],[21.3419,60.2067],[21.2517,60.2135],[21.2907,60.2191],[21.3221,60.2347]]],[[[16.8208,58.3599],[16.8853,58.326],[16.9181,58.3415],[16.9203,58.324],[16.8342,58.321],[16.8336,58.3357],[16.8069,58.339],[16.8208,58.3599]]],[[[18.2519,59.3754],[18.2581,59.3638],[18.1669,59.3387],[18.2519,59.3754]]],[[[20.3087,60.1111],[20.2665,60.0621],[20.2173,60.0925],[20.3087,60.1111]]],[[[48.7083,45.6963],[48.6247,45.7321],[48.6755,45.7649],[48.7083,45.6963]]],[[[21.3031,60.5627],[21.3565,60.4995],[21.2421,60.5141],[21.3031,60.5627]]],[[[21.3135,60.6699],[21.3615,60.6269],[21.3241,60.6307],[21.3235,60.5819],[21.2919,60.5849],[21.3135,60.6699]]],[[[23.6597,59.9307],[23.4035,59.9035],[23.5141,59.9285],[23.6597,59.9307]]],[[[20.4389,60.2389],[20.3809,60.1933],[20.3339,60.2795],[20.4389,60.2389]]],[[[22.0755,60.4433],[21.9965,60.4239],[21.9285,60.4861],[22.0755,60.4433]]],[[[18.6792,59.3688],[18.7181,59.3688],[18.7464,59.3213],[18.6792,59.3688]]],[[[25.9401,60.2697],[25.9261,60.3485],[26.0387,60.2877],[25.9977,60.2805],[25.9401,60.2697]]],[[[21.9645,60.2775],[21.8741,60.3075],[21.9693,60.3157],[21.9131,60.3289],[22.0161,60.3351],[21.9645,60.2775]]],[[[21.8063,60.5411],[21.7043,60.4617],[21.7001,60.5005],[21.8063,60.5411]]],[[[26.9817,60.0259],[26.9537,60.1079],[27.0349,60.0413],[26.9817,60.0259]]],[[[20.8129,60.2859],[20.8515,60.2469],[20.7783,60.2287],[20.8129,60.2859]]],[[[18.9875,59.6257],[18.8497,59.584],[18.8842,59.6185],[18.9875,59.6257]]],[[[26.5403,60.3773],[26.5057,60.4091],[26.5979,60.4471],[26.5403,60.3773]]],[[[18.7682,60.204],[18.8143,60.1604],[18.7337,60.1549],[18.7682,60.204]]],[[[22.9533,60.0853],[22.8441,60.0835],[22.9067,60.1219],[22.9533,60.0853]]],[[[20.5949,60.0553],[20.6175,60.0333],[20.5331,60.0029],[20.5949,60.0553]]],[[[13.2249,54.4671],[13.1209,54.4487],[13.1565,54.4891],[13.2249,54.4671]]],[[[28.4863,60.3655],[28.5319,60.3083],[28.4567,60.3329],[28.4863,60.3655]]],[[[24.4971,59.5543],[24.4885,59.5849],[24.5215,59.6043],[24.4971,59.5543]]],[[[22.2693,60.4019],[22.1507,60.4051],[22.1681,60.4169],[22.2693,60.4019]]],[[[22.0225,63.3793],[22.0959,63.3763],[22.0167,63.3717],[21.9751,63.3319],[21.9421,63.3345],[22.0225,63.3793]]],[[[17.4753,58.7643],[17.5197,58.7346],[17.5058,58.7379],[17.4725,58.746],[17.4631,58.7262],[17.4925,58.7149],[17.4619,58.7001],[17.4547,58.7393],[17.4403,58.7465],[17.4275,58.7412],[17.4231,58.7485],[17.4753,58.7643]]],[[[15.6831,56.1135],[15.6919,56.121],[15.7342,56.1146],[15.6808,56.0732],[15.6831,56.1135]]],[[[22.3391,60.1489],[22.2899,60.1475],[22.3885,60.2077],[22.3391,60.1489]]],[[[23.9395,59.9905],[23.9899,59.9849],[23.8451,59.9457],[23.9395,59.9905]]],[[[22.2117,60.3429],[22.1447,60.3539],[22.2953,60.3755],[22.2117,60.3429]]],[[[13.1545,54.5837],[13.1085,54.5837],[13.0653,54.4631],[13.0985,54.5911],[13.1545,54.5837]]],[[[18.9469,59.6629],[18.9336,59.6512],[18.8564,59.6007],[18.8203,59.5918],[18.8264,59.584],[18.7447,59.569],[18.8025,59.5901],[18.9469,59.6629]]],[[[28.5225,60.4135],[28.5363,60.3503],[28.4477,60.4641],[28.5225,60.4135]]],[[[20.3559,60.0191],[20.4637,60.0017],[20.3027,59.9939],[20.3559,60.0191]]],[[[18.3175,59.4451],[18.3286,59.4426],[18.3603,59.4296],[18.3025,59.4171],[18.3203,59.4074],[18.3631,59.4038],[18.3736,59.4157],[18.3514,59.4193],[18.3608,59.4218],[18.4425,59.3946],[18.3053,59.4035],[18.2919,59.4179],[18.3147,59.4212],[18.3175,59.4451]]],[[[22.3425,60.3661],[22.3111,60.3775],[22.4807,60.4041],[22.3425,60.3661]]],[[[24.0203,58.1505],[23.9953,58.1001],[23.9639,58.0981],[24.0203,58.1505]]],[[[18.8181,59.2904],[18.7786,59.2668],[18.7825,59.2551],[18.7381,59.2618],[18.7086,59.2496],[18.7842,59.3026],[18.8181,59.2904]]],[[[18.9131,59.4176],[18.8442,59.3904],[18.8519,59.4301],[18.9131,59.4176]]],[[[11.6136,57.9018],[11.6125,57.8993],[11.6242,57.9007],[11.6436,57.8765],[11.6358,57.8776],[11.6264,57.874],[11.6025,57.8551],[11.5503,57.8579],[11.6064,57.8796],[11.5981,57.9012],[11.6136,57.9018]]],[[[29.7277,60.0231],[29.8097,59.9883],[29.7911,59.9761],[29.7277,60.0231]]],[[[21.4303,63.0137],[21.3439,63.0415],[21.4161,63.0387],[21.4355,63.0851],[21.4303,63.0137]]],[[[28.6697,60.4749],[28.6969,60.4697],[28.6269,60.4761],[28.5705,60.5183],[28.6697,60.4749]]],[[[49.1877,46.2799],[49.2139,46.2721],[49.1495,46.2825],[49.1281,46.3001],[49.1877,46.2799]]],[[[21.6373,60.2537],[21.5557,60.2205],[21.5841,60.2731],[21.6135,60.2665],[21.6373,60.2537]]],[[[22.0191,63.3297],[22.0639,63.3003],[22.0477,63.2745],[22.0191,63.3297]]],[[[22.9197,60.0423],[22.8661,60.0077],[22.8547,60.0563],[22.9197,60.0423]]],[[[23.9947,59.3571],[24.0107,59.3199],[23.9759,59.3213],[23.9947,59.3571]]],[[[27.7965,59.9977],[27.8081,60.0259],[27.8583,60.0213],[27.7965,59.9977]]],[[[21.2111,62.9859],[21.2219,62.9481],[21.1551,62.9411],[21.2111,62.9859]]],[[[20.5455,60.0605],[20.4619,60.0129],[20.4725,60.0515],[20.5455,60.0605]]],[[[21.7001,63.3061],[21.6727,63.2511],[21.6365,63.2955],[21.7001,63.3061]]],[[[23.9269,59.3459],[23.9523,59.3135],[23.9205,59.3081],[23.9269,59.3459]]],[[[21.1701,62.8643],[21.2307,62.8587],[21.1709,62.8285],[21.1701,62.8643]]],[[[20.7501,60.3459],[20.7921,60.3647],[20.8031,60.3467],[20.7501,60.3459]]],[[[20.4441,60.0219],[20.3835,60.0213],[20.4571,60.0671],[20.4441,60.0219]]],[[[16.6653,57.8376],[16.6942,57.8243],[16.7042,57.8149],[16.6758,57.8129],[16.7208,57.8054],[16.7214,57.7915],[16.6558,57.7985],[16.6653,57.8376]]],[[[23.2663,57.8033],[23.2677,57.7809],[23.2123,57.7871],[23.2663,57.8033]]],[[[21.0049,59.9563],[21.0095,59.9237],[20.9799,59.9247],[20.9841,59.9315],[21.0049,59.9563]]],[[[16.7325,57.6204],[16.7031,57.5774],[16.6503,57.5751],[16.7025,57.5982],[16.7325,57.6204]]],[[[21.7341,63.3125],[21.7913,63.2787],[21.7389,63.2745],[21.6901,63.3247],[21.7341,63.3125]]],[[[22.5843,59.9647],[22.5057,59.9651],[22.5069,59.9819],[22.5843,59.9647]]],[[[26.8955,60.4231],[26.8401,60.4375],[26.8811,60.4693],[26.8955,60.4231]]],[[[22.1707,60.3827],[22.2265,60.3809],[22.0993,60.3525],[22.1707,60.3827]]],[[[18.7514,59.2043],[18.6542,59.1746],[18.6858,59.2076],[18.7514,59.2043]]],[[[22.5015,59.8647],[22.4179,59.8479],[22.4179,59.8617],[22.5015,59.8647]]],[[[18.9575,59.3751],[18.9525,59.356],[18.9181,59.3621],[18.9286,59.3768],[18.9064,59.3937],[18.8875,59.3935],[18.9225,59.409],[18.9575,59.3751]]],[[[21.9163,58.3865],[21.8069,58.3845],[21.8787,58.3889],[21.9163,58.3865]]],[[[20.8871,59.9163],[20.8573,59.9333],[20.9109,59.9497],[20.8871,59.9163]]],[[[16.9247,58.5276],[16.9258,58.5165],[16.9686,58.5101],[16.9664,58.5015],[16.9986,58.4929],[16.9619,58.4826],[16.9047,58.529],[16.9247,58.5276]]],[[[22.4813,58.1437],[22.4923,58.1779],[22.5353,58.1513],[22.4813,58.1437]]],[[[25.8731,60.2335],[25.8945,60.2249],[25.8055,60.1995],[25.8731,60.2335]]],[[[18.7619,59.4613],[18.6397,59.4382],[18.6631,59.4562],[18.7619,59.4613]]],[[[26.1155,60.2733],[26.0389,60.2933],[26.1111,60.2881],[26.1155,60.2733]]],[[[21.9527,60.1125],[21.9271,60.1287],[21.9683,60.1395],[21.9527,60.1125]]],[[[20.6883,60.2319],[20.7235,60.2001],[20.6869,60.1859],[20.6883,60.2319]]],[[[16.7736,57.8324],[16.7581,57.8224],[16.7881,57.8026],[16.7081,57.8546],[16.7736,57.8324]]],[[[22.6263,59.9551],[22.6519,59.9379],[22.5931,59.9547],[22.6263,59.9551]]],[[[14.7109,53.9447],[14.7021,53.9535],[14.7169,53.9793],[14.7109,53.9447]]],[[[18.8381,59.6857],[18.9075,59.6668],[18.8697,59.6574],[18.8381,59.6857]]],[[[23.4271,59.8663],[23.3613,59.8733],[23.4419,59.8941],[23.4271,59.8663]]],[[[20.6819,60.1441],[20.6961,60.1113],[20.6451,60.1293],[20.6819,60.1441]]],[[[22.4615,60.3487],[22.4399,60.3587],[22.5351,60.3761],[22.4615,60.3487]]],[[[21.3755,61.1913],[21.4295,61.1695],[21.3519,61.1713],[21.3755,61.1913]]],[[[21.2043,60.8923],[21.2825,60.8871],[21.2467,60.8607],[21.2043,60.8923]]],[[[15.5653,56.1246],[15.5614,56.1024],[15.5158,56.1049],[15.5653,56.1246]]],[[[26.2043,60.3493],[26.2493,60.3241],[26.2037,60.3181],[26.2043,60.3493]]],[[[18.6525,59.3982],[18.7075,59.3976],[18.6208,59.3915],[18.6442,59.3957],[18.6525,59.3982]]],[[[22.9311,60.0387],[22.9799,60.0393],[22.9615,60.0201],[22.9311,60.0387]]],[[[18.5521,60.212],[18.5592,60.1884],[18.5006,60.2069],[18.5521,60.212]]],[[[22.1151,60.4105],[22.0887,60.4245],[22.2021,60.4419],[22.1151,60.4105]]],[[[21.3681,60.3665],[21.3707,60.3531],[21.3097,60.3633],[21.3681,60.3665]]],[[[21.4061,60.7587],[21.4271,60.7245],[21.3711,60.7245],[21.3965,60.7351],[21.4061,60.7587]]],[[[21.0569,62.5721],[21.0801,62.5755],[21.0959,62.5643],[21.0569,62.5721]]],[[[22.3971,59.9497],[22.4329,59.9781],[22.4405,59.9677],[22.3971,59.9497]]],[[[12.7253,55.9101],[12.7225,55.8971],[12.6975,55.891],[12.7253,55.9101]]],[[[21.2609,62.3415],[21.2199,62.3381],[21.2213,62.3887],[21.2609,62.3415]]],[[[21.4857,61.2457],[21.5215,61.2353],[21.5097,61.2181],[21.4857,61.2457]]],[[[27.0335,60.4151],[26.9961,60.4353],[27.0419,60.4641],[27.0335,60.4151]]],[[[27.8199,60.5055],[27.8535,60.4777],[27.8151,60.4721],[27.8199,60.5055]]],[[[18.8275,59.4751],[18.7064,59.466],[18.7714,59.4835],[18.8275,59.4751]]],[[[21.3985,60.4033],[21.4253,60.3801],[21.4095,60.3709],[21.3985,60.4033]]],[[[27.0747,60.4037],[27.0745,60.3783],[27.0431,60.3779],[27.0747,60.4037]]],[[[11.8097,57.6457],[11.7897,57.6521],[11.7819,57.6307],[11.7264,57.6476],[11.7414,57.6457],[11.7575,57.6554],[11.7853,57.6535],[11.7969,57.6629],[11.8097,57.6457]]],[[[21.2091,62.9053],[21.2293,62.8731],[21.2019,62.8783],[21.2091,62.9053]]],[[[25.0667,60.1853],[25.1007,60.1663],[25.0693,60.1585],[25.0667,60.1853]]],[[[11.8169,57.5932],[11.7519,57.6035],[11.7731,57.6096],[11.7603,57.619],[11.8169,57.5932]]],[[[18.1631,58.9024],[18.1264,58.861],[18.0892,58.8626],[18.1047,58.8821],[18.1225,58.8832],[18.1631,58.9024]]],[[[16.8142,58.0954],[16.8458,58.0896],[16.7975,58.0924],[16.7836,58.1024],[16.8142,58.0954]]],[[[25.0295,59.6373],[25.0441,59.6133],[24.9923,59.6133],[25.0295,59.6373]]],[[[48.5425,45.7961],[48.5109,45.8579],[48.5367,45.8397],[48.5425,45.7961]]],[[[17.5986,58.8401],[17.7075,58.7982],[17.6481,58.8088],[17.5931,58.8404],[17.5986,58.8401]]],[[[21.6481,60.4277],[21.6033,60.4053],[21.6307,60.4585],[21.6481,60.4277]]],[[[20.3311,60.2057],[20.2587,60.1787],[20.3083,60.2217],[20.3311,60.2057]]],[[[15.6342,56.1063],[15.5925,56.101],[15.5997,56.1207],[15.6342,56.1063]]],[[[21.4643,60.2369],[21.4743,60.2311],[21.4071,60.2183],[21.4643,60.2369]]],[[[21.0743,62.7343],[21.0773,62.7101],[21.0411,62.7099],[21.0743,62.7343]]],[[[15.4736,56.0918],[15.4397,56.099],[15.4369,56.1126],[15.4736,56.0918]]],[[[18.8903,59.324],[18.8503,59.3165],[18.8331,59.3176],[18.8903,59.324]]],[[[49.0491,46.2173],[49.1011,46.2419],[49.0465,46.1959],[49.0491,46.2173]]],[[[16.9253,58.2793],[16.9186,58.2696],[16.8847,58.2432],[16.8658,58.2454],[16.9253,58.2793]]],[[[11.6431,57.6968],[11.6692,57.6999],[11.6758,57.6815],[11.6431,57.6968]]],[[[21.4471,60.2897],[21.4519,60.2741],[21.3893,60.2719],[21.4471,60.2897]]],[[[46.8845,44.3767],[46.8857,44.3877],[46.9195,44.3813],[46.8845,44.3767]]],[[[23.1459,59.8943],[23.0613,59.9015],[23.1191,59.9311],[23.1459,59.8943]]],[[[16.2397,58.6251],[16.2508,58.6179],[16.2186,58.606],[16.2397,58.6251]]],[[[19.8139,60.2945],[19.8443,60.3161],[19.8597,60.3021],[19.8139,60.2945]]],[[[11.7031,57.741],[11.6881,57.7096],[11.6669,57.7415],[11.7031,57.741]]],[[[21.5583,60.4955],[21.5197,60.4997],[21.5561,60.5259],[21.5583,60.4955]]],[[[21.4853,61.8105],[21.4983,61.7949],[21.4347,61.8031],[21.4853,61.8105]]],[[[31.7661,46.3915],[31.7681,46.3729],[31.7419,46.3835],[31.7661,46.3915]]],[[[22.3089,60.2131],[22.3771,60.2275],[22.3711,60.2209],[22.3089,60.2131]]],[[[21.7207,60.3475],[21.6429,60.3659],[21.6919,60.3601],[21.7207,60.3475]]],[[[21.8319,60.1429],[21.9123,60.1543],[21.9111,60.1481],[21.8929,60.1493],[21.8319,60.1429]]],[[[25.4923,60.2463],[25.4467,60.2257],[25.4159,60.2465],[25.4923,60.2463]]],[[[16.5708,57.1618],[16.5431,57.1476],[16.5269,57.1529],[16.5708,57.1618]]],[[[22.1319,60.2605],[22.1897,60.2617],[22.1187,60.2501],[22.1319,60.2605]]],[[[21.8807,60.3665],[21.9087,60.3597],[21.8863,60.3509],[21.8807,60.3665]]],[[[18.3775,59.3926],[18.4336,59.3635],[18.3419,59.3868],[18.3775,59.3926]]],[[[21.2069,60.6193],[21.2385,60.5997],[21.1661,60.6139],[21.2069,60.6193]]],[[[23.8301,59.9519],[23.8241,59.9521],[23.8605,59.9949],[23.8891,59.9899],[23.8301,59.9519]]],[[[22.8331,63.9031],[22.8743,63.8629],[22.8271,63.8733],[22.8331,63.9031]]],[[[15.4558,56.1665],[15.4608,56.161],[15.4603,56.1301],[15.4558,56.1665]]],[[[16.9031,58.2113],[16.9103,58.1982],[16.9403,58.201],[16.9492,58.1843],[16.9097,58.196],[16.9031,58.2113]]],[[[22.3355,59.9493],[22.3747,59.9629],[22.3739,59.9459],[22.3355,59.9493]]],[[[11.7025,58.3341],[11.7414,58.3171],[11.7281,58.3071],[11.7025,58.3341]]],[[[22.6595,59.9969],[22.6865,60.0349],[22.6909,59.9971],[22.6595,59.9969]]],[[[21.4107,60.2453],[21.4349,60.2503],[21.3951,60.2393],[21.3129,60.2519],[21.4107,60.2453]]],[[[18.3825,60.5116],[18.3683,60.5212],[18.414,60.5293],[18.3825,60.5116]]],[[[23.3987,59.2997],[23.4279,59.2791],[23.3751,59.2897],[23.3987,59.2997]]],[[[18.5901,60.2147],[18.6329,60.2021],[18.6142,60.1908],[18.5901,60.2147]]],[[[20.3135,60.3293],[20.3045,60.3435],[20.3401,60.3609],[20.3135,60.3293]]],[[[20.9279,60.3115],[20.9131,60.3441],[20.9469,60.3307],[20.9279,60.3115]]],[[[22.2671,60.1315],[22.2363,60.1315],[22.2843,60.1625],[22.2671,60.1315]]],[[[21.0993,60.4823],[21.1199,60.4763],[21.1041,60.4515],[21.0993,60.4823]]],[[[11.6575,57.7007],[11.6236,57.7165],[11.6292,57.7279],[11.6575,57.7007]]],[[[28.3711,60.0241],[28.3739,60.0441],[28.3947,60.0399],[28.3711,60.0241]]],[[[22.3547,63.6093],[22.3611,63.6237],[22.4007,63.6029],[22.3547,63.6093]]],[[[21.8335,63.4467],[21.8281,63.4293],[21.7859,63.4561],[21.8335,63.4467]]],[[[21.5013,61.6429],[21.5279,61.6309],[21.4875,61.6219],[21.5013,61.6429]]],[[[19.0542,59.6393],[18.9997,59.6254],[19.0286,59.6351],[19.0542,59.6393]]],[[[20.3931,60.3489],[20.3897,60.3339],[20.3541,60.3365],[20.3931,60.3489]]],[[[22.2187,60.1787],[22.2681,60.1749],[22.2119,60.1625],[22.2187,60.1787]]],[[[28.7151,60.7505],[28.7605,60.7245],[28.7333,60.7183],[28.7151,60.7505]]],[[[18.9797,59.4149],[18.9419,59.3968],[18.9336,59.4162],[18.9797,59.4149]]],[[[20.5129,60.1111],[20.5773,60.1005],[20.5541,60.0907],[20.5129,60.1111]]],[[[19.0697,59.5807],[19.0737,59.5726],[19.0275,59.5701],[19.0331,59.564],[19.0125,59.5629],[19.0386,59.5807],[19.0697,59.5807]]],[[[31.7001,46.2783],[31.7617,46.3255],[31.8185,46.3411],[31.7001,46.2783]]],[[[32.1917,46.1453],[32.0451,46.1759],[32.0605,46.1773],[32.1917,46.1453]]],[[[21.0937,60.5351],[21.1077,60.5193],[21.0683,60.5203],[21.0937,60.5351]]],[[[22.0651,60.2289],[22.0463,60.2423],[22.0841,60.2505],[22.0651,60.2289]]],[[[22.6119,63.7817],[22.6469,63.7679],[22.6085,63.7531],[22.6119,63.7817]]],[[[21.6271,60.2039],[21.6687,60.1917],[21.6463,60.1869],[21.6271,60.2039]]],[[[21.4641,61.6549],[21.4303,61.6779],[21.4769,61.6699],[21.4641,61.6549]]],[[[23.0215,58.9105],[23.0129,58.9313],[23.0519,58.9123],[23.0215,58.9105]]],[[[20.9457,60.4611],[20.9345,60.4751],[20.9647,60.4529],[20.9457,60.4611]]],[[[20.3931,60.2723],[20.3795,60.3043],[20.4073,60.2995],[20.3931,60.2723]]],[[[15.7864,56.091],[15.7708,56.0768],[15.7386,56.0729],[15.7864,56.091]]],[[[21.2745,60.8531],[21.2839,60.8285],[21.2673,60.8223],[21.2745,60.8531]]],[[[19.5871,60.3533],[19.6255,60.3671],[19.6285,60.3643],[19.5871,60.3533]]],[[[28.5409,60.6189],[28.5159,60.6479],[28.5303,60.6507],[28.5409,60.6189]]],[[[16.6397,57.8804],[16.6647,57.871],[16.6653,57.8512],[16.6942,57.8454],[16.6514,57.8485],[16.6397,57.8804]]],[[[19.8785,60.2857],[19.8571,60.3101],[19.8889,60.3213],[19.8785,60.2857]]],[[[21.0001,60.3339],[21.0001,60.2981],[20.9781,60.3053],[21.0001,60.3339]]],[[[14.3855,53.8537],[14.4109,53.8611],[14.4111,53.8425],[14.3855,53.8537]]],[[[11.7781,58.1051],[11.7942,58.0932],[11.7664,58.0818],[11.7781,58.1051]]],[[[18.7364,59.6126],[18.7081,59.5885],[18.6792,59.5863],[18.7364,59.6126]]],[[[17.9847,58.8963],[17.9631,58.8868],[17.9575,58.861],[17.9531,58.8857],[17.9847,58.8963]]],[[[23.3657,59.9109],[23.4017,59.8943],[23.3615,59.8921],[23.3657,59.9109]]],[[[22.0967,60.1701],[22.1219,60.1899],[22.1511,60.1955],[22.1559,60.1927],[22.0967,60.1701]]],[[[21.0689,60.4193],[21.0691,60.4015],[21.0417,60.4055],[21.0689,60.4193]]],[[[21.2045,62.4217],[21.2127,62.4111],[21.1793,62.3713],[21.2045,62.4217]]],[[[19.5349,60.2611],[19.5437,60.2343],[19.5035,60.2309],[19.5349,60.2611]]],[[[22.3599,59.9643],[22.3399,59.9651],[22.3853,59.9963],[22.3599,59.9643]]],[[[21.2327,60.8613],[21.2391,60.8521],[21.2117,60.8415],[21.2327,60.8613]]],[[[21.7545,63.4313],[21.7149,63.4383],[21.7237,63.4515],[21.7545,63.4313]]],[[[21.4357,60.2637],[21.3659,60.2555],[21.3853,60.2657],[21.4357,60.2637]]],[[[13.0401,54.4415],[13.0185,54.4447],[12.9771,54.4353],[13.0607,54.4545],[13.0401,54.4415]]],[[[24.1285,58.2073],[24.0975,58.2057],[24.1461,58.2347],[24.1285,58.2073]]],[[[26.7637,60.3707],[26.7899,60.3581],[26.7699,60.3493],[26.7637,60.3707]]],[[[46.9853,44.4623],[46.9773,44.4785],[47.0069,44.4625],[46.9853,44.4623]]],[[[21.3539,60.6021],[21.3285,60.6193],[21.3563,60.6181],[21.3539,60.6021]]],[[[18.5414,59.0582],[18.5269,59.054],[18.5369,59.0365],[18.5092,59.029],[18.5108,59.0529],[18.5414,59.0582]]],[[[21.3589,60.7447],[21.3359,60.7625],[21.3537,60.7671],[21.3589,60.7447]]],[[[21.6777,60.2935],[21.6921,60.2843],[21.6297,60.2889],[21.6777,60.2935]]],[[[27.4049,60.4501],[27.3785,60.4725],[27.4255,60.4597],[27.4049,60.4501]]],[[[16.5775,57.3351],[16.5803,57.3338],[16.5903,57.3185],[16.5775,57.3351]]],[[[22.1589,60.2471],[22.1753,60.2441],[22.1173,60.2365],[22.1589,60.2471]]],[[[20.4049,60.1521],[20.4001,60.1627],[20.4293,60.1765],[20.4049,60.1521]]],[[[24.8975,60.1659],[24.8975,60.1465],[24.8793,60.1453],[24.8975,60.1659]]],[[[24.7601,59.5743],[24.7407,59.5861],[24.7885,59.5927],[24.7601,59.5743]]],[[[22.1811,60.2193],[22.1759,60.2237],[22.2113,60.2371],[22.1811,60.2193]]],[[[19.7903,60.3833],[19.7709,60.3985],[19.8133,60.4175],[19.7903,60.3833]]],[[[25.0371,60.1405],[25.0607,60.1561],[25.0877,60.1501],[25.0371,60.1405]]],[[[22.5079,59.9209],[22.4927,59.9341],[22.5059,59.9505],[22.5079,59.9209]]],[[[16.6203,57.1024],[16.6464,57.0985],[16.5797,57.1029],[16.6203,57.1024]]],[[[12.5647,56.4435],[12.5831,56.4379],[12.5592,56.4307],[12.5647,56.4435]]],[[[27.1793,59.8455],[27.1795,59.8595],[27.2027,59.8561],[27.1793,59.8455]]],[[[22.0501,60.4181],[22.0781,60.4169],[22.0523,60.3983],[22.0501,60.4181]]],[[[20.0865,60.3881],[20.1285,60.3999],[20.1323,60.3921],[20.0865,60.3881]]],[[[18.5099,60.1746],[18.4879,60.1834],[18.5262,60.1896],[18.5099,60.1746]]],[[[21.1549,60.7875],[21.1409,60.7979],[21.1567,60.8079],[21.1549,60.7875]]],[[[11.6658,57.9032],[11.6486,57.8826],[11.6286,57.899],[11.6658,57.9032]]],[[[18.1542,59.0582],[18.1386,59.0499],[18.1642,59.0585],[18.1892,59.0454],[18.1353,59.0476],[18.1481,59.0599],[18.1542,59.0582]]],[[[25.9253,60.2335],[25.9555,60.2289],[25.9371,60.2177],[25.9253,60.2335]]],[[[19.7957,60.3357],[19.8043,60.3595],[19.8203,60.3549],[19.7957,60.3357]]],[[[15.6547,56.1779],[15.6586,56.1624],[15.6303,56.1618],[15.6547,56.1779]]],[[[12.6985,54.4307],[12.7345,54.4199],[12.6799,54.4205],[12.6985,54.4307]]],[[[16.9008,58.3729],[16.8886,58.3601],[16.8919,58.3496],[16.8614,58.3457],[16.9008,58.3729]]],[[[21.7195,60.3305],[21.7255,60.3277],[21.6525,60.3357],[21.7195,60.3305]]],[[[20.4939,60.0929],[20.5191,60.0827],[20.4545,60.0825],[20.4939,60.0929]]],[[[20.9585,59.9363],[20.9725,59.9291],[20.9311,59.9183],[20.9585,59.9363]]],[[[19.7265,60.3659],[19.7185,60.3835],[19.7457,60.3893],[19.7265,60.3659]]],[[[20.0269,60.0057],[19.9967,60.0109],[20.0063,60.0227],[20.0269,60.0057]]],[[[21.0723,60.3501],[21.0685,60.3697],[21.0859,60.3649],[21.0723,60.3501]]],[[[21.7611,60.3681],[21.7317,60.3785],[21.7961,60.3827],[21.7611,60.3681]]],[[[21.4917,61.3571],[21.5107,61.3451],[21.4629,61.3437],[21.4917,61.3571]]],[[[21.4269,61.2105],[21.4645,61.1973],[21.4319,61.1949],[21.4269,61.2105]]],[[[21.6031,59.8365],[21.6561,59.8399],[21.5793,59.8267],[21.6031,59.8365]]],[[[21.4927,63.1599],[21.5421,63.1381],[21.4889,63.1467],[21.4927,63.1599]]],[[[21.4767,60.1053],[21.4679,60.1101],[21.4953,60.1193],[21.4767,60.1053]]],[[[29.5485,44.7941],[29.5409,44.7977],[29.5939,44.8155],[29.5485,44.7941]]],[[[18.8592,59.6543],[18.8686,59.6496],[18.8186,59.6446],[18.8592,59.6543]]],[[[18.7899,60.143],[18.7916,60.1284],[18.7662,60.1281],[18.7899,60.143]]],[[[11.7936,57.5871],[11.7942,57.5618],[11.7664,57.5793],[11.7936,57.5871]]],[[[21.7549,60.2473],[21.7485,60.2509],[21.7917,60.2569],[21.7549,60.2473]]],[[[23.7607,59.9271],[23.7545,59.9291],[23.7621,59.9441],[23.7607,59.9271]]],[[[16.6669,57.6524],[16.6719,57.6426],[16.6297,57.6376],[16.6669,57.6524]]],[[[21.6937,60.4221],[21.7143,60.4433],[21.7257,60.4259],[21.6937,60.4221]]],[[[22.4685,59.9753],[22.4699,59.9631],[22.4465,59.9639],[22.4685,59.9753]]],[[[21.5567,60.2881],[21.5507,60.3017],[21.5763,60.3021],[21.5567,60.2881]]],[[[11.6103,57.7896],[11.6264,57.7704],[11.5992,57.7721],[11.6103,57.7896]]],[[[18.6756,60.2752],[18.679,60.2557],[18.6692,60.2493],[18.6756,60.2752]]],[[[22.3417,59.8053],[22.3107,59.8003],[22.3071,59.8027],[22.3417,59.8053]]],[[[17.0375,58.2685],[17.0408,58.2668],[17.0425,58.2618],[17.0036,58.2479],[16.9769,58.2471],[17.0375,58.2685]]],[[[27.8395,60.5241],[27.8465,60.5185],[27.8323,60.5039],[27.8395,60.5241]]],[[[18.7058,59.1399],[18.6653,59.1329],[18.7097,59.159],[18.7058,59.1399]]],[[[20.7339,60.2199],[20.7335,60.2487],[20.7413,60.2511],[20.7339,60.2199]]],[[[21.6841,60.1075],[21.6867,60.0979],[21.6247,60.1023],[21.6841,60.1075]]],[[[28.6019,60.5257],[28.5937,60.5549],[28.6095,60.5529],[28.6019,60.5257]]],[[[25.6713,60.2325],[25.6919,60.2157],[25.6837,60.2095],[25.6713,60.2325]]],[[[21.9445,63.2759],[21.9301,63.2879],[21.9573,63.2957],[21.9445,63.2759]]],[[[23.3791,58.5283],[23.3967,58.5135],[23.3745,58.5095],[23.3791,58.5283]]],[[[11.7242,57.9221],[11.6614,57.9235],[11.6719,57.9271],[11.7242,57.9221]]],[[[21.4717,60.3881],[21.4983,60.3885],[21.4989,60.3741],[21.4717,60.3881]]],[[[17.5775,58.8871],[17.5869,58.8771],[17.5525,58.8821],[17.5775,58.8871]]],[[[21.3805,60.4429],[21.3893,60.4403],[21.3885,60.4213],[21.3805,60.4429]]],[[[23.0363,58.6479],[23.0467,58.6289],[23.0247,58.6311],[23.0363,58.6479]]],[[[22.6049,63.8183],[22.6303,63.8063],[22.6071,63.7889],[22.6049,63.8183]]],[[[15.7981,56.0176],[15.7758,56.0157],[15.7753,56.0207],[15.7981,56.0176]]],[[[11.6369,57.7385],[11.6275,57.7421],[11.6364,57.7471],[11.6625,57.7316],[11.6369,57.7385]]],[[[20.7477,60.2903],[20.7341,60.2807],[20.7453,60.3023],[20.7477,60.2903]]],[[[23.3683,59.9143],[23.3609,59.9249],[23.3755,59.9323],[23.3683,59.9143]]],[[[22.4029,59.8405],[22.3655,59.8491],[22.4041,59.8629],[22.4029,59.8405]]],[[[21.5449,60.5333],[21.5317,60.5515],[21.5517,60.5521],[21.5449,60.5333]]],[[[22.1113,60.1373],[22.1083,60.1461],[22.1295,60.1573],[22.1113,60.1373]]],[[[26.7419,60.4381],[26.7597,60.4285],[26.7299,60.4091],[26.7419,60.4381]]],[[[21.9181,60.1687],[21.9477,60.1809],[21.9499,60.1787],[21.9181,60.1687]]],[[[18.8325,59.3915],[18.8286,59.3857],[18.7875,59.3935],[18.8325,59.3915]]],[[[22.4551,63.5437],[22.4201,63.5763],[22.4281,63.5797],[22.4551,63.5437]]],[[[35.8965,64.2895],[35.8437,64.3203],[35.8479,64.3229],[35.8965,64.2895]]],[[[25.5211,60.2397],[25.5351,60.2605],[25.5445,60.2537],[25.5211,60.2397]]],[[[23.4625,58.8163],[23.4473,58.8331],[23.4725,58.8265],[23.4625,58.8163]]],[[[21.7603,59.9677],[21.7817,59.9691],[21.7845,59.9555],[21.7603,59.9677]]],[[[18.6836,59.4765],[18.6647,59.4643],[18.6131,59.4615],[18.6836,59.4765]]],[[[16.9408,58.2349],[16.9425,58.2229],[16.9081,58.2149],[16.9408,58.2349]]],[[[11.7486,58.0804],[11.7253,58.0937],[11.7392,58.096],[11.7486,58.0804]]],[[[22.0209,60.1315],[21.9837,60.1381],[22.0305,60.1399],[22.0209,60.1315]]],[[[11.5853,58.0865],[11.5614,58.0857],[11.5664,58.0968],[11.5853,58.0865]]],[[[26.3089,60.3385],[26.2591,60.3527],[26.2685,60.3605],[26.3089,60.3385]]],[[[12.1831,57.1699],[12.1908,57.1674],[12.1492,57.1551],[12.1831,57.1699]]],[[[21.6463,60.4645],[21.6507,60.4811],[21.6783,60.4699],[21.6463,60.4645]]],[[[18.7958,59.646],[18.7619,59.6335],[18.7647,59.6471],[18.7958,59.646]]],[[[21.6545,60.3753],[21.6479,60.3807],[21.6665,60.3821],[21.6545,60.3753]]],[[[16.7836,57.9512],[16.8025,57.9399],[16.7803,57.9412],[16.7719,57.9465],[16.7836,57.9512]]],[[[19.0869,59.769],[19.0614,59.7804],[19.0725,59.7849],[19.0869,59.769]]],[[[14.8508,56.0165],[14.8581,56.0057],[14.8403,55.9996],[14.8508,56.0165]]],[[[21.6775,63.3937],[21.6933,63.3905],[21.6659,63.3787],[21.6775,63.3937]]],[[[20.3609,60.0831],[20.3587,60.0685],[20.3379,60.0653],[20.3609,60.0831]]],[[[21.5237,61.5989],[21.5283,61.5967],[21.4685,61.5865],[21.5237,61.5989]]],[[[16.6481,58.4338],[16.6547,58.431],[16.6675,58.4318],[16.6875,58.4179],[16.6442,58.4329],[16.6481,58.4338]]],[[[17.3219,58.7374],[17.3253,58.7326],[17.2908,58.7382],[17.3219,58.7374]]],[[[25.8947,60.2189],[25.9163,60.2085],[25.8665,60.2095],[25.8947,60.2189]]],[[[21.4125,60.4123],[21.4305,60.4333],[21.4417,60.4207],[21.4125,60.4123]]],[[[18.6184,60.284],[18.6397,60.2685],[18.61,60.2688],[18.6184,60.284]]],[[[28.0285,60.0299],[28.0611,60.0215],[28.0075,60.0271],[28.0285,60.0299]]],[[[18.9197,59.291],[18.9325,59.2757],[18.8964,59.2899],[18.9197,59.291]]],[[[21.7723,59.9245],[21.7817,59.9157],[21.7299,59.9169],[21.7723,59.9245]]],[[[16.6319,57.5615],[16.6403,57.554],[16.6031,57.5579],[16.6319,57.5615]]],[[[25.5299,60.1937],[25.5293,60.2155],[25.5521,60.2089],[25.5299,60.1937]]],[[[16.6942,57.5218],[16.7208,57.5032],[16.6831,57.514],[16.6942,57.5218]]],[[[21.5731,60.5271],[21.5659,60.5403],[21.5815,60.5405],[21.5731,60.5271]]],[[[22.5717,63.7621],[22.5551,63.7493],[22.5575,63.7653],[22.5717,63.7621]]],[[[26.1247,60.3691],[26.0953,60.3947],[26.0991,60.3963],[26.1247,60.3691]]],[[[16.9786,58.4307],[16.9703,58.414],[16.9458,58.4201],[16.9786,58.4307]]],[[[21.3683,60.4995],[21.3499,60.5131],[21.3781,60.5195],[21.3683,60.4995]]],[[[16.5019,57.0149],[16.5342,57.0024],[16.5036,56.994],[16.5019,57.0149]]],[[[21.9771,60.2839],[22.0129,60.2963],[21.9973,60.2839],[21.9771,60.2839]]],[[[22.4643,59.9241],[22.4623,59.9441],[22.4825,59.9359],[22.4643,59.9241]]],[[[18.6626,60.2085],[18.6272,60.2273],[18.6344,60.2348],[18.6626,60.2085]]],[[[16.9364,58.2607],[16.9064,58.2446],[16.9081,58.2568],[16.9364,58.2607]]],[[[21.3747,62.9319],[21.3615,62.9433],[21.3993,62.9559],[21.3747,62.9319]]],[[[21.5355,60.2335],[21.5007,60.2367],[21.5111,60.2543],[21.5355,60.2335]]],[[[28.4429,60.5955],[28.4401,60.6075],[28.4593,60.6015],[28.4429,60.5955]]],[[[20.6067,60.0839],[20.5787,60.0907],[20.5973,60.1007],[20.6067,60.0839]]],[[[17.6942,58.8624],[17.7031,58.8613],[17.7131,58.8568],[17.7103,58.8529],[17.7136,58.8485],[17.7131,58.854],[17.7158,58.8546],[17.7219,58.8371],[17.6942,58.8624]]],[[[20.4579,60.2993],[20.4267,60.2955],[20.4313,60.3071],[20.4579,60.2993]]],[[[21.8417,60.2947],[21.8593,60.2947],[21.8451,60.2837],[21.8417,60.2947]]],[[[49.2705,46.2519],[49.2457,46.2623],[49.2661,46.2651],[49.2705,46.2519]]],[[[20.8859,60.3653],[20.8863,60.3417],[20.8829,60.3423],[20.8859,60.3653]]],[[[21.4645,60.1451],[21.4855,60.1421],[21.4755,60.1315],[21.4645,60.1451]]],[[[19.7393,60.3543],[19.7757,60.3689],[19.7705,60.3633],[19.7393,60.3543]]],[[[22.8247,63.7299],[22.8493,63.7269],[22.8297,63.7149],[22.8247,63.7299]]],[[[21.0843,62.6933],[21.1161,62.6881],[21.0715,62.6803],[21.0843,62.6933]]],[[[16.6792,57.5418],[16.7025,57.5399],[16.6831,57.5332],[16.6792,57.5418]]],[[[20.5203,60.2757],[20.5029,60.2909],[20.5275,60.2925],[20.5203,60.2757]]],[[[21.2391,60.2023],[21.2639,60.1967],[21.2497,60.1925],[21.2391,60.2023]]],[[[23.2875,59.8871],[23.2857,59.8891],[23.3387,59.8881],[23.2875,59.8871]]],[[[19.4803,60.2437],[19.4965,60.2653],[19.5005,60.2553],[19.4803,60.2437]]],[[[16.9019,58.3985],[16.8658,58.4035],[16.8714,58.4093],[16.9019,58.3985]]],[[[21.5197,61.7147],[21.5121,61.7255],[21.5579,61.7085],[21.5197,61.7147]]],[[[21.2773,60.8043],[21.2499,60.8063],[21.2805,60.8185],[21.2773,60.8043]]],[[[22.3513,59.9271],[22.3843,59.9371],[22.3629,59.9239],[22.3513,59.9271]]],[[[20.8553,60.2505],[20.8627,60.2615],[20.8727,60.2525],[20.8553,60.2505]]],[[[20.6259,60.4147],[20.6419,60.4007],[20.6063,60.4035],[20.6259,60.4147]]],[[[18.8152,59.4565],[18.8169,59.4538],[18.8042,59.4437],[18.7797,59.4379],[18.7669,59.4401],[18.8152,59.4565]]],[[[21.0421,60.5601],[21.0773,60.5571],[21.0497,60.5489],[21.0421,60.5601]]],[[[17.8614,58.7782],[17.8692,58.7596],[17.8669,58.7371],[17.8614,58.7782]]],[[[20.9833,60.4233],[21.0001,60.4323],[21.0001,60.4061],[20.9833,60.4233]]],[[[20.6011,60.1697],[20.6173,60.1633],[20.5725,60.1573],[20.6011,60.1697]]],[[[21.7339,60.5539],[21.7299,60.5647],[21.7473,60.5737],[21.7339,60.5539]]],[[[27.8879,60.0113],[27.8949,60.0159],[27.9053,60.0093],[27.8879,60.0113]]],[[[23.1221,58.8283],[23.1197,58.8405],[23.1495,58.8317],[23.1221,58.8283]]],[[[18.6619,59.1876],[18.6231,59.166],[18.6392,59.1851],[18.6619,59.1876]]],[[[21.0679,60.3085],[21.0753,60.2981],[21.0617,60.2919],[21.0537,60.2933],[21.0679,60.3085]]],[[[18.5247,59.1162],[18.4869,59.1057],[18.4881,59.1149],[18.5247,59.1162]]],[[[18.6986,59.426],[18.6792,59.4301],[18.7203,59.4371],[18.6986,59.426]]],[[[22.3553,59.9099],[22.3885,59.9217],[22.3759,59.9089],[22.3553,59.9099]]],[[[20.0605,60.4369],[20.0827,60.4363],[20.0791,60.4201],[20.0605,60.4369]]],[[[21.0399,60.4299],[21.0273,60.4373],[21.0679,60.4387],[21.0399,60.4299]]],[[[16.6192,57.8688],[16.6108,57.8576],[16.5908,57.8704],[16.6192,57.8688]]],[[[24.6019,60.0603],[24.6243,60.0541],[24.5981,60.0475],[24.6019,60.0603]]],[[[21.4401,61.6121],[21.4155,61.6279],[21.4373,61.6259],[21.4401,61.6121]]],[[[22.4247,59.9969],[22.4331,59.9969],[22.4369,59.9883],[22.4247,59.9969]]],[[[22.3115,60.1427],[22.3403,60.1425],[22.3229,60.1281],[22.3115,60.1427]]],[[[18.6481,59.1607],[18.6136,59.1532],[18.6231,59.161],[18.6481,59.1607]]],[[[21.0911,60.4987],[21.1079,60.4905],[21.0749,60.4869],[21.0911,60.4987]]],[[[19.7667,60.4267],[19.7833,60.4257],[19.7761,60.4089],[19.7667,60.4267]]],[[[21.9585,60.2325],[21.9531,60.2451],[21.9623,60.2481],[21.9585,60.2325]]],[[[22.3961,59.8237],[22.4163,59.8185],[22.4039,59.8059],[22.3961,59.8237]]],[[[20.4037,60.3439],[20.4309,60.3397],[20.4001,60.3283],[20.4037,60.3439]]],[[[18.7019,59.4129],[18.6692,59.4174],[18.6725,59.4196],[18.7019,59.4129]]],[[[16.5747,57.8713],[16.5842,57.8682],[16.5875,57.8613],[16.5564,57.861],[16.5747,57.8713]]],[[[21.9023,60.3375],[21.9135,60.3329],[21.8509,60.3403],[21.9023,60.3375]]],[[[19.7015,60.3623],[19.7049,60.3791],[19.7177,60.3697],[19.7015,60.3623]]],[[[21.0099,60.7229],[21.0411,60.7333],[21.0255,60.7245],[21.0099,60.7229]]],[[[18.8086,59.5554],[18.7725,59.5565],[18.7881,59.5682],[18.8086,59.5554]]],[[[20.0043,60.3755],[19.9847,60.3933],[20.0023,60.4017],[20.0043,60.3755]]],[[[11.6742,57.9418],[11.6508,57.936],[11.6703,57.9362],[11.6647,57.931],[11.6625,57.9354],[11.6264,57.9365],[11.6742,57.9418]]],[[[21.0129,60.8449],[21.0111,60.8485],[21.0357,60.8477],[21.0129,60.8449]]],[[[18.8258,59.3085],[18.8581,59.2976],[18.8103,59.2999],[18.8258,59.3085]]],[[[21.5375,60.3021],[21.5479,60.2863],[21.5301,60.2841],[21.5375,60.3021]]],[[[20.0483,60.4365],[20.0537,60.4225],[20.0455,60.4183],[20.0483,60.4365]]],[[[16.5942,57.8537],[16.5869,57.8421],[16.5692,57.846],[16.5942,57.8537]]],[[[25.2347,59.5785],[25.2441,59.5647],[25.2181,59.5707],[25.2347,59.5785]]],[[[23.6675,59.9225],[23.6379,59.9175],[23.6857,59.9303],[23.6675,59.9225]]],[[[11.7214,57.9504],[11.7392,57.9451],[11.7397,57.9351],[11.7214,57.9504]]],[[[11.8125,58.0715],[11.8019,58.056],[11.7908,58.0601],[11.8125,58.0715]]],[[[22.0133,63.3437],[22.0203,63.3583],[22.0401,63.3435],[22.0133,63.3437]]],[[[18.9042,59.3107],[18.8503,59.306],[18.8692,59.3121],[18.9042,59.3107]]],[[[20.7917,60.3949],[20.7973,60.3843],[20.7713,60.4031],[20.7917,60.3949]]],[[[22.9891,58.8143],[22.9911,58.8175],[23.0125,58.8093],[22.9891,58.8143]]],[[[20.3069,60.1603],[20.3287,60.1489],[20.3133,60.1423],[20.3069,60.1603]]],[[[21.1633,60.5667],[21.1657,60.5801],[21.1851,60.5725],[21.1633,60.5667]]],[[[18.4114,59.2393],[18.4097,59.2262],[18.3886,59.2432],[18.4114,59.2393]]],[[[23.4423,58.6273],[23.4177,58.6357],[23.4337,58.6443],[23.4423,58.6273]]],[[[18.5608,59.4185],[18.5825,59.4051],[18.5486,59.4082],[18.5608,59.4185]]],[[[20.0551,60.3907],[20.0689,60.3813],[20.0635,60.3769],[20.0551,60.3907]]],[[[21.9319,60.2007],[21.9155,60.2049],[21.9543,60.2049],[21.9319,60.2007]]],[[[23.2617,58.5223],[23.2561,58.5265],[23.2717,58.5409],[23.2617,58.5223]]],[[[22.3755,59.9019],[22.4045,59.8993],[22.3813,59.8911],[22.3755,59.9019]]],[[[19.9689,60.0359],[19.9631,60.0381],[19.9941,60.0509],[19.9689,60.0359]]],[[[15.4919,56.1113],[15.4953,56.1107],[15.4975,56.1085],[15.4931,56.1051],[15.5058,56.1021],[15.5125,56.0932],[15.4831,56.0899],[15.4919,56.1113]]],[[[20.3523,60.1539],[20.3299,60.1603],[20.3555,60.1737],[20.3523,60.1539]]],[[[21.1953,62.3725],[21.2143,62.3957],[21.2183,62.3937],[21.1953,62.3725]]],[[[22.7703,63.8753],[22.7777,63.8709],[22.7621,63.8597],[22.7703,63.8753]]],[[[16.7142,57.6696],[16.6631,57.6751],[16.6825,57.6774],[16.7142,57.6696]]],[[[21.3069,60.7091],[21.2899,60.7127],[21.3115,60.7195],[21.3069,60.7091]]],[[[25.1451,60.1625],[25.1459,60.1587],[25.1231,60.1541],[25.1451,60.1625]]],[[[25.3529,60.2293],[25.3355,60.2405],[25.3701,60.2369],[25.3529,60.2293]]],[[[18.6518,60.2901],[18.6588,60.2826],[18.6344,60.2849],[18.6518,60.2901]]],[[[18.4058,58.9774],[18.4169,58.9751],[18.4403,58.9613],[18.4058,58.9774]]],[[[16.7103,57.991],[16.7142,57.9824],[16.6975,57.9801],[16.7103,57.991]]],[[[21.3213,60.5565],[21.2931,60.5789],[21.2993,60.5801],[21.3213,60.5565]]],[[[18.7592,59.241],[18.7692,59.2351],[18.7542,59.2246],[18.7703,59.2193],[18.7403,59.2193],[18.7592,59.241]]],[[[21.6235,60.0879],[21.5927,60.0895],[21.6011,60.0997],[21.6235,60.0879]]],[[[24.0003,60.0101],[23.9745,60.0147],[24.0049,60.0197],[24.0003,60.0101]]],[[[25.2387,60.2239],[25.2225,60.2275],[25.2543,60.2339],[25.2387,60.2239]]],[[[21.7533,60.1103],[21.7137,60.1131],[21.7395,60.1205],[21.7533,60.1103]]],[[[21.2893,60.7665],[21.2779,60.7703],[21.3035,60.7757],[21.2893,60.7665]]],[[[22.0819,60.1723],[22.0701,60.1839],[22.1059,60.1851],[22.0819,60.1723]]],[[[26.4175,60.3533],[26.4355,60.3615],[26.4435,60.3507],[26.4175,60.3533]]],[[[21.4041,63.0141],[21.4131,63.0043],[21.3935,63.0023],[21.4041,63.0141]]],[[[21.4683,60.1205],[21.5085,60.1379],[21.4885,60.1227],[21.4683,60.1205]]],[[[18.7286,59.4157],[18.7431,59.4135],[18.7053,59.4107],[18.7286,59.4157]]],[[[15.7742,56.0513],[15.7581,56.0454],[15.7575,56.0557],[15.7742,56.0513]]],[[[21.4803,61.3959],[21.4991,61.3895],[21.4759,61.3901],[21.4803,61.3959]]],[[[21.2325,60.6097],[21.2207,60.6277],[21.2395,60.6261],[21.2325,60.6097]]],[[[22.7251,59.9971],[22.7281,60.0103],[22.7483,60.0065],[22.7251,59.9971]]],[[[21.3071,60.8213],[21.2921,60.8279],[21.3093,60.8389],[21.3071,60.8213]]],[[[22.8233,60.0459],[22.8225,60.0327],[22.8097,60.0381],[22.8233,60.0459]]],[[[48.4959,45.8823],[48.5125,45.8863],[48.4981,45.8691],[48.4959,45.8823]]],[[[18.8236,59.3662],[18.8019,59.3665],[18.7986,59.3763],[18.8236,59.3662]]],[[[18.1947,59.0351],[18.1981,59.0268],[18.1553,59.0363],[18.1947,59.0351]]],[[[22.7469,63.7041],[22.7415,63.7131],[22.7705,63.7117],[22.7469,63.7041]]],[[[21.3091,60.1683],[21.3277,60.1661],[21.3257,60.1637],[21.3091,60.1683]]],[[[16.9497,58.3268],[16.9475,58.3096],[16.9331,58.3093],[16.9497,58.3268]]],[[[21.4935,60.2997],[21.5027,60.2965],[21.4597,60.2937],[21.4935,60.2997]]],[[[18.8636,59.5096],[18.8564,59.5018],[18.8269,59.5029],[18.8636,59.5096]]],[[[18.9347,59.6676],[18.8969,59.6571],[18.9031,59.6629],[18.9347,59.6676]]],[[[16.8292,58.4196],[16.8436,58.4188],[16.8264,58.4068],[16.8292,58.4196]]],[[[21.2211,60.2463],[21.2457,60.2491],[21.2449,60.2465],[21.2211,60.2463]]],[[[11.6208,58.0874],[11.5992,58.0851],[11.6036,58.0946],[11.6208,58.0874]]],[[[27.4175,60.4073],[27.4315,60.4187],[27.4351,60.4121],[27.4175,60.4073]]],[[[21.2403,60.8167],[21.2367,60.8347],[21.2567,60.8235],[21.2403,60.8167]]],[[[27.3763,60.4967],[27.3877,60.4901],[27.3569,60.4855],[27.3763,60.4967]]],[[[16.8825,58.1818],[16.8697,58.1935],[16.8797,58.1935],[16.8914,58.2029],[16.8825,58.1818]]],[[[16.8531,58.1243],[16.8342,58.1251],[16.8325,58.1393],[16.8531,58.1243]]],[[[22.2709,60.3891],[22.2795,60.3831],[22.2587,60.3785],[22.2709,60.3891]]],[[[18.4486,59.4338],[18.4303,59.4324],[18.4314,59.4257],[18.4086,59.4324],[18.4486,59.4338]]],[[[22.4401,63.5395],[22.4425,63.5179],[22.4291,63.5265],[22.4401,63.5395]]],[[[24.6205,60.0961],[24.6539,60.1001],[24.6445,60.0977],[24.6205,60.0961]]],[[[21.5045,60.1641],[21.4725,60.1651],[21.4905,60.1753],[21.5045,60.1641]]],[[[19.0253,59.6757],[19.0081,59.6807],[19.0231,59.6862],[19.0253,59.6757]]],[[[19.7317,60.3275],[19.7347,60.3157],[19.7023,60.3151],[19.7317,60.3275]]],[[[13.5189,54.3163],[13.5467,54.3333],[13.5489,54.3249],[13.5189,54.3163]]],[[[11.6236,57.9265],[11.6003,57.924],[11.6014,57.9315],[11.6236,57.9265]]],[[[28.6957,60.4487],[28.6905,60.4433],[28.6665,60.4553],[28.6957,60.4487]]],[[[18.3314,59.0449],[18.3381,59.0435],[18.3408,59.046],[18.3425,59.0454],[18.3242,59.0351],[18.3147,59.0379],[18.3314,59.0449]]],[[[21.3823,62.8851],[21.3749,62.8897],[21.3809,62.9053],[21.3823,62.8851]]],[[[13.4175,54.1597],[13.3981,54.1797],[13.4153,54.1757],[13.4175,54.1597]]],[[[18.4164,59.1007],[18.3808,59.099],[18.4064,59.1046],[18.4164,59.1007]]],[[[12.1269,57.3068],[12.1247,57.2985],[12.1069,57.2957],[12.1269,57.3068]]],[[[24.3567,59.9993],[24.3883,59.9955],[24.3465,59.9909],[24.3567,59.9993]]],[[[16.6781,57.8657],[16.6969,57.8632],[16.7053,57.8554],[16.6781,57.8657]]],[[[22.0021,63.2213],[22.0203,63.2153],[22.0099,63.2105],[22.0021,63.2213]]],[[[26.5227,60.3613],[26.5139,60.3707],[26.5343,60.3727],[26.5227,60.3613]]],[[[17.5042,58.8165],[17.5108,58.8135],[17.5192,58.8037],[17.5164,58.7907],[17.5042,58.8165]]],[[[22.1845,59.8749],[22.2131,59.8723],[22.2119,59.8703],[22.1845,59.8749]]],[[[25.4643,60.1859],[25.4761,60.1835],[25.4591,60.1753],[25.4643,60.1859]]],[[[21.5471,60.2565],[21.5527,60.2529],[21.5455,60.2447],[21.5471,60.2565]]],[[[18.472,60.3102],[18.4975,60.3042],[18.4574,60.311],[18.472,60.3102]]],[[[26.1329,60.3593],[26.1211,60.3395],[26.1129,60.3511],[26.1329,60.3593]]],[[[22.3575,60.0291],[22.3707,60.0229],[22.3571,60.0099],[22.3575,60.0291]]],[[[22.6379,63.8111],[22.6423,63.8319],[22.6573,63.8197],[22.6379,63.8111]]],[[[18.6114,59.081],[18.5942,59.0801],[18.5958,59.0935],[18.6114,59.081]]],[[[11.9653,57.3446],[11.9736,57.3385],[11.9353,57.3413],[11.9653,57.3446]]],[[[18.6497,59.0954],[18.6153,59.0829],[18.6186,59.0954],[18.6497,59.0954]]],[[[20.8167,60.0613],[20.7967,60.0671],[20.8209,60.0753],[20.8167,60.0613]]],[[[21.2079,60.5187],[21.2357,60.5103],[21.2151,60.5071],[21.2079,60.5187]]],[[[21.7115,60.2957],[21.7067,60.2985],[21.7241,60.3031],[21.7115,60.2957]]],[[[20.7431,60.1773],[20.7493,60.1667],[20.7341,60.1607],[20.7431,60.1773]]],[[[20.1175,60.3771],[20.1423,60.3877],[20.1409,60.3791],[20.1175,60.3771]]],[[[21.1033,62.8387],[21.1339,62.8321],[21.1301,62.8301],[21.1033,62.8387]]],[[[20.3143,60.0881],[20.3275,60.0823],[20.3147,60.0749],[20.3143,60.0881]]],[[[22.8155,60.0605],[22.7993,60.0675],[22.8271,60.0703],[22.8155,60.0605]]],[[[21.1783,60.8073],[21.1547,60.8153],[21.1669,60.8221],[21.1783,60.8073]]],[[[18.5986,59.1374],[18.5997,59.1354],[18.5886,59.1237],[18.5692,59.1243],[18.5986,59.1374]]],[[[21.3499,61.4731],[21.3447,61.4799],[21.3637,61.4837],[21.3499,61.4731]]],[[[20.4001,60.1711],[20.4217,60.1871],[20.4251,60.1823],[20.4001,60.1711]]],[[[21.4947,60.5167],[21.4861,60.5205],[21.5121,60.5241],[21.4947,60.5167]]],[[[21.5563,63.0831],[21.5539,63.0855],[21.5749,63.1009],[21.5563,63.0831]]],[[[22.6585,63.7819],[22.6341,63.7975],[22.6457,63.8043],[22.6585,63.7819]]],[[[23.7163,59.9367],[23.7243,59.9253],[23.6979,59.9271],[23.7163,59.9367]]],[[[21.4171,60.6427],[21.4221,60.6275],[21.4017,60.6331],[21.4171,60.6427]]],[[[18.6842,59.1299],[18.6536,59.1085],[18.6442,59.1126],[18.6842,59.1299]]],[[[18.0703,59.0182],[18.0619,59.0174],[18.0603,59.0288],[18.0725,59.0279],[18.0703,59.0182]]],[[[18.1825,58.9954],[18.1831,58.984],[18.1686,58.9796],[18.1825,58.9954]]],[[[27.8611,60.4627],[27.8607,60.4711],[27.8871,60.4661],[27.8611,60.4627]]],[[[20.5345,60.0755],[20.5323,60.0787],[20.5681,60.0873],[20.5345,60.0755]]],[[[18.7125,59.1754],[18.6786,59.1685],[18.6858,59.1743],[18.7125,59.1754]]],[[[23.0653,58.8097],[23.0693,58.8287],[23.0821,58.8233],[23.0653,58.8097]]],[[[16.6969,57.7821],[16.7142,57.7729],[16.6858,57.7743],[16.6969,57.7821]]],[[[34.9477,46.2405],[34.9419,46.2421],[34.9875,46.2515],[34.9947,46.2491],[34.9477,46.2405]]],[[[18.3803,59.2571],[18.3825,59.2482],[18.3447,59.2565],[18.3803,59.2571]]],[[[21.2777,60.7645],[21.2851,60.7599],[21.2583,60.7571],[21.2777,60.7645]]],[[[21.4983,61.2885],[21.4691,61.2969],[21.4883,61.2999],[21.4983,61.2885]]],[[[21.3171,60.1959],[21.2647,60.2025],[21.2859,60.2011],[21.3171,60.1959]]],[[[18.5508,59.0276],[18.5692,59.0204],[18.5386,59.0243],[18.5508,59.0276]]],[[[22.9517,59.7677],[22.9397,59.7747],[22.9559,59.7787],[22.9517,59.7677]]],[[[22.7737,63.9145],[22.7423,63.9201],[22.7653,63.9271],[22.7737,63.9145]]],[[[23.4385,58.5537],[23.4565,58.5477],[23.4489,58.5469],[23.4385,58.5537]]],[[[19.6981,60.3273],[19.6877,60.3401],[19.7055,60.3407],[19.6981,60.3273]]],[[[18.8692,59.4954],[18.8292,59.481],[18.8442,59.4929],[18.8692,59.4954]]],[[[21.4133,61.6465],[21.4407,61.6375],[21.4143,61.6361],[21.4133,61.6465]]],[[[20.2341,60.4479],[20.2261,60.4571],[20.2453,60.4623],[20.2341,60.4479]]],[[[16.4897,57.1813],[16.4736,57.1921],[16.4925,57.1965],[16.4897,57.1813]]],[[[11.7786,57.5621],[11.7825,57.5582],[11.7586,57.5513],[11.7786,57.5621]]],[[[22.6021,59.9091],[22.6227,59.9037],[22.5947,59.9019],[22.6021,59.9091]]],[[[14.9825,56.121],[14.9719,56.1104],[14.9531,56.1215],[14.9825,56.121]]],[[[22.6595,63.7755],[22.6777,63.7815],[22.6815,63.7725],[22.6595,63.7755]]],[[[27.7945,60.4427],[27.7805,60.4511],[27.7897,60.4575],[27.7945,60.4427]]],[[[21.2903,60.3213],[21.2891,60.3305],[21.3131,60.3243],[21.2903,60.3213]]],[[[11.7469,57.9257],[11.7508,57.9215],[11.7242,57.9185],[11.7469,57.9257]]],[[[21.3273,60.0715],[21.3197,60.0773],[21.3399,60.0803],[21.3273,60.0715]]],[[[25.9977,60.2805],[26.0053,60.2675],[25.9919,60.2651],[25.9977,60.2805]]],[[[18.3969,59.3849],[18.3925,59.3904],[18.4208,59.3838],[18.4219,59.3807],[18.4147,59.381],[18.4181,59.3779],[18.4169,59.3774],[18.4153,59.3774],[18.4153,59.3771],[18.4142,59.3771],[18.3969,59.3849]]],[[[22.5555,59.9469],[22.5843,59.9537],[22.5843,59.9477],[22.5555,59.9469]]],[[[20.3717,60.0361],[20.3881,60.0471],[20.4047,60.0439],[20.3717,60.0361]]],[[[18.6629,60.1919],[18.6696,60.1828],[18.6596,60.1815],[18.6629,60.1919]]],[[[23.5557,59.8255],[23.5857,59.8307],[23.5769,59.8247],[23.5557,59.8255]]],[[[26.9781,60.4161],[26.9859,60.4277],[26.9957,60.4155],[26.9781,60.4161]]],[[[21.0533,60.4957],[21.0461,60.5029],[21.0705,60.5021],[21.0533,60.4957]]],[[[21.7185,60.4055],[21.7099,60.4059],[21.7247,60.4195],[21.7185,60.4055]]],[[[22.8081,63.9123],[22.7913,63.9137],[22.8083,63.9233],[22.8081,63.9123]]],[[[18.6875,60.2446],[18.6798,60.249],[18.6922,60.2625],[18.6875,60.2446]]],[[[20.9455,60.4793],[20.9471,60.4889],[20.9673,60.4813],[20.9455,60.4793]]],[[[18.7714,59.494],[18.7714,59.4915],[18.7125,59.4854],[18.7714,59.494]]],[[[17.1586,58.6754],[17.1697,58.6693],[17.1764,58.6738],[17.1825,58.6718],[17.1642,58.6635],[17.1586,58.6754]]],[[[18.8981,59.6893],[18.9125,59.6821],[18.8686,59.6843],[18.8981,59.6893]]],[[[22.7763,63.8803],[22.7757,63.8835],[22.7947,63.8901],[22.7763,63.8803]]],[[[21.6725,60.5079],[21.6781,60.5171],[21.6935,60.5107],[21.6725,60.5079]]],[[[24.9911,60.1807],[25.0209,60.1851],[25.0169,60.1819],[24.9911,60.1807]]],[[[18.6164,59.2276],[18.5858,59.2287],[18.5964,59.2326],[18.6164,59.2276]]],[[[27.8927,60.4851],[27.8971,60.4809],[27.8705,60.4787],[27.8927,60.4851]]],[[[22.6641,63.7879],[22.6543,63.8077],[22.6669,63.8061],[22.6641,63.7879]]],[[[32.2991,46.5085],[32.2961,46.5119],[32.3251,46.5129],[32.2991,46.5085]]],[[[23.8143,59.9339],[23.8121,59.9365],[23.8351,59.9461],[23.8143,59.9339]]],[[[25.8011,59.6773],[25.7881,59.6851],[25.8235,59.6773],[25.8011,59.6773]]],[[[18.7181,59.5679],[18.6886,59.5674],[18.7058,59.5735],[18.7181,59.5679]]],[[[15.4331,56.1362],[15.4119,56.1293],[15.4069,56.1365],[15.4331,56.1362]]],[[[20.9719,60.4355],[20.9739,60.4251],[20.9633,60.4225],[20.9719,60.4355]]],[[[18.7186,59.3815],[18.7231,59.3771],[18.6753,59.381],[18.7186,59.3815]]],[[[21.3417,60.7219],[21.3289,60.7283],[21.3461,60.7341],[21.3417,60.7219]]],[[[21.1593,60.8605],[21.1605,60.8721],[21.1747,60.8689],[21.1593,60.8605]]],[[[21.7949,59.9361],[21.7997,59.9357],[21.7945,59.9195],[21.7949,59.9361]]],[[[12.9475,54.4443],[12.9637,54.4399],[12.9303,54.4347],[12.9475,54.4443]]],[[[16.8792,58.4226],[16.8769,58.4185],[16.8808,58.4201],[16.8864,58.4193],[16.8903,58.421],[16.8936,58.421],[16.8936,58.4204],[16.8808,58.4129],[16.8558,58.4115],[16.8792,58.4226]]],[[[32.0275,46.1805],[32.0347,46.1775],[32.0083,46.1793],[32.0275,46.1805]]],[[[17.5731,58.7557],[17.5803,58.7532],[17.5708,58.7438],[17.5731,58.7557]]],[[[21.9813,60.2283],[21.9951,60.2223],[21.9763,60.2187],[21.9813,60.2283]]],[[[21.3997,60.4341],[21.3943,60.4461],[21.4145,60.4333],[21.3997,60.4341]]],[[[16.3364,58.6471],[16.3431,58.6499],[16.3458,58.6488],[16.3286,58.6424],[16.3108,58.646],[16.3364,58.6471]]],[[[28.6047,60.6635],[28.5789,60.6635],[28.6061,60.6727],[28.6047,60.6635]]],[[[21.4935,61.7687],[21.4745,61.7761],[21.4923,61.7787],[21.4935,61.7687]]],[[[11.6175,57.7632],[11.6158,57.7513],[11.5992,57.7582],[11.6175,57.7632]]],[[[18.7492,59.416],[18.7297,59.4226],[18.7331,59.4274],[18.7492,59.416]]],[[[18.4914,59.4265],[18.4969,59.4226],[18.4553,59.4265],[18.4914,59.4265]]],[[[11.7886,58.2866],[11.7719,58.289],[11.7714,58.2938],[11.7886,58.2866]]],[[[18.4631,59.2974],[18.4881,59.2904],[18.4414,59.2946],[18.4631,59.2974]]],[[[16.8558,58.2468],[16.8503,58.2426],[16.8681,58.2363],[16.8453,58.2382],[16.8514,58.2482],[16.8558,58.2468]]],[[[16.7442,57.8626],[16.7503,57.8563],[16.7292,57.8579],[16.7442,57.8626]]],[[[22.3889,60.1131],[22.3797,60.1239],[22.3917,60.1253],[22.3889,60.1131]]],[[[24.2083,60.0057],[24.1997,60.0087],[24.2367,60.0181],[24.2083,60.0057]]],[[[22.5883,58.2069],[22.6003,58.2007],[22.5863,58.1923],[22.5883,58.2069]]],[[[21.1539,60.3279],[21.1571,60.3329],[21.1723,60.3249],[21.1539,60.3279]]],[[[12.8181,55.8668],[12.8208,55.8662],[12.8236,55.8643],[12.8269,55.8501],[12.8181,55.8668]]],[[[20.8551,60.3995],[20.8489,60.4115],[20.8595,60.4141],[20.8551,60.3995]]],[[[15.7269,56.0762],[15.7119,56.0671],[15.7108,56.0788],[15.7269,56.0762]]],[[[18.7775,59.4129],[18.7819,59.4057],[18.7858,59.4115],[18.7997,59.4057],[18.7708,59.4051],[18.7775,59.4129]]],[[[20.8283,60.2375],[20.8453,60.2293],[20.8309,60.2219],[20.8283,60.2375]]],[[[21.7039,60.1273],[21.7307,60.1241],[21.7253,60.1211],[21.7039,60.1273]]],[[[11.7025,57.8885],[11.6858,57.8899],[11.6703,57.8846],[11.6664,57.886],[11.6892,57.8963],[11.7025,57.8885]]],[[[11.9414,57.379],[11.9492,57.3763],[11.9381,57.3701],[11.9208,57.3699],[11.9309,57.3718],[11.9414,57.379]]],[[[16.7953,58.2715],[16.8053,58.266],[16.7953,58.2607],[16.7953,58.2715]]],[[[17.6733,60.6177],[17.6483,60.6279],[17.6625,60.6309],[17.6733,60.6177]]],[[[20.0429,60.0083],[20.0437,60.0175],[20.0585,60.0197],[20.0429,60.0083]]],[[[21.1871,62.3311],[21.2095,62.3461],[21.2013,62.3317],[21.1871,62.3311]]],[[[11.8136,57.6321],[11.8086,57.6243],[11.7947,57.6279],[11.8058,57.6349],[11.8136,57.6321]]],[[[22.5429,59.9057],[22.5663,59.9071],[22.5629,59.9033],[22.5429,59.9057]]],[[[21.0851,60.1347],[21.0799,60.1459],[21.0951,60.1475],[21.0851,60.1347]]],[[[21.2029,60.4029],[21.2103,60.4129],[21.2195,60.4087],[21.2029,60.4029]]],[[[22.9671,59.8899],[22.9589,59.8937],[22.9745,59.8969],[22.9671,59.8899]]],[[[16.5664,57.5854],[16.5658,57.5796],[16.5714,57.5776],[16.5658,57.5774],[16.5531,57.5846],[16.5408,57.586],[16.5664,57.5854]]],[[[21.8393,60.1193],[21.8711,60.1291],[21.8541,60.1207],[21.8393,60.1193]]],[[[16.7775,57.714],[16.7764,57.706],[16.7586,57.7085],[16.7775,57.714]]],[[[16.7919,58.3315],[16.7942,58.3296],[16.7781,58.3221],[16.7919,58.3315]]],[[[21.6849,60.4487],[21.7073,60.4481],[21.6949,60.4407],[21.6849,60.4487]]],[[[21.7561,60.5753],[21.7411,60.5829],[21.7419,60.5873],[21.7561,60.5753]]],[[[21.7975,63.4085],[21.7919,63.4085],[21.8015,63.4257],[21.7975,63.4085]]],[[[16.7008,57.8835],[16.7053,57.8801],[16.7086,57.869],[16.6803,57.8693],[16.6986,57.8718],[16.7008,57.8835]]],[[[21.5069,60.1777],[21.4881,60.1797],[21.5159,60.1853],[21.5069,60.1777]]],[[[21.8505,60.1345],[21.8255,60.1227],[21.8261,60.1331],[21.8505,60.1345]]],[[[18.9597,59.2938],[18.9219,59.2896],[18.9231,59.2949],[18.9597,59.2938]]],[[[19.6867,60.1689],[19.6931,60.1775],[19.6999,60.1695],[19.6867,60.1689]]],[[[21.7677,60.0273],[21.7673,60.0399],[21.7803,60.0361],[21.7677,60.0273]]],[[[17.4792,58.686],[17.4797,58.6765],[17.4653,58.6849],[17.4792,58.686]]],[[[21.7817,60.3461],[21.8077,60.3425],[21.8073,60.3399],[21.7817,60.3461]]],[[[22.1919,59.8491],[22.2207,59.8631],[22.2119,59.8527],[22.1919,59.8491]]],[[[25.3821,59.5221],[25.3893,59.5133],[25.3773,59.5085],[25.3821,59.5221]]],[[[26.5991,60.3615],[26.5909,60.3619],[26.6143,60.3689],[26.5991,60.3615]]],[[[28.7001,60.7247],[28.6907,60.7287],[28.7105,60.7345],[28.7001,60.7247]]],[[[20.5525,60.0749],[20.5547,60.0717],[20.5201,60.0679],[20.5525,60.0749]]],[[[25.9385,60.2441],[25.9365,60.2471],[25.9689,60.2491],[25.9385,60.2441]]],[[[21.7785,58.3373],[21.7737,58.3417],[21.7991,58.3381],[21.7785,58.3373]]],[[[21.3043,60.2965],[21.3089,60.2865],[21.2905,60.2907],[21.3043,60.2965]]],[[[21.2415,62.9827],[21.2227,62.9899],[21.2393,62.9927],[21.2415,62.9827]]],[[[22.3285,59.8649],[22.3447,59.8587],[22.3281,59.8561],[22.3285,59.8649]]],[[[23.3831,58.9401],[23.3945,58.9545],[23.3973,58.9527],[23.3831,58.9401]]],[[[22.0843,59.8539],[22.0753,59.8575],[22.1059,59.8639],[22.0843,59.8539]]],[[[17.2803,58.714],[17.2808,58.7032],[17.2553,58.7135],[17.2803,58.714]]],[[[22.2701,63.4059],[22.2679,63.4007],[22.2621,63.4011],[22.2701,63.4059]]],[[[22.2917,59.9581],[22.3053,59.9551],[22.2889,59.9493],[22.2917,59.9581]]],[[[16.7447,58.4065],[16.7336,58.3918],[16.7286,58.3965],[16.7447,58.4065]]],[[[22.1889,60.1551],[22.1923,60.1529],[22.1525,60.1457],[22.1889,60.1551]]],[[[23.8327,59.9227],[23.8109,59.9249],[23.8311,59.9295],[23.8327,59.9227]]],[[[21.6849,60.4143],[21.6973,60.4045],[21.6895,60.3995],[21.6849,60.4143]]],[[[22.3863,60.2317],[22.3713,60.2353],[22.3939,60.2413],[22.3863,60.2317]]],[[[21.5455,60.4425],[21.5467,60.4455],[21.5667,60.4413],[21.5455,60.4425]]],[[[18.5531,59.0943],[18.5325,59.0915],[18.5381,59.0985],[18.5531,59.0943]]],[[[21.8817,63.2931],[21.8967,63.2889],[21.8939,63.2817],[21.8817,63.2931]]],[[[20.9223,60.3681],[20.9169,60.3735],[20.9247,60.3809],[20.9223,60.3681]]],[[[14.3815,53.8539],[14.3761,53.8575],[14.4001,53.8641],[14.3815,53.8539]]],[[[11.6947,57.8268],[11.7008,57.8243],[11.6781,57.8165],[11.6947,57.8268]]],[[[18.7592,59.1099],[18.7525,59.1029],[18.7319,59.0996],[18.7592,59.1099]]],[[[26.6551,60.3803],[26.6593,60.3777],[26.6293,60.3699],[26.6551,60.3803]]],[[[25.2409,60.2505],[25.2117,60.2501],[25.2185,60.2529],[25.2409,60.2505]]],[[[31.7273,46.2815],[31.7269,46.2887],[31.7341,46.2925],[31.7273,46.2815]]],[[[18.5579,60.2683],[18.5457,60.2757],[18.5473,60.2807],[18.5579,60.2683]]],[[[21.3245,60.8165],[21.3355,60.8291],[21.3397,60.8255],[21.3245,60.8165]]],[[[21.9971,63.2697],[22.0215,63.2685],[22.0163,63.2661],[21.9971,63.2697]]],[[[18.7658,59.556],[18.7497,59.5601],[18.7592,59.5649],[18.7658,59.556]]],[[[21.9867,60.2067],[21.9813,60.2125],[22.0047,60.2133],[21.9867,60.2067]]],[[[17.5358,58.8085],[17.5403,58.8043],[17.5269,58.7965],[17.5358,58.8085]]],[[[18.4452,60.236],[18.468,60.2284],[18.463,60.2226],[18.4452,60.236]]],[[[26.6931,60.3919],[26.6815,60.4001],[26.6909,60.4065],[26.6931,60.3919]]],[[[16.7542,57.7174],[16.7531,57.7068],[16.7419,57.7074],[16.7542,57.7174]]],[[[18.7847,59.6635],[18.7697,59.6579],[18.7497,59.664],[18.7847,59.6635]]],[[[21.4409,61.8417],[21.4359,61.8483],[21.4485,61.8511],[21.4409,61.8417]]],[[[18.4208,59.2143],[18.4258,59.216],[18.4297,59.2143],[18.4169,59.2088],[18.4208,59.2143]]],[[[18.8858,59.3835],[18.8908,59.3826],[18.8969,59.3774],[18.8858,59.3835]]],[[[12.7257,54.4061],[12.7209,54.4081],[12.7417,54.4131],[12.7257,54.4061]]],[[[21.6721,60.5037],[21.6821,60.4939],[21.6565,60.4973],[21.6721,60.5037]]],[[[20.2955,60.2459],[20.3059,60.2577],[20.3077,60.2409],[20.2955,60.2459]]],[[[21.8803,60.3225],[21.8771,60.3271],[21.9103,60.3231],[21.8803,60.3225]]],[[[19.3233,60.2169],[19.3399,60.2131],[19.3281,60.2125],[19.3233,60.2169]]],[[[22.4915,59.8575],[22.5177,59.8575],[22.5153,59.8551],[22.4915,59.8575]]],[[[16.6458,57.826],[16.6408,57.8129],[16.6336,57.8157],[16.6458,57.826]]],[[[28.6485,60.5247],[28.6323,60.5267],[28.6433,60.5379],[28.6485,60.5247]]],[[[20.2751,60.2657],[20.2857,60.2555],[20.2733,60.2537],[20.2751,60.2657]]],[[[29.6087,44.8293],[29.6209,44.8481],[29.6205,44.8395],[29.6087,44.8293]]],[[[20.8985,60.5341],[20.9019,60.5317],[20.8901,60.5249],[20.8985,60.5341]]],[[[21.2129,60.9367],[21.2059,60.9451],[21.2249,60.9451],[21.2129,60.9367]]],[[[17.4014,58.7446],[17.4103,58.7399],[17.3892,58.7321],[17.4014,58.7446]]],[[[18.3092,59.109],[18.2842,59.109],[18.3169,59.1171],[18.3092,59.109]]],[[[19.9747,60.3723],[19.9641,60.3777],[19.9859,60.3805],[19.9747,60.3723]]],[[[15.8003,56.0524],[15.8042,56.054],[15.8175,56.0524],[15.8031,56.0396],[15.8003,56.0524]]],[[[15.7886,56.0765],[15.7925,56.074],[15.7731,56.0682],[15.7886,56.0765]]],[[[21.8903,60.2867],[21.9127,60.2759],[21.8905,60.2771],[21.8903,60.2867]]],[[[21.5395,60.0937],[21.5329,60.0991],[21.5515,60.1027],[21.5395,60.0937]]],[[[23.0571,58.7739],[23.0431,58.7747],[23.0489,58.7831],[23.0571,58.7739]]],[[[20.5205,60.0939],[20.5443,60.0865],[20.5287,60.0867],[20.5205,60.0939]]],[[[25.3179,60.2401],[25.3033,60.2463],[25.3315,60.2463],[25.3179,60.2401]]],[[[23.2833,58.4303],[23.2877,58.4333],[23.2967,58.4327],[23.2841,58.4247],[23.2833,58.4303]]],[[[20.4847,60.1255],[20.5041,60.1269],[20.4717,60.1185],[20.4847,60.1255]]],[[[15.0542,56.1729],[15.0525,56.1596],[15.0431,56.1599],[15.0542,56.1729]]],[[[27.5681,60.4305],[27.5489,60.4335],[27.5641,60.4401],[27.5681,60.4305]]],[[[26.6435,60.3065],[26.6525,60.3009],[26.6367,60.2903],[26.6435,60.3065]]],[[[21.8297,60.3203],[21.8059,60.3253],[21.8173,60.3277],[21.8297,60.3203]]],[[[22.3353,59.8443],[22.3231,59.8491],[22.3465,59.8485],[22.3353,59.8443]]],[[[25.8923,60.2385],[25.9271,60.2433],[25.9129,60.2393],[25.8923,60.2385]]],[[[11.7475,57.6207],[11.7503,57.6235],[11.7631,57.6215],[11.7397,57.616],[11.7475,57.6207]]],[[[22.9743,59.9135],[22.9831,59.9119],[22.9739,59.9043],[22.9743,59.9135]]],[[[25.4467,60.1709],[25.4575,60.1627],[25.4391,60.1647],[25.4467,60.1709]]],[[[21.0759,60.2671],[21.0627,60.2797],[21.0745,60.2803],[21.0759,60.2671]]],[[[22.2313,60.1425],[22.2427,60.1415],[22.2285,60.1355],[22.2313,60.1425]]],[[[25.8491,60.2491],[25.8467,60.2613],[25.8511,60.2627],[25.8491,60.2491]]],[[[24.6071,60.0655],[24.6321,60.0685],[24.6269,60.0663],[24.6071,60.0655]]],[[[21.0735,60.3885],[21.0863,60.3957],[21.0879,60.3929],[21.0735,60.3885]]],[[[11.6681,57.6751],[11.6703,57.6726],[11.6564,57.6651],[11.6447,57.6732],[11.6681,57.6751]]],[[[18.4353,59.374],[18.4436,59.3682],[18.4292,59.3676],[18.4353,59.374]]],[[[13.1127,54.3099],[13.1143,54.3137],[13.1297,54.3091],[13.1127,54.3099]]],[[[17.1708,58.6518],[17.1481,58.6532],[17.1614,58.656],[17.1708,58.6518]]],[[[21.5735,60.0919],[21.5603,60.0933],[21.5805,60.1009],[21.5735,60.0919]]],[[[28.4565,60.6193],[28.4629,60.6147],[28.4517,60.6113],[28.4565,60.6193]]],[[[19.7731,60.3579],[19.7879,60.3559],[19.7805,60.3503],[19.7731,60.3579]]],[[[18.7753,59.386],[18.7953,59.381],[18.7881,59.3774],[18.7753,59.386]]],[[[25.3481,60.1761],[25.3595,60.1709],[25.3399,60.1701],[25.3481,60.1761]]],[[[31.6761,46.2631],[31.6949,46.2729],[31.6915,46.2659],[31.6761,46.2631]]],[[[21.2291,60.3037],[21.2255,60.3155],[21.2413,60.3097],[21.2291,60.3037]]],[[[27.0911,60.4981],[27.0831,60.4985],[27.0959,60.5085],[27.0911,60.4981]]],[[[11.6703,58.2635],[11.6586,58.2624],[11.6651,58.276],[11.6703,58.2635]]],[[[20.7141,60.2379],[20.7167,60.2527],[20.7273,60.2429],[20.7141,60.2379]]],[[[19.9521,60.0555],[19.9771,60.0523],[19.9599,60.0487],[19.9521,60.0555]]],[[[21.1761,60.9453],[21.1665,60.9545],[21.1799,60.9541],[21.1761,60.9453]]],[[[22.1387,63.4671],[22.1423,63.4617],[22.1355,63.4557],[22.1387,63.4671]]],[[[24.6609,60.0985],[24.6841,60.1065],[24.6823,60.1031],[24.6609,60.0985]]],[[[27.7377,60.4547],[27.7239,60.4647],[27.7445,60.4669],[27.7377,60.4547]]],[[[23.1909,58.7525],[23.1685,58.7513],[23.1799,58.7593],[23.1909,58.7525]]],[[[25.2227,60.2189],[25.2535,60.2183],[25.2495,60.2159],[25.2227,60.2189]]],[[[21.2797,60.2285],[21.3029,60.2275],[21.3021,60.2271],[21.2797,60.2285]]],[[[18.9697,59.381],[18.9625,59.3735],[18.9519,59.3843],[18.9697,59.381]]],[[[21.9437,60.1383],[21.9377,60.1405],[21.9539,60.1489],[21.9437,60.1383]]],[[[25.0853,59.6025],[25.0879,59.6089],[25.1083,59.5967],[25.0853,59.6025]]],[[[21.3583,60.1729],[21.3385,60.1771],[21.3589,60.1813],[21.3583,60.1729]]],[[[22.1255,60.3823],[22.1179,60.3853],[22.1509,60.3895],[22.1255,60.3823]]],[[[18.9425,59.7093],[18.9292,59.7024],[18.9069,59.7024],[18.9425,59.7093]]],[[[11.5786,58.0768],[11.5575,58.0707],[11.5575,58.0746],[11.5786,58.0768]]],[[[27.5405,60.4473],[27.5301,60.4511],[27.5395,60.4553],[27.5405,60.4473]]],[[[28.4447,60.5601],[28.4297,60.5691],[28.4547,60.5667],[28.4447,60.5601]]],[[[18.9058,59.4499],[18.8914,59.4529],[18.8997,59.4568],[18.9058,59.4499]]],[[[21.3591,60.7989],[21.3643,60.7893],[21.3583,60.7903],[21.3591,60.7989]]],[[[23.7803,58.3467],[23.7891,58.3311],[23.7831,58.3335],[23.7803,58.3467]]],[[[16.9797,58.2624],[16.9603,58.2513],[16.9586,58.2599],[16.9797,58.2624]]],[[[22.7797,63.8955],[22.7613,63.9031],[22.7797,63.9055],[22.7797,63.8955]]],[[[18.8642,59.2971],[18.8681,59.2885],[18.8542,59.2932],[18.8603,59.2988],[18.8642,59.2971]]],[[[18.5108,59.5018],[18.4831,59.4943],[18.4875,59.4982],[18.5108,59.5018]]],[[[18.5262,60.2752],[18.5094,60.278],[18.5191,60.2848],[18.5262,60.2752]]],[[[21.7727,60.1197],[21.7893,60.1159],[21.7685,60.1135],[21.7727,60.1197]]],[[[20.5887,60.0755],[20.5819,60.0797],[20.6085,60.0753],[20.5887,60.0755]]],[[[21.3681,63.0509],[21.3619,63.0577],[21.3867,63.0579],[21.3681,63.0509]]],[[[21.8185,60.3741],[21.8179,60.3765],[21.8569,60.3713],[21.8185,60.3741]]],[[[21.8007,60.4663],[21.8153,60.4769],[21.8185,60.4745],[21.8007,60.4663]]],[[[23.4133,58.8409],[23.4163,58.8383],[23.4143,58.8317],[23.4133,58.8409]]],[[[21.8215,63.2865],[21.8121,63.2909],[21.8235,63.2971],[21.8215,63.2865]]],[[[17.7219,58.9729],[17.7169,58.9665],[17.7092,58.9712],[17.7219,58.9729]]],[[[22.9047,59.8935],[22.8967,59.8981],[22.9117,59.9017],[22.9047,59.8935]]],[[[22.3885,59.9797],[22.4037,59.9745],[22.3995,59.9703],[22.3885,59.9797]]],[[[16.9781,58.2818],[16.9842,58.2765],[16.9686,58.2707],[16.9781,58.2818]]],[[[16.7858,58.4374],[16.7914,58.4318],[16.7797,58.4263],[16.7858,58.4374]]],[[[16.5625,57.1293],[16.5708,57.124],[16.5769,57.124],[16.5797,57.1201],[16.5631,57.1188],[16.5625,57.1293]]],[[[21.7853,60.1039],[21.8105,60.0997],[21.8055,60.0971],[21.7853,60.1039]]],[[[17.7297,58.9065],[17.7453,58.8921],[17.7225,58.9021],[17.7297,58.9065]]],[[[18.3936,58.9946],[18.3847,58.9854],[18.3675,58.9821],[18.3636,58.9843],[18.3936,58.9946]]],[[[27.0743,60.4243],[27.0893,60.4165],[27.0815,60.4133],[27.0743,60.4243]]],[[[20.8315,60.0429],[20.8417,60.0351],[20.8343,60.0317],[20.8315,60.0429]]],[[[18.7681,59.6182],[18.7542,59.6204],[18.7592,59.6268],[18.7681,59.6182]]],[[[22.9257,60.0643],[22.9095,60.0701],[22.9355,60.0685],[22.9257,60.0643]]],[[[16.9808,58.2388],[16.9608,58.2304],[16.9536,58.2332],[16.9808,58.2388]]],[[[22.4989,60.2405],[22.4979,60.2447],[22.5153,60.2457],[22.4989,60.2405]]],[[[22.0899,63.4267],[22.0819,63.4311],[22.0967,63.4397],[22.0899,63.4267]]],[[[18.4725,59.4726],[18.4669,59.461],[18.4608,59.4618],[18.4725,59.4726]]],[[[21.3745,60.0709],[21.3619,60.0777],[21.3769,60.0795],[21.3745,60.0709]]],[[[21.3925,63.0751],[21.3861,63.0809],[21.3943,63.0871],[21.4079,63.0825],[21.3925,63.0751]]],[[[18.4286,59.4632],[18.4247,59.4557],[18.4119,59.461],[18.4286,59.4632]]],[[[18.9592,59.289],[18.9719,59.2846],[18.9431,59.2843],[18.9592,59.289]]],[[[21.4355,60.3045],[21.4277,60.3081],[21.4301,60.3193],[21.4355,60.3045]]],[[[21.4807,60.3027],[21.4679,60.3055],[21.4837,60.3121],[21.4807,60.3027]]],[[[16.5708,57.3599],[16.5781,57.3571],[16.5769,57.3474],[16.5708,57.3599]]],[[[11.7947,58.281],[11.8003,58.2776],[11.7908,58.2715],[11.7947,58.281]]],[[[18.4403,59.2024],[18.4597,59.1982],[18.4614,59.1924],[18.4403,59.2024]]],[[[20.5075,60.1421],[20.5279,60.1519],[20.5175,60.1439],[20.5075,60.1421]]],[[[21.7253,60.2141],[21.7447,60.2123],[21.7375,60.2077],[21.7253,60.2141]]],[[[25.2935,60.2263],[25.2855,60.2383],[25.3061,60.2319],[25.2935,60.2263]]],[[[21.6941,60.2713],[21.6907,60.2769],[21.7123,60.2761],[21.6941,60.2713]]],[[[19.5983,60.4075],[19.6127,60.4203],[19.6129,60.4119],[19.5983,60.4075]]],[[[21.5219,61.3931],[21.5287,61.3883],[21.5157,61.3837],[21.5219,61.3931]]],[[[21.4845,60.2735],[21.4931,60.2753],[21.4957,60.2693],[21.4845,60.2735]]],[[[21.8751,60.1377],[21.9033,60.1435],[21.8859,60.1367],[21.8751,60.1377]]],[[[16.9603,58.3199],[16.9586,58.3126],[16.9636,58.3174],[16.9686,58.3149],[16.9525,58.3096],[16.9603,58.3199]]],[[[14.2709,53.7055],[14.2533,53.7001],[14.2505,53.7047],[14.2709,53.7055]]],[[[21.1515,60.3441],[21.1487,60.3463],[21.1597,60.3543],[21.1515,60.3441]]],[[[18.6103,59.3918],[18.6058,59.3879],[18.6164,59.3849],[18.6169,59.3835],[18.5969,59.3846],[18.6103,59.3918]]],[[[20.9369,60.3485],[20.9313,60.3577],[20.9495,60.3553],[20.9369,60.3485]]],[[[35.5619,64.4015],[35.5833,64.4061],[35.5805,64.4029],[35.5619,64.4015]]],[[[18.5231,59.0724],[18.5147,59.0668],[18.5119,59.0785],[18.5231,59.0724]]],[[[23.8555,59.9203],[23.8465,59.9227],[23.8639,59.9291],[23.8555,59.9203]]],[[[11.8653,58.2382],[11.8658,58.231],[11.8575,58.2307],[11.8653,58.2382]]],[[[22.9945,60.1013],[22.9911,60.1025],[23.0125,60.1097],[22.9945,60.1013]]],[[[16.6236,57.8907],[16.6331,57.8832],[16.6214,57.881],[16.6236,57.8907]]],[[[18.7325,59.1071],[18.7358,59.1051],[18.7119,59.1026],[18.7325,59.1071]]],[[[19.0242,59.4221],[19.0281,59.4162],[19.0064,59.421],[19.0242,59.4221]]],[[[18.1914,58.9901],[18.1953,58.9849],[18.1881,58.9776],[18.1697,58.9774],[18.1853,58.9821],[18.1914,58.9901]]],[[[21.6201,60.4821],[21.6209,60.4917],[21.6349,60.4879],[21.6201,60.4821]]],[[[16.9814,58.4504],[16.9836,58.4485],[16.9897,58.4313],[16.9814,58.4504]]],[[[27.0739,60.4407],[27.0829,60.4273],[27.0727,60.4279],[27.0739,60.4407]]],[[[21.2425,60.0709],[21.2621,60.0797],[21.2503,60.0689],[21.2425,60.0709]]],[[[21.9245,60.2347],[21.9371,60.2309],[21.9335,60.2279],[21.9245,60.2347]]],[[[16.5731,57.1162],[16.5753,57.1065],[16.5642,57.1074],[16.5731,57.1162]]],[[[20.3639,60.1933],[20.3759,60.1883],[20.3631,60.1807],[20.3639,60.1933]]],[[[18.8525,59.2124],[18.8514,59.1957],[18.8408,59.2026],[18.8525,59.2124]]],[[[19.0984,59.8449],[19.0967,59.8257],[19.0875,59.8368],[19.0984,59.8449]]],[[[16.7992,57.2549],[16.8003,57.2493],[16.7892,57.2487],[16.7992,57.2549]]],[[[20.3151,60.2641],[20.3243,60.2703],[20.3283,60.2677],[20.3151,60.2641]]],[[[21.1209,60.1655],[21.1085,60.1699],[21.1283,60.1707],[21.1209,60.1655]]],[[[21.4057,62.9987],[21.4283,62.9957],[21.4117,62.9927],[21.4057,62.9987]]],[[[11.7564,57.6301],[11.7647,57.6249],[11.7447,57.6246],[11.7564,57.6301]]],[[[22.4177,59.8331],[22.4113,59.8375],[22.4189,59.8411],[22.4177,59.8331]]],[[[18.4936,59.0632],[18.4847,59.0621],[18.4775,59.0479],[18.4714,59.0457],[18.4842,59.0676],[18.4936,59.0632]]],[[[21.9135,60.1159],[21.9081,60.1183],[21.9167,60.1253],[21.9135,60.1159]]],[[[23.8841,59.9359],[23.8931,59.9301],[23.8877,59.9247],[23.8841,59.9359]]],[[[29.7765,45.4469],[29.7809,45.4513],[29.7771,45.4353],[29.7765,45.4469]]],[[[18.5592,58.9679],[18.5775,58.9624],[18.5492,58.9596],[18.5592,58.9679]]],[[[21.2955,62.1167],[21.2945,62.1317],[21.2987,62.1327],[21.2955,62.1167]]],[[[22.0361,63.3295],[22.0533,63.3343],[22.0501,63.3241],[22.0361,63.3295]]],[[[16.9625,58.2229],[16.9442,58.2185],[16.9442,58.226],[16.9625,58.2229]]],[[[26.3481,60.3653],[26.3443,60.3697],[26.3545,60.3745],[26.3481,60.3653]]],[[[21.4361,61.2193],[21.4517,61.2095],[21.4381,61.2113],[21.4361,61.2193]]],[[[16.7086,57.5576],[16.7131,57.5513],[16.6931,57.5537],[16.7086,57.5576]]],[[[20.3015,60.1795],[20.3103,60.1675],[20.3045,60.1667],[20.3015,60.1795]]],[[[18.4664,58.9732],[18.4358,58.9726],[18.4358,58.9774],[18.4664,58.9732]]],[[[19.7071,60.2955],[19.7063,60.3083],[19.7187,60.2973],[19.7071,60.2955]]],[[[27.8469,60.4967],[27.8409,60.5055],[27.8505,60.5061],[27.8469,60.4967]]],[[[22.8413,60.0465],[22.8467,60.0441],[22.8445,60.0347],[22.8413,60.0465]]],[[[11.6097,57.636],[11.6158,57.6296],[11.5947,57.6315],[11.6097,57.636]]],[[[21.8811,60.0065],[21.8729,60.0101],[21.8869,60.0163],[21.8811,60.0065]]],[[[21.7295,60.1003],[21.7199,60.1037],[21.7389,60.1051],[21.7295,60.1003]]],[[[22.1749,60.1291],[22.2029,60.1333],[22.1855,60.1299],[22.1749,60.1291]]],[[[27.1359,60.2855],[27.1581,60.2933],[27.1567,60.2899],[27.1359,60.2855]]],[[[20.2625,60.4175],[20.2759,60.4257],[20.2779,60.4227],[20.2625,60.4175]]],[[[21.4105,60.3371],[21.4361,60.3335],[21.4305,60.3297],[21.4105,60.3371]]],[[[21.4667,61.6333],[21.4695,61.6299],[21.4587,61.6275],[21.4667,61.6333]]],[[[18.1808,58.9026],[18.1797,58.8926],[18.1664,58.8935],[18.1808,58.9026]]],[[[11.8503,57.6176],[11.8408,57.6274],[11.8536,57.6312],[11.8503,57.6176]]],[[[21.3309,61.8453],[21.3295,61.8529],[21.3331,61.8573],[21.3309,61.8453]]],[[[20.9871,60.3747],[20.9977,60.3663],[20.9921,60.3619],[20.9871,60.3747]]],[[[18.0608,59.0115],[18.0469,58.9999],[18.0447,59.0043],[18.0608,59.0115]]],[[[22.2833,60.3385],[22.2905,60.3407],[22.2927,60.3275],[22.2833,60.3385]]],[[[21.4895,60.1517],[21.4903,60.1547],[21.5041,60.1589],[21.4895,60.1517]]],[[[22.4509,60.3871],[22.4675,60.3933],[22.4693,60.3893],[22.4509,60.3871]]],[[[21.5887,60.3309],[21.5759,60.3401],[21.5881,60.3403],[21.5887,60.3309]]],[[[20.4335,60.3213],[20.4297,60.3257],[20.4423,60.3359],[20.4335,60.3213]]],[[[21.4471,60.2679],[21.4561,60.2639],[21.4469,60.2575],[21.4471,60.2679]]],[[[21.5031,61.7645],[21.5031,61.7671],[21.5331,61.7575],[21.5031,61.7645]]],[[[20.9919,60.6529],[21.0001,60.6567],[21.0001,60.6475],[20.9919,60.6529]]],[[[17.1431,58.6601],[17.1464,58.6563],[17.1242,58.6576],[17.1431,58.6601]]],[[[21.9621,60.0873],[21.9553,60.0923],[21.9783,60.0901],[21.9621,60.0873]]],[[[19.4785,60.2729],[19.4713,60.2841],[19.4813,60.2833],[19.4785,60.2729]]],[[[18.8069,59.1485],[18.7919,59.1463],[18.7914,59.1512],[18.8069,59.1485]]],[[[17.3036,58.7171],[17.2719,58.7188],[17.2792,58.7212],[17.3036,58.7171]]],[[[21.4223,60.6083],[21.4067,60.6157],[21.4255,60.6151],[21.4223,60.6083]]],[[[11.6486,57.7596],[11.6558,57.7571],[11.6575,57.7485],[11.6486,57.7596]]],[[[11.7781,57.9824],[11.7819,57.9801],[11.7614,57.9754],[11.7781,57.9824]]],[[[21.1599,60.3765],[21.1573,60.3879],[21.1673,60.3827],[21.1599,60.3765]]],[[[11.7547,57.6015],[11.7658,57.5974],[11.7508,57.5932],[11.7547,57.6015]]],[[[20.3035,59.9849],[20.3063,59.9783],[20.2973,59.9731],[20.3035,59.9849]]],[[[48.5923,45.7515],[48.5955,45.7453],[48.5919,45.7475],[48.5923,45.7515]]],[[[20.7353,60.2103],[20.7613,60.2135],[20.7477,60.2107],[20.7353,60.2103]]],[[[22.4629,59.8469],[22.4737,59.8561],[22.4765,59.8517],[22.4629,59.8469]]],[[[21.4101,62.9323],[21.4071,62.9421],[21.4159,62.9417],[21.4101,62.9323]]],[[[17.1636,58.646],[17.1681,58.6426],[17.1392,58.6457],[17.1636,58.646]]],[[[11.8031,57.5588],[11.8036,57.5499],[11.7903,57.5468],[11.8031,57.5588]]],[[[16.3842,56.6829],[16.3847,56.6807],[16.3708,56.6757],[16.3842,56.6829]]],[[[27.4529,60.4093],[27.4663,60.4087],[27.4615,60.4069],[27.4529,60.4093]]],[[[21.4047,60.1101],[21.4087,60.1173],[21.4187,60.1115],[21.4047,60.1101]]],[[[21.1789,60.3757],[21.1769,60.3845],[21.1885,60.3799],[21.1789,60.3757]]],[[[18.7492,59.4332],[18.7247,59.4279],[18.7269,59.4329],[18.7492,59.4332]]],[[[21.5687,61.6223],[21.5563,61.6243],[21.5757,61.6283],[21.5687,61.6223]]],[[[22.0987,60.1363],[22.1047,60.1335],[22.0801,60.1337],[22.0987,60.1363]]],[[[21.8871,60.1249],[21.9021,60.1217],[21.8983,60.1179],[21.8871,60.1249]]],[[[21.0969,60.3779],[21.0983,60.3665],[21.0957,60.3651],[21.0969,60.3779]]],[[[11.6503,57.929],[11.6542,57.9321],[11.6614,57.9301],[11.6492,57.9265],[11.6503,57.929]]],[[[27.3433,60.4723],[27.3547,60.4651],[27.3505,60.4609],[27.3433,60.4723]]],[[[21.5721,60.4119],[21.5767,60.4071],[21.5671,60.4039],[21.5721,60.4119]]],[[[21.1833,60.3331],[21.1865,60.3433],[21.1995,60.3357],[21.1833,60.3331]]],[[[18.4119,59.4501],[18.3981,59.4471],[18.3992,59.451],[18.4119,59.4501]]],[[[21.5101,60.2201],[21.5093,60.2233],[21.5185,60.2275],[21.5101,60.2201]]],[[[20.3015,60.4039],[20.2923,60.4077],[20.2993,60.4159],[20.3015,60.4039]]],[[[21.8213,60.2835],[21.8295,60.2815],[21.8157,60.2745],[21.8213,60.2835]]],[[[21.5443,61.7499],[21.5489,61.7473],[21.5269,61.7447],[21.5443,61.7499]]],[[[18.8125,59.6301],[18.7958,59.6285],[18.8031,59.636],[18.8125,59.6301]]],[[[18.6008,60.3184],[18.6162,60.3127],[18.6098,60.3089],[18.6008,60.3184]]],[[[19.6251,60.1559],[19.6193,60.1657],[19.6329,60.1623],[19.6251,60.1559]]],[[[21.6507,60.2557],[21.6501,60.2585],[21.6719,60.2563],[21.6507,60.2557]]],[[[16.0608,56.2751],[16.0619,56.2607],[16.0486,56.2704],[16.0608,56.2751]]],[[[11.6242,58.1135],[11.6092,58.1051],[11.6069,58.1101],[11.6242,58.1135]]],[[[26.7661,60.4581],[26.7573,60.4701],[26.7759,60.4629],[26.7661,60.4581]]],[[[21.3917,60.3295],[21.3915,60.3327],[21.4139,60.3289],[21.3917,60.3295]]],[[[16.7192,57.8774],[16.7253,57.8696],[16.7125,57.8718],[16.7192,57.8774]]],[[[20.7433,60.2597],[20.7433,60.2677],[20.7557,60.2687],[20.7433,60.2597]]],[[[30.2279,59.9585],[30.2195,59.9599],[30.2359,59.9655],[30.2279,59.9585]]],[[[21.0235,60.3855],[21.0209,60.3889],[21.0313,60.3959],[21.0235,60.3855]]],[[[22.0795,60.1445],[22.0999,60.1433],[22.0905,60.1381],[22.0795,60.1445]]],[[[21.6907,59.9161],[21.6931,59.9091],[21.6813,59.9069],[21.6907,59.9161]]],[[[18.3531,59.4126],[18.3186,59.414],[18.3219,59.4165],[18.3531,59.4126]]],[[[17.6175,58.8512],[17.6247,58.8474],[17.6125,58.8446],[17.6175,58.8512]]],[[[17.0219,58.5096],[17.0203,58.5043],[17.0019,58.4968],[17.0219,58.5096]]],[[[11.7058,57.8107],[11.7125,57.8054],[11.6864,57.8079],[11.7058,57.8107]]],[[[26.2051,60.3911],[26.2191,60.3949],[26.2215,60.3887],[26.2051,60.3911]]],[[[21.7969,59.9737],[21.8087,59.9817],[21.8101,59.9801],[21.7969,59.9737]]],[[[11.6875,57.6974],[11.6903,57.6885],[11.6753,57.6946],[11.6875,57.6974]]],[[[21.1855,60.4533],[21.1925,60.4503],[21.1705,60.4471],[21.1855,60.4533]]],[[[21.9619,60.2083],[21.9659,60.2151],[21.9761,60.2077],[21.9619,60.2083]]],[[[21.8671,60.3503],[21.8837,60.3461],[21.8723,60.3439],[21.8671,60.3503]]],[[[27.3177,60.2871],[27.3239,60.2829],[27.3129,60.2781],[27.3177,60.2871]]],[[[25.4803,60.1813],[25.4953,60.1823],[25.4933,60.1805],[25.4803,60.1813]]],[[[11.5703,57.876],[11.5514,57.8676],[11.5531,57.8737],[11.5703,57.876]]],[[[21.2411,60.3629],[21.2375,60.3735],[21.2443,60.3729],[21.2411,60.3629]]],[[[17.6192,58.8807],[17.6242,58.8751],[17.6108,58.8732],[17.6192,58.8807]]],[[[20.6339,60.0341],[20.6509,60.0367],[20.6499,60.0333],[20.6339,60.0341]]],[[[16.7031,57.8237],[16.7042,57.8218],[16.7119,57.8215],[16.7164,57.8179],[16.7203,57.8187],[16.7214,57.8118],[16.7008,57.8235],[16.7031,57.8237]]],[[[20.7665,60.4183],[20.7761,60.4255],[20.7771,60.4209],[20.7665,60.4183]]],[[[17.5681,60.6635],[17.5698,60.6606],[17.557,60.6551],[17.5681,60.6635]]],[[[21.2531,60.4015],[21.2695,60.4029],[21.2643,60.4005],[21.2531,60.4015]]],[[[21.2311,60.1735],[21.2317,60.1761],[21.2553,60.1737],[21.2311,60.1735]]],[[[16.8069,58.3262],[16.8092,58.3232],[16.7908,58.321],[16.8069,58.3262]]],[[[27.4613,60.4237],[27.4599,60.4313],[27.4637,60.4327],[27.4613,60.4237]]],[[[11.7103,57.8862],[11.7147,57.8843],[11.6936,57.8799],[11.7103,57.8862]]],[[[16.7081,57.461],[16.7164,57.4643],[16.7203,57.4624],[16.7136,57.459],[16.6953,57.4579],[16.6914,57.4596],[16.7081,57.461]]],[[[18.8258,59.6426],[18.8353,59.6396],[18.8186,59.6312],[18.8258,59.6426]]],[[[18.7192,59.0857],[18.7019,59.0801],[18.7031,59.0913],[18.7192,59.0857]]],[[[21.6747,60.2477],[21.6977,60.2457],[21.6961,60.2437],[21.6747,60.2477]]],[[[22.6339,63.7897],[22.6407,63.7811],[22.6393,63.7783],[22.6339,63.7897]]],[[[22.6501,63.7433],[22.6495,63.7465],[22.6619,63.7523],[22.6501,63.7433]]],[[[25.5005,60.2063],[25.4957,60.2089],[25.5161,60.2125],[25.5005,60.2063]]],[[[16.7686,58.0993],[16.7731,58.0979],[16.7942,58.0879],[16.7686,58.0993]]],[[[21.2841,60.8463],[21.3003,60.8391],[21.2955,60.8353],[21.2841,60.8463]]],[[[16.9825,58.3937],[16.9703,58.3885],[16.9608,58.3932],[16.9825,58.3937]]],[[[18.8908,59.6963],[18.8769,59.6918],[18.8675,59.6921],[18.8608,59.6963],[18.8908,59.6963]]],[[[16.4581,56.9029],[16.4708,56.8974],[16.4519,56.8974],[16.4581,56.9029]]],[[[18.9786,59.3732],[18.9681,59.3632],[18.9642,59.3704],[18.9786,59.3732]]],[[[22.2271,63.2751],[22.2317,63.2603],[22.2237,63.2627],[22.2271,63.2751]]],[[[13.7701,54.2073],[13.7741,54.2107],[13.7787,54.2073],[13.7701,54.2073]]],[[[21.0731,60.2853],[21.0703,60.2867],[21.0939,60.2895],[21.0731,60.2853]]],[[[27.1169,60.4133],[27.1201,60.4229],[27.1293,60.4201],[27.1169,60.4133]]],[[[21.3099,60.3041],[21.2949,60.3101],[21.3119,60.3139],[21.3099,60.3041]]],[[[20.8785,60.2007],[20.8907,60.1841],[20.8821,60.1883],[20.8785,60.2007]]],[[[18.7192,59.2407],[18.7286,59.2354],[18.7169,59.2287],[18.7192,59.2407]]],[[[21.3371,60.6719],[21.3459,60.6605],[21.3395,60.6605],[21.3371,60.6719]]],[[[17.7331,58.871],[17.7392,58.8554],[17.7325,58.856],[17.7331,58.871]]],[[[21.0971,60.5031],[21.0969,60.5061],[21.1107,60.5051],[21.0971,60.5031]]],[[[25.8715,60.2025],[25.8879,60.2029],[25.8709,60.1967],[25.8715,60.2025]]],[[[21.3353,60.4079],[21.3249,60.4091],[21.3375,60.4155],[21.3353,60.4079]]],[[[20.4687,60.1779],[20.4785,60.1733],[20.4707,60.1673],[20.4687,60.1779]]],[[[25.6753,60.3635],[25.6675,60.3659],[25.6819,60.3727],[25.6753,60.3635]]],[[[24.0917,60.0173],[24.1125,60.0219],[24.1061,60.0159],[24.0917,60.0173]]],[[[19.8615,60.2787],[19.8639,60.2799],[19.8489,60.2641],[19.8615,60.2787]]],[[[21.4443,60.5649],[21.4285,60.5739],[21.4497,60.5693],[21.4443,60.5649]]],[[[11.5275,57.9632],[11.5092,57.9618],[11.5147,57.9676],[11.5275,57.9632]]],[[[15.8286,56.0596],[15.8275,56.0551],[15.8136,56.0643],[15.8286,56.0596]]],[[[23.6071,59.9143],[23.6211,59.9047],[23.6109,59.9049],[23.6071,59.9143]]],[[[25.9603,60.2213],[25.9853,60.2257],[25.9775,60.2213],[25.9603,60.2213]]],[[[28.6669,60.5243],[28.6781,60.5181],[28.6643,60.5163],[28.6669,60.5243]]],[[[21.6061,63.2673],[21.6121,63.2625],[21.6063,63.2553],[21.6061,63.2673]]],[[[16.8642,58.1071],[16.8636,58.1007],[16.8503,58.1024],[16.8642,58.1071]]],[[[16.8014,58.2746],[16.8125,58.2715],[16.8136,58.2607],[16.8014,58.2746]]],[[[21.6913,60.5635],[21.6903,60.5687],[21.6959,60.5723],[21.6913,60.5635]]],[[[21.3821,61.6755],[21.3715,61.6811],[21.3777,61.6851],[21.3821,61.6755]]],[[[18.8097,59.4643],[18.7892,59.4626],[18.7936,59.4651],[18.8097,59.4643]]],[[[19.6351,60.2991],[19.6311,60.3141],[19.6405,60.3093],[19.6351,60.2991]]],[[[13.1587,54.5071],[13.1579,54.5123],[13.1697,54.5085],[13.1587,54.5071]]],[[[27.0301,60.5055],[27.0331,60.4993],[27.0307,60.4931],[27.0301,60.5055]]],[[[11.5347,57.9985],[11.5336,57.9926],[11.5231,57.9929],[11.5347,57.9985]]],[[[16.4058,58.6301],[16.4114,58.624],[16.4019,58.6235],[16.4058,58.6301]]],[[[22.8141,63.8691],[22.8361,63.8643],[22.8245,63.8605],[22.8141,63.8691]]],[[[21.7021,60.3967],[21.7083,60.3883],[21.6993,60.3885],[21.7021,60.3967]]],[[[11.6436,57.8532],[11.6236,57.8546],[11.6247,57.8557],[11.6436,57.8532]]],[[[18.0403,58.8535],[18.0231,58.8488],[18.0342,58.8601],[18.0403,58.8535]]],[[[22.6049,59.9455],[22.6223,59.9385],[22.6193,59.9369],[22.6049,59.9455]]],[[[21.4029,62.9201],[21.3951,62.9279],[21.4007,62.9305],[21.4029,62.9201]]],[[[13.9131,54.2419],[13.9283,54.2507],[13.9281,54.2479],[13.9131,54.2419]]],[[[22.5137,60.0033],[22.5089,60.0055],[22.5123,60.0089],[22.5137,60.0033]]],[[[18.0964,59.3768],[18.1003,59.3737],[18.0775,59.3754],[18.0964,59.3768]]],[[[19.0486,59.7749],[19.0525,59.7718],[19.0425,59.7699],[19.0486,59.7749]]],[[[11.7414,57.5107],[11.7208,57.5104],[11.7225,57.5135],[11.7414,57.5107]]],[[[18.4536,59.4649],[18.4431,59.4676],[18.4447,59.4715],[18.4536,59.4649]]],[[[21.2405,59.9945],[21.2429,59.9989],[21.2539,59.9941],[21.2405,59.9945]]],[[[15.7258,56.0932],[15.7231,56.0871],[15.7136,56.0926],[15.7258,56.0932]]],[[[24.3669,60.0017],[24.3641,60.0025],[24.3671,60.0135],[24.3669,60.0017]]],[[[29.6249,44.8589],[29.6291,44.8719],[29.6315,44.8625],[29.6249,44.8589]]],[[[18.4797,59.4596],[18.4897,59.4421],[18.4781,59.4451],[18.4831,59.4474],[18.4814,59.4515],[18.4797,59.4596]]],[[[24.0179,60.0145],[24.0433,60.0191],[24.0267,60.0145],[24.0179,60.0145]]],[[[16.7431,57.5374],[16.7497,57.5301],[16.7364,57.529],[16.7431,57.5374]]],[[[26.9621,60.3699],[26.9475,60.3805],[26.9617,60.3791],[26.9621,60.3699]]],[[[22.6483,60.0141],[22.6527,60.0121],[22.6401,60.0085],[22.6483,60.0141]]],[[[21.5201,60.5675],[21.4969,60.5699],[21.5041,60.5735],[21.5201,60.5675]]],[[[18.0647,59.0396],[18.0503,59.0301],[18.0475,59.0337],[18.0647,59.0396]]],[[[21.3143,60.7683],[21.3131,60.7751],[21.3235,60.7739],[21.3143,60.7683]]],[[[18.5436,59.0296],[18.5303,59.0163],[18.5208,59.0135],[18.5436,59.0296]]],[[[20.5127,60.2585],[20.5111,60.2661],[20.5225,60.2699],[20.5127,60.2585]]],[[[20.6127,60.3917],[20.6097,60.3943],[20.6133,60.3989],[20.6127,60.3917]]],[[[18.6236,59.3771],[18.6025,59.3765],[18.6064,59.3787],[18.6236,59.3771]]],[[[22.8633,60.0771],[22.8837,60.0755],[22.8719,60.0715],[22.8633,60.0771]]],[[[11.8719,57.6265],[11.8581,57.6229],[11.8575,57.6299],[11.8719,57.6265]]],[[[21.0247,60.5257],[21.0187,60.5289],[21.0245,60.5359],[21.0247,60.5257]]],[[[16.8808,58.3871],[16.8864,58.3818],[16.8758,58.3793],[16.8808,58.3871]]],[[[16.6486,57.3824],[16.6531,57.3729],[16.6397,57.3735],[16.6486,57.3824]]],[[[18.4797,59.1576],[18.4536,59.1463],[18.4592,59.1518],[18.4797,59.1576]]],[[[21.2891,62.0767],[21.2891,62.0843],[21.2979,62.0821],[21.2891,62.0767]]],[[[18.3336,59.3587],[18.3092,59.3618],[18.3125,59.3635],[18.3336,59.3587]]],[[[18.7753,59.381],[18.7836,59.371],[18.7786,59.3701],[18.7753,59.381]]],[[[20.2729,60.3503],[20.2803,60.3583],[20.2865,60.3551],[20.2729,60.3503]]],[[[18.9197,59.3421],[18.9208,59.3393],[18.9058,59.3371],[18.9197,59.3421]]],[[[22.0785,60.1505],[22.0729,60.1519],[22.0955,60.1559],[22.0785,60.1505]]],[[[18.4708,59.0137],[18.4603,59.0099],[18.4486,59.0151],[18.4708,59.0137]]],[[[11.5417,58.084],[11.5481,58.0815],[11.5425,58.0743],[11.5417,58.084]]],[[[16.7064,57.6546],[16.6792,57.6543],[16.6919,57.656],[16.7064,57.6546]]],[[[28.5317,60.6607],[28.5415,60.6539],[28.5363,60.6501],[28.5317,60.6607]]],[[[21.7525,60.4203],[21.7403,60.4257],[21.7527,60.4277],[21.7525,60.4203]]],[[[16.9758,58.526],[16.9553,58.526],[16.9569,58.5268],[16.9758,58.526]]],[[[17.7547,58.8257],[17.7569,58.8246],[17.7736,58.8129],[17.7547,58.8257]]],[[[22.9655,60.3207],[22.9867,60.3283],[22.9869,60.3251],[22.9655,60.3207]]],[[[18.7514,59.4038],[18.7419,59.3943],[18.7336,59.4001],[18.7514,59.4038]]],[[[22.3891,60.1301],[22.3879,60.1321],[22.4063,60.1383],[22.3891,60.1301]]],[[[21.2121,60.8281],[21.2135,60.8383],[21.2205,60.8335],[21.2121,60.8281]]],[[[22.4693,58.1361],[22.4657,58.1375],[22.4755,58.1509],[22.4693,58.1361]]],[[[19.3533,60.1989],[19.3487,60.1895],[19.3401,60.1979],[19.3533,60.1989]]],[[[21.7161,60.3357],[21.7145,60.3387],[21.7411,60.3353],[21.7161,60.3357]]],[[[21.2151,62.9113],[21.2339,62.9053],[21.2209,62.9033],[21.2151,62.9113]]],[[[16.4892,56.946],[16.4964,56.9435],[16.4831,56.9365],[16.4892,56.946]]],[[[18.6179,60.1788],[18.6345,60.1695],[18.6265,60.1698],[18.6179,60.1788]]],[[[18.1403,59.4007],[18.1447,59.3946],[18.1258,59.3951],[18.1403,59.4007]]],[[[21.3565,60.6555],[21.3581,60.6635],[21.3641,60.6567],[21.3565,60.6555]]],[[[11.6269,57.8457],[11.6314,57.8471],[11.6353,57.8462],[11.6297,57.8415],[11.6269,57.8457]]],[[[15.4108,56.1426],[15.4169,56.1407],[15.4036,56.1418],[15.4108,56.1426]]],[[[17.4125,58.7363],[17.4208,58.7315],[17.4197,58.7271],[17.4125,58.7363]]],[[[11.4981,54.0231],[11.4885,54.0247],[11.4973,54.0321],[11.4981,54.0231]]],[[[22.0405,63.2561],[22.0263,63.2609],[22.0387,63.2661],[22.0405,63.2561]]],[[[20.9195,60.0231],[20.9309,60.0323],[20.9321,60.0287],[20.9195,60.0231]]],[[[11.6953,57.8174],[11.6764,57.8112],[11.6775,57.8146],[11.6953,57.8174]]],[[[16.7419,57.5593],[16.7464,57.5579],[16.7486,57.5526],[16.7419,57.5593]]],[[[19.7843,60.3647],[19.7745,60.3753],[19.7853,60.3793],[19.7843,60.3647]]],[[[11.7725,58.0476],[11.7697,58.0432],[11.7597,58.0504],[11.7725,58.0476]]],[[[18.7569,59.601],[18.7397,59.5951],[18.7408,59.5988],[18.7569,59.601]]],[[[21.5071,63.1323],[21.5063,63.1381],[21.5249,63.1313],[21.5071,63.1323]]],[[[16.7619,57.5729],[16.7725,57.571],[16.7625,57.5654],[16.7619,57.5729]]],[[[16.8097,57.8976],[16.8136,57.8924],[16.7969,57.8996],[16.8097,57.8976]]],[[[18.0308,58.9235],[18.0169,58.926],[18.0208,58.9307],[18.0308,58.9235]]],[[[37.6703,47.0813],[37.6643,47.0853],[37.6763,47.0835],[37.6703,47.0813]]],[[[18.5547,59.5137],[18.5331,59.5085],[18.5342,59.511],[18.5547,59.5137]]],[[[18.7819,59.1846],[18.7497,59.1796],[18.7514,59.1813],[18.7819,59.1846]]],[[[11.8769,57.5215],[11.8831,57.5157],[11.8703,57.514],[11.8769,57.5215]]],[[[17.0236,58.2268],[17.0164,58.2201],[17.0031,58.2207],[17.0236,58.2268]]],[[[18.7903,59.2412],[18.7725,59.2357],[18.7758,59.2415],[18.7903,59.2412]]],[[[18.5681,59.1207],[18.5414,59.1079],[18.5531,59.1171],[18.5681,59.1207]]],[[[16.7158,58.329],[16.7231,58.3249],[16.7136,58.3229],[16.7158,58.329]]],[[[11.8264,57.6274],[11.8364,57.6229],[11.8236,57.6201],[11.8264,57.6274]]],[[[18.7958,59.4218],[18.8036,59.4193],[18.7808,59.4154],[18.7958,59.4218]]],[[[15.5175,56.1696],[15.5242,56.1629],[15.5092,56.1646],[15.5175,56.1696]]],[[[16.6642,57.671],[16.6714,57.6679],[16.6592,57.6629],[16.6642,57.671]]],[[[18.9442,59.444],[18.9475,59.441],[18.9297,59.4418],[18.9442,59.444]]],[[[20.7271,60.2637],[20.7343,60.2683],[20.7319,60.2557],[20.7271,60.2637]]],[[[25.0657,60.1061],[25.0737,60.1051],[25.0533,60.0989],[25.0657,60.1061]]],[[[16.9453,58.5432],[16.9492,58.541],[16.9392,58.5349],[16.9308,58.5368],[16.9453,58.5432]]],[[[18.8875,59.5279],[18.8808,59.521],[18.8664,59.524],[18.8875,59.5279]]],[[[18.9681,59.4765],[18.9697,59.4749],[18.9586,59.4693],[18.9681,59.4765]]],[[[28.6521,60.6043],[28.6469,60.6165],[28.6569,60.6087],[28.6521,60.6043]]],[[[18.4558,58.9885],[18.4386,58.9857],[18.4419,58.9896],[18.4558,58.9885]]],[[[16.8619,58.1168],[16.8353,58.1179],[16.8414,58.1196],[16.8619,58.1168]]],[[[15.7431,56.0685],[15.7314,56.0601],[15.7219,56.0621],[15.7431,56.0685]]],[[[17.4836,58.7049],[17.4858,58.704],[17.4836,58.694],[17.4836,58.7049]]],[[[11.7858,58.3093],[11.7858,58.3071],[11.7697,58.3037],[11.7858,58.3093]]],[[[11.7358,57.6424],[11.7464,57.6371],[11.7319,57.6376],[11.7358,57.6424]]],[[[17.2119,58.7212],[17.2114,58.7154],[17.2058,58.7132],[17.2119,58.7212]]],[[[11.6158,57.6471],[11.6247,57.6429],[11.6125,57.6418],[11.6158,57.6471]]],[[[22.2443,63.3237],[22.2513,63.3103],[22.2417,63.3147],[22.2443,63.3237]]],[[[18.9792,59.4746],[18.9864,59.4715],[18.9675,59.4674],[18.9792,59.4746]]],[[[16.9903,58.1535],[16.9892,58.1451],[16.9814,58.1468],[16.9903,58.1535]]],[[[11.5053,58.0096],[11.5025,58.0018],[11.4975,58.0018],[11.5053,58.0096]]],[[[18.4869,59.1799],[18.4858,59.1726],[18.4775,59.1757],[18.4869,59.1799]]],[[[18.4225,59.1246],[18.4181,59.119],[18.3986,59.1143],[18.4225,59.1246]]],[[[12.0892,57.2974],[12.0914,57.2932],[12.0797,57.2896],[12.0892,57.2974]]],[[[18.7842,59.3943],[18.7925,59.3876],[18.7792,59.3885],[18.7842,59.3943]]],[[[18.6692,59.4296],[18.6758,59.4243],[18.6636,59.4235],[18.6692,59.4296]]],[[[18.6581,59.3379],[18.6703,59.321],[18.6669,59.321],[18.6581,59.3379]]],[[[15.8053,56.0649],[15.8064,56.0629],[15.8097,56.0635],[15.8131,56.0599],[15.8025,56.0643],[15.8053,56.0649]]],[[[18.4842,59.2024],[18.4892,59.1993],[18.4953,59.1932],[18.4964,59.1871],[18.4842,59.2024]]],[[[12.0619,57.364],[12.0519,57.3593],[12.0525,57.3638],[12.0619,57.364]]],[[[18.7392,59.576],[18.7392,59.5751],[18.7181,59.5707],[18.7392,59.576]]],[[[18.1231,58.9043],[18.1253,58.8979],[18.1153,58.894],[18.1231,58.9043]]],[[[11.7869,57.7601],[11.7886,57.7585],[11.7742,57.7551],[11.7869,57.7601]]],[[[18.7564,59.1707],[18.7353,59.1671],[18.7419,59.1712],[18.7564,59.1707]]],[[[11.7253,57.7971],[11.7069,57.7935],[11.7097,57.7988],[11.7253,57.7971]]],[[[18.7919,59.1429],[18.7947,59.1404],[18.7786,59.1338],[18.7919,59.1429]]],[[[11.7492,57.5826],[11.7575,57.5782],[11.7508,57.5732],[11.7492,57.5826]]],[[[16.587,57.9004],[16.6042,57.8918],[16.6053,57.8882],[16.587,57.9004]]],[[[18.3319,59.0754],[18.3103,59.0687],[18.3169,59.0732],[18.3319,59.0754]]],[[[21.2565,62.2997],[21.2719,62.3111],[21.2613,62.2975],[21.2565,62.2997]]],[[[16.6642,57.5257],[16.6686,57.5213],[16.6614,57.5196],[16.6642,57.5257]]],[[[22.4163,60.1347],[22.4279,60.1377],[22.4283,60.1349],[22.4163,60.1347]]],[[[17.5575,58.801],[17.5514,58.7968],[17.5508,58.8074],[17.5575,58.801]]],[[[19.0081,59.3826],[19.0058,59.3713],[19.0003,59.3757],[19.0081,59.3826]]],[[[15.2819,56.161],[15.2725,56.164],[15.2964,56.1679],[15.2819,56.161]]],[[[11.5992,57.8518],[11.5825,57.8479],[11.5831,57.8515],[11.5992,57.8518]]],[[[12.0492,57.3657],[12.0436,57.3626],[12.0403,57.3696],[12.0492,57.3657]]],[[[19.5349,60.2757],[19.5381,60.2809],[19.5431,60.2747],[19.5349,60.2757]]],[[[18.4569,59.121],[18.4336,59.119],[18.4481,59.1232],[18.4569,59.121]]],[[[16.7892,57.8271],[16.7892,57.8179],[16.7831,57.8196],[16.7892,57.8271]]],[[[21.6691,60.4895],[21.6733,60.4831],[21.6639,60.4829],[21.6691,60.4895]]],[[[18.6742,59.1693],[18.6636,59.1651],[18.6625,59.1685],[18.6742,59.1693]]],[[[16.9342,58.3424],[16.9369,58.3354],[16.9242,58.3401],[16.9342,58.3424]]],[[[18.7569,59.4512],[18.7297,59.4482],[18.7458,59.4507],[18.7569,59.4512]]],[[[18.5419,59.526],[18.5464,59.5229],[18.5314,59.5185],[18.5419,59.526]]],[[[13.1253,54.5495],[13.1257,54.5445],[13.1177,54.5415],[13.1253,54.5495]]],[[[18.5297,59.4091],[18.5353,59.4085],[18.5514,59.4026],[18.5297,59.4091]]],[[[16.9625,58.199],[16.9664,58.1954],[16.9553,58.1932],[16.9625,58.199]]],[[[18.6392,59.4282],[18.6231,59.4251],[18.6236,59.4268],[18.6392,59.4282]]],[[[18.7292,59.5493],[18.7369,59.5443],[18.7214,59.5443],[18.7292,59.5493]]],[[[18.6803,59.4865],[18.6825,59.4832],[18.6703,59.4824],[18.6803,59.4865]]],[[[19.0464,59.8168],[19.0447,59.8088],[19.0375,59.8135],[19.0464,59.8168]]],[[[17.6564,58.9101],[17.6592,58.909],[17.6625,58.9093],[17.6675,58.9065],[17.6697,58.9015],[17.6564,58.9101]]],[[[16.6997,57.5324],[16.7031,57.5307],[16.7075,57.5251],[16.6997,57.5324]]],[[[11.5986,58.091],[11.5886,58.0879],[11.5931,58.0943],[11.5986,58.091]]],[[[18.7631,59.4046],[18.7686,59.401],[18.7592,59.3996],[18.7631,59.4046]]],[[[11.7386,57.6954],[11.7469,57.6924],[11.7375,57.6888],[11.7386,57.6954]]],[[[17.6581,58.8471],[17.6581,58.8454],[17.6392,58.8451],[17.6581,58.8471]]],[[[14.9814,56.141],[14.9853,56.1387],[14.9903,56.1399],[14.9953,56.1371],[14.9825,56.1351],[14.9814,56.141]]],[[[21.3235,60.5709],[21.3229,60.5737],[21.3365,60.5743],[21.3235,60.5709]]],[[[11.7019,57.7024],[11.7058,57.7015],[11.7103,57.6985],[11.7019,57.7024]]],[[[16.7569,57.5387],[16.7569,57.5332],[16.7475,57.536],[16.7569,57.5387]]],[[[11.6336,57.6626],[11.6347,57.659],[11.6197,57.6585],[11.6336,57.6626]]],[[[11.7042,57.8024],[11.7081,57.8035],[11.7108,57.8018],[11.6953,57.7985],[11.7042,57.8024]]],[[[17.1647,58.7149],[17.1697,58.7146],[17.1758,58.7124],[17.1831,58.7126],[17.1886,58.7107],[17.1764,58.7093],[17.1647,58.7149]]],[[[17.5542,58.7607],[17.5597,58.7562],[17.5536,58.7526],[17.5542,58.7607]]],[[[11.5214,57.9354],[11.5297,57.9326],[11.5131,57.9318],[11.5214,57.9354]]],[[[18.8181,59.6429],[18.8164,59.6376],[18.8036,59.6374],[18.8181,59.6429]]],[[[17.2547,58.6949],[17.2447,58.6971],[17.2508,58.6999],[17.2547,58.6949]]],[[[21.5475,60.3283],[21.5529,60.3251],[21.5493,60.3221],[21.5475,60.3283]]],[[[18.3981,58.9904],[18.3958,58.981],[18.3875,58.9832],[18.3981,58.9904]]],[[[17.6858,58.8435],[17.6892,58.8413],[17.6797,58.8382],[17.6858,58.8435]]],[[[11.8542,58.2524],[11.8564,58.2471],[11.8481,58.2479],[11.8542,58.2524]]],[[[18.4197,59.1074],[18.4242,59.1099],[18.4264,59.1082],[18.4164,59.1068],[18.4197,59.1074]]],[[[11.6364,57.7876],[11.6375,57.7788],[11.6297,57.7807],[11.6364,57.7876]]],[[[18.9886,59.4899],[18.9892,59.4871],[18.9825,59.4818],[18.9886,59.4899]]],[[[14.9636,56.1557],[14.9653,56.1535],[14.9508,56.1529],[14.9636,56.1557]]],[[[15.2703,56.1657],[15.2764,56.1601],[15.2669,56.1587],[15.2703,56.1657]]],[[[11.5347,57.9893],[11.5364,57.9835],[11.5214,57.9829],[11.5347,57.9893]]],[[[16.8842,58.6124],[16.8997,58.6087],[16.8836,58.6076],[16.8842,58.6124]]],[[[18.3097,58.9657],[18.2964,58.9613],[18.2975,58.9654],[18.3097,58.9657]]],[[[11.6786,57.7132],[11.6842,57.711],[11.6869,57.7054],[11.6786,57.7132]]],[[[28.6039,60.6599],[28.6115,60.6587],[28.5993,60.6517],[28.6039,60.6599]]],[[[17.8381,58.7949],[17.8347,58.7893],[17.8286,58.7974],[17.8381,58.7949]]],[[[17.5058,58.7379],[17.5047,58.7346],[17.5025,58.7337],[17.5025,58.7318],[17.4925,58.7304],[17.5058,58.7379]]],[[[23.4289,59.8565],[23.4235,59.8579],[23.4291,59.8641],[23.4289,59.8565]]],[[[22.6659,59.9381],[22.6559,59.9455],[22.6633,59.9455],[22.6659,59.9381]]],[[[15.0586,56.1815],[15.0603,56.1774],[15.0569,56.1754],[15.0586,56.1815]]],[[[12.1131,57.2104],[12.1186,57.209],[12.1069,57.2046],[12.1131,57.2104]]],[[[16.8564,58.5449],[16.8692,58.5401],[16.8564,58.5401],[16.8564,58.5449]]],[[[11.8008,58.0268],[11.8053,58.0254],[11.7925,58.0201],[11.8008,58.0268]]],[[[18.4692,59.0601],[18.4614,59.0571],[18.4619,59.0624],[18.4692,59.0601]]],[[[18.6464,59.3801],[18.6269,59.3768],[18.6303,59.3801],[18.6464,59.3801]]],[[[15.7458,56.0943],[15.7464,56.0918],[15.7308,56.0918],[15.7458,56.0943]]],[[[16.8742,58.6151],[16.8786,58.6126],[16.8592,58.6124],[16.8742,58.6151]]],[[[18.7875,59.2135],[18.7919,59.204],[18.7825,59.2085],[18.7875,59.2135]]],[[[18.7442,59.2557],[18.7464,59.2515],[18.7364,59.2482],[18.7442,59.2557]]],[[[16.7903,57.8918],[16.8031,57.8835],[16.7869,57.8879],[16.7903,57.8918]]],[[[16.6481,57.8393],[16.6469,57.829],[16.6408,57.8332],[16.6481,57.8393]]],[[[12.1242,57.3149],[12.1325,57.3126],[12.1219,57.309],[12.1242,57.3149]]],[[[16.7381,57.6082],[16.7464,57.6029],[16.7381,57.601],[16.7381,57.6082]]],[[[18.8469,59.5904],[18.8358,59.5846],[18.8369,59.5932],[18.8469,59.5904]]],[[[16.8319,58.5871],[16.8325,58.5863],[16.8208,58.5801],[16.8142,58.5812],[16.8319,58.5871]]],[[[18.9203,59.489],[18.9058,59.4849],[18.9114,59.4921],[18.9203,59.489]]],[[[16.8508,58.206],[16.8325,58.2043],[16.8375,58.2085],[16.8508,58.206]]],[[[21.1913,60.3101],[21.1911,60.3173],[21.1963,60.3175],[21.1913,60.3101]]],[[[18.5036,58.9963],[18.5081,58.9915],[18.4936,58.991],[18.5036,58.9963]]],[[[15.7892,56.0351],[15.7903,56.0321],[15.7797,56.0265],[15.7731,56.029],[15.7892,56.0351]]],[[[16.7264,57.7929],[16.7331,57.7893],[16.7242,57.7857],[16.7264,57.7929]]],[[[16.9375,58.394],[16.9281,58.3879],[16.9192,58.3924],[16.9375,58.394]]],[[[11.5925,57.9151],[11.6025,57.9137],[11.5892,57.9096],[11.5925,57.9151]]],[[[16.7225,57.7821],[16.7253,57.7746],[16.7153,57.7776],[16.7225,57.7821]]],[[[28.6673,60.5095],[28.6645,60.5115],[28.6759,60.5151],[28.6673,60.5095]]],[[[17.7297,58.9649],[17.7325,58.9565],[17.7247,58.9571],[17.7297,58.9649]]],[[[18.5708,59.4299],[18.5731,59.4263],[18.5636,59.4246],[18.5708,59.4299]]],[[[17.6381,58.8951],[17.6408,58.8921],[17.6281,58.8918],[17.6381,58.8951]]],[[[19.0631,59.7007],[19.0486,59.696],[19.0536,59.7007],[19.0631,59.7007]]],[[[17.2964,58.7121],[17.3131,58.7082],[17.2953,58.7062],[17.2964,58.7121]]],[[[18.4747,59.4482],[18.4714,59.4529],[18.4758,59.4562],[18.4747,59.4482]]],[[[17.0431,58.2596],[17.0436,58.2574],[17.0208,58.2507],[17.0431,58.2596]]],[[[18.8081,59.6529],[18.8108,59.6499],[18.7997,59.6465],[18.8081,59.6529]]],[[[16.9364,58.1685],[16.9447,58.1665],[16.9308,58.1635],[16.9364,58.1685]]],[[[16.9781,58.1912],[16.9853,58.1885],[16.9803,58.1874],[16.9742,58.1813],[16.9781,58.1912]]],[[[14.8597,56.1529],[14.8647,56.1507],[14.8631,56.1443],[14.8597,56.1529]]],[[[17.5314,58.7279],[17.5225,58.7287],[17.5303,58.7346],[17.5314,58.7279]]],[[[18.8019,59.6554],[18.7931,59.6568],[18.8053,59.6624],[18.8019,59.6554]]],[[[18.7925,59.6265],[18.7997,59.6243],[18.7919,59.6174],[18.7925,59.6265]]],[[[18.7742,59.4382],[18.7764,59.4362],[18.7658,59.4349],[18.7742,59.4382]]],[[[16.7564,57.7771],[16.7581,57.7762],[16.7597,57.7732],[16.7675,57.7704],[16.7681,57.7676],[16.7564,57.7721],[16.7564,57.7771]]],[[[16.7203,57.6362],[16.7253,57.6282],[16.7158,57.631],[16.7203,57.6362]]],[[[11.7825,57.6276],[11.7875,57.6254],[11.7792,57.6226],[11.7714,57.6249],[11.7825,57.6276]]],[[[16.6253,57.2835],[16.6264,57.2793],[16.6192,57.2779],[16.6253,57.2835]]],[[[18.4858,58.9879],[18.4881,58.9846],[18.4803,58.984],[18.4858,58.9879]]],[[[18.8403,59.5404],[18.8425,59.5374],[18.8275,59.5387],[18.8403,59.5404]]],[[[18.4481,59.4313],[18.4497,59.4271],[18.4364,59.4279],[18.4481,59.4313]]],[[[18.8019,59.1399],[18.8014,59.1346],[18.7936,59.1349],[18.8019,59.1399]]],[[[18.4975,59.5082],[18.4936,59.5029],[18.4797,59.5015],[18.4975,59.5082]]],[[[12.0681,57.4221],[12.0597,57.4221],[12.0608,57.4251],[12.0681,57.4221]]],[[[11.9058,57.5701],[11.9086,57.5657],[11.8936,57.5679],[11.9058,57.5701]]],[[[11.6825,57.7721],[11.6831,57.7674],[11.6775,57.7654],[11.6825,57.7721]]],[[[11.7764,58.0518],[11.7836,58.0493],[11.7792,58.0449],[11.7764,58.0518]]],[[[11.9197,57.579],[11.9231,57.5754],[11.9075,57.5754],[11.9197,57.579]]],[[[16.8497,58.1643],[16.8369,58.1637],[16.8375,58.1674],[16.8497,58.1643]]],[[[16.8764,58.4635],[16.8819,58.4599],[16.8686,58.4607],[16.8764,58.4635]]],[[[16.8269,57.9435],[16.8314,57.9396],[16.8231,57.9368],[16.8269,57.9435]]],[[[18.3469,58.9515],[18.3308,58.9518],[18.3364,58.9551],[18.3469,58.9515]]],[[[18.7331,59.3818],[18.7408,59.3782],[18.7253,59.3779],[18.7331,59.3818]]],[[[16.7625,57.5329],[16.7631,57.5268],[16.7547,57.5296],[16.7625,57.5329]]],[[[14.6903,56.1607],[14.6986,56.1563],[14.6903,56.154],[14.6903,56.1607]]],[[[18.7564,59.1974],[18.7519,59.1924],[18.7475,59.1924],[18.7564,59.1974]]],[[[18.7386,59.5926],[18.7225,59.5874],[18.7253,59.5921],[18.7386,59.5926]]],[[[16.5869,57.3396],[16.5892,57.3335],[16.5819,57.334],[16.5869,57.3396]]],[[[16.9231,58.1735],[16.9253,58.1718],[16.9347,58.1729],[16.9358,58.1721],[16.9258,58.1682],[16.9231,58.1735]]],[[[11.7992,57.6874],[11.7992,57.6843],[11.7942,57.6829],[11.7992,57.6874]]],[[[18.5486,59.389],[18.5581,59.3857],[18.5469,59.3826],[18.5486,59.389]]],[[[17.0014,58.4412],[17.0042,58.4357],[16.9947,58.4343],[17.0014,58.4412]]],[[[17.5214,58.7476],[17.5214,58.7449],[17.5119,58.7465],[17.5214,58.7476]]],[[[18.4414,59.131],[18.4442,59.129],[18.4403,59.1263],[18.4414,59.131]]],[[[16.5275,57.149],[16.5319,57.1476],[16.5231,57.144],[16.5275,57.149]]],[[[14.9903,56.1318],[14.9936,56.1274],[14.9858,56.1271],[14.9903,56.1318]]],[[[16.8997,58.3949],[16.9047,58.3937],[16.8869,58.3924],[16.8997,58.3949]]],[[[18.6197,59.4174],[18.6214,59.4157],[18.6153,59.4129],[18.6197,59.4174]]],[[[18.3164,59.3757],[18.3314,59.3726],[18.3242,59.3715],[18.3164,59.3757]]],[[[18.7808,59.2065],[18.7869,59.2012],[18.7764,59.2007],[18.7808,59.2065]]],[[[11.6775,57.6399],[11.6842,57.6379],[11.6664,57.6362],[11.6775,57.6399]]],[[[16.2592,56.6162],[16.2597,56.6132],[16.2497,56.6124],[16.2592,56.6162]]],[[[18.7964,59.436],[18.7986,59.4321],[18.7819,59.4338],[18.7964,59.436]]],[[[16.5847,57.9532],[16.5925,57.9507],[16.5803,57.9493],[16.5847,57.9532]]],[[[17.0675,58.2646],[17.0564,58.2601],[17.0508,58.2601],[17.0675,58.2646]]],[[[18.0914,58.8771],[18.0792,58.8729],[18.0747,58.8765],[18.0914,58.8771]]],[[[11.6531,58.0832],[11.6475,58.0863],[11.6547,58.0885],[11.6531,58.0832]]],[[[17.1697,58.7262],[17.1753,58.7226],[17.1647,58.7207],[17.1697,58.7262]]],[[[17.9886,58.884],[17.9814,58.8771],[17.9797,58.8807],[17.9886,58.884]]],[[[18.7158,59.3015],[18.7147,59.2949],[18.7108,59.2949],[18.7158,59.3015]]],[[[18.6881,59.5215],[18.6958,59.5176],[18.6797,59.5187],[18.6881,59.5215]]],[[[12.0997,57.2224],[12.1003,57.2204],[12.0908,57.2196],[12.0997,57.2224]]],[[[18.9853,59.7788],[18.9908,59.7768],[18.9725,59.7771],[18.9853,59.7788]]],[[[11.5914,57.9235],[11.5792,57.9215],[11.5814,57.9243],[11.5914,57.9235]]],[[[16.8336,58.0851],[16.8186,58.0838],[16.8275,58.0868],[16.8336,58.0851]]],[[[11.7825,57.5915],[11.7697,57.5896],[11.7703,57.5921],[11.7825,57.5915]]],[[[16.9692,58.3332],[16.9731,58.3304],[16.9642,58.3268],[16.9692,58.3332]]],[[[16.5258,58.6326],[16.5408,58.6279],[16.5286,58.6282],[16.5258,58.6326]]],[[[18.7097,59.5068],[18.6903,59.5065],[18.6919,59.5076],[18.7097,59.5068]]],[[[17.0564,58.2704],[17.0581,58.2671],[17.0492,58.2657],[17.0564,58.2704]]],[[[16.4303,56.8154],[16.4375,56.8126],[16.4208,56.8104],[16.4303,56.8154]]],[[[16.7647,58.4007],[16.7725,58.3951],[16.7625,58.3957],[16.7647,58.4007]]],[[[17.4997,58.7104],[17.5047,58.7076],[17.5069,58.704],[17.4997,58.7104]]],[[[17.9992,58.9776],[17.9942,58.9785],[17.9969,58.9849],[18.0047,58.9876],[17.9992,58.9776]]],[[[18.8314,59.3168],[18.8331,59.3146],[18.8269,59.3118],[18.8314,59.3168]]],[[[16.7242,57.6685],[16.7303,57.6637],[16.7197,57.6637],[16.7153,57.6682],[16.7242,57.6685]]],[[[17.0086,58.3118],[17.0092,58.3101],[16.9942,58.3043],[17.0086,58.3118]]],[[[16.9125,58.1732],[16.9158,58.1696],[16.9042,58.1704],[16.9125,58.1732]]],[[[18.9386,59.2496],[18.9375,59.2435],[18.9292,59.2438],[18.9386,59.2496]]],[[[15.7931,56.1379],[15.7914,56.1335],[15.7836,56.1368],[15.7931,56.1379]]],[[[17.7219,58.8899],[17.7336,58.8832],[17.7269,58.8807],[17.7219,58.8899]]],[[[11.6886,57.951],[11.6919,57.9501],[11.6919,57.9482],[11.6808,57.9471],[11.6886,57.951]]],[[[18.9092,59.3632],[18.9119,59.3604],[18.8997,59.3596],[18.9092,59.3632]]],[[[16.7458,57.5046],[16.7492,57.4996],[16.7425,57.4963],[16.7458,57.5046]]],[[[16.5003,57.2193],[16.4914,57.2182],[16.4942,57.221],[16.5003,57.2193]]],[[[16.9508,58.1707],[16.9375,58.1688],[16.9381,58.171],[16.9508,58.1707]]],[[[18.7697,59.2085],[18.7581,59.204],[18.7625,59.2071],[18.7697,59.2085]]],[[[17.1825,58.664],[17.1847,58.6613],[17.1769,58.6563],[17.1825,58.664]]],[[[18.4525,59.1857],[18.4419,59.1854],[18.4375,59.189],[18.4525,59.1857]]],[[[15.7375,56.1004],[15.7275,56.0993],[15.7297,56.1018],[15.7375,56.1004]]],[[[19.0086,59.3935],[18.9997,59.3921],[18.9997,59.3932],[19.0086,59.3935]]],[[[11.5342,58.0632],[11.5282,58.0629],[11.5326,58.0699],[11.5342,58.0632]]],[[[11.7203,57.8135],[11.7258,57.811],[11.7192,57.8088],[11.7203,57.8135]]],[[[18.0503,58.7687],[18.0431,58.7726],[18.0497,58.7757],[18.0503,58.7687]]],[[[11.5181,57.9938],[11.5303,57.9904],[11.5203,57.9885],[11.5181,57.9938]]],[[[16.8642,58.1226],[16.8564,58.1221],[16.8614,58.1243],[16.8642,58.1226]]],[[[16.6714,57.9821],[16.6742,57.9768],[16.6669,57.9768],[16.6714,57.9821]]],[[[16.8108,58.3365],[16.8158,58.3329],[16.8103,58.3301],[16.8108,58.3365]]],[[[17.6786,58.8913],[17.6808,58.8849],[17.6692,58.891],[17.6786,58.8913]]],[[[18.4892,59.4843],[18.4842,59.4793],[18.4753,59.476],[18.4892,59.4843]]],[[[16.8242,57.9551],[16.8069,57.9574],[16.8075,57.9582],[16.8242,57.9551]]],[[[11.6192,57.7363],[11.6181,57.7318],[11.6131,57.7326],[11.6192,57.7363]]],[[[17.7181,59.0546],[17.7108,59.0526],[17.7119,59.0568],[17.7181,59.0546]]],[[[18.4808,58.9696],[18.4831,58.9674],[18.4753,58.9654],[18.4808,58.9696]]],[[[11.7731,57.9876],[11.7853,57.9829],[11.7819,57.9824],[11.7731,57.9876]]],[[[15.5908,56.1099],[15.5925,56.1065],[15.5881,56.104],[15.5908,56.1099]]],[[[15.5542,56.1857],[15.5619,56.1838],[15.5519,56.1801],[15.5542,56.1857]]],[[[16.9786,58.1693],[16.9842,58.1635],[16.9808,58.1629],[16.9786,58.1693]]],[[[11.6524,58.2562],[11.6592,58.2529],[11.6525,58.2501],[11.6524,58.2562]]],[[[16.8192,57.8907],[16.8292,57.8851],[16.8169,57.8851],[16.8192,57.8907]]],[[[11.8353,57.5682],[11.8375,57.5646],[11.8314,57.5626],[11.8353,57.5682]]],[[[18.4147,58.9649],[18.4192,58.9604],[18.4153,58.9596],[18.4147,58.9649]]],[[[16.8058,57.9515],[16.8136,57.9432],[16.8069,57.9421],[16.8058,57.9515]]],[[[11.6669,57.826],[11.6675,57.8235],[11.6597,57.8221],[11.6669,57.826]]],[[[16.7408,57.9971],[16.7447,57.994],[16.7353,57.9918],[16.7408,57.9971]]],[[[18.5747,58.9704],[18.5786,58.9682],[18.5703,58.9663],[18.5747,58.9704]]],[[[18.6203,59.4851],[18.6225,59.4821],[18.6086,59.484],[18.6203,59.4851]]],[[[17.4936,58.7107],[17.4953,58.699],[17.4858,58.7015],[17.4936,58.7107]]],[[[11.6642,57.8013],[11.6681,57.7968],[11.6603,57.796],[11.6642,57.8013]]],[[[17.6786,59.0935],[17.6769,59.0863],[17.6714,59.0879],[17.6786,59.0935]]],[[[18.9508,59.4743],[18.9531,59.4715],[18.9442,59.4701],[18.9508,59.4743]]],[[[16.9247,58.4574],[16.9286,58.4532],[16.9169,58.4562],[16.9247,58.4574]]],[[[18.8125,59.4921],[18.8153,59.4901],[18.8003,59.4912],[18.8125,59.4921]]],[[[16.2186,58.6054],[16.2197,58.6024],[16.2142,58.5999],[16.2186,58.6054]]],[[[11.6675,57.6649],[11.6619,57.6604],[11.6608,57.6635],[11.6675,57.6649]]],[[[16.9031,58.3165],[16.9075,58.3126],[16.8947,58.3138],[16.9031,58.3165]]],[[[17.0414,58.219],[17.0308,58.2163],[17.0364,58.2229],[17.0414,58.219]]],[[[18.9936,59.6907],[18.9814,59.6882],[18.9819,59.6896],[18.9936,59.6907]]],[[[16.9936,58.2238],[16.9969,58.2221],[16.9903,58.2193],[16.9936,58.2238]]],[[[17.7247,58.9113],[17.7253,58.9068],[17.7169,58.9082],[17.7247,58.9113]]],[[[16.9469,58.4154],[16.9536,58.4146],[16.9431,58.4096],[16.9469,58.4154]]],[[[19.0803,59.791],[19.0669,59.791],[19.0692,59.7926],[19.0803,59.791]]],[[[16.4308,56.8088],[16.4331,56.8068],[16.4231,56.8051],[16.4308,56.8088]]],[[[18.6753,59.5504],[18.6642,59.5521],[18.6647,59.5532],[18.6753,59.5504]]],[[[17.5108,58.7774],[17.5147,58.7738],[17.5058,58.7726],[17.5108,58.7774]]],[[[16.0669,56.2949],[16.0675,56.2887],[16.0603,56.2924],[16.0669,56.2949]]],[[[16.0664,56.2854],[16.0681,56.2843],[16.0625,56.279],[16.0569,56.2799],[16.0664,56.2854]]],[[[16.9825,58.4218],[16.9792,58.414],[16.9775,58.414],[16.9825,58.4218]]],[[[16.7381,57.5824],[16.7353,57.5765],[16.7269,57.5818],[16.7381,57.5824]]],[[[11.7531,57.7532],[11.7603,57.7521],[11.7558,57.7485],[11.7531,57.7532]]],[[[16.5125,57.2854],[16.4992,57.2843],[16.5058,57.2885],[16.5125,57.2854]]],[[[16.8703,58.531],[16.8786,58.5296],[16.8753,58.5243],[16.8703,58.531]]],[[[18.5625,59.1765],[18.5603,59.1679],[18.5558,59.1757],[18.5625,59.1765]]],[[[11.8664,58.2246],[11.8675,58.2224],[11.8586,58.2207],[11.8664,58.2246]]],[[[11.6986,57.7604],[11.7014,57.7554],[11.6969,57.7543],[11.6986,57.7604]]],[[[18.7819,59.6162],[18.7797,59.6101],[18.7703,59.6099],[18.7819,59.6162]]],[[[18.9497,59.2574],[18.9497,59.2557],[18.9425,59.249],[18.9497,59.2574]]],[[[18.6836,59.4107],[18.6914,59.4085],[18.6803,59.4071],[18.6836,59.4107]]],[[[16.0531,56.266],[16.0531,56.2615],[16.0469,56.261],[16.0531,56.266]]],[[[17.4053,58.756],[17.4081,58.7493],[17.4003,58.7515],[17.4053,58.756]]],[[[17.0119,58.3174],[17.0108,58.3121],[17.0042,58.3146],[17.0119,58.3174]]],[[[18.8525,59.6951],[18.8414,59.6935],[18.8419,59.6949],[18.8525,59.6951]]],[[[18.0897,58.9487],[18.0792,58.9443],[18.0781,58.9487],[18.0897,58.9487]]],[[[17.4864,58.8129],[17.4925,58.8093],[17.4925,58.8054],[17.4864,58.8129]]],[[[16.6858,57.8329],[16.6931,57.829],[16.6847,57.8304],[16.6836,57.8357],[16.6858,57.8329]]],[[[16.8819,58.391],[16.8686,58.3896],[16.8681,58.3921],[16.8819,58.391]]],[[[18.8181,59.2818],[18.8125,59.2782],[18.8042,59.279],[18.8181,59.2818]]],[[[11.8181,57.6254],[11.8186,57.6179],[11.8147,57.6188],[11.8181,57.6254]]],[[[16.9414,58.4007],[16.9408,58.3968],[16.9342,58.4007],[16.9414,58.4007]]],[[[15.7803,56.1132],[15.7842,56.1099],[15.7825,56.1046],[15.7803,56.1132]]],[[[15.1536,56.1488],[15.1503,56.1435],[15.1464,56.1451],[15.1536,56.1488]]],[[[15.2675,56.1701],[15.2731,56.1679],[15.2625,56.1668],[15.2675,56.1701]]],[[[18.4219,59.1321],[18.4253,59.126],[18.4175,59.1276],[18.4219,59.1321]]],[[[16.9003,58.184],[16.9019,58.1774],[16.8936,58.1804],[16.9003,58.184]]],[[[11.6308,57.8579],[11.6192,57.8565],[11.6208,57.8585],[11.6308,57.8579]]],[[[19.0941,59.7974],[19.0914,59.7874],[19.0892,59.7901],[19.0941,59.7974]]],[[[16.9014,58.5335],[16.8936,58.5354],[16.8958,58.5382],[16.9014,58.5335]]],[[[18.9419,59.4671],[18.9453,59.4626],[18.9403,59.4615],[18.9419,59.4671]]],[[[11.7331,57.6371],[11.7381,57.6343],[11.7308,57.6324],[11.7331,57.6371]]],[[[16.9786,58.5429],[16.9681,58.5421],[16.9736,58.544],[16.9786,58.5429]]],[[[11.6553,57.7785],[11.6575,57.7757],[11.6525,57.7743],[11.6553,57.7785]]],[[[15.7775,56.1054],[15.7692,56.1035],[15.7669,56.1071],[15.7775,56.1054]]],[[[11.6558,57.8729],[11.6419,57.8693],[11.6436,57.8713],[11.6558,57.8729]]],[[[16.5792,57.1368],[16.5853,57.136],[16.5736,57.136],[16.5792,57.1368]]],[[[11.6269,57.7601],[11.6347,57.7593],[11.6214,57.7604],[11.6269,57.7601]]],[[[11.6686,57.8596],[11.6647,57.8615],[11.6764,57.8662],[11.6686,57.8596]]],[[[14.7792,56.1532],[14.7775,56.1488],[14.7719,56.1499],[14.7792,56.1532]]],[[[18.9547,59.704],[18.9392,59.7026],[18.9414,59.7054],[18.9547,59.704]]],[[[18.7181,59.5893],[18.7119,59.5843],[18.7064,59.5849],[18.7181,59.5893]]],[[[18.6164,59.4357],[18.6081,59.4318],[18.6075,59.434],[18.6164,59.4357]]],[[[16.8231,57.8626],[16.8108,57.8646],[16.8125,57.8674],[16.8231,57.8626]]],[[[16.7497,58.3971],[16.7503,58.3932],[16.7403,58.3951],[16.7497,58.3971]]],[[[18.4686,58.9871],[18.4708,58.9854],[18.4742,58.9849],[18.4769,58.9829],[18.4608,58.9863],[18.4686,58.9871]]],[[[18.2931,59.3718],[18.2942,59.3701],[18.2886,59.3674],[18.2931,59.3718]]],[[[12.0525,57.3846],[12.0553,57.3807],[12.0519,57.3787],[12.0525,57.3846]]],[[[19.0297,59.2796],[19.0308,59.2785],[19.0197,59.2762],[19.0297,59.2796]]],[[[18.8403,59.639],[18.8442,59.6362],[18.8369,59.6329],[18.8403,59.639]]],[[[16.7281,57.9938],[16.7286,57.989],[16.7208,57.991],[16.7281,57.9938]]],[[[11.6725,58.1021],[11.6808,58.1012],[11.6831,58.099],[11.6725,58.1021]]],[[[16.8797,58.436],[16.8675,58.4338],[16.8686,58.436],[16.8797,58.436]]],[[[19.0136,59.3832],[19.0186,59.3812],[19.0119,59.3768],[19.0136,59.3832]]],[[[16.9069,58.4032],[16.9114,58.399],[16.9008,58.4001],[16.9069,58.4032]]],[[[21.3931,60.7677],[21.3821,60.7707],[21.3829,60.7731],[21.3931,60.7677]]],[[[18.8347,59.3371],[18.8314,59.3299],[18.8258,59.3296],[18.8347,59.3371]]],[[[18.9458,59.6949],[18.9475,59.6929],[18.9331,59.6926],[18.9458,59.6949]]],[[[16.6236,57.1185],[16.6264,57.114],[16.6192,57.1135],[16.6236,57.1185]]],[[[18.1125,58.8926],[18.0981,58.8896],[18.1047,58.8918],[18.1125,58.8926]]],[[[17.0075,58.3982],[17.0081,58.3949],[17.0008,58.3871],[17.0075,58.3982]]],[[[18.8086,59.5062],[18.8014,59.5018],[18.7942,59.5026],[18.8086,59.5062]]],[[[11.9136,57.304],[11.8969,57.3021],[11.9008,57.3046],[11.9136,57.304]]],[[[16.7664,57.7038],[16.7719,57.7035],[16.7681,57.6979],[16.7664,57.7038]]],[[[16.9236,58.5599],[16.9103,58.5579],[16.9103,58.5588],[16.9236,58.5599]]],[[[17.8408,58.789],[17.8458,58.7885],[17.8508,58.7829],[17.8408,58.789]]],[[[16.9169,58.3774],[16.9203,58.3779],[16.9219,58.376],[16.9131,58.3737],[16.9169,58.3774]]],[[[16.8786,58.2374],[16.8914,58.2426],[16.8881,58.2385],[16.8786,58.2374]]],[[[16.6175,57.834],[16.6225,57.8315],[16.6242,57.8268],[16.6175,57.834]]],[[[17.7731,58.8099],[17.7808,58.8024],[17.7758,58.8021],[17.7731,58.8099]]],[[[18.7453,59.3051],[18.7492,59.3029],[18.7347,59.3024],[18.7453,59.3051]]],[[[16.7369,57.5037],[16.7381,57.5004],[16.7308,57.5004],[16.7369,57.5037]]],[[[16.8414,58.229],[16.8486,58.226],[16.8403,58.2251],[16.8414,58.229]]],[[[16.8369,58.0835],[16.8342,58.0793],[16.8247,58.0829],[16.8369,58.0835]]],[[[18.4608,59.4543],[18.4697,59.4507],[18.4564,59.4521],[18.4608,59.4543]]],[[[16.8092,57.9663],[16.8119,57.9637],[16.8042,57.9626],[16.8092,57.9663]]],[[[11.6108,57.8563],[11.6158,57.8529],[11.6081,57.8524],[11.6108,57.8563]]],[[[18.8286,59.4549],[18.8181,59.451],[18.8192,59.4526],[18.8286,59.4549]]],[[[17.0181,58.3429],[17.0225,58.339],[17.0153,58.3354],[17.0181,58.3429]]],[[[18.4703,59.4824],[18.4792,59.486],[18.4758,59.4801],[18.4747,59.4796],[18.4719,59.4796],[18.4703,59.4824]]],[[[16.7881,58.4207],[16.7881,58.4193],[16.7814,58.4162],[16.7881,58.4207]]],[[[16.9814,58.1618],[16.9836,58.1582],[16.9797,58.1571],[16.9814,58.1618]]],[[[16.8442,58.2482],[16.8408,58.2429],[16.8353,58.2438],[16.8442,58.2482]]],[[[11.9103,57.5135],[11.9097,57.5096],[11.9019,57.5099],[11.9103,57.5135]]],[[[16.9847,58.5382],[16.9864,58.5335],[16.9792,58.5337],[16.9847,58.5382]]],[[[17.0164,58.3899],[17.0125,58.3835],[17.0097,58.3904],[17.0164,58.3899]]],[[[11.7897,58.0593],[11.7903,58.056],[11.7836,58.056],[11.7897,58.0593]]],[[[18.6275,59.0765],[18.6286,59.0754],[18.6114,59.0737],[18.6275,59.0765]]],[[[18.9025,59.4851],[18.9031,59.4837],[18.8892,59.4826],[18.9025,59.4851]]],[[[18.8492,59.5168],[18.8381,59.5132],[18.8386,59.5174],[18.8492,59.5168]]],[[[17.6169,58.8613],[17.6231,58.8593],[17.6164,58.8574],[17.6169,58.8613]]],[[[18.6347,59.0799],[18.6197,59.0799],[18.6225,59.0818],[18.6347,59.0799]]],[[[16.8558,58.1635],[16.8547,58.1579],[16.8469,58.1613],[16.8558,58.1635]]],[[[17.0253,58.3812],[17.0269,58.3807],[17.0275,58.3774],[17.0258,58.3724],[17.0253,58.3812]]],[[[18.7047,59.1635],[18.6931,59.1621],[18.6936,59.1637],[18.7047,59.1635]]],[[[11.7592,57.5918],[11.7686,57.5946],[11.7681,57.5915],[11.7592,57.5918]]],[[[16.0531,56.2801],[16.0469,56.2779],[16.0497,56.2804],[16.0531,56.2801]]],[[[16.7436,58.069],[16.7469,58.0674],[16.7403,58.066],[16.7436,58.069]]],[[[18.5303,59.0801],[18.5286,59.0743],[18.5247,59.076],[18.5303,59.0801]]],[[[18.8325,59.1688],[18.8364,59.1649],[18.8258,59.166],[18.8325,59.1688]]],[[[15.4325,56.1179],[15.4297,56.1135],[15.4236,56.1138],[15.4325,56.1179]]],[[[18.7919,59.4932],[18.7931,59.4915],[18.7825,59.4907],[18.7919,59.4932]]],[[[15.2569,56.1601],[15.2503,56.1565],[15.2497,56.1601],[15.2569,56.1601]]],[[[14.9786,56.1574],[14.9831,56.1549],[14.9742,56.1546],[14.9786,56.1574]]],[[[16.4786,56.8482],[16.4842,56.8457],[16.4792,56.8438],[16.4786,56.8482]]],[[[16.8153,58.319],[16.8208,58.3132],[16.8136,58.3146],[16.8153,58.319]]],[[[16.8631,58.1424],[16.8542,58.1396],[16.8547,58.1424],[16.8631,58.1424]]],[[[18.7853,59.3999],[18.7747,59.3974],[18.7708,59.3999],[18.7853,59.3999]]],[[[12.0636,57.3829],[12.0625,57.3754],[12.0586,57.3787],[12.0636,57.3829]]],[[[18.8114,59.6621],[18.8158,59.6601],[18.8069,59.6571],[18.8114,59.6621]]],[[[18.7175,59.2199],[18.7181,59.2149],[18.7153,59.2146],[18.7175,59.2199]]],[[[18.8608,59.6338],[18.8664,59.6368],[18.8931,59.6457],[18.8608,59.6338]]],[[[18.3308,58.9876],[18.3236,58.991],[18.3253,58.9924],[18.3308,58.9876]]],[[[16.7464,58.004],[16.7558,58.0007],[16.7481,58.0001],[16.7464,58.004]]],[[[18.9014,59.3749],[18.8958,59.3662],[18.8958,59.3682],[18.9014,59.3749]]],[[[17.5425,58.789],[17.5392,58.7846],[17.5369,58.7854],[17.5425,58.789]]],[[[16.7458,57.5799],[16.7497,57.5751],[16.7392,57.5762],[16.7458,57.5799]]],[[[11.7986,57.6399],[11.8014,57.6354],[11.7953,57.6351],[11.7986,57.6399]]],[[[16.9375,58.5426],[16.9281,58.5438],[16.9286,58.5451],[16.9375,58.5426]]],[[[18.8197,59.5585],[18.8125,59.5565],[18.8158,59.559],[18.8197,59.5585]]],[[[11.6381,57.8585],[11.6297,57.861],[11.6392,57.8635],[11.6381,57.8585]]],[[[11.5619,58.0826],[11.5664,58.0782],[11.5597,58.0779],[11.5619,58.0826]]],[[[15.0358,56.1585],[15.0369,56.1565],[15.0325,56.154],[15.0358,56.1585]]],[[[16.9681,58.4729],[16.9725,58.469],[16.9625,58.4696],[16.9681,58.4729]]],[[[18.4142,59.1721],[18.4092,59.1696],[18.4081,59.1746],[18.4142,59.1721]]],[[[18.6636,59.1404],[18.6569,59.1404],[18.6569,59.1451],[18.6631,59.1468],[18.6636,59.1404]]],[[[11.7247,57.6599],[11.7269,57.6576],[11.7192,57.6563],[11.7247,57.6599]]],[[[16.8814,58.1763],[16.8842,58.1729],[16.8769,58.1707],[16.8814,58.1763]]],[[[19.0036,59.4874],[19.0053,59.4857],[18.9986,59.4787],[19.0036,59.4874]]],[[[18.3369,59.1226],[18.3275,59.1179],[18.3286,59.1199],[18.3369,59.1226]]],[[[14.5519,56.0326],[14.5525,56.0282],[14.5475,56.0285],[14.5519,56.0326]]],[[[18.5142,58.9904],[18.4992,58.9876],[18.5003,58.989],[18.5142,58.9904]]],[[[16.9103,58.1924],[16.9053,58.1907],[16.9036,58.194],[16.9103,58.1924]]],[[[11.6203,58.0593],[11.6203,58.054],[11.6136,58.0554],[11.6203,58.0593]]],[[[16.9881,58.3093],[16.9964,58.3132],[16.9964,58.3112],[16.9881,58.3093]]],[[[18.0719,58.9574],[18.0625,58.9521],[18.0625,58.9538],[18.0719,58.9574]]],[[[11.6464,57.666],[11.6469,57.6626],[11.6369,57.664],[11.6464,57.666]]],[[[18.0392,58.7824],[18.0386,58.7796],[18.0336,58.779],[18.0392,58.7824]]],[[[17.0714,58.6615],[17.0753,58.6579],[17.0714,58.6571],[17.0714,58.6615]]],[[[18.5064,59.5101],[18.5147,59.5115],[18.5147,59.5096],[18.5064,59.5101]]],[[[17.2297,58.7226],[17.2314,58.7196],[17.2208,58.7204],[17.2297,58.7226]]],[[[11.7908,58.1085],[11.7981,58.1054],[11.7881,58.1051],[11.7908,58.1085]]],[[[16.3936,58.6218],[16.4031,58.6179],[16.4008,58.6174],[16.3936,58.6218]]],[[[11.9081,57.5735],[11.9131,57.5726],[11.9142,57.5704],[11.9081,57.5735]]],[[[19.0086,59.5768],[19.0103,59.5749],[19.0019,59.5737],[19.0086,59.5768]]],[[[11.6331,58.089],[11.6353,58.0863],[11.6281,58.0838],[11.6331,58.089]]],[[[19.0225,59.3763],[19.0147,59.3751],[19.0192,59.3796],[19.0225,59.3763]]],[[[18.1369,59.4376],[18.1403,59.4354],[18.1331,59.4338],[18.1369,59.4376]]],[[[18.7369,59.0976],[18.7392,59.0943],[18.7286,59.0957],[18.7369,59.0976]]],[[[17.5214,58.7543],[17.5303,58.751],[17.5342,58.7513],[17.5369,58.749],[17.5197,58.7537],[17.5214,58.7543]]],[[[17.1775,58.6449],[17.1803,58.6432],[17.1719,58.6421],[17.1775,58.6449]]],[[[18.4625,59.486],[18.4531,59.4835],[18.4531,59.4843],[18.4625,59.486]]],[[[18.8231,59.5118],[18.8281,59.5104],[18.8275,59.5071],[18.8231,59.5118]]],[[[18.3853,59.3701],[18.3947,59.3662],[18.3808,59.3685],[18.3853,59.3701]]],[[[17.5186,58.7526],[17.5269,58.7468],[17.5114,58.7521],[17.5186,58.7526]]],[[[17.5219,58.7951],[17.5253,58.7943],[17.5281,58.7904],[17.5219,58.7951]]],[[[16.7653,58.3812],[16.7714,58.3774],[16.7658,58.376],[16.7653,58.3812]]],[[[16.9969,58.2588],[16.9886,58.2546],[16.9781,58.2526],[16.9969,58.2588]]],[[[16.7847,58.034],[16.7897,58.0299],[16.7875,58.0293],[16.7847,58.034]]],[[[16.6703,57.6276],[16.6769,57.6287],[16.6742,57.6243],[16.6703,57.6276]]],[[[18.0986,58.9704],[18.1058,58.9674],[18.0986,58.966],[18.0986,58.9704]]],[[[16.8197,58.3332],[16.8236,58.3301],[16.8175,58.3282],[16.8197,58.3332]]],[[[18.0697,59.0099],[18.0708,59.0079],[18.0647,59.0054],[18.0697,59.0099]]],[[[15.2225,56.1435],[15.2225,56.1407],[15.2169,56.1401],[15.2225,56.1435]]],[[[16.8764,58.5913],[16.8786,58.5885],[16.8736,58.5876],[16.8764,58.5913]]],[[[18.9658,59.3593],[18.9581,59.3563],[18.9581,59.3587],[18.9658,59.3593]]],[[[15.7503,56.1054],[15.7414,56.1015],[15.7419,56.1037],[15.7503,56.1054]]],[[[11.9019,57.4274],[11.9075,57.4263],[11.9036,57.4224],[11.9019,57.4274]]],[[[18.5508,59.051],[18.5453,59.0454],[18.5431,59.0488],[18.5508,59.051]]],[[[16.3419,58.6221],[16.3442,58.6199],[16.3364,58.6179],[16.3419,58.6221]]],[[[16.9342,58.2901],[16.9358,58.2885],[16.9286,58.2837],[16.9342,58.2901]]],[[[16.9858,58.5026],[16.9847,58.4985],[16.9825,58.4979],[16.9858,58.5026]]],[[[11.5058,57.9204],[11.5081,57.9182],[11.5014,57.9165],[11.5058,57.9204]]],[[[16.8225,58.0535],[16.8253,58.0504],[16.8181,58.0488],[16.8225,58.0535]]],[[[18.4725,59.2096],[18.4714,59.2026],[18.4675,59.2049],[18.4725,59.2096]]],[[[11.6581,57.8787],[11.6597,57.8749],[11.6519,57.8751],[11.6581,57.8787]]],[[[15.4069,56.166],[15.4081,56.1632],[15.4025,56.1618],[15.4069,56.166]]],[[[18.7125,59.3907],[18.7153,59.3887],[18.7047,59.3885],[18.7125,59.3907]]],[[[18.5381,59.1254],[18.5419,59.1243],[18.5292,59.1229],[18.5381,59.1254]]],[[[17.0419,58.5274],[17.0314,58.5246],[17.0325,58.5268],[17.0419,58.5274]]],[[[18.7419,59.2421],[18.7403,59.239],[18.7297,59.239],[18.7419,59.2421]]],[[[17.8831,58.824],[17.8853,58.8207],[17.8797,58.819],[17.8831,58.824]]],[[[18.5419,59.0507],[18.5381,59.0443],[18.5364,59.0474],[18.5419,59.0507]]],[[[16.9053,58.4246],[16.8975,58.421],[16.8975,58.4257],[16.9053,58.4246]]],[[[18.7647,59.6124],[18.7525,59.6074],[18.7564,59.611],[18.7647,59.6124]]],[[[17.5053,58.7121],[17.5164,58.7054],[17.5125,58.7057],[17.5053,58.7121]]],[[[18.6514,59.4307],[18.6492,59.4329],[18.6586,59.436],[18.6514,59.4307]]],[[[16.7786,58.0207],[16.7875,58.0185],[16.7786,58.0165],[16.7786,58.0207]]],[[[18.4714,59.4849],[18.4636,59.4826],[18.4642,59.4846],[18.4714,59.4849]]],[[[18.5386,59.1857],[18.5447,59.1829],[18.5486,59.1782],[18.5386,59.1857]]],[[[16.7542,57.7985],[16.7531,57.7932],[16.7453,57.7976],[16.7542,57.7985]]],[[[17.4425,58.7449],[17.4403,58.7393],[17.4364,58.7401],[17.4425,58.7449]]],[[[18.8964,59.2254],[18.9058,59.2287],[18.9036,59.2249],[18.8964,59.2254]]],[[[18.7908,59.2332],[18.7797,59.2329],[18.7819,59.2349],[18.7908,59.2332]]],[[[18.9669,59.464],[18.9686,59.4637],[18.9592,59.4601],[18.9669,59.464]]],[[[16.7864,57.8638],[16.7942,57.8615],[16.7914,57.8587],[16.7864,57.8638]]],[[[16.9131,58.3146],[16.9097,58.3146],[16.9097,58.3193],[16.9131,58.3146]]],[[[16.6147,57.0737],[16.6175,57.0718],[16.6114,57.0696],[16.6147,57.0737]]],[[[16.9842,58.6696],[16.9936,58.6671],[16.9814,58.6668],[16.9842,58.6696]]],[[[16.9025,58.4546],[16.9064,58.4532],[16.9014,58.4507],[16.9025,58.4546]]],[[[17.2486,58.6996],[17.2381,58.7004],[17.2381,58.7012],[17.2486,58.6996]]],[[[11.7903,57.9996],[11.7914,57.9982],[11.7847,57.9968],[11.7903,57.9996]]],[[[18.4236,59.219],[18.4219,59.2238],[18.4281,59.2243],[18.4236,59.219]]],[[[16.7464,57.5474],[16.7503,57.5451],[16.7397,57.5449],[16.7464,57.5474]]],[[[11.6019,58.0832],[11.6025,58.0804],[11.5981,58.0793],[11.6019,58.0832]]],[[[18.2547,59.0612],[18.2581,59.0596],[18.2486,59.056],[18.2547,59.0612]]],[[[17.2836,58.7249],[17.2947,58.7246],[17.2814,58.7218],[17.2836,58.7249]]],[[[16.7169,57.4696],[16.7058,57.4663],[16.7058,57.4671],[16.7169,57.4696]]],[[[17.5786,58.7771],[17.5853,58.7707],[17.5714,58.7738],[17.5786,58.7771]]],[[[12.0964,57.3079],[12.0986,57.3046],[12.0925,57.3043],[12.0964,57.3079]]],[[[11.5958,58.109],[11.5947,58.1104],[11.6036,58.1126],[11.5958,58.109]]],[[[18.9792,59.2946],[18.9886,59.2926],[18.9731,59.2926],[18.9792,59.2946]]],[[[11.5464,57.8554],[11.5525,57.8532],[11.5453,57.8515],[11.5464,57.8554]]],[[[16.8392,58.1421],[16.8336,58.1424],[16.8347,58.1463],[16.8392,58.1421]]],[[[16.9258,58.2487],[16.9136,58.244],[16.9158,58.2468],[16.9258,58.2487]]],[[[17.8569,58.7876],[17.8592,58.7813],[17.8542,58.7815],[17.8569,58.7876]]],[[[18.6169,59.346],[18.6258,59.3449],[18.6236,59.3432],[18.6169,59.346]]],[[[18.8642,59.6885],[18.8647,59.6871],[18.8569,59.6846],[18.8642,59.6885]]],[[[16.8114,58.5726],[16.8114,58.5701],[16.8047,58.5699],[16.8114,58.5726]]],[[[17.0358,58.6593],[17.0408,58.6587],[17.0458,58.6554],[17.0358,58.6593]]],[[[16.8392,58.161],[16.8408,58.1601],[16.8292,58.1587],[16.8392,58.161]]],[[[18.7231,59.6154],[18.7197,59.619],[18.7225,59.6213],[18.7231,59.6154]]],[[[11.9336,57.491],[11.9414,57.4896],[11.9397,57.4874],[11.9336,57.491]]],[[[16.6075,57.1396],[16.6108,57.1368],[16.6036,57.134],[16.6075,57.1396]]],[[[17.3208,58.7179],[17.3175,58.7185],[17.3192,58.7221],[17.3208,58.7179]]],[[[16.7658,57.4807],[16.7608,57.4751],[16.7597,57.4762],[16.7658,57.4807]]],[[[15.0181,56.146],[15.0181,56.1449],[15.0103,56.1443],[15.0181,56.146]]],[[[18.8358,59.3571],[18.8386,59.3532],[18.8325,59.3526],[18.8358,59.3571]]],[[[11.6764,57.8735],[11.6758,57.8749],[11.6847,57.8771],[11.6764,57.8735]]],[[[18.7592,59.3921],[18.7597,59.391],[18.7536,59.389],[18.7592,59.3921]]],[[[17.0347,58.2499],[17.0269,58.2485],[17.0314,58.251],[17.0347,58.2499]]],[[[16.9431,58.5321],[16.9508,58.5296],[16.9419,58.5279],[16.9431,58.5321]]],[[[18.4642,59.051],[18.4636,59.0457],[18.4614,59.0454],[18.4642,59.051]]],[[[15.4925,56.1496],[15.4942,56.1479],[15.4892,56.1457],[15.4925,56.1496]]],[[[14.9636,56.1468],[14.9658,56.1429],[14.9625,56.1424],[14.9636,56.1468]]],[[[11.5531,57.8499],[11.5536,57.8476],[11.5481,57.8457],[11.5531,57.8499]]],[[[16.6603,57.6315],[16.6525,57.6285],[16.6525,57.6307],[16.6603,57.6315]]],[[[17.8369,58.781],[17.8397,58.7793],[17.8425,58.7746],[17.8369,58.781]]],[[[18.3719,59.1213],[18.3747,59.1185],[18.3647,59.1193],[18.3719,59.1213]]],[[[18.8008,59.6393],[18.7975,59.6368],[18.7931,59.6376],[18.8008,59.6393]]],[[[17.2397,58.7124],[17.2419,58.7099],[17.2314,58.7118],[17.2397,58.7124]]],[[[19.0364,59.5076],[19.0381,59.5051],[19.0297,59.5037],[19.0364,59.5076]]],[[[11.6247,57.7326],[11.6253,57.7371],[11.6308,57.7365],[11.6247,57.7326]]],[[[16.9131,58.346],[16.9119,58.3418],[16.9064,58.3438],[16.9131,58.346]]],[[[17.0203,58.4132],[17.0253,58.4113],[17.0286,58.4068],[17.0203,58.4132]]],[[[17.5103,58.6879],[17.5008,58.6879],[17.5014,58.6896],[17.5103,58.6879]]],[[[16.9942,58.214],[16.9858,58.2099],[16.9869,58.2129],[16.9942,58.214]]],[[[18.4803,59.1626],[18.4669,59.1615],[18.4675,59.1621],[18.4803,59.1626]]],[[[16.7097,57.6604],[16.7181,57.6582],[16.7075,57.656],[16.7097,57.6604]]],[[[11.7692,57.5438],[11.7708,57.5421],[11.7631,57.5404],[11.7692,57.5438]]],[[[14.9842,56.1471],[14.9853,56.1451],[14.9814,56.1437],[14.9842,56.1471]]],[[[17.0247,58.3646],[17.0258,58.3599],[17.0186,58.3587],[17.0247,58.3646]]],[[[11.8814,57.6076],[11.8836,57.6074],[11.8803,57.6035],[11.8814,57.6076]]],[[[17.0092,58.4238],[17.0153,58.4201],[17.0092,58.4188],[17.0092,58.4238]]],[[[17.7086,58.9501],[17.7069,58.9454],[17.7025,58.946],[17.7086,58.9501]]],[[[18.7825,59.4593],[18.7886,59.4574],[18.7814,59.4557],[18.7825,59.4593]]],[[[16.4469,56.8632],[16.4492,56.8615],[16.4431,56.8601],[16.4469,56.8632]]],[[[18.5764,59.5376],[18.5781,59.5363],[18.5675,59.5351],[18.5764,59.5376]]],[[[12.7125,56.6496],[12.7153,56.6471],[12.7086,56.646],[12.7125,56.6496]]],[[[11.5958,57.8185],[11.6008,57.8154],[11.5953,57.8143],[11.5958,57.8185]]],[[[18.3114,59.1065],[18.3036,59.1037],[18.3047,59.106],[18.3114,59.1065]]],[[[18.5781,59.051],[18.5831,59.0474],[18.5714,59.046],[18.5781,59.051]]],[[[18.7231,59.2899],[18.7292,59.2893],[18.7175,59.2865],[18.7231,59.2899]]],[[[18.8931,59.316],[18.8803,59.3146],[18.8825,59.3162],[18.8931,59.316]]],[[[16.7447,57.6218],[16.7486,57.619],[16.7447,57.6179],[16.7447,57.6218]]],[[[18.7886,59.4885],[18.7942,59.4863],[18.7853,59.4854],[18.7886,59.4885]]],[[[18.6114,59.1515],[18.6147,59.1507],[18.6081,59.1479],[18.6114,59.1515]]],[[[14.9947,56.1449],[14.9969,56.1407],[14.9892,56.1424],[14.9947,56.1449]]],[[[16.9953,58.3176],[16.9858,58.3149],[16.9908,58.3168],[16.9953,58.3176]]],[[[16.7686,58.0485],[16.7725,58.0462],[16.7614,58.0468],[16.7686,58.0485]]],[[[18.7764,59.2079],[18.7708,59.2007],[18.7692,59.2026],[18.7764,59.2079]]],[[[16.9553,58.4829],[16.9558,58.4804],[16.9514,58.4787],[16.9553,58.4829]]],[[[16.8747,58.2276],[16.8781,58.224],[16.8692,58.2254],[16.8747,58.2276]]],[[[18.0964,58.8974],[18.0997,58.8957],[18.0875,58.8946],[18.0964,58.8974]]],[[[18.7175,59.641],[18.7186,59.6407],[18.7158,59.6376],[18.7175,59.641]]],[[[18.8981,59.3857],[18.8997,59.3835],[18.8947,59.3824],[18.8981,59.3857]]],[[[18.6853,59.4774],[18.6947,59.4801],[18.6942,59.4774],[18.6853,59.4774]]],[[[11.7075,57.8546],[11.6981,57.851],[11.6981,57.8524],[11.7075,57.8546]]],[[[11.7542,57.5857],[11.7553,57.5843],[11.7464,57.5846],[11.7542,57.5857]]],[[[16.5436,57.069],[16.5531,57.0668],[16.5497,57.066],[16.5436,57.069]]],[[[16.9903,58.2426],[16.9931,58.241],[16.9881,58.2393],[16.9903,58.2426]]],[[[17.7553,58.7985],[17.7469,58.7962],[17.7486,58.7993],[17.7553,58.7985]]],[[[17.9014,58.7868],[17.9042,58.7818],[17.8992,58.7813],[17.9014,58.7868]]],[[[18.4431,59.3429],[18.4525,59.339],[18.4442,59.3399],[18.4431,59.3429]]],[[[17.0025,58.3249],[16.9997,58.3207],[16.9969,58.3246],[17.0025,58.3249]]],[[[16.7403,58.3224],[16.7492,58.321],[16.7475,58.3193],[16.7403,58.3224]]],[[[16.0653,56.3251],[16.0647,56.3226],[16.0592,56.3226],[16.0653,56.3251]]],[[[18.5875,59.1682],[18.5908,59.1676],[18.5869,59.1629],[18.5875,59.1682]]],[[[18.7492,59.1568],[18.7481,59.1535],[18.7447,59.1535],[18.7492,59.1568]]],[[[18.4231,59.4396],[18.4258,59.4365],[18.4169,59.4376],[18.4231,59.4396]]],[[[11.5842,57.8368],[11.5892,57.834],[11.5797,57.834],[11.5842,57.8368]]],[[[18.8497,59.4679],[18.8547,59.466],[18.8514,59.4635],[18.8497,59.4679]]],[[[18.5919,59.2365],[18.5981,59.234],[18.5919,59.234],[18.5919,59.2365]]],[[[11.6342,57.6301],[11.6419,57.6299],[11.6303,57.6271],[11.6342,57.6301]]],[[[11.9192,57.3818],[11.9097,57.3804],[11.9108,57.3824],[11.9192,57.3818]]],[[[18.9269,59.354],[18.9203,59.3551],[18.9242,59.3582],[18.9269,59.354]]],[[[18.7892,59.3754],[18.7925,59.3726],[18.7864,59.3707],[18.7892,59.3754]]],[[[18.6319,59.1343],[18.6258,59.129],[18.6219,59.1304],[18.6319,59.1343]]],[[[16.5575,57.0221],[16.5575,57.021],[16.5464,57.0193],[16.5575,57.0221]]],[[[19.0453,59.6662],[19.0469,59.6643],[19.0364,59.6649],[19.0453,59.6662]]],[[[18.6969,59.1571],[18.6886,59.1538],[18.6925,59.1568],[18.6969,59.1571]]],[[[18.1847,58.9179],[18.1775,58.9137],[18.1775,58.9149],[18.1847,58.9179]]],[[[18.4736,58.9765],[18.4753,58.9749],[18.4653,58.9762],[18.4736,58.9765]]],[[[18.7431,59.246],[18.7503,59.2446],[18.7469,59.2424],[18.7431,59.246]]],[[[18.7436,59.5543],[18.7492,59.5532],[18.7419,59.5518],[18.7436,59.5543]]],[[[18.7381,59.5993],[18.7281,59.5974],[18.7281,59.5993],[18.7381,59.5993]]],[[[18.8525,59.1335],[18.8375,59.1301],[18.8419,59.1312],[18.8525,59.1335]]],[[[18.9103,59.9174],[18.9108,59.9135],[18.9047,59.9148],[18.9103,59.9174]]],[[[16.4919,56.9371],[16.4947,56.9326],[16.4919,56.9321],[16.4919,56.9371]]],[[[17.5042,58.7554],[17.5081,58.7518],[17.5036,58.7515],[17.5042,58.7554]]],[[[16.7436,58.0074],[16.7314,58.0071],[16.7325,58.0082],[16.7436,58.0074]]],[[[17.0086,58.364],[17.0092,58.3599],[17.0042,58.3565],[17.0003,58.3574],[17.0086,58.364]]],[[[18.8064,59.2335],[18.8081,59.2318],[18.7986,59.229],[18.8064,59.2335]]],[[[16.7936,58.5662],[16.7953,58.5626],[16.7903,58.5629],[16.7936,58.5662]]],[[[16.4681,56.8237],[16.4714,56.8221],[16.4614,56.8224],[16.4681,56.8237]]],[[[18.4108,59.4388],[18.4114,59.4371],[18.3986,59.4382],[18.4108,59.4388]]],[[[18.3297,58.9385],[18.3308,58.9368],[18.3214,58.936],[18.3297,58.9385]]],[[[11.9142,57.5435],[11.9142,57.5418],[11.9081,57.5401],[11.9142,57.5435]]],[[[18.9269,59.2499],[18.9197,59.249],[18.9269,59.2537],[18.9269,59.2499]]],[[[17.4919,58.7276],[17.4869,58.7204],[17.4853,58.7249],[17.4919,58.7276]]],[[[16.6236,57.871],[16.6275,57.8676],[16.6231,57.8668],[16.6236,57.871]]],[[[16.5392,57.5851],[16.5414,57.581],[16.5358,57.5821],[16.5392,57.5851]]],[[[11.5442,57.9299],[11.5503,57.9271],[11.5475,57.9263],[11.5442,57.9299]]],[[[16.7958,57.9287],[16.8003,57.9235],[16.7953,57.9243],[16.7958,57.9287]]],[[[15.7986,56.0451],[15.7947,56.0457],[15.7964,56.0504],[15.7986,56.0451]]],[[[16.9669,58.2526],[16.9786,58.2568],[16.9786,58.256],[16.9669,58.2526]]],[[[18.8869,59.3924],[18.8942,59.3874],[18.8903,59.3871],[18.8869,59.3924]]],[[[18.7025,59.4082],[18.7058,59.4051],[18.6992,59.404],[18.7025,59.4082]]],[[[16.3847,58.6235],[16.3858,58.6199],[16.3797,58.6213],[16.3847,58.6235]]],[[[18.9436,59.5799],[18.9297,59.5776],[18.9353,59.5804],[18.9436,59.5799]]],[[[19.0003,59.3882],[19.0019,59.3846],[18.9953,59.384],[19.0003,59.3882]]],[[[16.4303,56.8221],[16.4336,56.8207],[16.4336,56.8179],[16.4303,56.8221]]],[[[16.4308,56.844],[16.4331,56.8407],[16.4275,56.841],[16.4308,56.844]]],[[[14.5553,56.0204],[14.5553,56.0146],[14.5514,56.0163],[14.5553,56.0204]]],[[[18.5508,59.0899],[18.5458,59.0893],[18.5508,59.0926],[18.5508,59.0899]]],[[[18.6236,59.1026],[18.6136,59.0999],[18.6153,59.1018],[18.6236,59.1026]]],[[[16.5953,57.3626],[16.5881,57.3596],[16.5842,57.3613],[16.5953,57.3626]]],[[[14.9397,56.1521],[14.9403,56.1504],[14.9364,56.1482],[14.9397,56.1521]]],[[[14.9597,56.1424],[14.9669,56.1399],[14.9625,56.1382],[14.9597,56.1424]]],[[[18.6403,59.4949],[18.6408,59.4932],[18.6358,59.4912],[18.6403,59.4949]]],[[[16.8669,58.4268],[16.8703,58.4246],[16.8647,58.4238],[16.8669,58.4268]]],[[[16.8497,58.1101],[16.8475,58.1096],[16.8447,58.1101],[16.8497,58.1101]]],[[[16.7492,57.5218],[16.7503,57.5185],[16.7442,57.5185],[16.7492,57.5218]]],[[[16.7947,58.2599],[16.7997,58.2571],[16.7836,58.2599],[16.7947,58.2599]]],[[[11.7286,57.6807],[11.7247,57.6818],[11.7336,57.6843],[11.7286,57.6807]]],[[[16.9303,58.5604],[16.9325,58.5582],[16.9403,58.5585],[16.9408,58.5574],[16.9269,58.5568],[16.9303,58.5604]]],[[[15.7353,56.0754],[15.7364,56.0715],[15.7319,56.071],[15.7353,56.0754]]],[[[18.0619,58.9521],[18.0625,58.9487],[18.0564,58.9499],[18.0619,58.9521]]],[[[18.5408,59.0429],[18.5447,59.0374],[18.5403,59.0382],[18.5408,59.0429]]],[[[18.9803,59.616],[18.9819,59.6143],[18.9764,59.6115],[18.9803,59.616]]],[[[18.4319,59.1171],[18.4336,59.1146],[18.4281,59.114],[18.4319,59.1171]]],[[[11.5147,57.9568],[11.5142,57.9579],[11.5231,57.9596],[11.5147,57.9568]]],[[[18.9936,59.6754],[18.9953,59.6735],[18.9864,59.6721],[18.9936,59.6754]]],[[[16.8342,57.9987],[16.8347,57.9957],[16.8269,57.9954],[16.8342,57.9987]]],[[[16.8981,58.386],[16.8919,58.3879],[16.9047,58.3893],[16.8981,58.386]]],[[[16.9808,58.4115],[16.9819,58.4074],[16.9758,58.4104],[16.9808,58.4115]]],[[[17.9369,58.8462],[17.9392,58.846],[17.9408,58.8393],[17.9369,58.8462]]],[[[18.4958,59.5129],[18.4869,59.5118],[18.4892,59.5132],[18.4958,59.5129]]],[[[11.6542,58.0929],[11.6558,58.0899],[11.6514,58.089],[11.6542,58.0929]]],[[[19.0581,59.5207],[19.0693,59.5246],[19.0691,59.5221],[19.0581,59.5207]]],[[[11.7536,58.1135],[11.7558,58.1104],[11.7497,58.1096],[11.7536,58.1135]]],[[[18.2647,59.0018],[18.2592,58.9999],[18.2581,59.0026],[18.2647,59.0018]]],[[[16.9892,58.4529],[16.9925,58.4463],[16.9881,58.4468],[16.9892,58.4529]]],[[[18.1919,59.0493],[18.1986,59.0465],[18.1925,59.046],[18.1919,59.0493]]],[[[16.7064,57.5374],[16.7081,57.5365],[16.6992,57.5337],[16.7064,57.5374]]],[[[16.7308,57.5374],[16.7314,57.5321],[16.7269,57.5324],[16.7308,57.5374]]],[[[17.5786,58.7671],[17.5814,58.7649],[17.5675,58.7671],[17.5786,58.7671]]],[[[16.8308,58.2076],[16.8325,58.2068],[16.8253,58.2043],[16.8308,58.2076]]],[[[11.6608,57.9068],[11.6719,57.9087],[11.6675,57.9076],[11.6608,57.9068]]],[[[18.8431,59.1654],[18.8314,59.161],[18.8331,59.1632],[18.8431,59.1654]]],[[[17.2208,58.6721],[17.2281,58.6685],[17.2164,58.6688],[17.2208,58.6721]]],[[[18.7969,59.5157],[18.7975,59.5146],[18.7892,59.5149],[18.7969,59.5157]]],[[[12.2014,57.1399],[12.2053,57.1374],[12.2003,57.1357],[12.2014,57.1399]]],[[[15.4558,56.126],[15.4581,56.1224],[15.4542,56.1207],[15.4558,56.126]]],[[[17.8681,58.7815],[17.8675,58.7782],[17.8625,58.7788],[17.8681,58.7815]]],[[[17.9464,58.7926],[17.9531,58.7871],[17.9486,58.7868],[17.9464,58.7926]]],[[[16.8153,58.2907],[16.8203,58.2893],[16.8136,58.2874],[16.8153,58.2907]]],[[[17.9847,58.9057],[17.9858,58.904],[17.9803,58.901],[17.9847,58.9057]]],[[[15.7864,56.0649],[15.7875,56.0596],[15.7831,56.0612],[15.7864,56.0649]]],[[[17.1775,58.6546],[17.1825,58.6524],[17.1731,58.651],[17.1775,58.6546]]],[[[11.7903,57.7562],[11.7931,57.7543],[11.7858,57.7532],[11.7903,57.7562]]],[[[18.0614,58.9437],[18.0558,58.9393],[18.0525,58.9388],[18.0614,58.9437]]],[[[11.9169,57.4951],[11.9114,57.4926],[11.9092,57.4963],[11.9169,57.4951]]],[[[18.8942,59.4732],[18.8814,59.4721],[18.8886,59.4729],[18.8942,59.4732]]],[[[16.6419,57.3943],[16.6481,57.3932],[16.6497,57.3901],[16.6419,57.3943]]],[[[17.7103,58.9368],[17.7042,58.9335],[17.7042,58.9374],[17.7103,58.9368]]],[[[11.7064,58.0732],[11.7075,58.0718],[11.7008,58.0693],[11.7064,58.0732]]],[[[11.6247,57.8168],[11.6197,57.8151],[11.6181,57.8187],[11.6247,57.8168]]],[[[16.6897,57.8396],[16.6936,57.8393],[16.6925,57.8349],[16.6897,57.8396]]],[[[18.7647,59.6721],[18.7636,59.6682],[18.7603,59.6688],[18.7647,59.6721]]],[[[18.3464,59.3846],[18.3547,59.3829],[18.3469,59.3818],[18.3464,59.3846]]],[[[18.5008,59.1815],[18.5053,59.1793],[18.5053,59.176],[18.5008,59.1815]]],[[[18.4625,59.1879],[18.4681,59.1849],[18.4653,59.1826],[18.4625,59.1879]]],[[[18.4258,59.2343],[18.4325,59.2313],[18.4242,59.2321],[18.4258,59.2343]]],[[[16.8308,58.3176],[16.8353,58.3157],[16.8236,58.3149],[16.8308,58.3176]]],[[[16.5619,57.0368],[16.5636,57.034],[16.5675,57.0351],[16.5692,57.034],[16.5619,57.0329],[16.5619,57.0368]]],[[[15.7153,56.0849],[15.7153,56.0835],[15.7097,56.0824],[15.7153,56.0849]]],[[[18.5008,58.9762],[18.5047,58.9738],[18.4997,58.9721],[18.5008,58.9762]]],[[[15.5347,56.0932],[15.5358,56.0913],[15.5314,56.0893],[15.5347,56.0932]]],[[[16.9353,58.459],[16.9364,58.4532],[16.9325,58.454],[16.9353,58.459]]],[[[15.6342,56.1446],[15.6358,56.1421],[15.6308,56.1407],[15.6342,56.1446]]],[[[15.0703,56.1457],[15.0731,56.1443],[15.0703,56.1413],[15.0703,56.1457]]],[[[18.7242,59.394],[18.7325,59.3932],[18.7314,59.3918],[18.7242,59.394]]],[[[16.8231,57.909],[16.8247,57.9035],[16.8219,57.9035],[16.8231,57.909]]],[[[16.9019,58.5521],[16.9053,58.5518],[16.9031,58.5479],[16.8975,58.5479],[16.9019,58.5521]]],[[[16.8031,57.9585],[16.8053,57.956],[16.7986,57.956],[16.8031,57.9585]]],[[[18.4497,58.9999],[18.4503,58.999],[18.4392,58.9979],[18.4497,58.9999]]],[[[17.5436,58.6921],[17.5508,58.6885],[17.5481,58.6874],[17.5436,58.6921]]],[[[16.9131,58.4021],[16.9214,58.4035],[16.9181,58.401],[16.9131,58.4021]]],[[[16.8775,58.1301],[16.8686,58.1299],[16.8697,58.1312],[16.8775,58.1301]]],[[[18.9164,59.9093],[18.9214,59.9071],[18.9219,59.9046],[18.9164,59.9093]]],[[[11.6769,57.8049],[11.6769,57.8035],[11.6692,57.8051],[11.6769,57.8049]]],[[[16.7225,57.4693],[16.7264,57.466],[16.7203,57.466],[16.7225,57.4693]]],[[[18.2964,59.3779],[18.3075,59.3771],[18.3092,59.3757],[18.2964,59.3779]]],[[[18.1097,59.4082],[18.1142,59.4051],[18.1069,59.4057],[18.1097,59.4082]]],[[[17.6625,58.8468],[17.6658,58.8415],[17.6619,58.8429],[17.6625,58.8468]]],[[[21.0001,60.2519],[21.0001,60.2447],[20.9985,60.2461],[21.0001,60.2519]]],[[[11.7125,58.3049],[11.7158,58.3043],[11.7153,58.2993],[11.7125,58.3049]]],[[[17.1953,58.6613],[17.1986,58.6599],[17.1919,58.6576],[17.1953,58.6613]]],[[[18.5886,59.4143],[18.5897,59.411],[18.5842,59.4121],[18.5886,59.4143]]],[[[19.0253,59.7849],[19.0181,59.7835],[19.0192,59.7854],[19.0253,59.7849]]],[[[11.8264,57.6321],[11.8308,57.6307],[11.8303,57.6279],[11.8264,57.6321]]],[[[16.7975,58.0007],[16.8025,58.0004],[16.7997,57.9979],[16.7975,58.0007]]],[[[19.0214,59.6893],[19.0308,59.6888],[19.0281,59.6871],[19.0214,59.6893]]],[[[16.7192,57.7879],[16.7203,57.784],[16.7175,57.7832],[16.7192,57.7879]]],[[[18.1636,58.976],[18.1647,58.9751],[18.1569,58.9724],[18.1636,58.976]]],[[[11.5736,57.7982],[11.5769,57.7951],[11.5731,57.7943],[11.5736,57.7982]]],[[[16.7592,58.4232],[16.7514,58.4221],[16.7531,58.4238],[16.7592,58.4232]]],[[[18.1869,59.0726],[18.1875,59.0704],[18.1814,59.069],[18.1869,59.0726]]],[[[18.3653,59.0957],[18.3769,59.0988],[18.3725,59.096],[18.3653,59.0957]]],[[[17.8386,58.7849],[17.8392,58.7818],[17.8336,58.7826],[17.8386,58.7849]]],[[[17.7536,58.8282],[17.7514,58.8232],[17.7481,58.826],[17.7536,58.8282]]],[[[18.8147,59.1557],[18.8247,59.1582],[18.8247,59.1576],[18.8147,59.1557]]],[[[15.5425,56.1665],[15.5431,56.1649],[15.5375,56.1643],[15.5425,56.1665]]],[[[18.7569,59.3735],[18.7603,59.3718],[18.7531,59.3715],[18.7569,59.3735]]],[[[18.9831,59.3793],[18.9786,59.3799],[18.9831,59.3857],[18.9831,59.3793]]],[[[18.8014,59.4415],[18.8058,59.4407],[18.7981,59.4379],[18.8014,59.4415]]],[[[18.6897,59.1501],[18.6781,59.1476],[18.6781,59.1482],[18.6897,59.1501]]],[[[18.6047,59.5465],[18.6058,59.5449],[18.6008,59.5432],[18.6047,59.5465]]],[[[18.8914,59.2601],[18.8931,59.259],[18.8886,59.2576],[18.8914,59.2601]]],[[[17.3169,58.6037],[17.3197,58.6015],[17.3108,58.6026],[17.3169,58.6037]]],[[[18.8836,59.2565],[18.8853,59.2549],[18.8736,59.2554],[18.8836,59.2565]]],[[[18.4325,59.019],[18.4264,59.0179],[18.4269,59.0193],[18.4325,59.019]]],[[[18.4414,59.0135],[18.4297,59.0129],[18.4303,59.014],[18.4414,59.0135]]],[[[18.0297,58.7715],[18.0303,58.769],[18.0264,58.7679],[18.0297,58.7715]]],[[[15.7308,56.0904],[15.7325,56.0865],[15.7275,56.0871],[15.7308,56.0904]]],[[[19.0058,59.5026],[18.9969,59.5001],[18.9969,59.501],[19.0058,59.5026]]],[[[16.7847,58.2643],[16.7886,58.2621],[16.7831,58.2612],[16.7847,58.2643]]],[[[17.1797,58.6418],[17.1831,58.6393],[17.1753,58.6382],[17.1797,58.6418]]],[[[12.9442,55.4618],[12.9442,55.4599],[12.9403,55.4596],[12.9442,55.4618]]],[[[16.9003,58.3763],[16.8958,58.3774],[16.8981,58.3799],[16.9003,58.3763]]],[[[11.6031,58.1204],[11.6064,58.1199],[11.5997,58.116],[11.6031,58.1204]]],[[[11.6797,57.9038],[11.6747,57.901],[11.6708,57.9021],[11.6797,57.9038]]],[[[18.8586,59.1846],[18.8492,59.1821],[18.8492,59.1832],[18.8586,59.1846]]],[[[18.3753,59.2463],[18.3819,59.2401],[18.3792,59.2404],[18.3753,59.2463]]],[[[16.6547,57.4038],[16.6564,57.4012],[16.6497,57.4004],[16.6547,57.4038]]],[[[15.7819,56.0599],[15.7864,56.0582],[15.7808,56.0563],[15.7819,56.0599]]],[[[18.7342,59.3851],[18.7403,59.3846],[18.7419,59.3829],[18.7342,59.3851]]],[[[18.5708,59.3954],[18.5731,59.3929],[18.5653,59.391],[18.5708,59.3954]]],[[[16.8725,58.1429],[16.8736,58.1401],[16.8697,58.1399],[16.8725,58.1429]]],[[[16.7258,57.469],[16.7208,57.4726],[16.7281,57.4749],[16.7258,57.469]]],[[[18.4697,59.476],[18.4647,59.4771],[18.4675,59.4799],[18.4697,59.476]]],[[[11.9258,57.5163],[11.9286,57.5137],[11.9253,57.5121],[11.9258,57.5163]]],[[[17.0192,58.5279],[17.0225,58.5274],[17.0136,58.5246],[17.0192,58.5279]]],[[[16.4964,57.2129],[16.4981,57.2096],[16.4936,57.2093],[16.4964,57.2129]]],[[[11.8025,58.3085],[11.8036,58.3024],[11.8019,58.3026],[11.8025,58.3085]]],[[[16.9325,58.3849],[16.9208,58.3821],[16.9208,58.3829],[16.9325,58.3849]]],[[[16.7697,58.389],[16.7631,58.3879],[16.7631,58.3887],[16.7697,58.389]]],[[[18.9886,59.3804],[18.9875,59.3743],[18.9842,59.3785],[18.9886,59.3804]]],[[[18.3447,59.4124],[18.3481,59.4104],[18.3453,59.4093],[18.3447,59.4124]]],[[[19.0808,59.811],[19.0831,59.809],[19.0742,59.8079],[19.0808,59.811]]],[[[11.9081,57.5601],[11.9097,57.5574],[11.9053,57.5565],[11.9081,57.5601]]],[[[11.9092,57.5638],[11.9097,57.5618],[11.9019,57.5601],[11.9092,57.5638]]],[[[11.7097,57.9154],[11.7097,57.914],[11.7053,57.9124],[11.7097,57.9154]]],[[[16.5542,57.5824],[16.5569,57.5799],[16.5519,57.5793],[16.5542,57.5824]]],[[[11.8964,57.5865],[11.8975,57.5835],[11.8931,57.5826],[11.8964,57.5865]]],[[[18.6547,59.3804],[18.6458,59.3774],[18.6458,59.3787],[18.6547,59.3804]]],[[[11.7097,57.7574],[11.7108,57.754],[11.7081,57.7529],[11.7097,57.7574]]],[[[17.0169,58.4282],[17.0197,58.4235],[17.0164,58.4238],[17.0169,58.4282]]],[[[16.9636,58.5601],[16.9647,58.5588],[16.9564,58.5579],[16.9636,58.5601]]],[[[19.0131,59.5346],[19.0214,59.5371],[19.0208,59.5349],[19.0131,59.5346]]],[[[18.8736,59.559],[18.8697,59.5599],[18.8775,59.5624],[18.8736,59.559]]],[[[18.1247,58.9618],[18.1253,58.9599],[18.1181,58.9593],[18.1247,58.9618]]],[[[16.7108,57.9701],[16.7153,57.9651],[16.7131,57.9651],[16.7108,57.9701]]],[[[11.8247,57.6743],[11.8269,57.6721],[11.8208,57.6715],[11.8247,57.6743]]],[[[18.3547,59.4371],[18.3581,59.4349],[18.3531,59.4343],[18.3547,59.4371]]],[[[18.4258,59.4704],[18.4286,59.4693],[18.4231,59.4674],[18.4258,59.4704]]],[[[18.4742,59.1846],[18.4775,59.1785],[18.4742,59.1799],[18.4742,59.1846]]],[[[11.8897,58.2176],[11.8903,58.216],[11.8853,58.2154],[11.8897,58.2176]]],[[[14.4558,55.9865],[14.4581,55.9813],[14.4558,55.9807],[14.4558,55.9865]]],[[[19.0392,59.5415],[19.0408,59.5404],[19.0331,59.5382],[19.0392,59.5415]]],[[[11.9164,57.5732],[11.9236,57.5718],[11.9197,57.5699],[11.9164,57.5732]]],[[[11.7608,58.3168],[11.7625,58.3157],[11.7558,58.3143],[11.7608,58.3168]]],[[[15.4036,56.1738],[15.4058,56.1721],[15.4014,56.1699],[15.4036,56.1738]]],[[[16.6442,57.8004],[16.6492,57.796],[16.6458,57.796],[16.6442,57.8004]]],[[[16.6558,57.6654],[16.6575,57.6615],[16.6503,57.6646],[16.6558,57.6654]]],[[[11.8225,57.5779],[11.8258,57.5776],[11.8242,57.5735],[11.8225,57.5779]]],[[[15.6747,56.1454],[15.6681,56.1424],[15.6686,56.1451],[15.6747,56.1454]]],[[[19.0303,59.3954],[19.0325,59.3932],[19.0253,59.3924],[19.0303,59.3954]]],[[[18.5492,59.3985],[18.5531,59.3943],[18.5492,59.394],[18.5492,59.3985]]],[[[19.0214,59.4929],[19.0225,59.4904],[19.0164,59.489],[19.0214,59.4929]]],[[[11.6542,57.8587],[11.6486,57.856],[11.6497,57.8596],[11.6542,57.8587]]],[[[11.8914,57.4918],[11.8947,57.4896],[11.8869,57.4893],[11.8914,57.4918]]],[[[17.9864,58.9113],[17.9792,58.9082],[17.9808,58.911],[17.9864,58.9113]]],[[[11.4958,57.904],[11.4964,57.9029],[11.4892,57.9015],[11.4958,57.904]]],[[[18.9992,59.2982],[18.9997,59.2951],[18.9942,59.2938],[18.9992,59.2982]]],[[[16.7381,57.6165],[16.7336,57.6118],[16.7319,57.614],[16.7381,57.6165]]],[[[11.6447,57.6446],[11.6447,57.6435],[11.6369,57.6418],[11.6447,57.6446]]],[[[15.3592,56.1282],[15.3642,56.1279],[15.3636,56.1257],[15.3592,56.1282]]],[[[18.9564,59.4465],[18.9597,59.4435],[18.9558,59.4424],[18.9564,59.4465]]],[[[17.6869,58.7932],[17.6881,58.791],[17.6819,58.7907],[17.6869,58.7932]]],[[[16.7164,57.4376],[16.7197,57.4376],[16.7108,57.4357],[16.7164,57.4376]]],[[[16.9603,58.1696],[16.9642,58.1674],[16.9597,58.1657],[16.9603,58.1696]]],[[[18.9431,59.8679],[18.9414,59.8693],[18.9481,59.8721],[18.9431,59.8679]]],[[[18.7703,59.3057],[18.7586,59.304],[18.7603,59.3057],[18.7703,59.3057]]],[[[11.5942,57.9057],[11.5942,57.9046],[11.5808,57.9038],[11.5942,57.9057]]],[[[11.8547,57.6196],[11.8592,57.6193],[11.8586,57.616],[11.8519,57.616],[11.8547,57.6196]]],[[[11.6519,57.6599],[11.6597,57.6585],[11.6569,57.6574],[11.6519,57.6599]]],[[[18.6503,59.0418],[18.6525,59.0368],[18.6492,59.0371],[18.6503,59.0418]]],[[[16.1719,56.4821],[16.1697,56.4863],[16.1753,56.4868],[16.1719,56.4821]]],[[[17.3636,58.7296],[17.3625,58.7274],[17.3581,58.7293],[17.3636,58.7296]]],[[[17.4953,58.7743],[17.4903,58.7726],[17.4897,58.7757],[17.4953,58.7743]]],[[[18.7892,59.1243],[18.7903,59.1215],[18.7858,59.1193],[18.7892,59.1243]]],[[[17.6692,58.9004],[17.6775,58.8965],[17.6742,58.896],[17.6692,58.9004]]],[[[16.7358,57.4949],[16.7292,57.4957],[16.7292,57.4976],[16.7358,57.4949]]],[[[18.5081,58.9968],[18.5153,58.9932],[18.5092,58.9935],[18.5081,58.9968]]],[[[17.1869,58.6718],[17.1892,58.6674],[17.1819,58.6685],[17.1869,58.6718]]],[[[16.8414,57.9926],[16.8425,57.991],[16.8336,57.9921],[16.8414,57.9926]]],[[[16.6947,57.4999],[16.6969,57.4971],[16.6903,57.4971],[16.6947,57.4999]]],[[[18.4958,59.4421],[18.4981,59.4396],[18.4947,59.439],[18.4958,59.4421]]],[[[16.5336,58.4521],[16.5408,58.451],[16.5425,58.4496],[16.5336,58.4521]]],[[[17.0125,58.1729],[17.0081,58.1726],[17.0081,58.1749],[17.0125,58.1729]]],[[[18.7831,59.2185],[18.7847,59.2165],[18.7803,59.2154],[18.7831,59.2185]]],[[[11.7025,57.8165],[11.7042,57.8138],[11.6986,57.8132],[11.7025,57.8165]]],[[[19.0003,59.2765],[18.9997,59.2785],[19.0053,59.2796],[19.0003,59.2765]]],[[[16.6808,57.6151],[16.6764,57.6162],[16.6786,57.6188],[16.6808,57.6151]]],[[[17.1803,58.7215],[17.1808,58.7207],[17.1719,58.719],[17.1803,58.7215]]],[[[18.2636,59.0626],[18.2564,59.0626],[18.2569,59.064],[18.2636,59.0626]]],[[[16.4614,56.8951],[16.4636,56.8932],[16.4553,56.8935],[16.4614,56.8951]]],[[[15.2486,56.1496],[15.2414,56.1479],[15.2425,56.1496],[15.2486,56.1496]]],[[[16.9542,58.5462],[16.9547,58.5451],[16.9492,58.5432],[16.9542,58.5462]]],[[[11.6758,57.8804],[11.6764,57.8793],[11.6658,57.8785],[11.6758,57.8804]]],[[[18.3392,58.9929],[18.3392,58.9899],[18.3369,58.9896],[18.3392,58.9929]]],[[[18.9931,59.3787],[18.9942,59.3737],[18.9886,59.376],[18.9931,59.3787]]],[[[16.9053,58.3518],[16.9069,58.349],[16.9031,58.3471],[16.9053,58.3518]]],[[[17.2164,58.7287],[17.2208,58.726],[17.2136,58.726],[17.2164,58.7287]]],[[[12.0958,57.3162],[12.0964,57.3126],[12.0936,57.3124],[12.0958,57.3162]]],[[[16.7558,58.1046],[16.7636,58.1007],[16.7614,58.1007],[16.7558,58.1046]]],[[[18.7292,59.301],[18.7319,59.2988],[18.7253,59.2974],[18.7292,59.301]]],[[[11.8814,57.5543],[11.8775,57.5549],[11.8803,57.5568],[11.8814,57.5543]]],[[[16.9575,58.376],[16.9586,58.3751],[16.9497,58.371],[16.9575,58.376]]],[[[18.7264,59.4268],[18.7275,59.4254],[18.7192,59.424],[18.7264,59.4268]]],[[[16.9542,58.3824],[16.9608,58.3793],[16.9536,58.3793],[16.9542,58.3824]]],[[[18.7775,59.449],[18.7803,59.4474],[18.7725,59.4443],[18.7775,59.449]]],[[[16.7192,57.9863],[16.7208,57.9804],[16.7169,57.9804],[16.7192,57.9863]]],[[[17.6019,58.7932],[17.6064,58.7918],[17.6047,58.7887],[17.6019,58.7932]]],[[[18.1892,58.8593],[18.1914,58.8574],[18.1842,58.8568],[18.1892,58.8593]]],[[[15.3831,56.1326],[15.3797,56.1335],[15.3842,56.1362],[15.3831,56.1326]]],[[[17.9836,58.8879],[17.9797,58.8846],[17.9775,58.8846],[17.9836,58.8879]]],[[[17.0019,58.1965],[16.9953,58.1951],[16.9958,58.1968],[17.0019,58.1965]]],[[[18.9169,59.6996],[18.9192,59.6963],[18.9153,59.6957],[18.9169,59.6996]]],[[[11.9008,57.5199],[11.9081,57.519],[11.9069,57.5163],[11.9008,57.5199]]],[[[16.5708,57.9443],[16.5803,57.9429],[16.5753,57.9415],[16.5708,57.9443]]],[[[11.7542,57.9535],[11.7542,57.9507],[11.7508,57.9504],[11.7542,57.9535]]],[[[17.2025,58.7107],[17.2025,58.7079],[17.1947,58.7079],[17.2025,58.7107]]],[[[15.6997,55.9518],[15.7019,55.9557],[15.7053,55.9565],[15.6997,55.9518]]],[[[18.1097,59.4207],[18.1136,59.4176],[18.1069,59.4188],[18.1097,59.4207]]],[[[17.7508,58.8126],[17.7542,58.8118],[17.7581,58.8093],[17.7508,58.8126]]],[[[17.6281,58.849],[17.6331,58.8488],[17.6347,58.8476],[17.6281,58.849]]],[[[18.7231,59.1835],[18.7231,59.1821],[18.7192,59.1804],[18.7231,59.1835]]],[[[18.5008,59.1757],[18.5025,59.1738],[18.4964,59.1707],[18.5008,59.1757]]],[[[18.8197,59.2121],[18.8214,59.209],[18.8158,59.209],[18.8197,59.2121]]],[[[16.6503,57.3882],[16.6536,57.3865],[16.6497,57.3849],[16.6503,57.3882]]],[[[16.2753,58.6321],[16.2764,58.6293],[16.2714,58.6285],[16.2753,58.6321]]],[[[18.9736,59.361],[18.9753,59.3582],[18.9703,59.3579],[18.9736,59.361]]],[[[18.3175,59.0521],[18.3192,59.054],[18.3269,59.0574],[18.3175,59.0521]]],[[[17.1653,58.6951],[17.1664,58.6929],[17.1581,58.6935],[17.1653,58.6951]]],[[[17.6531,59.0799],[17.6569,59.0776],[17.6575,59.0757],[17.6531,59.0799]]],[[[17.0358,58.3799],[17.0392,58.3746],[17.0353,58.3763],[17.0358,58.3799]]],[[[11.7681,57.6321],[11.7708,57.6299],[11.7675,57.6287],[11.7681,57.6321]]],[[[11.9214,57.3782],[11.9258,57.3765],[11.9203,57.3751],[11.9214,57.3782]]],[[[18.7736,59.6082],[18.7736,59.6043],[18.7686,59.6054],[18.7736,59.6082]]],[[[18.7558,59.6171],[18.7492,59.6146],[18.7492,59.6157],[18.7558,59.6171]]],[[[16.4464,57.844],[16.4481,57.8407],[16.4436,57.8415],[16.4464,57.844]]],[[[16.5564,57.0432],[16.5581,57.039],[16.5553,57.0387],[16.5564,57.0432]]],[[[18.5297,59.1118],[18.5214,59.1107],[18.5286,59.1132],[18.5297,59.1118]]],[[[16.5947,57.3404],[16.5958,57.3393],[16.5897,57.3374],[16.5947,57.3404]]],[[[11.7119,57.7921],[11.7136,57.7904],[11.7092,57.7876],[11.7119,57.7921]]],[[[18.7258,59.2915],[18.7342,59.2935],[18.7325,59.2912],[18.7258,59.2915]]],[[[14.9547,56.1507],[14.9586,56.1496],[14.9564,56.1471],[14.9547,56.1507]]],[[[11.8608,58.2188],[11.8647,58.2157],[11.8614,58.2149],[11.8608,58.2188]]],[[[18.5608,58.9849],[18.5625,58.9846],[18.5558,58.981],[18.5608,58.9849]]],[[[18.6958,59.4657],[18.7014,59.4654],[18.6897,59.4637],[18.6958,59.4657]]],[[[16.9247,58.3796],[16.9286,58.3787],[16.9281,58.3751],[16.9247,58.3796]]],[[[18.8269,59.149],[18.8153,59.146],[18.8169,59.1474],[18.8269,59.149]]],[[[11.8447,57.6101],[11.8464,57.6071],[11.8425,57.6063],[11.8447,57.6101]]],[[[11.7153,58.0735],[11.7092,58.0704],[11.7086,58.0715],[11.7153,58.0735]]],[[[11.7225,58.0749],[11.7175,58.0751],[11.7197,58.0782],[11.7225,58.0749]]],[[[16.9097,58.4576],[16.9131,58.4574],[16.9042,58.456],[16.9097,58.4576]]],[[[17.9731,58.8787],[17.9703,58.8782],[17.9714,58.8835],[17.9731,58.8787]]],[[[16.4869,56.9332],[16.4903,56.9304],[16.4847,56.9304],[16.4869,56.9332]]],[[[18.3692,59.3704],[18.3708,59.3693],[18.3586,59.369],[18.3692,59.3704]]],[[[16.8714,58.2385],[16.8686,58.2385],[16.8697,58.2412],[16.8714,58.2385]]],[[[17.5275,58.7457],[17.5303,58.7435],[17.5225,58.7407],[17.5275,58.7457]]],[[[16.7231,57.626],[16.7247,57.6229],[16.7186,57.6229],[16.7231,57.626]]],[[[18.8608,59.1868],[18.8669,59.1885],[18.8669,59.1874],[18.8608,59.1868]]],[[[18.8608,59.5715],[18.8631,59.5687],[18.8581,59.5685],[18.8608,59.5715]]],[[[17.5053,58.8512],[17.5053,58.8479],[17.4997,58.8488],[17.5053,58.8512]]],[[[18.4281,59.219],[18.4281,59.2204],[18.4342,59.2218],[18.4281,59.219]]],[[[17.6769,58.9021],[17.6769,58.9007],[17.6703,58.9026],[17.6769,58.9021]]],[[[16.2797,58.6374],[16.2803,58.636],[16.2753,58.6351],[16.2797,58.6374]]],[[[17.2492,58.711],[17.2514,58.7088],[17.2442,58.7074],[17.2492,58.711]]],[[[17.3086,58.7238],[17.3108,58.7221],[17.3019,58.7218],[17.3086,58.7238]]],[[[16.8836,58.3401],[16.8842,58.3376],[16.8808,58.3368],[16.8836,58.3401]]],[[[18.7936,59.1304],[18.7947,59.1282],[18.7919,59.1243],[18.7936,59.1304]]],[[[11.7858,57.5924],[11.7908,57.591],[11.7897,57.5893],[11.7858,57.5924]]],[[[18.8064,59.1465],[18.8069,59.1446],[18.7997,59.1437],[18.8064,59.1465]]],[[[11.7481,57.5913],[11.7497,57.589],[11.7436,57.5899],[11.7481,57.5913]]],[[[17.5147,58.8351],[17.5147,58.831],[17.5114,58.8321],[17.5147,58.8351]]],[[[16.6475,57.5971],[16.6525,57.5962],[16.6531,57.5929],[16.6475,57.5971]]],[[[11.6431,57.6621],[11.6453,57.6599],[11.6414,57.659],[11.6431,57.6621]]],[[[14.4447,55.9679],[14.4503,55.9649],[14.4464,55.9646],[14.4447,55.9679]]],[[[16.9036,58.571],[16.9075,58.5693],[16.9036,58.5685],[16.9036,58.571]]],[[[18.5569,58.9551],[18.5625,58.9543],[18.5619,58.9526],[18.5569,58.9551]]],[[[16.8925,58.2885],[16.8931,58.284],[16.8881,58.286],[16.8925,58.2885]]],[[[18.3436,59.0657],[18.3447,59.0632],[18.3397,59.0618],[18.3436,59.0657]]],[[[16.8019,57.9618],[16.8036,57.9601],[16.7997,57.9593],[16.8019,57.9618]]],[[[18.9247,59.5057],[18.9269,59.504],[18.9197,59.5021],[18.9247,59.5057]]],[[[11.6286,58.1093],[11.6342,58.111],[11.6342,58.1099],[11.6286,58.1093]]],[[[18.8747,59.3026],[18.8819,59.3007],[18.8758,59.3004],[18.8747,59.3026]]],[[[16.8825,58.2126],[16.8842,58.2107],[16.8792,58.2101],[16.8825,58.2126]]],[[[18.5747,59.4046],[18.5764,59.4024],[18.5703,59.4026],[18.5747,59.4046]]],[[[16.5825,57.0337],[16.5831,57.0321],[16.5769,57.0315],[16.5825,57.0337]]],[[[11.4914,57.919],[11.4931,57.9168],[11.4864,57.9168],[11.4914,57.919]]],[[[15.5103,56.1601],[15.5114,56.1579],[15.5069,56.1571],[15.5103,56.1601]]],[[[17.5147,58.7193],[17.5164,58.7168],[17.5097,58.7168],[17.5147,58.7193]]],[[[18.9792,59.4635],[18.9792,59.4624],[18.9697,59.4615],[18.9792,59.4635]]],[[[18.7281,59.1646],[18.7286,59.1632],[18.7225,59.1615],[18.7281,59.1646]]],[[[16.7597,57.5235],[16.7608,57.5213],[16.7564,57.521],[16.7597,57.5235]]],[[[16.7208,57.5624],[16.7208,57.5612],[16.7153,57.5607],[16.7208,57.5624]]],[[[16.7681,57.616],[16.7703,57.6135],[16.7647,57.6135],[16.7681,57.616]]],[[[16.7058,57.6526],[16.7131,57.6507],[16.7069,57.6507],[16.7058,57.6526]]],[[[11.6753,57.671],[11.6681,57.6704],[11.6681,57.6712],[11.6753,57.671]]],[[[11.6008,58.0999],[11.6064,58.099],[11.6053,58.0971],[11.6008,58.0999]]],[[[18.8942,59.3432],[18.9008,59.3413],[18.9003,59.3401],[18.8942,59.3432]]],[[[18.9642,59.6815],[18.9653,59.6801],[18.9569,59.6796],[18.9642,59.6815]]],[[[11.6547,57.8407],[11.6603,57.839],[11.6547,57.8374],[11.6547,57.8407]]],[[[11.8997,57.4335],[11.9014,57.4315],[11.8992,57.4307],[11.8997,57.4335]]],[[[17.4858,58.7279],[17.4797,58.726],[17.4814,58.7271],[17.4858,58.7279]]],[[[15.5697,56.146],[15.5703,56.1443],[15.5631,56.1446],[15.5697,56.146]]],[[[18.7914,59.1224],[18.7947,59.1221],[18.7958,59.1193],[18.7914,59.1224]]],[[[16.9519,58.3865],[16.9536,58.3838],[16.9497,58.3821],[16.9519,58.3865]]],[[[16.7519,57.5887],[16.7469,57.5871],[16.7469,57.5885],[16.7519,57.5887]]],[[[16.9936,58.5535],[16.9914,58.556],[16.9975,58.5563],[16.9936,58.5535]]],[[[16.7748,57.8243],[16.7753,57.8221],[16.7703,57.8224],[16.7748,57.8243]]],[[[16.8953,58.5662],[16.9014,58.564],[16.8964,58.5638],[16.8953,58.5662]]],[[[16.4531,56.8774],[16.4553,56.8757],[16.4497,56.8743],[16.4531,56.8774]]],[[[11.6708,57.8032],[11.6736,57.8015],[11.6708,57.8001],[11.6708,57.8032]]],[[[18.7492,59.399],[18.7525,59.3979],[18.7464,59.3949],[18.7492,59.399]]],[[[18.7658,59.3918],[18.7664,59.3904],[18.7603,59.3887],[18.7658,59.3918]]],[[[16.6542,57.3949],[16.6492,57.396],[16.6553,57.3988],[16.6542,57.3949]]],[[[17.4458,58.739],[17.4414,58.7396],[17.4436,58.7421],[17.4458,58.739]]],[[[11.5081,57.9265],[11.5103,57.9251],[11.5008,57.9249],[11.5081,57.9265]]],[[[11.7553,57.5265],[11.7592,57.5238],[11.7564,57.5221],[11.7553,57.5265]]],[[[18.8397,59.5732],[18.8419,59.5715],[18.8336,59.571],[18.8397,59.5732]]],[[[16.9925,58.4185],[16.9947,58.4146],[16.9908,58.4135],[16.9925,58.4185]]],[[[11.7975,58.1113],[11.8008,58.1096],[11.7931,58.1087],[11.7975,58.1113]]],[[[17.0353,58.6424],[17.0408,58.6421],[17.0314,58.6404],[17.0353,58.6424]]],[[[16.1769,56.4968],[16.1792,56.4935],[16.1725,56.4943],[16.1769,56.4968]]],[[[18.3681,59.1032],[18.3542,59.0982],[18.3547,59.099],[18.3681,59.1032]]],[[[15.7631,56.0693],[15.7642,56.0671],[15.7586,56.0657],[15.7631,56.0693]]],[[[17.4014,58.7287],[17.4042,58.7279],[17.4025,58.7235],[17.4014,58.7287]]],[[[18.8669,59.5607],[18.8675,59.5585],[18.8614,59.5582],[18.8669,59.5607]]],[[[16.8231,57.9729],[16.8258,57.9715],[16.8214,57.9696],[16.8231,57.9729]]],[[[16.7764,58.4129],[16.7803,58.4121],[16.7781,58.4096],[16.7764,58.4129]]],[[[11.7397,57.6501],[11.7425,57.6479],[11.7386,57.6471],[11.7397,57.6501]]],[[[18.9297,59.3385],[18.9397,59.3399],[18.9369,59.3382],[18.9297,59.3385]]],[[[18.3719,58.9754],[18.3725,58.974],[18.3642,58.974],[18.3719,58.9754]]],[[[18.5925,58.9915],[18.5953,58.9899],[18.5897,58.9882],[18.5858,58.9899],[18.5925,58.9915]]],[[[18.0158,58.9951],[18.0236,59.0004],[18.0225,58.9979],[18.0158,58.9951]]],[[[18.5242,59.4162],[18.5297,59.4135],[18.5258,59.4135],[18.5242,59.4162]]],[[[18.8414,59.4654],[18.8469,59.4632],[18.8414,59.4632],[18.8414,59.4654]]],[[[11.6886,58.3063],[11.6903,58.3046],[11.6864,58.3029],[11.6886,58.3063]]],[[[16.7442,57.4949],[16.7492,57.4915],[16.7464,57.491],[16.7442,57.4949]]],[[[18.7242,59.1768],[18.7253,59.1754],[18.7192,59.1738],[18.7242,59.1768]]],[[[16.7597,58.3793],[16.7553,58.3787],[16.7553,58.3801],[16.7597,58.3793]]],[[[14.9775,56.1326],[14.9797,56.1301],[14.9775,56.1299],[14.9775,56.1326]]],[[[18.7542,59.2529],[18.7619,59.2526],[18.7564,59.2507],[18.7542,59.2529]]],[[[17.7069,58.8365],[17.7103,58.834],[17.7047,58.8326],[17.7069,58.8365]]],[[[16.7397,57.669],[16.7408,57.6665],[16.7381,57.6657],[16.7397,57.669]]],[[[18.5803,58.9671],[18.5797,58.964],[18.5747,58.9646],[18.5803,58.9671]]],[[[18.5058,59.0101],[18.5003,59.0101],[18.5119,59.0124],[18.5058,59.0101]]],[[[16.7747,57.7868],[16.7797,57.7832],[16.7764,57.7824],[16.7747,57.7868]]],[[[16.6742,57.8613],[16.6764,57.8579],[16.6747,57.8571],[16.6742,57.8613]]],[[[16.8003,57.8407],[16.8036,57.8382],[16.7958,57.8385],[16.8003,57.8407]]],[[[15.4258,56.1296],[15.4281,56.1287],[15.4297,56.1263],[15.4258,56.1296]]],[[[17.7453,58.8643],[17.7447,58.8599],[17.7419,58.8618],[17.7453,58.8643]]],[[[16.6692,58.4149],[16.6714,58.4129],[16.6636,58.4132],[16.6692,58.4149]]],[[[11.7464,57.6085],[11.7458,57.6107],[11.7497,57.6115],[11.7464,57.6085]]],[[[16.6814,57.7337],[16.6836,57.7333],[16.6869,57.7296],[16.6814,57.7337]]],[[[11.8175,57.6843],[11.8203,57.6829],[11.8142,57.6818],[11.8175,57.6843]]],[[[16.7314,58.6218],[16.7364,58.6196],[16.7308,58.6196],[16.7314,58.6218]]],[[[16.8553,58.6074],[16.8569,58.6054],[16.8497,58.6051],[16.8553,58.6074]]],[[[18.6175,59.5515],[18.6181,59.5501],[18.6125,59.549],[18.6175,59.5515]]],[[[11.4658,57.8937],[11.4619,57.8963],[11.4686,57.8974],[11.4658,57.8937]]],[[[11.8958,57.486],[11.8897,57.4857],[11.8903,57.4871],[11.8958,57.486]]],[[[16.8664,58.3746],[16.8697,58.374],[16.8631,58.3707],[16.8664,58.3746]]],[[[16.2508,56.6021],[16.2581,56.6049],[16.2553,56.6018],[16.2508,56.6021]]],[[[16.5497,57.0382],[16.5558,57.0376],[16.5536,57.0357],[16.5497,57.0382]]],[[[12.2242,57.1074],[12.2175,57.1065],[12.2181,57.1071],[12.2242,57.1074]]],[[[16.7764,57.5988],[16.7719,57.5971],[16.7669,57.5988],[16.7764,57.5988]]],[[[18.6003,58.9935],[18.6014,58.9912],[18.5942,58.9921],[18.6003,58.9935]]],[[[18.6253,59.0696],[18.6264,59.0671],[18.6208,59.0662],[18.6253,59.0696]]],[[[16.4553,57.8407],[16.4597,57.8374],[16.4558,57.8374],[16.4553,57.8407]]],[[[17.2281,58.7182],[17.2297,58.7163],[17.2231,58.7163],[17.2281,58.7182]]],[[[14.4486,55.9765],[14.4508,55.9746],[14.4453,55.9746],[14.4486,55.9765]]],[[[11.6319,57.9074],[11.6253,57.9049],[11.6253,57.9054],[11.6319,57.9074]]],[[[17.9219,58.859],[17.9236,58.8576],[17.9186,58.854],[17.9219,58.859]]],[[[18.8936,59.6538],[18.8958,59.6521],[18.8931,59.6512],[18.8936,59.6538]]],[[[16.9436,58.404],[16.9464,58.404],[16.9475,58.4007],[16.9436,58.404]]],[[[16.6775,57.6085],[16.6719,57.6093],[16.6808,57.6107],[16.6775,57.6085]]],[[[16.2953,56.6429],[16.3008,56.6407],[16.2914,56.641],[16.2953,56.6429]]],[[[19.0769,59.7201],[19.0797,59.7182],[19.0742,59.7174],[19.0769,59.7201]]],[[[11.7525,57.6096],[11.7558,57.6082],[11.7508,57.6063],[11.7525,57.6096]]],[[[16.9108,58.5401],[16.9158,58.5374],[16.9125,58.5371],[16.9108,58.5401]]],[[[18.6042,59.3996],[18.6047,59.3982],[18.5981,59.3965],[18.6042,59.3996]]],[[[18.8225,59.446],[18.8225,59.4443],[18.8169,59.4424],[18.8225,59.446]]],[[[18.5797,59.4188],[18.5797,59.4174],[18.5764,59.4168],[18.5797,59.4188]]],[[[18.8114,59.411],[18.8125,59.4096],[18.8092,59.4076],[18.8114,59.411]]],[[[17.5525,58.6718],[17.5531,58.6699],[17.5542,58.6707],[17.5558,58.6688],[17.5486,58.6688],[17.5525,58.6718]]],[[[18.8947,59.4635],[18.8875,59.4629],[18.8875,59.4637],[18.8947,59.4635]]],[[[16.7175,58.1415],[16.7175,58.139],[16.7142,58.1387],[16.7175,58.1415]]],[[[16.7981,57.7885],[16.7986,57.7843],[16.7964,57.7849],[16.7981,57.7885]]],[[[16.9786,58.2357],[16.9797,58.234],[16.9736,58.2332],[16.9786,58.2357]]],[[[18.8108,59.5696],[18.8114,59.5674],[18.8069,59.5674],[18.8108,59.5696]]],[[[17.3814,58.7313],[17.3842,58.7268],[17.3797,58.7276],[17.3814,58.7313]]],[[[18.7586,59.556],[18.7625,59.5535],[18.7586,59.5529],[18.7586,59.556]]],[[[18.4436,59.209],[18.4481,59.2049],[18.4447,59.2051],[18.4436,59.209]]],[[[18.0942,58.891],[18.0964,58.8887],[18.0925,58.8879],[18.0942,58.891]]],[[[18.9364,59.7135],[18.9375,59.7126],[18.9331,59.7104],[18.9364,59.7135]]],[[[18.9981,59.3821],[18.9981,59.3774],[18.9953,59.3782],[18.9981,59.3821]]],[[[11.7431,58.079],[11.7431,58.0751],[11.7397,58.0746],[11.7431,58.079]]],[[[16.8436,58.5762],[16.8453,58.5743],[16.8403,58.5737],[16.8436,58.5762]]],[[[16.8769,58.1985],[16.8781,58.1957],[16.8747,58.1951],[16.8769,58.1985]]],[[[18.7031,59.5004],[18.7058,59.4982],[18.7025,59.4979],[18.7031,59.5004]]],[[[11.8964,57.5132],[11.8975,57.5112],[11.8936,57.5101],[11.8964,57.5132]]],[[[18.1231,58.889],[18.1247,58.8857],[18.1208,58.886],[18.1231,58.889]]],[[[16.9947,58.449],[16.9992,58.4479],[16.9975,58.4454],[16.9947,58.449]]],[[[18.6875,59.376],[18.6897,59.3737],[18.6842,59.3737],[18.6875,59.376]]],[[[16.9508,58.5365],[16.9525,58.5351],[16.9464,58.5337],[16.9508,58.5365]]],[[[14.7019,56.1226],[14.7047,56.1204],[14.7019,56.119],[14.7019,56.1226]]],[[[11.8864,57.6029],[11.8886,57.6004],[11.8864,57.6004],[11.8864,57.6029]]],[[[18.9458,59.3937],[18.9531,59.3963],[18.9531,59.3957],[18.9458,59.3937]]],[[[15.4469,56.1396],[15.4458,56.136],[15.4442,56.136],[15.4469,56.1396]]],[[[15.5319,56.1768],[15.5347,56.1726],[15.5331,56.1724],[15.5319,56.1768]]],[[[16.7047,57.6485],[16.7075,57.6463],[16.7031,57.6449],[16.7047,57.6485]]],[[[16.8953,58.5879],[16.8975,58.5846],[16.8903,58.5854],[16.8953,58.5879]]],[[[16.8058,58.6104],[16.8075,58.6087],[16.8036,58.6085],[16.8058,58.6104]]],[[[18.6486,59.4613],[18.6525,59.4601],[18.6469,59.4588],[18.6486,59.4613]]],[[[18.5914,59.0674],[18.5892,59.0682],[18.5903,59.0701],[18.5914,59.0674]]],[[[18.7753,59.4929],[18.7814,59.4926],[18.7792,59.4907],[18.7753,59.4929]]],[[[18.7103,59.1015],[18.7114,59.0993],[18.7058,59.0988],[18.7103,59.1015]]],[[[11.6714,57.8168],[11.6736,57.8146],[11.6664,57.8146],[11.6714,57.8168]]],[[[11.7275,57.8021],[11.7342,57.7999],[11.7319,57.7993],[11.7275,57.8021]]],[[[18.4431,59.1787],[18.4431,59.1771],[18.4369,59.1757],[18.4431,59.1787]]],[[[11.6375,57.8757],[11.6381,57.8737],[11.6336,57.8732],[11.6375,57.8757]]],[[[16.5536,58.449],[16.5558,58.4471],[16.5492,58.4474],[16.5536,58.449]]],[[[16.5803,57.0863],[16.5842,57.0843],[16.5797,57.0826],[16.5803,57.0863]]],[[[18.8414,59.3579],[18.8436,59.3576],[18.8408,59.3546],[18.8414,59.3579]]],[[[16.8103,58.0524],[16.8136,58.0501],[16.8103,58.049],[16.8103,58.0524]]],[[[16.9008,58.5735],[16.8964,58.576],[16.9058,58.5762],[16.9008,58.5735]]],[[[11.6136,57.6582],[11.6158,57.656],[11.6119,57.6554],[11.6136,57.6582]]],[[[18.8225,59.4696],[18.8275,59.4671],[18.8214,59.4663],[18.8225,59.4696]]],[[[18.6319,59.4863],[18.6342,59.4837],[18.6308,59.4829],[18.6319,59.4863]]],[[[17.1808,58.6468],[17.1847,58.6449],[17.1814,58.644],[17.1808,58.6468]]],[[[16.8747,58.2057],[16.8803,58.2076],[16.8792,58.2054],[16.8747,58.2057]]],[[[16.7103,57.7707],[16.7158,57.7696],[16.7142,57.7679],[16.7103,57.7707]]],[[[11.7208,57.7951],[11.7236,57.7949],[11.7208,57.7924],[11.7208,57.7951]]],[[[18.8108,59.6201],[18.8064,59.6176],[18.8058,59.6199],[18.8108,59.6201]]],[[[11.6897,57.9646],[11.6914,57.9635],[11.6875,57.9621],[11.6897,57.9646]]],[[[18.8692,59.681],[18.8697,59.6799],[18.8631,59.6793],[18.8692,59.681]]],[[[18.6969,59.389],[18.6958,59.3901],[18.7031,59.3921],[18.6969,59.389]]],[[[16.6692,57.6151],[16.6731,57.6132],[16.6692,57.6129],[16.6692,57.6151]]],[[[18.3931,59.0037],[18.3942,59.0013],[18.3903,59.0007],[18.3931,59.0037]]],[[[18.6119,59.4296],[18.6164,59.4271],[18.6114,59.4265],[18.6119,59.4296]]],[[[18.8075,59.4968],[18.8092,59.4946],[18.8019,59.4951],[18.8075,59.4968]]],[[[16.7881,57.6935],[16.7908,57.6907],[16.7847,57.6907],[16.7881,57.6935]]],[[[19.0531,59.5171],[19.0542,59.5163],[19.0469,59.514],[19.0531,59.5171]]],[[[18.5164,59.1026],[18.5231,59.1051],[18.5203,59.1021],[18.5164,59.1026]]],[[[18.8864,59.5754],[18.8908,59.5732],[18.8864,59.5718],[18.8864,59.5754]]],[[[11.5919,57.8032],[11.5931,57.8013],[11.5864,57.8013],[11.5919,57.8032]]],[[[11.7292,57.781],[11.7297,57.7799],[11.7247,57.7788],[11.7292,57.781]]],[[[11.7158,57.8096],[11.7197,57.8065],[11.7169,57.8054],[11.7158,57.8096]]],[[[11.9692,57.3501],[11.9703,57.349],[11.9647,57.3468],[11.9692,57.3501]]],[[[11.6103,57.8507],[11.6142,57.8504],[11.6125,57.8476],[11.6103,57.8507]]],[[[16.8097,57.9049],[16.8153,57.9018],[16.8131,57.9012],[16.8097,57.9049]]],[[[11.5564,57.9326],[11.5581,57.9307],[11.5519,57.9315],[11.5564,57.9326]]],[[[16.4736,56.9646],[16.4781,56.9626],[16.4736,56.9624],[16.4736,56.9646]]],[[[16.5408,57.0007],[16.5414,56.999],[16.5375,56.9987],[16.5408,57.0007]]],[[[16.6247,58.4315],[16.6308,58.431],[16.6319,58.4296],[16.6247,58.4315]]],[[[18.3497,59.3937],[18.3508,59.3921],[18.3458,59.3915],[18.3497,59.3937]]],[[[18.9781,59.3971],[18.9786,59.3949],[18.9731,59.3943],[18.9781,59.3971]]],[[[18.0786,59.0329],[18.0753,59.0335],[18.0819,59.036],[18.0786,59.0329]]],[[[18.6114,59.4232],[18.6164,59.4229],[18.6142,59.4204],[18.6114,59.4232]]],[[[16.6836,57.6671],[16.6836,57.6649],[16.6775,57.6662],[16.6836,57.6671]]],[[[18.8675,59.4899],[18.8592,59.4876],[18.8597,59.4888],[18.8675,59.4899]]],[[[15.5036,56.1446],[15.4975,56.1421],[15.4975,56.1432],[15.5036,56.1446]]],[[[18.6703,59.111],[18.6719,59.1099],[18.6675,59.1074],[18.6703,59.111]]],[[[17.0581,58.2868],[17.0508,58.2851],[17.0514,58.2871],[17.0581,58.2868]]],[[[16.7981,57.8654],[16.8003,57.8624],[16.7958,57.8624],[16.7981,57.8654]]],[[[18.4575,59.3296],[18.4625,59.3274],[18.4575,59.326],[18.4575,59.3296]]],[[[18.6858,59.3013],[18.6875,59.3001],[18.6808,59.2982],[18.6858,59.3013]]],[[[17.9786,58.8804],[17.9742,58.8765],[17.9736,58.8776],[17.9786,58.8804]]],[[[18.1781,59.3296],[18.1792,59.3271],[18.1725,59.3279],[18.1781,59.3296]]],[[[16.8897,58.4276],[16.8931,58.4274],[16.8908,58.4235],[16.8897,58.4276]]],[[[16.6997,57.5032],[16.7014,57.5018],[16.6942,57.5013],[16.6997,57.5032]]],[[[11.8864,57.5607],[11.8936,57.5607],[11.8897,57.5588],[11.8864,57.5607]]],[[[18.6414,59.4615],[18.6436,59.4613],[18.6419,59.4576],[18.6414,59.4615]]],[[[16.5731,57.5824],[16.5731,57.5796],[16.5686,57.5804],[16.5731,57.5824]]],[[[11.6281,57.6554],[11.6292,57.6532],[11.6269,57.6526],[11.6281,57.6554]]],[[[16.8147,58.1685],[16.8153,58.1674],[16.8103,58.1662],[16.8147,58.1685]]],[[[15.4219,56.1063],[15.4258,56.1046],[15.4258,56.1035],[15.4219,56.1063]]],[[[15.5353,56.1665],[15.5364,56.1632],[15.5325,56.164],[15.5353,56.1665]]],[[[18.7086,59.1324],[18.7158,59.1318],[18.7136,59.1304],[18.7086,59.1324]]],[[[16.9186,58.2068],[16.9192,58.2051],[16.9147,58.2032],[16.9186,58.2068]]],[[[15.6047,56.1665],[15.6058,56.164],[15.6036,56.1637],[15.6047,56.1665]]],[[[18.8619,59.1957],[18.8558,59.194],[18.8558,59.1957],[18.8619,59.1957]]],[[[18.5625,59.2113],[18.5664,59.2079],[18.5642,59.2079],[18.5625,59.2113]]],[[[16.7292,57.821],[16.7336,57.8157],[16.7308,57.8157],[16.7292,57.821]]],[[[16.7108,57.8601],[16.7108,57.8574],[16.7081,57.8574],[16.7108,57.8601]]],[[[16.8164,57.8774],[16.8175,57.874],[16.8147,57.874],[16.8164,57.8774]]],[[[18.7958,59.2585],[18.7981,59.2568],[18.7919,59.2554],[18.7958,59.2585]]],[[[17.7275,58.8932],[17.7303,58.8921],[17.7325,58.8882],[17.7275,58.8932]]],[[[16.8136,57.9618],[16.8147,57.9604],[16.8097,57.959],[16.8136,57.9618]]],[[[19.0053,59.3587],[19.0069,59.356],[19.0019,59.3557],[19.0053,59.3587]]],[[[16.8131,57.9546],[16.8136,57.9521],[16.8097,57.9518],[16.8131,57.9546]]],[[[18.4219,59.3885],[18.4253,59.3862],[18.4225,59.386],[18.4219,59.3885]]],[[[11.9458,57.4932],[11.9481,57.4915],[11.9447,57.4904],[11.9458,57.4932]]],[[[18.8075,59.3638],[18.8119,59.3613],[18.8075,59.3607],[18.8075,59.3638]]],[[[18.4458,58.9635],[18.4469,58.9618],[18.4419,58.9607],[18.4458,58.9635]]],[[[18.1269,59.0268],[18.1281,59.0238],[18.1247,59.0238],[18.1269,59.0268]]],[[[11.7297,57.6271],[11.7303,57.6257],[11.7253,57.624],[11.7297,57.6271]]],[[[11.7525,57.636],[11.7542,57.6332],[11.7519,57.634],[11.7525,57.636]]],[[[11.6831,58.2962],[11.6783,58.2965],[11.6853,58.2993],[11.6831,58.2962]]],[[[18.7431,59.5588],[18.7475,59.5549],[18.7419,59.5554],[18.7431,59.5588]]],[[[18.4514,59.204],[18.4536,59.2021],[18.4497,59.2012],[18.4514,59.204]]],[[[17.3742,58.7365],[17.3764,58.7349],[17.3697,58.7335],[17.3742,58.7365]]],[[[16.7808,57.7976],[16.7875,57.7929],[16.7808,57.7951],[16.7808,57.7976]]],[[[17.9286,58.8032],[17.9303,58.8004],[17.9269,58.7993],[17.9286,58.8032]]],[[[11.6603,57.8576],[11.6642,57.8576],[11.6608,57.854],[11.6603,57.8576]]],[[[16.4608,56.8587],[16.4653,56.8582],[16.4642,56.8563],[16.4608,56.8587]]],[[[16.9503,58.391],[16.9542,58.3904],[16.9525,58.3882],[16.9503,58.391]]],[[[11.6586,57.8868],[11.6608,57.8862],[11.6586,57.8838],[11.6586,57.8868]]],[[[16.4714,56.9299],[16.4764,56.9279],[16.4736,56.9263],[16.4714,56.9299]]],[[[18.4825,59.0215],[18.4925,59.0213],[18.4881,59.0196],[18.4825,59.0215]]],[[[18.5819,59.0471],[18.5864,59.046],[18.5797,59.0443],[18.5819,59.0471]]],[[[16.5564,57.0299],[16.5586,57.0276],[16.5514,57.0282],[16.5564,57.0299]]],[[[11.8669,57.6138],[11.8736,57.6124],[11.8703,57.611],[11.8669,57.6138]]],[[[17.0336,58.6712],[17.0375,58.6696],[17.0331,58.6682],[17.0336,58.6712]]],[[[15.7903,56.049],[15.7831,56.0462],[15.7836,56.0474],[15.7903,56.049]]],[[[16.9708,58.1879],[16.9631,58.1874],[16.9631,58.1888],[16.9708,58.1879]]],[[[16.8608,58.2301],[16.8692,58.2349],[16.8692,58.234],[16.8608,58.2301]]],[[[17.3953,58.7318],[17.3981,58.7274],[17.3947,58.7268],[17.3953,58.7318]]],[[[18.7731,59.6701],[18.7719,59.6662],[18.7681,59.6676],[18.7731,59.6701]]],[[[18.4158,59.2265],[18.4192,59.2232],[18.4158,59.2232],[18.4158,59.2265]]],[[[11.6281,57.7579],[11.6292,57.7549],[11.6242,57.7557],[11.6281,57.7579]]],[[[17.6992,58.7835],[17.7036,58.781],[17.7014,58.7801],[17.6992,58.7835]]],[[[11.8908,58.3432],[11.8919,58.3424],[11.8853,58.3407],[11.8908,58.3432]]],[[[17.6897,58.9146],[17.6947,58.9115],[17.6919,58.911],[17.6897,58.9146]]],[[[18.9981,59.3729],[18.9969,59.3693],[18.9942,59.3693],[18.9981,59.3729]]],[[[19.0147,59.3899],[19.0153,59.3851],[19.0136,59.3851],[19.0147,59.3899]]],[[[16.7208,57.7274],[16.7247,57.7257],[16.7186,57.7257],[16.7208,57.7274]]],[[[15.0775,56.1382],[15.0825,56.1379],[15.0814,56.1357],[15.0775,56.1382]]],[[[15.5747,56.1449],[15.5758,56.1421],[15.5725,56.1413],[15.5747,56.1449]]],[[[16.7431,58.3149],[16.7442,58.3132],[16.7392,58.3129],[16.7431,58.3149]]],[[[16.6703,57.8676],[16.6747,57.8651],[16.6719,57.8643],[16.6703,57.8676]]],[[[16.0658,56.3024],[16.0692,56.3018],[16.0619,56.2999],[16.0658,56.3024]]],[[[11.5386,57.9357],[11.5425,57.9354],[11.5397,57.9335],[11.5386,57.9357]]],[[[18.4536,59.0446],[18.4464,59.0424],[18.4469,59.0438],[18.4536,59.0446]]],[[[18.3575,59.1235],[18.3614,59.1232],[18.3592,59.1207],[18.3575,59.1235]]],[[[16.6669,57.6621],[16.6675,57.6604],[16.6619,57.6601],[16.6669,57.6621]]],[[[17.5042,58.6946],[17.5086,58.6921],[17.5042,58.691],[17.5042,58.6946]]],[[[18.8497,59.1865],[18.8414,59.1835],[18.8453,59.1851],[18.8497,59.1865]]],[[[18.8397,59.191],[18.8414,59.1871],[18.8397,59.1871],[18.8397,59.191]]],[[[18.9703,59.6624],[18.9714,59.6613],[18.9664,59.6593],[18.9703,59.6624]]],[[[18.8125,59.2315],[18.8153,59.2313],[18.8086,59.2282],[18.8125,59.2315]]],[[[15.4203,56.1104],[15.4203,56.106],[15.4181,56.1063],[15.4203,56.1104]]],[[[18.9153,59.3312],[18.9186,59.3279],[18.9158,59.3282],[18.9153,59.3312]]],[[[16.8481,57.844],[16.8492,57.8424],[16.8425,57.8435],[16.8481,57.844]]],[[[19.0658,59.7899],[19.0664,59.7882],[19.0603,59.7879],[19.0658,59.7899]]],[[[16.6019,57.9018],[16.6042,57.8979],[16.5992,57.8988],[16.6019,57.9018]]],[[[18.2619,59.3726],[18.2653,59.3701],[18.2625,59.3696],[18.2619,59.3726]]],[[[11.6703,57.9046],[11.6792,57.906],[11.6792,57.9049],[11.6703,57.9046]]],[[[11.5592,57.886],[11.5653,57.8851],[11.5647,57.8838],[11.5592,57.886]]],[[[16.8125,57.9293],[16.8153,57.9265],[16.8131,57.9257],[16.8125,57.9293]]],[[[18.9547,59.4629],[18.9564,59.461],[18.9519,59.4604],[18.9547,59.4629]]],[[[16.9736,58.5226],[16.9747,58.5213],[16.9708,58.5185],[16.9736,58.5226]]],[[[11.8997,57.5246],[11.9014,57.5224],[11.8981,57.5221],[11.8997,57.5246]]],[[[17.1897,58.5665],[17.1931,58.564],[17.1886,58.5635],[17.1897,58.5665]]],[[[18.8447,59.5293],[18.8458,59.5321],[18.8514,59.5329],[18.8447,59.5293]]],[[[17.0242,58.5829],[17.0319,58.5812],[17.0258,58.5807],[17.0242,58.5829]]],[[[11.9131,57.5588],[11.9147,57.5563],[11.9108,57.5554],[11.9131,57.5588]]],[[[11.9119,57.5612],[11.9108,57.5629],[11.9164,57.564],[11.9119,57.5612]]],[[[18.4869,59.1213],[18.4908,59.1207],[18.4881,59.1171],[18.4869,59.1213]]],[[[18.8597,59.1899],[18.8558,59.1907],[18.8575,59.1929],[18.8597,59.1899]]],[[[18.5625,59.2165],[18.5658,59.2137],[18.5619,59.2137],[18.5625,59.2165]]],[[[18.7236,59.2251],[18.7247,59.2221],[18.7214,59.221],[18.7236,59.2251]]],[[[11.8297,58.2696],[11.8353,58.269],[11.8319,58.2671],[11.8297,58.2696]]],[[[17.5781,58.7593],[17.5803,58.7574],[17.5792,58.756],[17.5781,58.7593]]],[[[17.8719,58.7732],[17.8769,58.7721],[17.8753,58.7701],[17.8719,58.7732]]],[[[17.5569,58.8162],[17.5575,58.8146],[17.5531,58.8132],[17.5569,58.8162]]],[[[11.5803,57.8226],[11.5803,57.8204],[11.5747,57.821],[11.5803,57.8226]]],[[[15.9164,56.1457],[15.9175,56.1437],[15.9119,56.1413],[15.9164,56.1457]]],[[[18.7264,59.369],[18.7292,59.3665],[18.7242,59.3665],[18.7264,59.369]]],[[[12.0414,57.3599],[12.0453,57.3582],[12.0436,57.3568],[12.0414,57.3599]]],[[[18.0986,58.8796],[18.1003,58.8776],[18.0964,58.8771],[18.0986,58.8796]]],[[[18.1675,58.901],[18.1686,58.8993],[18.1647,58.8974],[18.1675,58.901]]],[[[18.7647,59.4263],[18.7675,59.4243],[18.7625,59.4226],[18.7647,59.4263]]],[[[18.8053,59.4318],[18.8081,59.429],[18.8036,59.4296],[18.8053,59.4318]]],[[[21.2073,62.9995],[21.2013,62.9935],[21.1983,62.9947],[21.2073,62.9995]]],[[[18.5775,59.0576],[18.5797,59.0549],[18.5736,59.0546],[18.5775,59.0576]]],[[[18.3836,59.1101],[18.3764,59.1082],[18.3786,59.1093],[18.3836,59.1101]]],[[[18.5158,59.1771],[18.5192,59.1735],[18.5164,59.1732],[18.5158,59.1771]]],[[[17.2886,58.7101],[17.2897,58.7088],[17.2942,58.7093],[17.2942,58.7082],[17.2853,58.7082],[17.2886,58.7101]]],[[[17.0542,58.2274],[17.0464,58.2249],[17.0464,58.2254],[17.0542,58.2274]]],[[[18.8236,59.2429],[18.8175,59.2388],[18.8197,59.241],[18.8236,59.2429]]],[[[15.7819,56.0829],[15.7875,56.0812],[15.7831,56.0801],[15.7819,56.0829]]],[[[18.8969,59.3085],[18.8997,59.3065],[18.8958,59.3051],[18.8969,59.3085]]],[[[16.7358,58.3899],[16.7375,58.3876],[16.7331,58.3876],[16.7358,58.3899]]],[[[19.0297,59.379],[19.0247,59.3763],[19.0253,59.3799],[19.0297,59.379]]],[[[16.8208,57.9951],[16.8247,57.9924],[16.8169,57.9934],[16.8208,57.9951]]],[[[11.7008,57.9774],[11.7019,57.976],[11.6975,57.9743],[11.7008,57.9774]]],[[[11.8864,57.4354],[11.8875,57.4329],[11.8847,57.4318],[11.8864,57.4354]]],[[[16.6831,57.9893],[16.6847,57.9863],[16.6831,57.9876],[16.6831,57.9893]]],[[[16.4969,56.9038],[16.5008,56.9001],[16.4975,56.9018],[16.4969,56.9038]]],[[[17.0058,58.601],[17.0064,58.5985],[17.0014,58.5982],[17.0058,58.601]]],[[[18.5714,59.106],[18.5747,59.1057],[18.5681,59.1037],[18.5714,59.106]]],[[[11.5469,58.0707],[11.5525,58.0732],[11.5525,58.0724],[11.5469,58.0707]]],[[[11.8975,57.5554],[11.8953,57.5532],[11.8892,57.554],[11.8975,57.5554]]],[[[16.7553,57.551],[16.7586,57.5501],[16.7575,57.5479],[16.7553,57.551]]],[[[16.7458,57.5843],[16.7464,57.5812],[16.7431,57.581],[16.7458,57.5843]]],[[[16.8881,58.1738],[16.8908,58.1693],[16.8886,58.1696],[16.8881,58.1738]]],[[[18.7286,59.151],[18.7314,59.151],[18.7314,59.1482],[18.7286,59.151]]],[[[18.7436,59.1787],[18.7458,59.1785],[18.7414,59.176],[18.7436,59.1787]]],[[[17.8964,58.794],[17.9003,58.791],[17.8969,58.7907],[17.8964,58.794]]],[[[17.5203,58.8393],[17.5236,58.8363],[17.5208,58.836],[17.5203,58.8393]]],[[[18.8142,59.3596],[18.8175,59.3579],[18.8136,59.3568],[18.8142,59.3596]]],[[[18.1997,58.8635],[18.2019,58.8618],[18.1958,58.8607],[18.1997,58.8635]]],[[[12.0775,57.4018],[12.0775,57.3993],[12.0753,57.3985],[12.0775,57.4018]]],[[[18.7614,59.551],[18.7647,59.5476],[18.7603,59.5476],[18.7614,59.551]]],[[[11.4975,57.9976],[11.5025,58.0001],[11.5025,57.999],[11.4975,57.9976]]],[[[18.4592,59.1401],[18.4597,59.1393],[18.4514,59.1382],[18.4592,59.1401]]],[[[18.8114,59.1621],[18.8119,59.161],[18.8075,59.1593],[18.8114,59.1621]]],[[[18.4169,59.2001],[18.4175,59.1968],[18.4158,59.1968],[18.4169,59.2001]]],[[[18.6514,59.2379],[18.6558,59.2371],[18.6536,59.2343],[18.6514,59.2379]]],[[[16.5592,57.1329],[16.5631,57.1321],[16.5614,57.1299],[16.5592,57.1329]]],[[[17.8747,58.8218],[17.8775,58.8165],[17.8747,58.8171],[17.8747,58.8218]]],[[[16.3131,56.6482],[16.3175,56.6474],[16.3147,56.6454],[16.3131,56.6482]]],[[[16.4008,56.7604],[16.3919,56.7607],[16.3997,56.7629],[16.4008,56.7604]]],[[[16.8053,57.9243],[16.8092,57.9204],[16.8053,57.9212],[16.8053,57.9243]]],[[[18.5614,58.959],[18.5647,58.9579],[18.5608,58.9562],[18.5614,58.959]]],[[[16.7681,58.4076],[16.7692,58.4063],[16.7647,58.4054],[16.7681,58.4076]]],[[[18.4614,58.969],[18.4569,58.9699],[18.4586,58.9718],[18.4614,58.969]]],[[[18.9719,59.5296],[18.9647,59.526],[18.9653,59.5274],[18.9719,59.5296]]],[[[16.4547,56.8099],[16.4569,56.809],[16.4553,56.8063],[16.4547,56.8099]]],[[[11.6664,57.9582],[11.6669,57.9571],[11.6619,57.9562],[11.6664,57.9582]]],[[[17.0197,58.5801],[17.0253,58.5774],[17.0192,58.5779],[17.0197,58.5801]]],[[[16.8581,58.5893],[16.8603,58.589],[16.8564,58.5865],[16.8581,58.5893]]],[[[17.2097,58.6613],[17.2108,58.659],[17.2075,58.6585],[17.2097,58.6613]]],[[[18.6369,59.2293],[18.6436,59.2313],[18.6408,59.2287],[18.6369,59.2293]]],[[[16.5547,57.8213],[16.5569,57.8193],[16.5536,57.8193],[16.5547,57.8213]]],[[[17.5903,58.7637],[17.5942,58.761],[17.5919,58.761],[17.5903,58.7637]]],[[[16.6053,57.6924],[16.6064,57.6896],[16.5997,57.6915],[16.6053,57.6924]]],[[[17.0119,58.2949],[17.0053,58.2921],[17.0075,58.2935],[17.0119,58.2949]]],[[[11.6714,57.7143],[11.6703,57.7171],[11.6753,57.7171],[11.6714,57.7143]]],[[[18.4469,59.3465],[18.4531,59.3429],[18.4508,59.3429],[18.4469,59.3465]]],[[[11.7753,58.324],[11.7758,58.3207],[11.7736,58.321],[11.7753,58.324]]],[[[18.7619,59.3963],[18.7625,59.3954],[18.7558,59.394],[18.7619,59.3963]]],[[[16.7331,57.8126],[16.7353,57.8101],[16.7319,57.8096],[16.7331,57.8126]]],[[[16.7931,58.3693],[16.7953,58.3679],[16.7908,58.3668],[16.7931,58.3693]]],[[[16.6386,57.8607],[16.6392,57.856],[16.6358,57.8576],[16.6386,57.8607]]],[[[18.6242,59.4574],[18.6258,59.456],[18.6208,59.4551],[18.6242,59.4574]]],[[[16.7642,58.4182],[16.7697,58.4179],[16.7658,58.416],[16.7642,58.4182]]],[[[18.8386,59.5282],[18.8425,59.5279],[18.8408,59.5254],[18.8386,59.5282]]],[[[16.5964,57.8857],[16.5997,57.8821],[16.5958,57.8824],[16.5964,57.8857]]],[[[11.7864,58.0032],[11.7875,58.0024],[11.7803,58.001],[11.7864,58.0032]]],[[[16.8219,58.5788],[16.8231,58.5762],[16.8203,58.5754],[16.8219,58.5788]]],[[[18.3997,59.1221],[18.4003,59.121],[18.3936,59.1201],[18.3997,59.1221]]],[[[11.9031,57.516],[11.9031,57.5137],[11.9014,57.5137],[11.9031,57.516]]],[[[18.8214,59.2088],[18.8219,59.2074],[18.8169,59.2054],[18.8214,59.2088]]],[[[19.0664,59.701],[19.0714,59.7007],[19.0708,59.699],[19.0664,59.701]]],[[[16.4675,56.9726],[16.4697,56.9712],[16.4669,56.9707],[16.4675,56.9726]]],[[[18.8281,59.239],[18.8236,59.2399],[18.8247,59.2421],[18.8281,59.239]]],[[[18.7919,59.2299],[18.7881,59.2304],[18.7892,59.2324],[18.7919,59.2299]]],[[[16.7647,57.6604],[16.7708,57.6574],[16.7647,57.6574],[16.7647,57.6604]]],[[[33.4325,45.8345],[33.4435,45.8377],[33.4393,45.8351],[33.4325,45.8345]]],[[[16.7981,58.6235],[16.7914,58.6232],[16.7914,58.6243],[16.7981,58.6235]]],[[[16.8325,58.2418],[16.8369,58.2415],[16.8308,58.2396],[16.8325,58.2418]]],[[[17.0103,58.3065],[17.0125,58.3043],[17.0075,58.3037],[17.0103,58.3065]]],[[[18.4347,59.3468],[18.4364,59.3449],[18.4347,59.3438],[18.4347,59.3468]]],[[[18.3675,59.379],[18.3686,59.3776],[18.3614,59.3787],[18.3675,59.379]]],[[[16.7408,58.3415],[16.7414,58.3404],[16.7447,58.341],[16.7453,58.3393],[16.7414,58.3382],[16.7408,58.3415]]],[[[17.5197,58.836],[17.5214,58.8346],[17.5175,58.8332],[17.5197,58.836]]],[[[18.1292,58.9035],[18.1308,58.9015],[18.1253,58.9001],[18.1292,58.9035]]],[[[18.3369,58.9499],[18.3375,58.9487],[18.3319,58.9476],[18.3369,58.9499]]],[[[16.9892,58.4454],[16.9914,58.4435],[16.9869,58.4412],[16.9892,58.4454]]],[[[16.5925,57.906],[16.5964,57.9029],[16.5936,57.9029],[16.5925,57.906]]],[[[18.6625,59.4938],[18.6653,59.4924],[18.6603,59.4915],[18.6625,59.4938]]],[[[15.4003,56.1315],[15.4036,56.1307],[15.4031,56.1285],[15.4003,56.1315]]],[[[14.9831,56.1613],[14.9842,56.1593],[14.9781,56.1596],[14.9831,56.1613]]],[[[18.7869,59.6624],[18.7875,59.6599],[18.7836,59.659],[18.7869,59.6624]]],[[[18.4675,59.1918],[18.4708,59.1901],[18.4708,59.1885],[18.4675,59.1918]]],[[[18.5103,59.1696],[18.5136,59.1682],[18.5058,59.1676],[18.5103,59.1696]]],[[[18.7319,59.1668],[18.7347,59.166],[18.7319,59.1632],[18.7319,59.1668]]],[[[16.6375,57.5893],[16.6392,57.5863],[16.6342,57.5874],[16.6375,57.5893]]],[[[11.7219,57.6365],[11.7253,57.636],[11.7231,57.634],[11.7219,57.6365]]],[[[18.8269,59.4051],[18.8269,59.4029],[18.8236,59.4032],[18.8269,59.4051]]],[[[18.1097,59.4132],[18.1108,59.4101],[18.1069,59.411],[18.1097,59.4132]]],[[[16.8386,58.3557],[16.8397,58.3507],[16.8364,58.3529],[16.8386,58.3557]]],[[[16.9214,58.4118],[16.9258,58.4115],[16.9208,58.4099],[16.9214,58.4118]]],[[[11.6264,57.8382],[11.6269,57.8357],[11.6242,57.8351],[11.6264,57.8382]]],[[[49.2203,46.3585],[49.2213,46.3533],[49.2195,46.3543],[49.2203,46.3585]]],[[[12.1175,57.2907],[12.1181,57.289],[12.1125,57.289],[12.1175,57.2907]]],[[[18.4319,58.9593],[18.4381,58.9588],[18.4353,58.9571],[18.4319,58.9593]]],[[[18.6225,59.5571],[18.6258,59.5565],[18.6264,59.5543],[18.6225,59.5571]]],[[[11.7258,57.934],[11.7275,57.9326],[11.7236,57.931],[11.7258,57.934]]],[[[14.9753,56.1387],[14.9742,56.1365],[14.9697,56.1368],[14.9753,56.1387]]],[[[16.4003,58.5901],[16.4042,58.5893],[16.4008,58.5871],[16.4003,58.5901]]],[[[18.9736,59.6996],[18.9742,59.6982],[18.9708,59.6968],[18.9736,59.6996]]],[[[16.2914,58.6382],[16.2931,58.6371],[16.2897,58.6362],[16.2914,58.6382]]],[[[15.8008,56.0974],[15.8031,56.0974],[15.8025,56.0943],[15.8008,56.0974]]],[[[18.9097,59.2313],[18.9125,59.2301],[18.9075,59.229],[18.9097,59.2313]]],[[[17.2581,58.719],[17.2603,58.7165],[17.2558,58.7168],[17.2581,58.719]]],[[[18.9403,59.7824],[18.9425,59.7807],[18.9375,59.7796],[18.9403,59.7824]]],[[[16.7114,57.6251],[16.7181,57.6265],[16.7181,57.6249],[16.7114,57.6251]]],[[[18.9247,59.3385],[18.9275,59.3363],[18.9225,59.336],[18.9247,59.3385]]],[[[16.6969,57.6826],[16.6997,57.6804],[16.6953,57.6801],[16.6969,57.6826]]],[[[16.8603,58.2351],[16.8631,58.234],[16.8569,58.2332],[16.8603,58.2351]]],[[[18.9858,59.3982],[18.9864,59.3971],[18.9808,59.3957],[18.9858,59.3982]]],[[[19.0736,59.5876],[19.0692,59.5882],[19.0703,59.5896],[19.0736,59.5876]]],[[[18.3758,59.4263],[18.3808,59.426],[18.3797,59.4243],[18.3758,59.4263]]],[[[16.9803,58.3257],[16.9819,58.3232],[16.9786,58.3221],[16.9803,58.3257]]],[[[16.9319,58.3574],[16.9353,58.354],[16.9331,58.3537],[16.9319,58.3574]]],[[[17.5447,58.8896],[17.5464,58.8871],[17.5431,58.8865],[17.5447,58.8896]]],[[[16.8103,57.8396],[16.8114,57.8382],[16.8081,57.8371],[16.8103,57.8396]]],[[[18.8075,59.4888],[18.8097,59.4871],[18.8047,59.486],[18.8075,59.4888]]],[[[16.7969,58.426],[16.7986,58.4249],[16.7953,58.4232],[16.7969,58.426]]],[[[16.9669,58.4499],[16.9692,58.446],[16.9658,58.446],[16.9669,58.4499]]],[[[16.6831,57.8732],[16.6869,57.871],[16.6836,57.8704],[16.6831,57.8732]]],[[[14.5386,56.0363],[14.5392,56.034],[14.5358,56.0332],[14.5386,56.0363]]],[[[18.5108,59.0638],[18.5075,59.0632],[18.5081,59.0665],[18.5108,59.0638]]],[[[18.6625,59.0399],[18.6636,59.0363],[18.6619,59.0357],[18.6625,59.0399]]],[[[18.1703,59.0693],[18.1764,59.0713],[18.1758,59.0699],[18.1703,59.0693]]],[[[18.4636,59.0529],[18.4586,59.0529],[18.4608,59.0537],[18.4636,59.0529]]],[[[16.5586,57.9585],[16.5597,57.9568],[16.5553,57.9554],[16.5586,57.9585]]],[[[15.4419,56.1349],[15.4431,56.1324],[15.4414,56.1315],[15.4419,56.1349]]],[[[16.8353,58.579],[16.8364,58.5776],[16.8314,58.5774],[16.8353,58.579]]],[[[16.6636,57.5301],[16.6697,57.5301],[16.6681,57.5285],[16.6636,57.5301]]],[[[18.8247,59.7762],[18.8308,59.776],[18.8275,59.7743],[18.8247,59.7762]]],[[[17.1525,58.7149],[17.1592,58.7143],[17.1614,58.7129],[17.1525,58.7149]]],[[[16.9858,58.2654],[16.9875,58.2637],[16.9842,58.2624],[16.9858,58.2654]]],[[[17.5503,58.839],[17.5514,58.8376],[17.5475,58.8368],[17.5503,58.839]]],[[[16.7825,57.7001],[16.7831,57.6985],[16.7775,57.6982],[16.7825,57.7001]]],[[[19.0058,59.4299],[19.0064,59.4282],[19.0014,59.4271],[19.0058,59.4299]]],[[[18.9681,59.4824],[18.9703,59.4799],[18.9658,59.4799],[18.9681,59.4824]]],[[[18.8186,59.5176],[18.8225,59.5165],[18.8192,59.5151],[18.8186,59.5176]]],[[[11.7119,57.814],[11.7131,57.8135],[11.7053,57.8135],[11.7119,57.814]]],[[[16.9653,58.4082],[16.9658,58.406],[16.9603,58.406],[16.9653,58.4082]]],[[[18.1553,59.0037],[18.1575,59.0018],[18.1542,59.001],[18.1553,59.0037]]],[[[11.6292,57.9099],[11.6286,57.9107],[11.6358,57.9118],[11.6292,57.9099]]],[[[18.8514,59.5799],[18.8542,59.5774],[18.8508,59.5774],[18.8514,59.5799]]],[[[18.7814,59.6579],[18.7831,59.6568],[18.7764,59.6557],[18.7814,59.6579]]],[[[11.7036,57.9804],[11.7058,57.979],[11.7003,57.9785],[11.7036,57.9804]]],[[[15.1136,56.1465],[15.1147,56.1426],[15.1119,56.1424],[15.1136,56.1465]]],[[[18.6692,59.1993],[18.6714,59.2015],[18.6758,59.2024],[18.6692,59.1993]]],[[[15.4136,56.1749],[15.4147,56.1712],[15.4119,56.1707],[15.4136,56.1749]]],[[[16.6581,57.5718],[16.6636,57.574],[16.6636,57.5724],[16.6581,57.5718]]],[[[18.6425,59.3485],[18.6425,59.346],[18.6397,59.3462],[18.6425,59.3485]]],[[[16.6919,57.6215],[16.6942,57.6213],[16.6875,57.6196],[16.6919,57.6215]]],[[[19.0953,59.8807],[19.0969,59.8774],[19.0953,59.8774],[19.0953,59.8807]]],[[[16.0992,56.4165],[16.1025,56.416],[16.0997,56.4132],[16.0992,56.4165]]],[[[18.6675,59.5652],[18.6686,59.564],[18.6614,59.5643],[18.6675,59.5652]]],[[[18.4464,59.4568],[18.4475,59.4543],[18.4447,59.4535],[18.4464,59.4568]]],[[[18.3992,58.9146],[18.4014,58.9124],[18.3975,58.9118],[18.3992,58.9146]]],[[[17.0264,58.3126],[17.0253,58.3104],[17.0225,58.3088],[17.0197,58.3085],[17.0264,58.3126]]],[[[11.7736,57.7582],[11.7703,57.7562],[11.7653,57.7568],[11.7736,57.7582]]],[[[16.7103,57.8271],[16.7119,57.8249],[16.7092,57.8246],[16.7103,57.8271]]],[[[17.7308,59.0482],[17.7319,59.0457],[17.7281,59.046],[17.7308,59.0482]]],[[[18.1964,59.0537],[18.1992,59.0521],[18.1947,59.0518],[18.1964,59.0537]]],[[[16.8331,57.9621],[16.8381,57.9618],[16.8336,57.9601],[16.8331,57.9621]]],[[[11.9753,57.3554],[11.9764,57.3535],[11.9736,57.3526],[11.9753,57.3554]]],[[[18.7853,59.1329],[18.7925,59.1321],[18.7908,59.1312],[18.7853,59.1329]]],[[[16.6614,58.6279],[16.6708,58.6279],[16.6681,58.6268],[16.6614,58.6279]]],[[[16.3997,56.7696],[16.3931,56.7665],[16.3958,56.7693],[16.3997,56.7696]]],[[[16.8436,58.0076],[16.8442,58.0065],[16.8381,58.0057],[16.8436,58.0076]]],[[[18.4736,59.1918],[18.4764,59.1888],[18.4742,59.1882],[18.4736,59.1918]]],[[[17.1464,58.6613],[17.1503,58.6596],[17.1475,58.6576],[17.1464,58.6613]]],[[[16.5864,57.1016],[16.5875,57.1004],[16.5831,57.0996],[16.5864,57.1016]]],[[[15.7158,56.1704],[15.7164,56.1682],[15.7136,56.1674],[15.7158,56.1704]]],[[[16.4886,56.864],[16.4919,56.8618],[16.4869,56.8604],[16.4886,56.864]]],[[[17.1331,58.7088],[17.1353,58.7068],[17.1336,58.7062],[17.1331,58.7088]]],[[[16.6603,57.5521],[16.6636,57.5499],[16.6614,57.549],[16.6603,57.5521]]],[[[17.5308,58.7487],[17.5336,58.7468],[17.5308,58.7463],[17.5308,58.7487]]],[[[16.9753,58.2051],[16.9775,58.2032],[16.9719,58.2029],[16.9753,58.2051]]],[[[16.7336,57.671],[16.7403,57.6699],[16.7353,57.669],[16.7336,57.671]]],[[[18.5936,59.4062],[18.5953,59.4049],[18.5919,59.404],[18.5936,59.4062]]],[[[16.4769,56.9971],[16.4825,56.9965],[16.4792,56.9949],[16.4769,56.9971]]],[[[11.6064,57.6912],[11.6086,57.6885],[11.6042,57.6888],[11.6064,57.6912]]],[[[18.6669,59.496],[18.6697,59.494],[18.6669,59.4935],[18.6669,59.496]]],[[[16.7075,57.7682],[16.7075,57.766],[16.7036,57.7668],[16.7075,57.7682]]],[[[16.5481,57.8854],[16.5497,57.8832],[16.5447,57.8826],[16.5481,57.8854]]],[[[16.8108,57.8421],[16.8125,57.8404],[16.8086,57.8401],[16.8108,57.8421]]],[[[16.2797,56.6171],[16.2825,56.6168],[16.2786,56.6154],[16.2797,56.6171]]],[[[17.0075,58.5065],[17.0047,58.5035],[17.0031,58.5051],[17.0075,58.5065]]],[[[16.7586,58.0054],[16.7653,58.0049],[16.7642,58.0037],[16.7586,58.0054]]],[[[15.9147,56.1332],[15.9125,56.1351],[15.9164,56.1362],[15.9147,56.1332]]],[[[15.4464,56.1326],[15.4497,56.1343],[15.4497,56.1315],[15.4464,56.1326]]],[[[18.9892,59.3574],[18.9897,59.3557],[18.9858,59.3549],[18.9892,59.3574]]],[[[16.7431,57.5951],[16.7442,57.5938],[16.7386,57.5921],[16.7431,57.5951]]],[[[16.8114,58.241],[16.8169,58.2404],[16.8158,58.2393],[16.8114,58.241]]],[[[18.0181,58.8574],[18.0186,58.8551],[18.0164,58.8549],[18.0181,58.8574]]],[[[16.9469,58.2715],[16.9481,58.2696],[16.9447,58.2687],[16.9469,58.2715]]],[[[18.8408,59.4618],[18.8436,59.4604],[18.8375,59.4593],[18.8408,59.4618]]],[[[16.5447,57.0718],[16.5508,57.0704],[16.5475,57.0693],[16.5447,57.0718]]],[[[16.7331,57.7226],[16.7375,57.7207],[16.7364,57.7196],[16.7331,57.7226]]],[[[18.0208,58.914],[18.0214,58.9121],[18.0181,58.9104],[18.0208,58.914]]],[[[16.7247,57.724],[16.7253,57.7226],[16.7214,57.721],[16.7247,57.724]]],[[[18.1986,58.9982],[18.2014,58.9976],[18.1997,58.9951],[18.1986,58.9982]]],[[[18.7219,59.5951],[18.7242,59.5949],[18.7192,59.5918],[18.7219,59.5951]]],[[[18.8514,59.5746],[18.8536,59.5721],[18.8514,59.5718],[18.8514,59.5746]]],[[[16.5664,57.8171],[16.5681,57.8143],[16.5653,57.8138],[16.5664,57.8171]]],[[[16.7014,57.8354],[16.7036,57.8329],[16.7003,57.8332],[16.7014,57.8354]]],[[[11.6153,57.8524],[11.6203,57.8521],[11.6208,57.851],[11.6153,57.8524]]],[[[11.5008,57.926],[11.4997,57.9276],[11.5053,57.9282],[11.5008,57.926]]],[[[18.5264,59.1024],[18.5331,59.1054],[18.5303,59.1024],[18.5264,59.1024]]],[[[11.5347,57.9826],[11.5364,57.9813],[11.5303,57.981],[11.5347,57.9826]]],[[[16.8814,58.5968],[16.8831,58.596],[16.8764,58.5946],[16.8814,58.5968]]],[[[16.8775,58.6076],[16.8775,58.6065],[16.8731,58.6063],[16.8775,58.6076]]],[[[18.3353,59.2129],[18.3386,59.2115],[18.3358,59.2104],[18.3353,59.2129]]],[[[15.9631,56.1874],[15.9675,56.1846],[15.9652,56.1843],[15.9631,56.1874]]],[[[11.9214,57.4057],[11.9164,57.406],[11.9214,57.4082],[11.9214,57.4057]]],[[[17.2142,58.6843],[17.2153,58.6829],[17.2125,58.6818],[17.2142,58.6843]]],[[[17.3986,58.7601],[17.4003,58.7571],[17.3986,58.7562],[17.3986,58.7601]]],[[[18.9753,59.3796],[18.9758,59.3785],[18.9719,59.3765],[18.9753,59.3796]]],[[[18.8953,59.3924],[18.8969,59.3899],[18.8908,59.3904],[18.8953,59.3924]]],[[[17.6792,58.8349],[17.6803,58.8335],[17.6769,58.8329],[17.6792,58.8349]]],[[[18.3686,59.4279],[18.3697,59.426],[18.3642,59.4265],[18.3686,59.4279]]],[[[18.3797,59.4235],[18.3869,59.4229],[18.3842,59.4218],[18.3797,59.4235]]],[[[18.5008,59.4313],[18.5042,59.4307],[18.5097,59.4279],[18.5008,59.4313]]],[[[18.3414,59.4224],[18.3431,59.4196],[18.3419,59.4196],[18.3414,59.4224]]],[[[17.0686,58.2599],[17.0581,58.2574],[17.0592,58.2582],[17.0686,58.2599]]],[[[18.5642,59.541],[18.5647,59.5387],[18.5603,59.5385],[18.5642,59.541]]],[[[11.6297,57.7315],[11.6308,57.7296],[11.6275,57.7287],[11.6297,57.7315]]],[[[18.1353,58.9632],[18.1364,58.9618],[18.1319,58.961],[18.1353,58.9632]]],[[[18.7036,59.5449],[18.7014,59.5465],[18.7086,59.5468],[18.7036,59.5449]]],[[[18.7919,59.5899],[18.7931,59.589],[18.7881,59.5876],[18.7919,59.5899]]],[[[12.5542,56.4293],[12.5547,56.4268],[12.5531,56.4268],[12.5542,56.4293]]],[[[11.5808,57.736],[11.5792,57.7374],[11.5847,57.7379],[11.5808,57.736]]],[[[18.9247,59.5774],[18.9286,59.5771],[18.9264,59.5757],[18.9247,59.5774]]],[[[12.1847,57.1332],[12.1869,57.1329],[12.1842,57.1296],[12.1847,57.1332]]],[[[18.5797,59.0651],[18.5808,59.0626],[18.5758,59.0626],[18.5797,59.0651]]],[[[18.1592,59.0621],[18.1619,59.061],[18.1553,59.0601],[18.1592,59.0621]]],[[[16.4692,57.1949],[16.4731,57.1932],[16.4703,57.1918],[16.4692,57.1949]]],[[[16.5281,57.894],[16.5308,57.8935],[16.5297,57.891],[16.5281,57.894]]],[[[16.2558,56.6074],[16.2519,56.6074],[16.2575,56.6096],[16.2558,56.6074]]],[[[12.0675,57.366],[12.0669,57.3679],[12.0708,57.3688],[12.0675,57.366]]],[[[18.5925,59.2404],[18.5942,59.239],[18.5886,59.2388],[18.5925,59.2404]]],[[[16.3781,56.7093],[16.3742,56.7104],[16.3803,56.7121],[16.3781,56.7093]]],[[[12.0775,57.3971],[12.0769,57.3932],[12.0742,57.3943],[12.0775,57.3971]]],[[[12.0681,57.3988],[12.0731,57.3982],[12.0703,57.3963],[12.0681,57.3988]]],[[[17.4908,58.7204],[17.4947,58.7196],[17.4942,58.7179],[17.4908,58.7204]]],[[[16.6808,57.5318],[16.6808,57.5307],[16.6753,57.5312],[16.6808,57.5318]]],[[[15.2542,56.1512],[15.2536,56.1538],[15.2569,56.1546],[15.2542,56.1512]]],[[[18.6342,59.4465],[18.6347,59.4454],[18.6281,59.4443],[18.6342,59.4465]]],[[[16.7397,57.6085],[16.7375,57.6096],[16.7431,57.611],[16.7397,57.6085]]],[[[17.6381,58.8635],[17.6392,58.8624],[17.6325,58.861],[17.6381,58.8635]]],[[[18.0853,58.8832],[18.0892,58.8824],[18.0875,58.8804],[18.0853,58.8832]]],[[[16.7386,58.3418],[16.7325,58.3421],[16.7325,58.3426],[16.7386,58.3418]]],[[[18.3881,58.9721],[18.3925,58.969],[18.3892,58.9704],[18.3881,58.9721]]],[[[11.6069,57.7954],[11.6058,57.7976],[11.6097,57.7985],[11.6069,57.7954]]],[[[16.9925,58.4837],[16.9931,58.4829],[16.9892,58.4801],[16.9925,58.4837]]],[[[19.0781,59.7271],[19.0786,59.7257],[19.0725,59.7249],[19.0781,59.7271]]],[[[16.8447,58.581],[16.8458,58.5788],[16.8425,58.5785],[16.8447,58.581]]],[[[18.6781,59.2104],[18.6836,59.2126],[18.6836,59.2121],[18.6781,59.2104]]],[[[18.7892,59.2537],[18.7914,59.2515],[18.7886,59.251],[18.7892,59.2537]]],[[[16.8136,58.0671],[16.8186,58.0649],[16.8153,58.0646],[16.8136,58.0671]]],[[[19.0297,59.8968],[19.0331,59.8954],[19.0275,59.8946],[19.0297,59.8968]]],[[[16.9592,58.1915],[16.9608,58.1893],[16.9586,58.1882],[16.9592,58.1915]]],[[[14.9303,56.1488],[14.9336,56.1468],[14.9281,56.1471],[14.9303,56.1488]]],[[[16.5614,57.6074],[16.5614,57.6057],[16.5575,57.6063],[16.5614,57.6074]]],[[[18.8597,59.5185],[18.8608,59.5174],[18.8536,59.5179],[18.8597,59.5185]]],[[[16.6853,57.6243],[16.6858,57.6232],[16.6814,57.6213],[16.6853,57.6243]]],[[[16.4803,56.9904],[16.4808,56.9879],[16.4753,56.9896],[16.4803,56.9904]]],[[[16.5825,57.0368],[16.5781,57.0368],[16.5781,57.0379],[16.5825,57.0368]]],[[[18.8175,59.6213],[18.8192,59.6188],[18.8169,59.6185],[18.8175,59.6213]]],[[[18.0747,59.0085],[18.0719,59.0096],[18.0769,59.011],[18.0747,59.0085]]],[[[16.7758,58.4201],[16.7764,58.419],[16.7714,58.4176],[16.7758,58.4201]]],[[[18.7142,59.6449],[18.7147,59.6435],[18.7108,59.6429],[18.7142,59.6449]]],[[[12.1158,57.1918],[12.1158,57.1921],[12.1236,57.1935],[12.1158,57.1918]]],[[[11.6853,57.9035],[11.6914,57.9049],[11.6908,57.9035],[11.6853,57.9035]]],[[[17.0103,58.549],[17.0064,58.5493],[17.0081,58.5513],[17.0103,58.549]]],[[[16.8875,58.559],[16.8908,58.5579],[16.8914,58.5563],[16.8875,58.559]]],[[[16.3786,56.7635],[16.3819,56.7632],[16.3781,56.7607],[16.3786,56.7635]]],[[[12.0753,57.3924],[12.0769,57.3893],[12.0736,57.389],[12.0753,57.3924]]],[[[17.1886,58.721],[17.1886,58.7199],[17.1853,58.7182],[17.1886,58.721]]],[[[18.9786,59.3635],[18.9786,59.3657],[18.9831,59.3657],[18.9786,59.3635]]],[[[18.6219,59.4282],[18.6186,59.4274],[18.6181,59.4299],[18.6219,59.4282]]],[[[17.6664,58.7951],[17.6692,58.7918],[17.6658,58.7924],[17.6664,58.7951]]],[[[17.5719,58.7899],[17.5753,58.7893],[17.5742,58.7874],[17.5719,58.7899]]],[[[15.1992,56.1421],[15.2031,56.1432],[15.2025,56.141],[15.1992,56.1421]]],[[[16.9386,58.1743],[16.9436,58.176],[16.9436,58.1746],[16.9386,58.1743]]],[[[18.4392,59.4643],[18.4442,59.464],[18.4431,59.4624],[18.4392,59.4643]]],[[[16.7347,57.5879],[16.7358,57.5849],[16.7319,57.586],[16.7347,57.5879]]],[[[16.4325,56.8254],[16.4353,56.8246],[16.4286,56.8235],[16.4325,56.8254]]],[[[18.0875,58.9376],[18.0831,58.9396],[18.0869,58.9407],[18.0875,58.9376]]],[[[11.8286,57.6765],[11.8292,57.6751],[11.8247,57.6754],[11.8286,57.6765]]],[[[16.7492,57.6574],[16.7508,57.6563],[16.7447,57.6551],[16.7492,57.6574]]],[[[17.0503,58.3432],[17.0508,58.3413],[17.0469,58.3404],[17.0503,58.3432]]],[[[16.7208,57.6496],[16.7247,57.6463],[16.7214,57.6465],[16.7208,57.6496]]],[[[16.8669,58.389],[16.8653,58.3868],[16.8614,58.3871],[16.8669,58.389]]],[[[18.7969,59.6668],[18.7992,59.6654],[18.7953,59.6643],[18.7969,59.6668]]],[[[18.7481,59.6324],[18.7531,59.6332],[18.7525,59.6318],[18.7481,59.6324]]],[[[18.9169,59.2332],[18.9197,59.2318],[18.9136,59.231],[18.9169,59.2332]]],[[[16.8286,57.9637],[16.8308,57.9626],[16.8281,57.9618],[16.8286,57.9637]]],[[[17.1758,58.6379],[17.1781,58.634],[17.1758,58.6343],[17.1758,58.6379]]],[[[18.4031,59.2515],[18.4053,59.249],[18.4019,59.249],[18.4031,59.2515]]],[[[12.1153,57.3162],[12.1158,57.3151],[12.1103,57.314],[12.1153,57.3162]]],[[[17.4947,58.6857],[17.4953,58.6843],[17.4914,58.6829],[17.4947,58.6857]]],[[[18.3214,59.3582],[18.3214,59.3557],[18.3192,59.3554],[18.3214,59.3582]]],[[[16.7025,57.4682],[16.7047,57.4679],[16.6969,57.4663],[16.7025,57.4682]]],[[[17.5836,58.8363],[17.5858,58.834],[17.5825,58.8338],[17.5836,58.8363]]],[[[18.7136,59.5249],[18.7147,59.5232],[18.7114,59.5224],[18.7136,59.5249]]],[[[18.0786,58.9657],[18.0781,58.964],[18.0742,58.9651],[18.0786,58.9657]]],[[[18.5181,58.9615],[18.5208,58.9599],[18.5192,58.9596],[18.5181,58.9615]]],[[[18.4925,58.9757],[18.4942,58.9721],[18.4919,58.9724],[18.4925,58.9757]]],[[[18.8669,59.5762],[18.8719,59.576],[18.8708,59.574],[18.8669,59.5762]]],[[[18.4358,59.0354],[18.4364,59.034],[18.4319,59.0324],[18.4358,59.0354]]],[[[18.9269,59.6749],[18.9214,59.6768],[18.9219,59.6779],[18.9269,59.6749]]],[[[16.1686,56.4868],[16.1669,56.4826],[16.1658,56.4826],[16.1686,56.4868]]],[[[16.5142,57.9729],[16.5142,57.9701],[16.5119,57.9704],[16.5142,57.9729]]],[[[18.6625,59.2651],[18.6647,59.2649],[18.6603,59.2615],[18.6625,59.2651]]],[[[16.7842,58.0215],[16.7903,58.0213],[16.7875,58.0199],[16.7842,58.0215]]],[[[12.0719,57.3835],[12.0719,57.3801],[12.0703,57.3804],[12.0719,57.3835]]],[[[18.9619,59.3651],[18.9642,59.364],[18.9625,59.3618],[18.9608,59.3615],[18.9619,59.3651]]],[[[18.8481,59.4349],[18.8514,59.4343],[18.8492,59.4324],[18.8481,59.4349]]],[[[11.9081,57.4721],[11.9136,57.471],[11.9136,57.4704],[11.9081,57.4721]]],[[[18.6753,59.4326],[18.6775,59.4324],[18.6753,59.431],[18.6753,59.4326]]],[[[17.6225,58.8682],[17.6242,58.8668],[17.6186,58.8668],[17.6225,58.8682]]],[[[15.6392,56.1549],[15.6431,56.1524],[15.6392,56.1526],[15.6392,56.1549]]],[[[15.6175,56.1674],[15.6164,56.1662],[15.6136,56.1676],[15.6175,56.1674]]],[[[18.5975,59.0035],[18.5981,59.0024],[18.5919,59.0013],[18.5975,59.0035]]],[[[16.3936,58.614],[16.3997,58.6124],[16.3931,58.6124],[16.3936,58.614]]],[[[18.4508,59.1274],[18.4542,59.1254],[18.4508,59.1251],[18.4508,59.1274]]],[[[11.6508,57.8318],[11.6569,57.8329],[11.6569,57.8321],[11.6508,57.8318]]],[[[18.9242,59.9032],[18.9247,59.9015],[18.9214,59.9007],[18.9242,59.9032]]],[[[18.7264,59.2149],[18.7297,59.2115],[18.7264,59.2113],[18.7264,59.2149]]],[[[18.7758,59.2285],[18.7786,59.2268],[18.7758,59.2262],[18.7758,59.2285]]],[[[12.1419,57.1921],[12.1469,57.1912],[12.1464,57.1904],[12.1419,57.1921]]],[[[18.8742,59.2971],[18.8758,59.2954],[18.8719,59.2951],[18.8742,59.2971]]],[[[17.4486,58.7004],[17.4508,58.6999],[17.4503,58.6974],[17.4486,58.7004]]],[[[17.3436,58.7385],[17.3447,58.7368],[17.3431,58.736],[17.3436,58.7385]]],[[[18.8297,59.4918],[18.8342,59.4912],[18.8336,59.4893],[18.8297,59.4918]]],[[[16.6553,57.5343],[16.6608,57.531],[16.6569,57.5315],[16.6553,57.5343]]],[[[16.8675,58.2315],[16.8708,58.2318],[16.8708,58.2304],[16.8675,58.2315]]],[[[11.7469,57.5926],[11.7531,57.5929],[11.7514,57.591],[11.7469,57.5926]]],[[[16.7453,58.336],[16.7469,58.3393],[16.7492,58.3393],[16.7453,58.336]]],[[[18.4714,58.9732],[18.4725,58.9721],[18.4692,58.9704],[18.4714,58.9732]]],[[[16.4347,56.8468],[16.4381,56.8443],[16.4347,56.8443],[16.4347,56.8468]]],[[[11.6464,57.6593],[11.6464,57.6601],[11.6514,57.6613],[11.6464,57.6593]]],[[[16.7569,58.3893],[16.7581,58.3868],[16.7558,58.3862],[16.7569,58.3893]]],[[[16.4814,56.9785],[16.4864,56.9751],[16.4853,56.9751],[16.4814,56.9785]]],[[[18.5719,59.1324],[18.5747,59.1321],[18.5719,59.1296],[18.5719,59.1324]]],[[[18.6569,59.1599],[18.6575,59.1585],[18.6514,59.1582],[18.6569,59.1599]]],[[[18.6069,59.2204],[18.6075,59.2187],[18.6036,59.2187],[18.6069,59.2204]]],[[[18.3325,59.2746],[18.3331,59.2724],[18.3303,59.2721],[18.3325,59.2746]]],[[[16.8319,57.9565],[16.8358,57.9551],[16.8331,57.9549],[16.8319,57.9565]]],[[[17.3858,58.7415],[17.3869,58.7396],[17.3847,58.7388],[17.3858,58.7415]]],[[[16.7942,58.0432],[16.7969,58.0426],[16.7975,58.0418],[16.7942,58.0432]]],[[[17.5786,58.7635],[17.5803,58.7618],[17.5792,58.7612],[17.5786,58.7635]]],[[[16.6275,57.5974],[16.6342,57.5949],[16.6319,57.5954],[16.6275,57.5974]]],[[[17.8886,58.8254],[17.8892,58.8237],[17.8864,58.8226],[17.8886,58.8254]]],[[[17.7592,58.836],[17.7642,58.8374],[17.7631,58.8354],[17.7592,58.836]]],[[[17.8097,58.8651],[17.8097,58.8613],[17.8069,58.8615],[17.8097,58.8651]]],[[[18.2969,59.1063],[18.2975,59.1051],[18.2936,59.104],[18.2969,59.1063]]],[[[18.1008,58.9493],[18.0981,58.9501],[18.1003,58.9518],[18.1008,58.9493]]],[[[16.6692,57.6321],[16.6764,57.6343],[16.6753,57.6326],[16.6692,57.6321]]],[[[16.7864,57.6718],[16.7875,57.6699],[16.7831,57.6701],[16.7864,57.6718]]],[[[16.7969,57.6901],[16.7981,57.6882],[16.7947,57.6876],[16.7969,57.6901]]],[[[16.4492,56.9218],[16.4525,56.921],[16.4497,56.9188],[16.4492,56.9218]]],[[[18.7686,59.0943],[18.7719,59.0932],[18.7697,59.091],[18.7686,59.0943]]],[[[18.3925,59.1813],[18.3919,59.1785],[18.3886,59.179],[18.3925,59.1813]]],[[[18.4603,59.2071],[18.4597,59.2029],[18.4575,59.2046],[18.4603,59.2071]]],[[[16.7558,57.801],[16.7586,57.7999],[16.7575,57.7979],[16.7558,57.801]]],[[[16.9286,58.5296],[16.9297,58.5279],[16.9275,58.5279],[16.9286,58.5296]]],[[[16.9342,58.5499],[16.9358,58.5488],[16.9331,58.5468],[16.9342,58.5499]]],[[[18.9203,59.2479],[18.9231,59.2476],[18.9203,59.2454],[18.9203,59.2479]]],[[[18.8264,59.274],[18.8292,59.2738],[18.8258,59.2724],[18.8264,59.274]]],[[[17.0286,58.6287],[17.0319,58.6285],[17.0297,58.6271],[17.0286,58.6287]]],[[[18.1731,59.3321],[18.1736,59.331],[18.1681,59.3301],[18.1731,59.3321]]],[[[18.6781,59.3349],[18.6808,59.3326],[18.6781,59.3318],[18.6781,59.3349]]],[[[16.8058,57.9521],[16.8025,57.9524],[16.8031,57.9546],[16.8058,57.9521]]],[[[18.7436,59.3699],[18.7453,59.3688],[18.7419,59.3682],[18.7436,59.3699]]],[[[17.2392,58.7176],[17.2353,58.7185],[17.2364,58.7196],[17.2392,58.7176]]],[[[17.2681,58.6943],[17.2608,58.6951],[17.2664,58.6968],[17.2681,58.6943]]],[[[12.0847,57.3835],[12.0847,57.3799],[12.0836,57.3815],[12.0847,57.3835]]],[[[18.7397,59.579],[18.7403,59.5779],[18.7342,59.5776],[18.7397,59.579]]],[[[18.8075,59.6699],[18.8086,59.6682],[18.8042,59.6671],[18.8075,59.6699]]],[[[18.4731,59.0449],[18.4775,59.0462],[18.4775,59.0457],[18.4731,59.0449]]],[[[15.5492,56.1499],[15.5536,56.1488],[15.5503,56.1471],[15.5492,56.1499]]],[[[18.3758,59.0951],[18.3775,59.0974],[18.3814,59.0976],[18.3758,59.0951]]],[[[16.7858,57.6982],[16.7881,57.6963],[16.7847,57.6957],[16.7858,57.6982]]],[[[14.9581,56.1282],[14.9592,56.1268],[14.9564,56.1254],[14.9581,56.1282]]],[[[18.8358,59.1729],[18.8364,59.171],[18.8342,59.171],[18.8358,59.1729]]],[[[18.6553,59.1918],[18.6558,59.1907],[18.6525,59.1888],[18.6553,59.1918]]],[[[11.6947,57.899],[11.6964,57.8968],[11.6936,57.8968],[11.6947,57.899]]],[[[17.0031,58.559],[16.9969,58.5593],[17.0019,58.561],[17.0031,58.559]]],[[[16.8492,58.5938],[16.8564,58.5949],[16.8553,58.594],[16.8492,58.5938]]],[[[17.2169,58.6349],[17.2197,58.6332],[17.2153,58.6329],[17.2169,58.6349]]],[[[16.7897,57.9071],[16.7919,57.9054],[16.7881,57.9049],[16.7897,57.9071]]],[[[17.1764,58.6507],[17.1769,58.649],[17.1703,58.6488],[17.1764,58.6507]]],[[[18.9425,59.3304],[18.9447,59.3288],[18.9403,59.3285],[18.9425,59.3304]]],[[[11.5075,57.9457],[11.5125,57.9446],[11.5097,57.9437],[11.5075,57.9457]]],[[[18.7708,59.3726],[18.7725,59.371],[18.7686,59.371],[18.7708,59.3726]]],[[[18.7697,59.3971],[18.7697,59.396],[18.7669,59.3951],[18.7697,59.3971]]],[[[18.8125,59.4149],[18.8142,59.4124],[18.8114,59.4121],[18.8125,59.4149]]],[[[17.8725,58.7871],[17.8731,58.7846],[17.8697,58.7849],[17.8725,58.7871]]],[[[17.4947,58.8485],[17.4986,58.8482],[17.4958,58.846],[17.4947,58.8485]]],[[[18.8358,59.5293],[18.8369,59.5276],[18.8353,59.5271],[18.8358,59.5293]]],[[[16.8631,58.2221],[16.8642,58.2199],[16.8625,58.2196],[16.8631,58.2221]]],[[[18.8625,59.6562],[18.8686,59.6557],[18.8686,59.6549],[18.8625,59.6562]]],[[[18.9036,59.6957],[18.8997,59.6963],[18.9008,59.6976],[18.9036,59.6957]]],[[[18.2247,59.0168],[18.2253,59.0157],[18.2192,59.0146],[18.2247,59.0168]]],[[[11.7681,57.6268],[11.7731,57.6279],[11.7725,57.6265],[11.7681,57.6268]]],[[[17.7203,59.0471],[17.7258,59.049],[17.7253,59.0471],[17.7203,59.0471]]],[[[16.6958,57.6274],[16.7053,57.6287],[16.6992,57.6274],[16.6958,57.6274]]],[[[18.4647,59.1246],[18.4625,59.1254],[18.4714,59.1257],[18.4647,59.1246]]],[[[18.7931,59.1971],[18.7969,59.1965],[18.7953,59.1949],[18.7931,59.1971]]],[[[15.2247,56.1532],[15.2258,56.1512],[15.2225,56.1501],[15.2247,56.1532]]],[[[14.9747,56.1671],[14.9775,56.1646],[14.9747,56.1646],[14.9747,56.1671]]],[[[18.6347,59.2451],[18.6386,59.2449],[18.6347,59.2435],[18.6347,59.2451]]],[[[16.7408,57.8057],[16.7419,57.8032],[16.7403,57.804],[16.7408,57.8057]]],[[[16.7981,58.609],[16.7997,58.6076],[16.7931,58.6071],[16.7981,58.609]]],[[[16.6003,57.8543],[16.6025,57.8504],[16.6003,57.851],[16.6003,57.8543]]],[[[16.5914,58.6382],[16.5942,58.6365],[16.5875,58.6371],[16.5914,58.6382]]],[[[16.8092,57.9107],[16.8108,57.9087],[16.8086,57.9085],[16.8092,57.9107]]],[[[17.3458,58.7093],[17.3475,58.7082],[17.3403,58.7076],[17.3458,58.7093]]],[[[18.4014,59.4304],[18.4025,59.4296],[18.4003,59.4287],[18.4014,59.4304]]],[[[12.5881,56.4265],[12.5914,56.424],[12.5881,56.4238],[12.5881,56.4265]]],[[[18.3886,59.4479],[18.3914,59.4474],[18.3903,59.4457],[18.3886,59.4479]]],[[[18.2097,58.8643],[18.2108,58.8629],[18.2069,58.8624],[18.2097,58.8643]]],[[[18.7208,59.5543],[18.7219,59.5526],[18.7181,59.551],[18.7208,59.5543]]],[[[18.9392,59.5865],[18.9408,59.5863],[18.9369,59.5832],[18.9392,59.5865]]],[[[17.6669,58.8793],[17.6697,58.876],[17.6664,58.8771],[17.6669,58.8793]]],[[[17.6564,58.9062],[17.6581,58.9038],[17.6531,58.9046],[17.6564,58.9062]]],[[[18.5431,58.9604],[18.5436,58.9579],[18.5392,58.9582],[18.5431,58.9604]]],[[[17.0292,58.2257],[17.0242,58.2251],[17.0258,58.2271],[17.0292,58.2257]]],[[[16.9964,58.284],[16.9958,58.2815],[16.9947,58.2815],[16.9964,58.284]]],[[[18.3603,59.1115],[18.3669,59.111],[18.3664,59.1101],[18.3603,59.1115]]],[[[18.3508,59.0701],[18.3458,59.0679],[18.3481,59.0693],[18.3508,59.0701]]],[[[19.0303,59.7749],[19.0308,59.7729],[19.0275,59.7718],[19.0303,59.7749]]],[[[18.6792,59.1224],[18.6836,59.124],[18.6825,59.1215],[18.6792,59.1224]]],[[[16.7242,57.6535],[16.7286,57.6535],[16.7275,57.6518],[16.7242,57.6535]]],[[[16.7003,57.734],[16.7019,57.7315],[16.6997,57.7313],[16.7003,57.734]]],[[[18.7953,59.214],[18.7958,59.2118],[18.7914,59.2118],[18.7953,59.214]]],[[[18.7819,59.3085],[18.7825,59.3074],[18.7769,59.3065],[18.7819,59.3085]]],[[[11.6219,57.8507],[11.6275,57.8504],[11.6275,57.8493],[11.6219,57.8507]]],[[[18.4431,59.3657],[18.4447,59.3638],[18.4419,59.3632],[18.4431,59.3657]]],[[[17.2492,58.6649],[17.2431,58.664],[17.2442,58.6651],[17.2492,58.6649]]],[[[17.5025,58.731],[17.5031,58.7285],[17.4992,58.7274],[17.5025,58.731]]],[[[18.6919,59.3735],[18.6925,59.3713],[18.6869,59.3715],[18.6919,59.3735]]],[[[11.5264,57.9546],[11.5269,57.9538],[11.5247,57.9529],[11.5264,57.9546]]],[[[16.1236,56.4174],[16.1253,56.416],[16.1247,56.4135],[16.1236,56.4174]]],[[[18.7108,59.5526],[18.7114,59.5501],[18.7086,59.5504],[18.7108,59.5526]]],[[[16.8569,58.2532],[16.8581,58.2524],[16.8519,58.251],[16.8569,58.2532]]],[[[18.4047,59.0035],[18.4064,59.0026],[18.4003,59.0018],[18.4047,59.0035]]],[[[16.8658,58.2515],[16.8664,58.2496],[16.8625,58.2487],[16.8658,58.2515]]],[[[18.4286,59.0299],[18.4314,59.0293],[18.4303,59.0274],[18.4286,59.0299]]],[[[18.5958,59.049],[18.5931,59.0485],[18.5925,59.0507],[18.5958,59.049]]],[[[14.4692,55.9665],[14.4725,55.9651],[14.4719,55.9635],[14.4692,55.9665]]],[[[16.9042,58.4385],[16.9003,58.4376],[16.8997,58.4385],[16.9042,58.4385]]],[[[18.4425,59.2182],[18.4436,59.2165],[18.4414,59.216],[18.4425,59.2182]]],[[[16.8564,58.586],[16.8569,58.5832],[16.8558,58.5829],[16.8564,58.586]]],[[[17.0697,58.6529],[17.0703,58.6501],[17.0675,58.6496],[17.0697,58.6529]]],[[[18.6431,59.3832],[18.6486,59.3838],[18.6486,59.3824],[18.6431,59.3832]]],[[[17.5264,58.7374],[17.5275,58.7368],[17.5275,58.7357],[17.5264,58.7337],[17.5236,58.7335],[17.5264,58.7374]]],[[[11.5236,57.9379],[11.5303,57.939],[11.5297,57.9379],[11.5236,57.9379]]],[[[17.5264,58.7046],[17.5275,58.7024],[17.5242,58.7021],[17.5264,58.7046]]],[[[18.7031,59.4746],[18.7036,59.4738],[18.6992,59.4726],[18.7031,59.4746]]],[[[18.7947,59.496],[18.8008,59.4954],[18.8003,59.4946],[18.7947,59.496]]],[[[18.8231,59.5268],[18.8264,59.5257],[18.8275,59.5232],[18.8231,59.5268]]],[[[18.9136,59.501],[18.9158,59.5004],[18.9108,59.4985],[18.9136,59.501]]],[[[17.7075,58.9671],[17.7097,58.966],[17.7031,58.9654],[17.7075,58.9671]]],[[[18.9119,59.6793],[18.9175,59.6785],[18.9175,59.6779],[18.9119,59.6793]]],[[[17.0086,58.2974],[17.0108,58.2971],[17.0053,58.2951],[17.0086,58.2974]]],[[[16.9358,58.2962],[16.9336,58.2971],[16.9403,58.2979],[16.9358,58.2962]]],[[[18.3508,59.0843],[18.3575,59.0865],[18.3558,59.0849],[18.3508,59.0843]]],[[[17.0353,58.4293],[17.0375,58.4285],[17.0325,58.4293],[17.0353,58.4293]]],[[[18.3742,59.1743],[18.3797,59.1754],[18.3786,59.174],[18.3742,59.1743]]],[[[16.4236,56.7871],[16.4225,56.7879],[16.4275,56.7893],[16.4236,56.7871]]],[[[16.7997,57.6779],[16.8025,57.6763],[16.7997,57.676],[16.7997,57.6779]]],[[[17.0219,58.5137],[17.0258,58.5129],[17.0236,58.5104],[17.0219,58.5137]]],[[[18.7347,59.2999],[18.7414,59.2993],[18.7364,59.2982],[18.7347,59.2999]]],[[[18.3136,59.3193],[18.3192,59.3193],[18.3158,59.3176],[18.3136,59.3193]]],[[[18.4142,59.3771],[18.4164,59.3754],[18.4131,59.3743],[18.4142,59.3771]]],[[[18.3564,59.3801],[18.3597,59.379],[18.3525,59.379],[18.3564,59.3801]]],[[[12.1864,57.1265],[12.1908,57.1274],[12.1903,57.1265],[12.1864,57.1265]]],[[[16.8275,57.9371],[16.8303,57.9365],[16.8275,57.9343],[16.8275,57.9371]]],[[[18.7564,59.4401],[18.7558,59.441],[18.7597,59.4421],[18.7564,59.4401]]],[[[18.7686,59.4276],[18.7731,59.4274],[18.7697,59.426],[18.7686,59.4276]]],[[[17.4147,58.7232],[17.4103,58.724],[17.4158,58.7251],[17.4147,58.7232]]],[[[18.8575,59.4679],[18.8547,59.4688],[18.8597,59.4704],[18.8575,59.4679]]],[[[16.8286,57.9318],[16.8314,57.9318],[16.8319,57.9293],[16.8286,57.9318]]],[[[17.5381,58.8471],[17.5414,58.8449],[17.5381,58.8451],[17.5381,58.8471]]],[[[18.7703,59.581],[18.7725,59.5799],[18.7692,59.5796],[18.7703,59.581]]],[[[16.9836,58.186],[16.9847,58.1832],[16.9831,58.1832],[16.9836,58.186]]],[[[18.1753,59.0032],[18.1775,59.0026],[18.1769,58.9996],[18.1753,59.0032]]],[[[18.4714,59.0543],[18.4742,59.0526],[18.4731,59.051],[18.4714,59.0543]]],[[[18.3558,59.0462],[18.3592,59.046],[18.3569,59.0443],[18.3558,59.0462]]],[[[18.1164,59.0599],[18.1119,59.0601],[18.1175,59.0618],[18.1164,59.0599]]],[[[16.7436,57.6824],[16.7475,57.6804],[16.7453,57.6801],[16.7436,57.6824]]],[[[18.3964,59.2568],[18.4003,59.2535],[18.3975,59.2537],[18.3964,59.2568]]],[[[16.5497,57.8749],[16.5536,57.8729],[16.5497,57.8729],[16.5497,57.8749]]],[[[18.6147,59.394],[18.6192,59.3924],[18.6125,59.3926],[18.6147,59.394]]],[[[16.8031,57.8504],[16.8042,57.8496],[16.7992,57.849],[16.8031,57.8504]]],[[[18.7319,59.4463],[18.7331,59.4454],[18.7281,59.4446],[18.7319,59.4463]]],[[[16.7797,57.9351],[16.7825,57.9335],[16.7797,57.9324],[16.7797,57.9351]]],[[[18.9686,59.5851],[18.9742,59.5863],[18.9742,59.5857],[18.9686,59.5851]]],[[[16.8197,57.9912],[16.8236,57.991],[16.8208,57.9896],[16.8197,57.9912]]],[[[11.6275,57.9349],[11.6281,57.9318],[11.6258,57.9318],[11.6275,57.9349]]],[[[18.0603,58.8693],[18.0631,58.8688],[18.0625,58.8668],[18.0603,58.8693]]],[[[19.0064,59.681],[19.0081,59.6796],[19.0036,59.6793],[19.0064,59.681]]],[[[16.6731,57.3829],[16.6758,57.3801],[16.6719,57.3807],[16.6731,57.3829]]],[[[16.7264,57.4388],[16.7269,57.4376],[16.7219,57.436],[16.7264,57.4388]]],[[[18.0631,59.0468],[18.0647,59.0443],[18.0625,59.044],[18.0631,59.0468]]],[[[17.6575,59.079],[17.6614,59.0804],[17.6614,59.079],[17.6575,59.079]]],[[[18.6914,59.1332],[18.6964,59.1351],[18.6964,59.134],[18.6914,59.1332]]],[[[16.8764,58.3401],[16.8775,58.3376],[16.8758,58.3379],[16.8764,58.3401]]],[[[18.7986,59.1935],[18.7986,59.191],[18.7953,59.1918],[18.7986,59.1935]]],[[[16.6914,57.6268],[16.6914,57.6254],[16.6875,57.6251],[16.6914,57.6268]]],[[[16.7486,57.6671],[16.7508,57.6654],[16.7481,57.6651],[16.7486,57.6671]]],[[[16.9097,58.5438],[16.9036,58.5412],[16.9036,58.5421],[16.9097,58.5438]]],[[[16.4836,56.9349],[16.4819,56.9335],[16.4758,56.9338],[16.4836,56.9349]]],[[[16.7375,57.8551],[16.7386,57.8538],[16.7358,57.8535],[16.7375,57.8551]]],[[[18.4136,59.4057],[18.4103,59.4074],[18.4164,59.4074],[18.4136,59.4057]]],[[[18.7597,59.4104],[18.7647,59.4101],[18.7631,59.4085],[18.7597,59.4104]]],[[[11.5575,57.8413],[11.5597,57.8399],[11.5547,57.8396],[11.5575,57.8413]]],[[[16.4564,56.9715],[16.4553,56.9729],[16.4614,56.9729],[16.4564,56.9715]]],[[[16.6086,57.8779],[16.6119,57.8757],[16.6097,57.8757],[16.6086,57.8779]]],[[[11.5153,57.9468],[11.5175,57.946],[11.5136,57.9451],[11.5153,57.9468]]],[[[11.6808,58.2949],[11.6814,58.2932],[11.6781,58.2932],[11.6808,58.2949]]],[[[17.3414,58.7196],[17.3442,58.7174],[17.3375,58.7174],[17.3414,58.7196]]],[[[16.5419,57.9671],[16.5458,57.964],[16.5442,57.964],[16.5419,57.9671]]],[[[18.7508,59.6054],[18.7464,59.604],[18.7464,59.6049],[18.7508,59.6054]]],[[[18.1864,58.899],[18.1897,58.8974],[18.1864,58.8968],[18.1864,58.899]]],[[[18.1064,58.9007],[18.1069,58.8979],[18.1053,58.8974],[18.1064,58.9007]]],[[[18.6614,59.1085],[18.6625,59.1076],[18.6581,59.1057],[18.6614,59.1085]]],[[[17.0031,58.3435],[17.0019,58.3396],[17.0003,58.3401],[17.0031,58.3435]]],[[[16.6525,57.551],[16.6547,57.5488],[16.6531,57.5488],[16.6525,57.551]]],[[[18.5703,59.2151],[18.5747,59.2126],[18.5736,59.2124],[18.5703,59.2151]]],[[[16.7231,57.6946],[16.7242,57.6926],[16.7214,57.6921],[16.7231,57.6946]]],[[[16.4853,56.8368],[16.4869,56.8349],[16.4847,56.8349],[16.4853,56.8368]]],[[[16.9564,58.5415],[16.9581,58.5404],[16.9508,58.5407],[16.9564,58.5415]]],[[[18.8664,59.2996],[18.8608,59.3004],[18.8608,59.3007],[18.8664,59.2996]]],[[[16.4936,56.8524],[16.4947,56.8499],[16.4936,56.8499],[16.4936,56.8524]]],[[[17.2292,58.6201],[17.2314,58.6199],[17.2264,58.6179],[17.2292,58.6201]]],[[[16.7931,57.7982],[16.7958,57.8004],[16.7992,57.8007],[16.7931,57.7982]]],[[[17.3281,58.7218],[17.3303,58.7201],[17.3264,58.7182],[17.3281,58.7218]]],[[[16.7631,57.9012],[16.7664,57.8999],[16.7631,57.8996],[16.7631,57.9012]]],[[[16.8158,57.9057],[16.8181,57.904],[16.8164,57.9032],[16.8158,57.9057]]],[[[16.7875,57.9399],[16.7897,57.9382],[16.7875,57.9376],[16.7875,57.9399]]],[[[17.9169,58.7818],[17.9203,58.7788],[17.9181,58.7788],[17.9169,58.7818]]],[[[17.6458,58.9132],[17.6469,58.9126],[17.6492,58.9093],[17.6458,58.9132]]],[[[19.0625,59.6982],[19.0681,59.6982],[19.0669,59.6971],[19.0625,59.6982]]],[[[18.4858,58.9771],[18.4869,58.976],[18.4814,58.9751],[18.4858,58.9771]]],[[[18.1053,58.9546],[18.1081,58.9543],[18.1053,58.9524],[18.1053,58.9546]]],[[[18.4292,58.9779],[18.4347,58.9776],[18.4347,58.9762],[18.4292,58.9779]]],[[[17.0064,58.1954],[17.0092,58.1949],[17.0114,58.1924],[17.0064,58.1954]]],[[[11.8919,58.2082],[11.8925,58.2071],[11.8875,58.2068],[11.8919,58.2082]]],[[[12.9292,55.4799],[12.9308,55.4768],[12.9286,55.4771],[12.9292,55.4799]]],[[[18.4336,59.2129],[18.4347,59.2113],[18.4314,59.2107],[18.4336,59.2129]]],[[[18.5331,59.1712],[18.5364,59.171],[18.5358,59.1688],[18.5331,59.1712]]],[[[18.3647,59.3671],[18.3675,59.3654],[18.3642,59.3651],[18.3647,59.3671]]],[[[18.6325,59.3835],[18.6381,59.3826],[18.6353,59.3818],[18.6325,59.3835]]],[[[16.4953,56.8682],[16.4981,56.8657],[16.4964,56.8654],[16.4953,56.8682]]],[[[17.2869,58.7074],[17.2914,58.706],[17.2875,58.7049],[17.2869,58.7074]]],[[[17.2247,58.6754],[17.2275,58.674],[17.2231,58.6735],[17.2247,58.6754]]],[[[16.8297,57.8846],[16.8325,57.884],[16.8314,57.8821],[16.8297,57.8846]]],[[[16.6536,57.9793],[16.6603,57.9787],[16.6553,57.9779],[16.6536,57.9793]]],[[[17.7914,58.8129],[17.7897,58.8126],[17.7903,58.8151],[17.7947,58.8165],[17.7914,58.8129]]],[[[11.6381,58.0776],[11.6419,58.0771],[11.6358,58.0749],[11.6381,58.0776]]],[[[18.5325,58.9615],[18.5331,58.9599],[18.5303,58.9588],[18.5325,58.9615]]],[[[16.9775,58.3004],[16.9781,58.2996],[16.9736,58.2979],[16.9775,58.3004]]],[[[18.4453,59.1807],[18.4486,59.1813],[18.4486,59.1799],[18.4453,59.1807]]],[[[18.4786,59.1724],[18.4819,59.1696],[18.4808,59.1696],[18.4786,59.1724]]],[[[18.6242,59.1413],[18.6303,59.1407],[18.6303,59.1401],[18.6242,59.1413]]],[[[17.0358,58.3718],[17.0353,58.3701],[17.0325,58.3707],[17.0358,58.3718]]],[[[18.4569,59.2018],[18.4597,59.2001],[18.4564,59.2001],[18.4569,59.2018]]],[[[18.6981,59.3049],[18.7025,59.3043],[18.7019,59.3029],[18.6981,59.3049]]],[[[16.8819,58.616],[16.8853,58.614],[16.8831,58.614],[16.8819,58.616]]],[[[18.6825,59.5143],[18.6831,59.5129],[18.6803,59.5124],[18.6825,59.5143]]],[[[18.9469,59.5207],[18.9475,59.5199],[18.9419,59.5193],[18.9469,59.5207]]],[[[18.9692,59.4218],[18.9758,59.4201],[18.9731,59.4199],[18.9692,59.4218]]],[[[16.6097,57.886],[16.6119,57.8835],[16.6092,57.8838],[16.6097,57.886]]],[[[18.7569,59.6162],[18.7603,59.6157],[18.7597,59.614],[18.7569,59.6162]]],[[[18.8625,59.701],[18.8631,59.6993],[18.8586,59.699],[18.8625,59.701]]],[[[11.5219,58.0013],[11.5258,58.0007],[11.5236,57.9996],[11.5219,58.0013]]],[[[14.7325,56.1574],[14.7331,56.1551],[14.7297,56.1549],[14.7325,56.1574]]],[[[17.0169,58.4463],[17.0214,58.444],[17.0186,58.4435],[17.0169,58.4463]]],[[[18.5975,59.2187],[18.6019,59.2171],[18.5997,59.2168],[18.5975,59.2187]]],[[[17.0008,58.4868],[17.0053,58.4846],[17.0031,58.484],[17.0008,58.4868]]],[[[18.8197,59.5021],[18.8219,59.5007],[18.8175,59.5001],[18.8197,59.5021]]],[[[18.4558,59.4774],[18.4553,59.4782],[18.4608,59.479],[18.4558,59.4774]]],[[[16.6125,57.8407],[16.6142,57.8413],[16.6136,57.8376],[16.6125,57.8407]]],[[[17.5597,58.769],[17.5608,58.7676],[17.5569,58.7676],[17.5597,58.769]]],[[[16.5992,57.9051],[16.6014,57.9021],[16.5981,57.9029],[16.5992,57.9051]]],[[[17.9119,58.8204],[17.9125,58.8179],[17.9092,58.8182],[17.9119,58.8204]]],[[[18.0875,58.8593],[18.0881,58.8571],[18.0853,58.8571],[18.0875,58.8593]]],[[[16.4553,56.9826],[16.4558,56.9815],[16.4519,56.9799],[16.4553,56.9826]]],[[[17.6814,58.884],[17.6836,58.8835],[17.6858,58.8821],[17.6814,58.884]]],[[[14.4586,55.9793],[14.4614,55.9765],[14.4597,55.9765],[14.4586,55.9793]]],[[[17.9264,58.8604],[17.9269,58.859],[17.9242,58.8582],[17.9264,58.8604]]],[[[17.8608,58.8843],[17.8642,58.8862],[17.8642,58.884],[17.8608,58.8843]]],[[[18.0931,58.9676],[18.0942,58.9643],[18.0914,58.9646],[18.0931,58.9676]]],[[[14.9653,56.1488],[14.9681,56.1463],[14.9647,56.1468],[14.9653,56.1488]]],[[[18.3947,59.0868],[18.4019,59.0885],[18.3997,59.0868],[18.3947,59.0868]]],[[[18.5886,59.2165],[18.5908,59.2163],[18.5853,59.2146],[18.5886,59.2165]]],[[[16.6953,57.6124],[16.6958,57.6107],[16.6931,57.6101],[16.6953,57.6124]]],[[[17.2764,58.5821],[17.2769,58.5799],[17.2742,58.5801],[17.2764,58.5821]]],[[[18.8942,59.499],[18.8964,59.4987],[18.8914,59.4971],[18.8942,59.499]]],[[[16.7131,57.7546],[16.7153,57.7526],[16.7125,57.7529],[16.7131,57.7546]]],[[[17.4236,58.7293],[17.4269,58.7276],[17.4236,58.7274],[17.4236,58.7293]]],[[[16.5408,57.8279],[16.5419,57.8265],[16.5381,57.8262],[16.5408,57.8279]]],[[[17.5253,58.7399],[17.5292,58.741],[17.5286,58.7396],[17.5253,58.7399]]],[[[17.7125,59.0229],[17.7158,59.0218],[17.7131,59.0213],[17.7125,59.0229]]],[[[17.0425,58.2726],[17.0453,58.2724],[17.0436,58.2707],[17.0425,58.2726]]],[[[12.0386,57.3579],[12.0386,57.3563],[12.0358,57.3551],[12.0386,57.3579]]],[[[18.4431,59.2137],[18.4464,59.2132],[18.4453,59.2118],[18.4431,59.2137]]],[[[17.0392,58.3382],[17.0369,58.3376],[17.0364,58.3404],[17.0392,58.3382]]],[[[18.8069,59.2599],[18.8092,59.2579],[18.8081,59.2579],[18.8069,59.2599]]],[[[18.5908,59.2332],[18.5931,59.2318],[18.5914,59.2315],[18.5908,59.2332]]],[[[17.0197,58.3462],[17.0192,58.3429],[17.0169,58.3438],[17.0197,58.3462]]],[[[17.0131,58.4351],[17.0164,58.4321],[17.0142,58.4321],[17.0131,58.4351]]],[[[16.6869,57.5021],[16.6881,57.5004],[16.6825,57.5007],[16.6814,57.5018],[16.6869,57.5021]]],[[[17.0547,58.5149],[17.0514,58.514],[17.0536,58.5174],[17.0553,58.5174],[17.0547,58.5149]]],[[[16.7375,57.5857],[16.7369,57.5874],[16.7397,57.5885],[16.7375,57.5857]]],[[[16.7142,57.5607],[16.7175,57.5582],[16.7158,57.5588],[16.7142,57.5607]]],[[[18.7208,59.5265],[18.7219,59.5249],[18.7203,59.5246],[18.7208,59.5265]]],[[[18.8369,59.5318],[18.8375,59.5296],[18.8364,59.5293],[18.8369,59.5318]]],[[[17.2192,58.6676],[17.2242,58.6668],[17.2231,58.666],[17.2192,58.6676]]],[[[17.4836,58.7693],[17.4853,58.7682],[17.4825,58.7668],[17.4836,58.7693]]],[[[18.0897,58.8815],[18.0931,58.8815],[18.0931,58.8793],[18.0897,58.8815]]],[[[18.0453,58.949],[18.0481,58.9485],[18.0458,58.9465],[18.0453,58.949]]],[[[16.9342,58.2429],[16.9386,58.2421],[16.9386,58.2412],[16.9342,58.2429]]],[[[18.3108,59.2901],[18.3136,59.2885],[18.3108,59.2882],[18.3108,59.2901]]],[[[17.0025,58.361],[17.0003,58.3604],[17.0003,58.3629],[17.0025,58.361]]],[[[18.6497,59.2943],[18.6547,59.2965],[18.6542,59.2954],[18.6497,59.2943]]],[[[17.0242,58.3693],[17.0253,58.3676],[17.0214,58.3657],[17.0242,58.3693]]],[[[17.0269,58.4207],[17.0275,58.4188],[17.0258,58.4185],[17.0269,58.4207]]],[[[18.4331,59.3763],[18.4325,59.3771],[18.4375,59.3779],[18.4331,59.3763]]],[[[16.6503,57.5488],[16.6542,57.5465],[16.6503,57.5468],[16.6503,57.5488]]],[[[18.2892,59.4182],[18.2903,59.4168],[18.2875,59.4165],[18.2892,59.4182]]],[[[18.7025,59.5468],[18.6992,59.5468],[18.7014,59.5488],[18.7025,59.5468]]],[[[16.7131,57.6543],[16.7175,57.6518],[16.7147,57.6521],[16.7131,57.6543]]],[[[16.4186,58.5999],[16.4242,58.5993],[16.4236,58.5988],[16.4186,58.5999]]],[[[18.7386,59.6457],[18.7447,59.6454],[18.7408,59.6443],[18.7386,59.6457]]],[[[17.5192,58.7085],[17.5203,58.7079],[17.5203,58.7054],[17.5192,58.7085]]],[[[18.7836,59.6824],[18.7847,59.681],[18.7808,59.6807],[18.7836,59.6824]]],[[[16.6975,57.8379],[16.6986,57.836],[16.6964,57.8357],[16.6975,57.8379]]],[[[18.7625,59.7607],[18.7631,59.7596],[18.7586,59.759],[18.7625,59.7607]]],[[[18.1714,58.9101],[18.1747,58.9115],[18.1747,58.9101],[18.1714,58.9101]]],[[[19.0264,59.7749],[19.0264,59.7732],[19.0242,59.7729],[19.0264,59.7749]]],[[[17.6597,58.9018],[17.6603,58.8996],[17.6586,58.8996],[17.6597,58.9018]]],[[[18.3225,58.9235],[18.3242,58.9207],[18.3219,58.9207],[18.3225,58.9235]]],[[[18.3575,59.0654],[18.3581,59.0643],[18.3542,59.0635],[18.3575,59.0654]]],[[[17.0619,58.2324],[17.0558,58.2324],[17.0564,58.2329],[17.0619,58.2324]]],[[[16.9436,58.2843],[16.9419,58.2843],[16.9408,58.2863],[16.9436,58.2843]]],[[[18.7303,59.3849],[18.7331,59.3832],[18.7314,59.3829],[18.7303,59.3849]]],[[[16.9519,58.4688],[16.9542,58.466],[16.9531,58.466],[16.9519,58.4688]]],[[[16.7264,57.7374],[16.7292,57.7346],[16.7275,57.7343],[16.7264,57.7374]]],[[[16.6803,57.834],[16.6825,57.8335],[16.6814,57.8315],[16.6803,57.834]]],[[[16.5758,57.816],[16.5775,57.8143],[16.5758,57.8143],[16.5758,57.816]]],[[[16.8197,57.9665],[16.8197,57.9668],[16.8258,57.9676],[16.8197,57.9665]]],[[[12.3592,56.9265],[12.3536,56.9263],[12.3536,56.9268],[12.3592,56.9265]]],[[[18.2964,58.9676],[18.3019,58.9693],[18.3008,58.9679],[18.2964,58.9676]]],[[[18.6136,58.9735],[18.6147,58.9707],[18.6131,58.9707],[18.6136,58.9735]]],[[[18.4719,59.1965],[18.4725,59.1943],[18.4703,59.1943],[18.4719,59.1965]]],[[[18.6647,59.1924],[18.6631,59.1893],[18.6614,59.1896],[18.6647,59.1924]]],[[[18.7914,59.2168],[18.7931,59.214],[18.7908,59.2137],[18.7914,59.2168]]],[[[17.0097,58.2285],[17.0114,58.2282],[17.0097,58.2265],[17.0097,58.2285]]],[[[18.5853,59.3674],[18.5897,59.3674],[18.5881,59.3657],[18.5853,59.3674]]],[[[18.3386,59.3718],[18.3403,59.3704],[18.3369,59.3704],[18.3386,59.3718]]],[[[17.0303,58.3774],[17.0319,58.3749],[17.0297,58.3743],[17.0303,58.3774]]],[[[16.9431,58.3915],[16.9431,58.389],[16.9408,58.3893],[16.9431,58.3915]]],[[[18.6575,59.3854],[18.6603,59.3838],[18.6569,59.3835],[18.6575,59.3854]]],[[[18.3475,59.419],[18.3514,59.4188],[18.3508,59.4174],[18.3475,59.419]]],[[[17.0136,58.476],[17.0142,58.4721],[17.0108,58.4732],[17.0136,58.476]]],[[[18.5231,59.5104],[18.5225,59.5112],[18.5269,59.5121],[18.5231,59.5104]]],[[[16.5386,57.884],[16.5403,57.8826],[16.5358,57.8826],[16.5386,57.884]]],[[[16.5453,57.0179],[16.5492,57.0157],[16.5481,57.0151],[16.5453,57.0179]]],[[[16.4819,57.2026],[16.4842,57.2012],[16.4786,57.2015],[16.4819,57.2026]]],[[[17.0103,58.3324],[17.0108,58.3304],[17.0064,58.3304],[17.0103,58.3324]]],[[[18.3708,59.366],[18.3747,59.3643],[18.3708,59.3646],[18.3708,59.366]]],[[[16.8986,58.3674],[16.9025,58.3696],[16.9014,58.3671],[16.8986,58.3674]]],[[[18.1547,59.4218],[18.1558,59.4196],[18.1536,59.4196],[18.1547,59.4218]]],[[[17.4903,58.6893],[17.4931,58.6888],[17.4914,58.6865],[17.4903,58.6893]]],[[[16.7975,57.8546],[16.7992,57.8526],[16.7975,57.8521],[16.7975,57.8546]]],[[[16.8092,57.916],[16.8114,57.9143],[16.8092,57.9143],[16.8092,57.916]]],[[[18.4514,59.0229],[18.4575,59.0243],[18.4569,59.0232],[18.4514,59.0229]]],[[[18.7258,59.0946],[18.7308,59.094],[18.7264,59.0926],[18.7258,59.0946]]],[[[16.8092,58.2601],[16.8103,58.2599],[16.8069,58.2571],[16.8092,58.2601]]],[[[17.0464,58.3626],[17.0486,58.3587],[17.0458,58.3618],[17.0464,58.3626]]],[[[18.7181,59.6246],[18.7169,59.6257],[18.7208,59.6263],[18.7181,59.6246]]],[[[17.4386,58.7204],[17.4403,58.7182],[17.4381,58.7185],[17.4386,58.7204]]],[[[17.3836,58.7363],[17.3864,58.7332],[17.3853,58.7329],[17.3836,58.7363]]],[[[17.6386,58.9474],[17.6369,58.9479],[17.6403,58.9512],[17.6386,58.9474]]],[[[16.7919,57.9585],[16.7958,57.9582],[16.7942,57.9571],[16.7919,57.9585]]],[[[12.6081,56.8129],[12.6092,56.8104],[12.6064,56.8107],[12.6081,56.8129]]],[[[17.0258,58.2385],[17.0269,58.2374],[17.0231,58.2368],[17.0258,58.2385]]],[[[17.0192,58.3699],[17.0186,58.3668],[17.0169,58.3674],[17.0192,58.3699]]],[[[18.8431,59.4535],[18.8436,59.4524],[18.8375,59.4529],[18.8431,59.4535]]],[[[17.0525,58.5332],[17.0508,58.5335],[17.0503,58.5349],[17.0525,58.5332]]],[[[18.7947,59.6329],[18.7964,59.6326],[18.7958,59.6307],[18.7947,59.6329]]],[[[17.0625,58.6526],[17.0658,58.6512],[17.0642,58.651],[17.0625,58.6526]]],[[[17.4981,58.7243],[17.4986,58.7235],[17.4958,58.7212],[17.4981,58.7243]]],[[[17.4992,58.6943],[17.4997,58.6924],[17.4975,58.6921],[17.4992,58.6943]]],[[[17.6686,58.911],[17.6708,58.909],[17.6681,58.9085],[17.6686,58.911]]],[[[16.7642,57.7932],[16.7642,57.7943],[16.7675,57.7951],[16.7642,57.7932]]],[[[11.6808,57.9035],[11.6797,57.9043],[11.6853,57.9049],[11.6808,57.9035]]],[[[18.2697,59.0782],[18.2697,59.0771],[18.2675,59.0768],[18.2697,59.0782]]],[[[12.9353,55.4635],[12.9375,55.4618],[12.9353,55.4615],[12.9353,55.4635]]],[[[17.1942,58.6704],[17.1897,58.669],[17.1914,58.671],[17.1942,58.6704]]],[[[18.0781,58.8685],[18.0792,58.8657],[18.0781,58.8657],[18.0781,58.8685]]],[[[17.0231,58.3763],[17.0231,58.3746],[17.0203,58.3746],[17.0231,58.3763]]],[[[18.8942,59.679],[18.8919,59.679],[18.8992,59.6807],[18.8942,59.679]]],[[[17.2025,58.6654],[17.2058,58.664],[17.2014,58.6637],[17.2025,58.6654]]],[[[17.5464,58.7401],[17.5464,58.7382],[17.5425,58.7379],[17.5464,58.7401]]],[[[17.3058,58.7537],[17.3092,58.7529],[17.3103,58.7518],[17.3058,58.7537]]],[[[17.5058,58.8232],[17.5069,58.8204],[17.5053,58.8218],[17.5058,58.8232]]],[[[18.0692,59.0146],[18.0725,59.0143],[18.0714,59.0132],[18.0692,59.0146]]],[[[16.5681,57.9165],[16.5692,57.9137],[16.5675,57.9137],[16.5681,57.9165]]],[[[18.7942,59.249],[18.7947,59.2463],[18.7931,59.2463],[18.7942,59.249]]],[[[18.8275,59.3249],[18.8269,59.3262],[18.8297,59.3268],[18.8275,59.3249]]],[[[16.4458,56.9893],[16.4481,56.9874],[16.4464,56.9874],[16.4458,56.9893]]],[[[17.0069,58.3537],[17.0047,58.3535],[17.0053,58.3563],[17.0069,58.3537]]],[[[18.7131,59.5535],[18.7164,59.5532],[18.7164,59.5521],[18.7131,59.5535]]],[[[18.8453,59.6432],[18.8481,59.6426],[18.8481,59.6418],[18.8453,59.6432]]],[[[18.8419,59.6254],[18.8431,59.6251],[18.8375,59.6229],[18.8419,59.6254]]],[[[18.7208,59.651],[18.7219,59.6501],[18.7197,59.6496],[18.7208,59.651]]],[[[17.3153,58.5982],[17.3153,58.5976],[17.3097,58.5976],[17.3153,58.5982]]],[[[18.7325,59.6063],[18.7347,59.606],[18.7331,59.6046],[18.7325,59.6063]]],[[[17.6469,58.904],[17.6469,58.9015],[17.6453,58.9012],[17.6469,58.904]]],[[[18.6153,59.4068],[18.6192,59.4065],[18.6186,59.4054],[18.6153,59.4068]]],[[[18.6614,59.3851],[18.6658,59.3849],[18.6636,59.3838],[18.6614,59.3851]]],[[[18.6803,59.4001],[18.6808,59.3993],[18.6758,59.399],[18.6747,59.4001],[18.6803,59.4001]]],[[[17.0508,58.6499],[17.0525,58.6488],[17.0503,58.6485],[17.0508,58.6499]]],[[[17.0269,58.5768],[17.0275,58.5754],[17.0242,58.5757],[17.0269,58.5768]]],[[[17.1731,58.6857],[17.1703,58.6857],[17.1764,58.6871],[17.1731,58.6857]]],[[[17.2553,58.6926],[17.2531,58.6929],[17.2581,58.6946],[17.2553,58.6926]]],[[[17.9675,58.8851],[17.9692,58.8849],[17.9686,58.8824],[17.9675,58.8851]]],[[[17.8914,58.8224],[17.8897,58.8224],[17.8903,58.8254],[17.8914,58.8224]]],[[[18.2008,59.0013],[18.1981,59.0015],[18.1992,59.0035],[18.2008,59.0013]]],[[[18.2208,59.0818],[18.2219,59.0815],[18.2158,59.0804],[18.2208,59.0818]]],[[[16.8936,58.1882],[16.8936,58.1865],[16.8908,58.186],[16.8936,58.1882]]],[[[18.4897,59.4893],[18.4931,59.489],[18.4914,59.4879],[18.4897,59.4893]]],[[[18.6297,59.3988],[18.6314,59.3976],[18.6292,59.3971],[18.6297,59.3988]]],[[[18.7731,59.5007],[18.7781,59.5021],[18.7781,59.5015],[18.7731,59.5007]]],[[[17.0086,58.3213],[17.0103,58.321],[17.0103,58.3193],[17.0086,58.3213]]],[[[18.7747,59.6301],[18.7775,59.6301],[18.7775,59.6287],[18.7747,59.6301]]],[[[18.9947,59.7774],[18.9964,59.7762],[18.9936,59.7757],[18.9947,59.7774]]],[[[12.9164,55.511],[12.9181,55.5082],[12.9158,55.5099],[12.9164,55.511]]],[[[17.0497,58.6521],[17.0531,58.6512],[17.0503,58.6507],[17.0497,58.6521]]],[[[17.3519,58.7485],[17.3542,58.7457],[17.3519,58.746],[17.3519,58.7485]]],[[[18.0797,58.8718],[18.0814,58.8696],[18.0797,58.8696],[18.0797,58.8718]]],[[[18.6975,59.3871],[18.7025,59.3871],[18.7025,59.3865],[18.6975,59.3871]]],[[[16.4492,56.8476],[16.4519,56.846],[16.4492,56.8468],[16.4492,56.8476]]],[[[17.5164,58.8157],[17.5192,58.814],[17.5169,58.814],[17.5164,58.8157]]],[[[17.2864,58.696],[17.2869,58.6951],[17.2819,58.6943],[17.2864,58.696]]],[[[17.0236,58.176],[17.0247,58.1754],[17.0231,58.1735],[17.0236,58.176]]],[[[17.0214,58.2457],[17.0203,58.2463],[17.0236,58.2479],[17.0214,58.2457]]],[[[17.5914,58.8801],[17.5936,58.8779],[17.5925,58.8779],[17.5914,58.8801]]],[[[17.0019,58.1782],[17.0031,58.1757],[17.0014,58.1751],[17.0019,58.1782]]],[[[17.8981,58.8193],[17.8986,58.821],[17.8992,58.8187],[17.8981,58.8193]]],[[[17.1747,58.5299],[17.1775,58.5296],[17.1725,58.5276],[17.1747,58.5299]]],[[[16.9047,58.5443],[16.9047,58.5451],[16.9086,58.5457],[16.9047,58.5443]]],[[[17.1597,58.6846],[17.1581,58.6849],[17.1636,58.686],[17.1597,58.6846]]],[[[17.9386,58.8326],[17.9375,58.8315],[17.9369,58.8332],[17.9386,58.8343],[17.9386,58.8326]]],[[[16.4619,56.7649],[16.4629,56.7657],[16.4614,56.7636],[16.4619,56.7649]]],[[[19.1003,59.8679],[19.1003,59.8693],[19.1007,59.8693],[19.1003,59.8679]]],[[[16.4631,56.7663],[16.4633,56.7663],[16.4631,56.7659],[16.4631,56.7663]]],[[[16.4636,56.7668],[16.4637,56.7668],[16.4636,56.7666],[16.4636,56.7668]]]]}}]}