{"type":"FeatureCollection","features":[{"type":"Feature","properties":{"birdlifeId":"22689887","scientificName":"Caprimulgus europaeus","rangeType":"wintering","speciesId":"avibase-80D4B0FE","speciesName":"European Nightjar","speciesLatin":"Caprimulgus europaeus"},"geometry":{"type":"MultiPolygon","coordinates":[[[[30.2579,1.0055],[36.0557,0.2507],[39.8821,0.0149],[39.4733,-2.3826],[39.5823,-3.9943],[38.7795,-6.0424],[38.8341,-6.4421],[39.5525,-7.0219],[39.2801,-7.5069],[39.2515,-7.818],[39.4423,-7.8155],[39.4491,-8.0066],[39.2683,-8.3224],[39.4815,-9.0973],[39.6169,-9.0719],[39.7081,-9.9818],[40.4021,-10.2998],[40.3953,-10.5244],[40.6401,-10.6858],[40.3561,-11.3326],[40.5445,-12.0025],[40.4283,-12.5506],[40.6313,-12.7544],[40.4053,-12.9195],[40.5887,-12.9693],[40.5277,-14.1655],[40.7227,-14.1985],[40.6261,-14.5653],[40.8373,-14.4861],[40.8381,-14.83],[40.6185,-14.859],[40.7789,-14.9976],[40.4963,-15.183],[40.6769,-15.2506],[40.0251,-16.1792],[39.7521,-16.2607],[39.8543,-16.4464],[39.0679,-17.0068],[38.0689,-17.1833],[36.9291,-17.962],[36.3163,-18.8749],[35.8629,-18.9558],[34.8859,-19.8509],[34.6307,-19.6631],[34.7819,-19.8515],[34.6025,-20.5247],[35.0025,-20.7434],[35.3435,-22.1861],[35.4987,-22.1017],[35.5245,-22.3105],[35.5325,-22.2063],[35.5467,-22.1725],[35.6047,-22.9265],[35.3301,-23.6792],[35.3417,-23.9952],[35.5515,-23.7922],[35.4821,-24.1555],[35.0915,-24.6258],[33.2191,-25.3402],[32.4525,-25.9756],[32.6697,-26.1223],[32.7045,-26.3193],[32.6779,-26.3454],[32.6695,-26.3664],[32.6695,-26.3863],[32.6799,-26.3949],[32.7113,-26.3164],[32.6897,-26.2002],[32.8855,-26.2845],[32.9627,-26.087],[32.4033,-28.5225],[31.4333,-29.1979],[30.2331,-31.0503],[28.5415,-32.5823],[27.0013,-33.5781],[26.4663,-33.7793],[25.8473,-33.7141],[25.5873,-33.8457],[25.6271,-34.0508],[25.0079,-33.9583],[24.8365,-34.2145],[23.6511,-33.9784],[23.4097,-34.1068],[22.5721,-33.9967],[21.7985,-34.3858],[20.7543,-34.3953],[20.8573,-34.4643],[20.5119,-34.4771],[20.0053,-34.8398],[19.2943,-34.6335],[19.1381,-34.3078],[18.8219,-34.385],[18.7911,-34.0853],[18.4347,-34.1289],[18.4765,-34.3568],[18.3115,-34.0275],[18.4265,-33.6748],[17.9781,-33.0791],[18.1085,-33.1972],[18.0353,-33.0695],[24.2989,-32.1331],[25.7829,-30.5463],[25.6301,-30.1321],[26.0659,-27.8435],[26.5729,-19.6093],[27.3161,-16.5754],[29.3489,-12.135],[29.6113,-10.1812],[28.8781,-5.7469],[29.1351,-3.4506],[29.0427,-4.3103],[29.2605,-4.1183],[29.1035,-5.0846],[29.3895,-5.6256],[29.1983,-6.0876],[29.5475,-6.7702],[30.1195,-7.243],[30.2939,-7.9029],[30.5955,-8.1514],[30.5319,-8.5996],[30.6829,-8.4863],[31.0307,-8.8093],[31.1961,-8.7372],[31.1509,-8.4265],[30.5751,-7.4978],[30.6041,-7.4894],[30.6105,-7.362],[30.4927,-7.1059],[30.5657,-6.9793],[29.7195,-6.2382],[29.9565,-5.8756],[29.7437,-5.4576],[29.8219,-5.1357],[29.5943,-4.9185],[29.6629,-4.414],[29.3313,-3.7615],[29.3449,-3.3717],[29.1393,-3.4244],[29.5461,-1.1567],[30.2579,1.0055]],[[34.2691,-10.4366],[34.3279,-11.6672],[34.0177,-12.2536],[34.3305,-12.9206],[34.3059,-13.3807],[34.6329,-13.7093],[34.5533,-14.1057],[34.8025,-14.256],[34.8599,-13.9939],[35.2257,-14.3875],[35.2401,-15.0],[35.2977,-14.3573],[35.0653,-13.7387],[34.8347,-13.6725],[34.7519,-12.9633],[34.9941,-12.6092],[34.7715,-12.6311],[34.6805,-12.4303],[34.9515,-11.5131],[34.6027,-11.0307],[34.5241,-10.0164],[34.0283,-9.4929],[33.9049,-9.8437],[34.2691,-10.4366]],[[33.3643,0.4917],[33.1529,0.4903],[33.2725,0.3763],[32.9751,0.0887],[32.6623,0.0879],[32.6645,0.3047],[32.5757,0.0463],[32.4525,0.1245],[31.9257,-0.1244],[32.0421,-0.3124],[31.7001,-0.799],[31.8803,-1.1587],[31.6037,-2.0746],[31.7031,-1.9974],[31.6287,-2.341],[31.7517,-2.3236],[31.7775,-2.3661],[31.7141,-2.5341],[31.8569,-2.6094],[31.7635,-2.6541],[31.7925,-2.8344],[31.9161,-2.7141],[31.8985,-2.6292],[32.0293,-2.7633],[31.9335,-2.5906],[32.3051,-2.2581],[32.5159,-2.5656],[32.6609,-2.3781],[32.6759,-2.5208],[32.8259,-2.4948],[32.7123,-2.8706],[32.7703,-3.0921],[32.9017,-2.7965],[32.9595,-2.8729],[33.0329,-2.8743],[32.9173,-2.4167],[33.4151,-2.5584],[33.8415,-2.2282],[33.7781,-2.0754],[33.6089,-2.1899],[33.2233,-2.1427],[33.2171,-2.0286],[33.5615,-2.013],[33.4531,-1.8742],[33.2915,-1.9287],[33.6451,-1.7777],[33.6515,-1.4735],[33.8031,-1.4697],[33.8351,-1.5232],[33.9751,-1.5254],[33.7807,-1.4035],[33.9965,-1.3717],[33.8641,-1.2483],[34.1393,-1.002],[34.0647,-0.5609],[34.8487,-0.3043],[34.6977,-0.0893],[34.3455,-0.1948],[34.3987,-0.2818],[34.2863,-0.3966],[33.9877,0.2637],[33.4871,0.1827],[33.3643,0.4917]],[[29.6155,-11.4397],[29.9365,-11.2257],[29.8653,-10.8235],[29.5151,-11.2102],[29.6771,-11.0536],[29.6155,-11.4397]],[[28.6071,-16.4884],[27.8029,-16.8302],[27.3605,-17.271],[27.0225,-17.9875],[27.6315,-17.5031],[27.7003,-17.1982],[27.9571,-17.031],[28.0059,-17.1369],[28.1357,-17.1635],[28.1161,-16.8484],[28.2179,-16.8972],[28.3875,-16.7588],[28.4411,-16.9256],[28.6517,-16.7304],[28.8027,-16.8952],[29.0559,-16.5938],[28.6071,-16.4884]]],[[[35.1487,-14.2444],[35.1423,-14.2538],[35.1471,-14.2419],[35.1487,-14.2444]]],[[[34.8289,-13.9644],[34.8391,-13.995],[34.8147,-13.9667],[34.8289,-13.9644]]],[[[34.8075,-14.0172],[34.8261,-14.0168],[34.8249,-14.0237],[34.8075,-14.0172]]],[[[34.7539,-13.9807],[34.7571,-13.9925],[34.7501,-13.9849],[34.7539,-13.9807]]],[[[34.7113,-12.0838],[34.7571,-12.0528],[34.7313,-12.1],[34.7113,-12.0838]]],[[[34.6323,-13.8924],[34.6235,-13.9057],[34.6185,-13.8886],[34.6323,-13.8924]]],[[[34.6313,-12.0208],[34.6205,-12.0367],[34.6121,-12.0089],[34.6313,-12.0208]]],[[[34.6179,-0.1581],[34.6025,-0.1558],[34.6181,-0.1537],[34.6179,-0.1581]]],[[[34.6129,-13.8811],[34.6077,-13.8885],[34.6059,-13.8811],[34.6129,-13.8811]]],[[[34.5463,-0.1839],[34.5387,-0.1855],[34.5371,-0.1782],[34.5463,-0.1839]]],[[[34.5179,-0.1904],[34.5157,-0.2166],[34.4961,-0.2074],[34.5179,-0.1904]]],[[[34.4901,-13.4187],[34.4849,-13.4338],[34.4819,-13.4286],[34.4901,-13.4187]]],[[[34.4687,-0.2027],[34.4589,-0.2139],[34.4539,-0.211],[34.4687,-0.2027]]],[[[34.2619,-0.3429],[34.2529,-0.3528],[34.2487,-0.3521],[34.2527,-0.3424],[34.2619,-0.3429]]],[[[34.1643,-0.363],[34.1643,-0.4383],[34.1217,-0.4223],[34.1643,-0.363]]],[[[34.1869,-0.3443],[34.1877,-0.3579],[34.1835,-0.3565],[34.1869,-0.3443]]],[[[34.1379,-0.2266],[34.1523,-0.2257],[34.1447,-0.2399],[34.1379,-0.2266]]],[[[34.0961,-0.1151],[34.0985,-0.1311],[34.0929,-0.116],[34.0961,-0.1151]]],[[[34.0945,-0.471],[34.0849,-0.4692],[34.0955,-0.4662],[34.0945,-0.471]]],[[[34.0933,-0.5172],[34.0837,-0.5273],[34.0849,-0.5115],[34.0933,-0.5172]]],[[[34.0275,-0.4181],[34.0377,-0.4895],[33.9443,-0.4677],[34.0275,-0.4181]]],[[[33.9829,-0.1308],[34.0241,-0.1287],[34.0457,-0.1213],[34.0293,-0.1374],[33.9829,-0.1308]]],[[[34.0325,-0.7387],[34.0219,-0.7494],[34.0283,-0.7392],[34.0325,-0.7387]]],[[[33.9391,-0.1635],[33.9375,-0.1736],[33.9377,-0.1628],[33.9391,-0.1635]]],[[[33.9259,-0.5608],[33.9191,-0.5634],[33.9249,-0.5562],[33.9259,-0.5608]]],[[[33.9201,0.1087],[33.9097,0.1041],[33.9169,0.1117],[33.9201,0.1087]]],[[[33.9015,-0.1594],[33.9043,-0.1657],[33.8997,-0.1626],[33.9015,-0.1594]]],[[[33.7587,0.0971],[33.8257,0.1085],[33.8959,0.0873],[33.7587,0.0971]]],[[[33.8945,-0.1607],[33.8879,-0.1667],[33.8867,-0.1585],[33.8945,-0.1607]]],[[[33.8723,-0.1397],[33.8687,-0.1479],[33.8679,-0.1383],[33.8723,-0.1397]]],[[[33.8405,-1.497],[33.8317,-1.5028],[33.8393,-1.4936],[33.8405,-1.497]]],[[[33.7829,-1.38],[33.7657,-1.3833],[33.7749,-1.3716],[33.7829,-1.38]]],[[[33.7681,-1.401],[33.7709,-1.4065],[33.7685,-1.4045],[33.7681,-1.401]]],[[[33.7675,0.1811],[33.7707,0.1723],[33.7623,0.1783],[33.7675,0.1811]]],[[[33.7123,-0.0819],[33.7195,-0.1605],[33.6675,-0.1281],[33.7123,-0.0819]]],[[[33.7219,-1.4148],[33.7129,-1.4155],[33.7149,-1.4073],[33.7219,-1.4148]]],[[[33.6927,-1.3914],[33.7117,-1.407],[33.6943,-1.4073],[33.6927,-1.3914]]],[[[33.6549,0.0],[33.6735,-0.0202],[33.6327,-0.0241],[33.6549,0.0]]],[[[33.6499,0.0335],[33.6407,0.0101],[33.6335,0.0167],[33.6499,0.0335]]],[[[33.6127,0.0561],[33.6087,0.0423],[33.5989,0.0457],[33.6127,0.0561]]],[[[33.6061,0.1167],[33.5979,0.1085],[33.5951,0.1125],[33.6061,0.1167]]],[[[33.5401,0.1379],[33.5867,0.1559],[33.5803,0.1097],[33.5401,0.1379]]],[[[33.4999,0.1119],[33.5019,0.1003],[33.4991,0.1007],[33.4999,0.1119]]],[[[33.4989,-2.1823],[33.4951,-2.1925],[33.4947,-2.1831],[33.4989,-2.1823]]],[[[33.4981,0.0829],[33.4897,0.0841],[33.4931,0.0927],[33.4981,0.0829]]],[[[33.4759,-2.2339],[33.4795,-2.2162],[33.4801,-2.2353],[33.4759,-2.2339]]],[[[33.4787,0.0567],[33.4745,0.0423],[33.4725,0.0559],[33.4787,0.0567]]],[[[33.4703,0.0787],[33.4757,0.0703],[33.4685,0.0753],[33.4703,0.0787]]],[[[33.4609,-2.1944],[33.4681,-2.2044],[33.4551,-2.2045],[33.4609,-2.1944]]],[[[33.4261,-1.6739],[33.4171,-1.6798],[33.4185,-1.6762],[33.4261,-1.6739]]],[[[33.4249,-1.9092],[33.4143,-1.9023],[33.4249,-1.9004],[33.4249,-1.9092]]],[[[33.4233,0.2129],[33.4183,0.2041],[33.4121,0.2105],[33.4233,0.2129]]],[[[33.3983,0.2483],[33.4081,0.2387],[33.3971,0.2449],[33.3983,0.2483]]],[[[33.4025,-1.6629],[33.4021,-1.6712],[33.3949,-1.6679],[33.4025,-1.6629]]],[[[33.2053,0.1979],[33.3961,0.2623],[33.3301,0.0823],[33.2053,0.1979]]],[[[33.3337,-1.7179],[33.3513,-1.6925],[33.3721,-1.7374],[33.3337,-1.7179]]],[[[33.3683,-1.9609],[33.3607,-1.964],[33.3601,-1.9561],[33.3683,-1.9609]]],[[[33.3605,-1.9396],[33.3537,-1.9481],[33.3553,-1.9389],[33.3605,-1.9396]]],[[[33.3511,0.3187],[33.3361,0.3211],[33.3537,0.3315],[33.3511,0.3187]]],[[[33.3369,-2.286],[33.3277,-2.2903],[33.3263,-2.2839],[33.3369,-2.286]]],[[[33.3117,-2.2055],[33.2757,-2.1944],[33.3107,-2.1776],[33.3117,-2.2055]]],[[[33.2519,0.0691],[33.3063,0.0419],[33.2575,0.0183],[33.2519,0.0691]]],[[[33.2495,-0.0833],[33.2529,-0.0978],[33.2499,-0.0965],[33.2495,-0.0833]]],[[[33.2373,-0.1043],[33.2263,-0.1167],[33.2253,-0.1114],[33.2373,-0.1043]]],[[[33.2253,-0.1215],[33.2149,-0.1307],[33.2231,-0.1198],[33.2253,-0.1215]]],[[[33.2161,-1.9276],[33.2097,-1.9336],[33.2029,-1.9286],[33.2161,-1.9276]]],[[[33.1967,0.2175],[33.1813,0.2123],[33.1945,0.2207],[33.1967,0.2175]]],[[[32.9101,-1.8849],[33.1087,-1.9578],[33.1691,-2.1618],[32.8479,-2.0572],[32.9101,-1.8849]]],[[[33.1543,0.1485],[33.1745,0.1399],[33.1725,0.1129],[33.1543,0.1485]]],[[[33.1813,-2.4514],[33.1777,-2.459],[33.1761,-2.4567],[33.1813,-2.4514]]],[[[33.1433,-1.9253],[33.1795,-1.9164],[33.1863,-1.9201],[33.1433,-1.9253]]],[[[33.1775,0.2005],[33.1625,0.2041],[33.1683,0.2093],[33.1775,0.2005]]],[[[33.1587,-0.0459],[33.1327,-0.0536],[33.1713,-0.031],[33.1587,-0.0459]]],[[[33.1617,0.1749],[33.1611,0.1601],[33.1531,0.1705],[33.1617,0.1749]]],[[[33.1551,-0.0595],[33.1499,-0.057],[33.1603,-0.0554],[33.1551,-0.0595]]],[[[33.1439,0.1331],[33.1281,0.1233],[33.1281,0.1385],[33.1439,0.1331]]],[[[33.1365,0.1667],[33.1353,0.1583],[33.1339,0.1663],[33.1365,0.1667]]],[[[33.1253,-2.2856],[33.1343,-2.2766],[33.1353,-2.2784],[33.1253,-2.2856]]],[[[33.0753,0.1059],[33.1311,0.1061],[33.0943,0.0831],[33.0753,0.1059]]],[[[33.0061,-1.7885],[33.0979,-1.8453],[33.0249,-1.8819],[33.0061,-1.7885]]],[[[33.0893,0.0757],[33.0939,0.0661],[33.0857,0.0683],[33.0893,0.0757]]],[[[33.0823,-1.9261],[33.0779,-1.935],[33.0745,-1.9309],[33.0823,-1.9261]]],[[[33.0715,-1.9311],[33.0547,-1.9355],[33.0521,-1.9074],[33.0715,-1.9311]]],[[[33.0457,0.0465],[33.0381,0.0477],[33.0491,0.0539],[33.0457,0.0465]]],[[[33.0411,0.1063],[33.0301,0.0939],[33.0283,0.0985],[33.0411,0.1063]]],[[[33.0087,0.0687],[33.0057,0.0603],[33.0025,0.0611],[33.0087,0.0687]]],[[[33.0021,-2.364],[32.9915,-2.3693],[32.9871,-2.3626],[33.0021,-2.364]]],[[[32.9877,0.0557],[32.9893,0.0483],[32.9825,0.0561],[32.9877,0.0557]]],[[[32.9873,-2.1264],[32.9855,-2.1335],[32.9823,-2.1252],[32.9873,-2.1264]]],[[[32.9647,-2.1719],[32.9551,-2.1717],[32.9649,-2.1676],[32.9647,-2.1719]]],[[[32.9043,0.0179],[32.9297,0.0],[32.9001,0.0],[32.9043,0.0179]]],[[[32.8701,-2.1018],[32.9091,-2.1151],[32.9015,-2.1289],[32.8701,-2.1018]]],[[[32.8739,-2.7981],[32.8683,-2.8073],[32.8707,-2.7979],[32.8739,-2.7981]]],[[[32.8623,-1.8619],[32.8477,-1.8722],[32.8429,-1.854],[32.8623,-1.8619]]],[[[32.8301,-0.0648],[32.8311,-0.0774],[32.8229,-0.0622],[32.8301,-0.0648]]],[[[32.8259,-0.0496],[32.8165,-0.0586],[32.8137,-0.0567],[32.8259,-0.0496]]],[[[32.7481,0.0],[32.7931,-0.0223],[32.7641,-0.037],[32.7481,0.0]]],[[[32.8239,-1.9536],[32.8137,-1.9596],[32.8175,-1.9536],[32.8239,-1.9536]]],[[[32.7411,-0.0168],[32.7695,-0.1226],[32.6619,-0.0973],[32.7411,-0.0168]]],[[[32.7931,-1.7968],[32.7945,-1.8097],[32.7901,-1.797],[32.7931,-1.7968]]],[[[32.7721,-2.8832],[32.7959,-2.8694],[32.7963,-2.8763],[32.7721,-2.8832]]],[[[32.7697,-2.0916],[32.7723,-2.1043],[32.7547,-2.0987],[32.7697,-2.0916]]],[[[32.7363,-2.4276],[32.7481,-2.45],[32.7227,-2.4376],[32.7363,-2.4276]]],[[[32.7383,0.0793],[32.7423,0.0713],[32.7333,0.0779],[32.7383,0.0793]]],[[[32.7125,-0.3164],[32.7217,-0.3258],[32.7067,-0.3201],[32.7125,-0.3164]]],[[[32.7021,-2.4316],[32.6849,-2.4309],[32.6841,-2.4224],[32.7021,-2.4316]]],[[[32.6931,-2.343],[32.6899,-2.3448],[32.6845,-2.3313],[32.6931,-2.343]]],[[[32.6493,-0.0156],[32.6723,-0.0241],[32.6731,-0.0307],[32.6493,-0.0156]]],[[[32.6559,0.1651],[32.6587,0.1557],[32.6473,0.1649],[32.6559,0.1651]]],[[[32.6531,-0.0946],[32.6475,-0.1035],[32.6451,-0.1021],[32.6531,-0.0946]]],[[[32.6443,-0.0815],[32.6471,-0.0854],[32.6387,-0.0805],[32.6443,-0.0815]]],[[[32.6475,-2.3814],[32.6439,-2.3933],[32.6391,-2.3904],[32.6475,-2.3814]]],[[[32.5827,-0.0844],[32.6111,-0.0893],[32.6311,-0.0918],[32.6321,-0.0982],[32.5827,-0.0844]]],[[[32.5639,-0.3319],[32.6119,-0.3106],[32.6113,-0.3276],[32.5639,-0.3319]]],[[[32.6003,-1.4493],[32.5801,-1.4663],[32.5971,-1.4375],[32.6003,-1.4493]]],[[[32.5551,-0.2295],[32.5795,-0.2156],[32.5863,-0.2321],[32.5551,-0.2295]]],[[[32.5737,-0.3556],[32.5621,-0.3614],[32.5707,-0.3467],[32.5737,-0.3556]]],[[[32.5501,-2.2392],[32.5495,-2.2574],[32.5367,-2.2475],[32.5501,-2.2392]]],[[[32.4521,-0.4102],[32.4893,-0.4872],[32.4511,-0.4936],[32.4521,-0.4102]]],[[[32.4105,-2.3325],[32.5387,-2.2774],[32.4405,-2.4218],[32.4105,-2.3325]]],[[[32.5299,-0.3347],[32.5039,-0.363],[32.5099,-0.3207],[32.5299,-0.3347]]],[[[32.5223,-2.2277],[32.5261,-2.2433],[32.5181,-2.2295],[32.5223,-2.2277]]],[[[32.4391,-0.3397],[32.4779,-0.3734],[32.4299,-0.3826],[32.4391,-0.3397]]],[[[32.4807,-0.3195],[32.4697,-0.3234],[32.4675,-0.3218],[32.4807,-0.3195]]],[[[32.4721,-2.2642],[32.4691,-2.2719],[32.4659,-2.2635],[32.4721,-2.2642]]],[[[32.4415,-0.2464],[32.4375,-0.2529],[32.4343,-0.2503],[32.4415,-0.2464]]],[[[32.4439,0.0061],[32.4303,0.0],[32.4283,0.0121],[32.4439,0.0061]]],[[[32.4311,-0.3199],[32.4301,-0.3241],[32.4283,-0.3203],[32.4311,-0.3199]]],[[[32.4037,-0.3833],[32.4239,-0.3962],[32.4043,-0.387],[32.4037,-0.3833]]],[[[32.3599,-0.3711],[32.4089,-0.3578],[32.4237,-0.3603],[32.3599,-0.3711]]],[[[32.3507,-0.4019],[32.3899,-0.4178],[32.3479,-0.4179],[32.3507,-0.4019]]],[[[32.3979,-0.2494],[32.3919,-0.2593],[32.3887,-0.2581],[32.3979,-0.2494]]],[[[32.2963,-0.1878],[32.3809,-0.2478],[32.3771,-0.2694],[32.2963,-0.1878]]],[[[32.3699,-2.1296],[32.3637,-2.1381],[32.3641,-2.1286],[32.3699,-2.1296]]],[[[32.3613,-0.3192],[32.3661,-0.3286],[32.3587,-0.3231],[32.3613,-0.3192]]],[[[32.3553,-0.6378],[32.3459,-0.6454],[32.3587,-0.6109],[32.3553,-0.6378]]],[[[32.3157,-0.4377],[32.3351,-0.4607],[32.3057,-0.4535],[32.3157,-0.4377]]],[[[32.3473,-0.0129],[32.3507,-0.0234],[32.3389,-0.0186],[32.3473,-0.0129]]],[[[32.3347,-0.6665],[32.3239,-0.6787],[32.3397,-0.6426],[32.3347,-0.6665]]],[[[32.3229,-0.4802],[32.3349,-0.4864],[32.3219,-0.4827],[32.3229,-0.4802]]],[[[32.3283,-2.2351],[32.3149,-2.2391],[32.3135,-2.2328],[32.3283,-2.2351]]],[[[32.0843,-0.2197],[32.3277,-0.3295],[32.2733,-0.3577],[32.2923,-0.468],[32.1903,-0.4585],[32.1607,-0.5418],[32.1661,-0.4339],[32.2571,-0.3924],[32.0843,-0.2197]]],[[[32.2833,-0.3886],[32.3257,-0.3897],[32.3103,-0.4204],[32.2833,-0.3886]]],[[[32.2883,-0.5111],[32.3245,-0.4944],[32.3009,-0.5313],[32.2883,-0.5111]]],[[[32.3151,-0.4616],[32.3189,-0.4666],[32.3119,-0.4655],[32.3151,-0.4616]]],[[[32.3061,-0.6233],[32.3195,-0.6295],[32.2999,-0.6566],[32.3061,-0.6233]]],[[[32.3079,-0.7163],[32.2889,-0.728],[32.3077,-0.7101],[32.3079,-0.7163]]],[[[32.3067,-0.1719],[32.3035,-0.18],[32.2977,-0.1758],[32.3067,-0.1719]]],[[[32.2999,-0.2201],[32.2975,-0.2291],[32.2925,-0.2275],[32.2999,-0.2201]]],[[[32.2901,-0.1772],[32.2599,-0.1648],[32.2901,-0.1712],[32.2901,-0.1772]]],[[[32.2897,-2.21],[32.2829,-2.2137],[32.2751,-2.2088],[32.2897,-2.21]]],[[[32.2535,-0.6062],[32.2447,-0.6202],[32.2411,-0.618],[32.2535,-0.6062]]],[[[32.2295,-0.4817],[32.2369,-0.4861],[32.2305,-0.4893],[32.2295,-0.4817]]],[[[32.2131,-0.5731],[32.2387,-0.5685],[32.2253,-0.5805],[32.2131,-0.5731]]],[[[32.2053,-2.2504],[32.1951,-2.2539],[32.1919,-2.2444],[32.2053,-2.2504]]],[[[32.1931,-0.5839],[32.1893,-0.5876],[32.1929,-0.5786],[32.1931,-0.5839]]],[[[32.1697,-2.2389],[32.1725,-2.2456],[32.1661,-2.2416],[32.1697,-2.2389]]],[[[32.1713,-0.4074],[32.1649,-0.4192],[32.1689,-0.4065],[32.1713,-0.4074]]],[[[32.1539,-2.1547],[32.1423,-2.1676],[32.1363,-2.1643],[32.1539,-2.1547]]],[[[32.1399,-1.4333],[32.1057,-1.4909],[32.1065,-1.4757],[32.1399,-1.4333]]],[[[31.9483,-2.2715],[32.0399,-2.3468],[31.9489,-2.3451],[31.9483,-2.2715]]],[[[32.0649,-2.2162],[32.0667,-2.2314],[32.0645,-2.2314],[32.0649,-2.2162]]],[[[32.0499,-2.3604],[32.0527,-2.3701],[32.0493,-2.3701],[32.0499,-2.3604]]],[[[31.9923,-2.4234],[32.0135,-2.4301],[32.0095,-2.4345],[31.9923,-2.4234]]],[[[31.9923,-1.4991],[31.9779,-1.4961],[31.9859,-1.4883],[31.9923,-1.4991]]],[[[31.9767,-2.4236],[31.9881,-2.4551],[31.9495,-2.4334],[31.9767,-2.4236]]],[[[31.9635,-2.3753],[31.9607,-2.4156],[31.9287,-2.4182],[31.9635,-2.3753]]],[[[31.8587,-1.612],[31.9377,-1.6585],[31.8513,-1.7486],[31.8587,-1.612]]],[[[31.7753,-2.3048],[31.9141,-2.3046],[31.8519,-2.4582],[31.8301,-2.3093],[31.7753,-2.3048]]],[[[31.8733,-1.5893],[31.8729,-1.6001],[31.8623,-1.5807],[31.8733,-1.5893]]],[[[31.8651,-1.2793],[31.8653,-1.2922],[31.8617,-1.2846],[31.8651,-1.2793]]],[[[31.8463,-1.7748],[31.8081,-1.8051],[31.8397,-1.7541],[31.8463,-1.7748]]],[[[31.8243,-2.7805],[31.8173,-2.7881],[31.8221,-2.7768],[31.8243,-2.7805]]],[[[31.8201,-2.6845],[31.8145,-2.6975],[31.8117,-2.6946],[31.8201,-2.6845]]],[[[31.7655,-2.0801],[31.8205,-2.1462],[31.7619,-2.1418],[31.7655,-2.0801]]],[[[31.8185,-1.4995],[31.8063,-1.5131],[31.8009,-1.5004],[31.8185,-1.4995]]],[[[31.7797,-1.9596],[31.8105,-1.967],[31.7693,-1.9759],[31.7797,-1.9596]]],[[[31.8027,-1.8228],[31.7967,-1.8311],[31.8007,-1.8221],[31.8027,-1.8228]]],[[[31.7969,-2.3277],[31.7883,-2.3435],[31.7865,-2.3269],[31.7969,-2.3277]]],[[[31.7857,-0.9411],[31.7907,-0.9519],[31.7877,-0.9519],[31.7857,-0.9411]]],[[[31.7853,-1.933],[31.7801,-1.9412],[31.7775,-1.9331],[31.7853,-1.933]]],[[[31.7421,-2.5111],[31.7467,-2.5179],[31.7389,-2.5141],[31.7421,-2.5111]]],[[[31.7035,-1.8668],[31.6921,-1.8711],[31.7021,-1.8643],[31.7035,-1.8668]]],[[[31.6919,-2.2707],[31.6917,-2.2879],[31.6837,-2.2838],[31.6919,-2.2707]]],[[[31.1269,-8.7094],[31.1157,-8.7201],[31.1189,-8.6958],[31.1269,-8.7094]]],[[[31.0993,-8.7428],[31.0959,-8.7586],[31.0853,-8.7511],[31.0993,-8.7428]]],[[[30.9419,-8.1562],[30.9409,-8.1632],[30.9385,-8.1628],[30.9419,-8.1562]]],[[[30.9423,-8.2055],[30.9461,-8.2182],[30.9397,-8.2064],[30.9423,-8.2055]]],[[[30.9023,-8.0545],[30.8931,-8.0573],[30.8947,-8.0447],[30.9023,-8.0545]]],[[[30.5743,-7.4629],[30.5747,-7.4831],[30.5685,-7.4632],[30.5743,-7.4629]]],[[[30.5735,-7.4161],[30.5805,-7.4041],[30.5767,-7.4333],[30.5735,-7.4161]]],[[[30.5479,-7.4411],[30.5475,-7.4514],[30.5417,-7.4417],[30.5479,-7.4411]]],[[[29.4015,-5.6781],[29.4207,-5.6643],[29.4069,-5.6833],[29.4015,-5.6781]]],[[[28.9077,-16.5735],[28.8903,-16.5783],[28.8959,-16.5676],[28.9077,-16.5735]]],[[[28.8851,-16.6953],[28.8669,-16.6953],[28.8681,-16.6795],[28.8851,-16.6953]]],[[[28.8571,-16.5783],[28.8729,-16.5945],[28.8413,-16.5826],[28.8571,-16.5783]]],[[[28.6983,-16.7313],[28.6873,-16.7337],[28.6907,-16.7221],[28.6983,-16.7313]]],[[[28.6765,-16.7088],[28.6535,-16.7036],[28.6773,-16.7022],[28.6765,-16.7088]]],[[[28.6595,-16.5738],[28.6523,-16.572],[28.6689,-16.5674],[28.6595,-16.5738]]],[[[28.6083,-16.5246],[28.6003,-16.5299],[28.5863,-16.5254],[28.6083,-16.5246]]],[[[28.5661,-16.5428],[28.5463,-16.5497],[28.5639,-16.5403],[28.5661,-16.5428]]],[[[28.4571,-16.5894],[28.4721,-16.5922],[28.4565,-16.5913],[28.4571,-16.5894]]],[[[28.4589,-16.747],[28.4549,-16.7553],[28.4551,-16.7492],[28.4589,-16.747]]],[[[28.2385,-16.7917],[28.2279,-16.7965],[28.2191,-16.7927],[28.2385,-16.7917]]],[[[28.1749,-16.8283],[28.1759,-16.8503],[28.1501,-16.8385],[28.1749,-16.8283]]],[[[28.1739,-16.8111],[28.1657,-16.82],[28.1563,-16.8173],[28.1739,-16.8111]]],[[[28.1563,-16.7835],[28.1475,-16.7896],[28.1455,-16.7882],[28.1563,-16.7835]]],[[[28.0993,-17.0125],[28.0921,-17.0221],[28.0831,-17.0168],[28.0993,-17.0125]]],[[[27.9471,-16.974],[27.9931,-17.0023],[27.9379,-16.9885],[27.9471,-16.974]]],[[[27.9287,-16.9919],[27.9313,-17.0052],[27.9137,-16.9932],[27.9287,-16.9919]]],[[[27.9291,-17.0215],[27.9389,-17.0371],[27.9349,-17.0368],[27.9291,-17.0215]]],[[[27.9287,-16.8122],[27.9199,-16.8196],[27.9169,-16.8173],[27.9287,-16.8122]]],[[[27.8451,-16.8854],[27.8421,-16.8999],[27.8399,-16.8956],[27.8451,-16.8854]]],[[[27.6259,-17.3124],[27.6375,-17.3122],[27.6169,-17.3186],[27.6209,-17.2921],[27.6259,-17.3124]]],[[[27.6371,-17.2994],[27.6281,-17.3039],[27.6361,-17.2964],[27.6371,-17.2994]]],[[[27.6275,-17.1473],[27.6189,-17.1544],[27.6149,-17.1465],[27.6275,-17.1473]]],[[[27.6137,-17.1265],[27.6099,-17.1372],[27.6021,-17.1279],[27.6137,-17.1265]]],[[[27.5721,-17.3302],[27.5711,-17.3745],[27.5233,-17.368],[27.5721,-17.3302]]],[[[27.5529,-17.425],[27.5569,-17.4325],[27.5469,-17.4302],[27.5529,-17.425]]],[[[27.4815,-17.4061],[27.5385,-17.4159],[27.5365,-17.4287],[27.4815,-17.4061]]],[[[27.4541,-17.5642],[27.4359,-17.5655],[27.4573,-17.5561],[27.4541,-17.5642]]],[[[27.4403,-17.4451],[27.4421,-17.4637],[27.4331,-17.4437],[27.4403,-17.4451]]],[[[27.4407,-17.5489],[27.4271,-17.5664],[27.4229,-17.5624],[27.4407,-17.5489]]],[[[27.4267,-17.4101],[27.4223,-17.4161],[27.4189,-17.4146],[27.4267,-17.4101]]],[[[27.4143,-17.4338],[27.4207,-17.4472],[27.4063,-17.4362],[27.4143,-17.4338]]],[[[3.9713,12.8119],[8.1405,12.0953],[12.2541,12.0953],[15.0703,11.5651],[15.0857,11.1239],[13.3851,9.9549],[12.9551,9.2277],[12.8883,8.2371],[14.1739,5.5895],[14.4377,4.3585],[14.2221,3.3305],[13.1199,2.3031],[10.4685,2.1227],[9.8795,2.7545],[9.9755,3.0843],[9.5657,3.7879],[9.7179,4.0909],[9.5939,4.0065],[8.8011,5.1603],[8.5097,4.6957],[8.2655,4.8431],[8.2793,4.5387],[6.0843,4.2777],[5.5893,4.6615],[5.3875,5.3913],[4.9091,5.9755],[4.4481,6.3445],[3.9181,6.4313],[1.4345,6.1829],[0.9249,5.7841],[0.2385,5.7609],[-2.0555,4.7411],[-3.9879,5.2463],[-6.1211,4.9985],[-7.7228,4.3683],[-9.0288,4.9769],[-10.0215,5.9439],[-10.7906,6.2925],[-10.7307,6.4197],[-11.3537,6.7071],[-11.5642,7.0011],[-12.5169,7.3877],[-12.4304,7.4189],[-12.3395,7.3769],[-12.3001,7.3823],[-12.4836,7.4491],[-12.3026,7.5281],[-12.5341,7.6539],[-12.475,7.7813],[-12.7647,7.7467],[-13.2902,8.4191],[-12.928,8.5641],[-13.1751,8.5313],[-13.3246,9.3387],[-13.7257,9.5033],[-13.5682,9.7703],[-13.755,9.7665],[-13.6837,9.9381],[-13.8142,9.8401],[-14.0481,10.1533],[-14.4565,10.2083],[-14.667,10.4747],[-14.541,10.8171],[-14.7032,10.6327],[-14.6562,10.8003],[-14.7481,10.6899],[-14.8091,10.8231],[-14.671,11.0391],[-15.0863,10.9251],[-14.9955,11.2107],[-15.2287,11.0739],[-15.4281,11.2397],[-15.3538,11.4065],[-15.5141,11.3321],[-15.286,11.6251],[-15.1228,11.5381],[-14.9751,11.5883],[-15.2675,11.6371],[-15.19,11.7253],[-15.2239,11.7591],[-15.4318,11.5439],[-15.5218,11.7799],[-15.3916,11.8821],[-15.192,11.8693],[-15.0248,11.9665],[-15.4094,11.9651],[-15.9612,11.7347],[-15.8812,11.9455],[-16.1126,11.8777],[-16.3861,12.0713],[-16.1391,12.2933],[-16.4726,12.1767],[-16.7175,12.3283],[-14.7361,12.6777],[-15.1997,13.2187],[-15.5649,12.7227],[-16.7812,12.6623],[-16.6897,13.4861],[-16.5559,13.2971],[-16.3657,13.2689],[-16.1536,13.4269],[-15.6241,13.4423],[-15.5864,13.4911],[-16.1532,13.4521],[-16.3188,13.3355],[-16.5133,13.3535],[-16.6485,13.7065],[-16.5158,13.8593],[-16.6999,13.7749],[-16.7259,13.9965],[-16.7723,13.8315],[-17.1584,14.6227],[-17.5352,14.7467],[-17.1289,14.9211],[-16.5486,15.7565],[-16.0387,18.2635],[-15.3207,16.8429],[-13.5788,15.5507],[-4.3645,13.2471],[3.9713,12.8119]]]]}},{"type":"Feature","properties":{"birdlifeId":"22689887","scientificName":"Caprimulgus europaeus","rangeType":"breeding","speciesId":"avibase-80D4B0FE","speciesName":"European Nightjar","speciesLatin":"Caprimulgus europaeus"},"geometry":{"type":"MultiPolygon","coordinates":[[[[21.7463,60.4817],[21.8017,60.5057],[21.8299,60.5421],[21.8603,60.6487],[21.6727,60.5997],[21.6599,60.5201],[21.5849,60.4937],[21.6139,60.5213],[21.5765,60.5655],[21.3489,60.6869],[21.4781,60.7071],[21.4475,60.7879],[21.3433,60.8863],[21.2169,60.9063],[21.4455,60.9107],[21.3017,61.0817],[21.6173,61.2273],[21.4937,61.5829],[21.7235,61.5513],[21.4269,61.9525],[21.2839,61.9937],[21.4529,62.2135],[21.0815,62.6239],[21.1767,62.7453],[21.1231,62.7945],[21.4183,62.8779],[21.4731,63.0565],[21.6921,63.0511],[21.5117,63.1701],[21.5845,63.2837],[21.5891,63.2479],[21.6827,63.2095],[21.9909,63.2569],[21.9403,63.1943],[22.0027,63.1575],[22.0459,63.1941],[22.0211,63.2337],[22.1893,63.2265],[22.3805,63.3433],[25.4347,63.4347],[28.5737,63.2775],[32.1667,63.4443],[34.0561,63.2249],[36.2071,63.4497],[41.0929,64.4605],[43.5047,64.2585],[44.6683,64.4191],[53.2245,64.4191],[59.4769,64.2545],[69.0203,58.6603],[70.5139,57.6023],[78.0251,56.9929],[82.2087,56.2905],[85.6247,56.3385],[92.8871,55.8543],[98.6849,55.1767],[103.9651,54.2621],[104.2757,54.3549],[110.6081,52.7161],[117.7029,49.9497],[120.0441,48.1639],[120.5287,46.8949],[120.1137,46.0793],[118.8913,45.1957],[116.8613,44.1321],[112.5779,42.6395],[107.0953,41.8819],[99.1387,42.4459],[95.6017,42.2057],[91.4327,38.5051],[89.3651,37.4419],[82.6799,36.1913],[80.3527,36.2279],[78.7771,36.6123],[77.0685,36.3463],[76.0001,35.8079],[76.0001,35.2657],[73.4629,34.4729],[70.8303,32.0047],[69.8431,29.7011],[68.1977,27.0685],[67.7203,25.0001],[66.9847,25.0001],[65.0001,26.2967],[65.0001,27.0001],[64.7161,27.0001],[64.5777,28.3849],[64.9067,30.1949],[66.2231,31.5111],[68.8557,33.3211],[70.3365,35.2955],[70.3365,36.7765],[70.0001,36.7765],[70.0001,37.0001],[69.0001,37.0001],[69.0001,36.7427],[66.0001,36.0001],[64.3375,35.0001],[64.0001,35.0001],[64.0001,34.7831],[63.2615,34.3083],[63.0001,34.0001],[63.0001,33.6287],[61.9515,31.0001],[61.6455,31.0001],[60.3611,29.1277],[61.0131,29.3407],[59.6415,27.3977],[59.4769,26.5749],[58.4897,25.5877],[57.0089,26.0813],[56.0217,26.7395],[54.0471,26.7395],[51.9081,27.8913],[49.7691,29.8657],[48.4529,30.5239],[48.6979,31.8713],[47.5447,33.4597],[46.6147,35.5599],[46.3333,35.7683],[46.0151,35.6799],[46.1891,35.1083],[45.9119,35.1269],[45.5159,35.3467],[45.4863,35.7731],[44.8241,36.0527],[44.5673,36.4305],[41.9471,36.8015],[41.8463,37.1555],[40.6627,36.9895],[39.9423,36.6303],[39.7733,36.1251],[38.9819,36.0473],[38.6995,36.3113],[38.7067,36.7681],[37.9175,36.6501],[36.9613,36.7993],[36.7087,36.6385],[36.7859,36.2255],[36.1537,35.9845],[36.1989,35.3089],[35.9001,35.0843],[35.9243,35.4237],[35.7273,35.5843],[35.9901,36.0109],[35.7911,36.3199],[36.2187,36.6517],[36.0297,36.9331],[35.3491,36.5429],[34.6563,36.8061],[33.9587,36.2123],[33.8789,36.3137],[33.6945,36.1317],[32.8083,36.0191],[32.0261,36.5441],[31.0427,36.8575],[30.6213,36.8479],[30.4049,36.2001],[30.1875,36.3051],[29.6807,36.1213],[29.1193,36.3749],[29.0959,36.6821],[28.9291,36.7547],[28.8477,36.5903],[28.4611,36.8821],[28.2697,36.8561],[28.0347,36.5635],[28.1199,36.8077],[27.6783,36.6595],[27.3633,36.6881],[28.0345,36.7893],[28.3315,37.0505],[27.4249,37.0361],[27.2653,36.9681],[27.2545,37.1269],[27.4707,37.0839],[27.5777,37.1379],[27.6133,37.2745],[27.1907,37.3551],[27.2169,37.5887],[27.1615,37.6225],[27.0069,37.6661],[27.2399,37.7329],[27.2721,37.9663],[26.2343,38.2759],[26.2861,38.3791],[26.3827,38.3161],[26.5125,38.4199],[26.4157,38.6823],[26.6793,38.3161],[27.1685,38.4543],[26.7229,38.6533],[27.0655,38.8811],[26.6107,39.2815],[26.6719,39.2859],[26.8575,39.4451],[26.8587,39.4797],[26.9403,39.4941],[26.9525,39.5581],[26.0757,39.4753],[26.1645,39.9637],[26.7581,40.4095],[27.7693,40.3183],[27.7821,40.5361],[28.0381,40.4893],[27.9609,40.3613],[29.0599,40.3707],[29.1553,40.4453],[28.7857,40.5447],[29.9381,40.7289],[29.2659,40.8117],[29.0151,41.0287],[29.1009,41.1245],[29.0865,41.1709],[29.1577,41.2249],[31.2333,41.1041],[32.5843,41.8327],[33.3395,42.0255],[34.7169,41.9469],[34.9457,42.1019],[35.2217,42.0157],[35.0921,41.9179],[35.2943,41.7095],[35.9815,41.7361],[36.4031,41.2501],[36.8123,41.3587],[37.5155,41.0253],[37.6875,41.1349],[38.3549,40.9089],[39.4259,41.1055],[40.1825,40.9125],[41.4165,41.3889],[41.7759,41.8517],[41.4387,42.7317],[40.2949,43.1709],[38.7603,44.2703],[38.1809,44.3973],[37.7881,44.7251],[37.4883,44.6695],[37.2003,44.9817],[36.5753,45.1847],[36.9605,45.2751],[36.6247,45.3025],[36.7901,45.4361],[37.5301,45.3759],[37.9403,46.0259],[38.0955,45.9451],[38.2729,46.2669],[37.7041,46.7001],[38.5913,46.6591],[38.4109,46.8281],[39.2805,47.0171],[39.2259,47.2671],[38.0963,47.0245],[37.5657,47.0885],[36.1159,46.4863],[36.2487,46.6355],[35.9073,46.6511],[35.1745,46.1361],[34.9853,46.0759],[35.3371,46.3251],[35.3481,46.3531],[35.1981,46.4433],[34.8091,46.1655],[35.3353,45.3821],[36.3419,45.4767],[36.6367,45.3459],[36.4327,45.2753],[36.4397,45.0657],[35.5153,45.1161],[33.9557,44.3811],[33.3669,44.5793],[33.5453,44.6259],[33.5419,45.1119],[32.4805,45.3959],[33.1771,45.8071],[33.2461,45.7565],[33.4831,45.8569],[33.7641,45.9265],[33.6123,46.1459],[32.5095,46.0751],[31.7927,46.3313],[31.7023,46.2771],[31.7767,46.3321],[32.0609,46.3907],[31.7089,46.4371],[31.5079,46.5797],[32.3253,46.4645],[32.4237,46.4923],[31.9973,46.6465],[31.9751,46.8789],[31.8597,46.6283],[31.4303,46.6329],[31.5045,46.6631],[31.5497,46.7657],[30.8329,46.5483],[30.5093,46.0965],[30.2517,45.8767],[29.7277,45.5873],[29.8807,45.6781],[29.7401,45.6157],[29.6973,45.7817],[29.6409,45.8221],[29.7681,45.3337],[29.6147,44.8629],[29.0967,44.7571],[28.6561,44.3397],[28.5903,43.4921],[28.0973,43.3753],[27.9071,43.1937],[27.9071,42.7093],[27.4551,42.4815],[27.7365,42.4123],[28.2241,41.5321],[29.1133,41.2449],[28.9985,41.0193],[27.5215,40.9829],[26.1953,40.0447],[26.2191,40.3245],[26.8201,40.6537],[26.1193,40.6041],[25.9525,40.8507],[25.1413,41.0119],[24.8033,40.8527],[24.4335,40.9463],[23.7037,40.6991],[24.4049,40.1455],[23.9437,40.3641],[23.7421,40.3601],[23.7033,40.2955],[23.7841,40.1999],[24.0031,40.1149],[23.9363,39.9391],[23.6639,40.2313],[23.3469,40.2323],[23.7095,39.9095],[23.3605,39.9563],[23.3195,40.2317],[22.8995,40.3831],[22.9545,40.6377],[22.6013,40.4915],[22.5979,40.0233],[23.3533,39.1897],[23.2055,39.1003],[23.0603,39.0961],[23.0781,39.1503],[23.1027,39.1019],[23.2145,39.1529],[23.2203,39.1923],[22.9389,39.3617],[22.8229,39.2223],[23.0583,39.0207],[22.5245,38.8605],[23.1139,38.6253],[23.3147,38.6451],[23.3339,38.5027],[24.0837,38.1675],[24.0301,37.6523],[23.5309,38.0473],[22.9969,37.8821],[23.5185,37.4321],[23.2701,37.4029],[23.1699,37.2887],[23.1229,37.4515],[22.7213,37.5619],[23.1979,36.4383],[22.6277,36.8089],[22.4831,36.3879],[22.1199,37.0313],[21.9327,36.9845],[21.8831,36.7203],[21.7059,36.8199],[21.6531,37.4367],[21.1063,37.8533],[21.3713,38.2157],[21.9503,38.3323],[22.8777,37.9391],[23.2275,38.1547],[22.4167,38.4431],[21.4909,38.3011],[21.3183,38.4973],[21.1051,38.3417],[21.1011,38.5523],[20.7327,38.8555],[21.1737,38.8689],[21.1185,39.0413],[20.7307,38.9525],[19.9845,39.6899],[19.8727,40.0411],[19.4821,40.2199],[19.3027,40.4285],[19.4953,40.3575],[19.3217,40.6559],[19.5361,40.9129],[19.4009,41.4135],[19.6013,41.8139],[19.1769,41.9371],[19.0681,42.1325],[18.6847,42.3867],[18.5455,42.4183],[18.7061,42.3947],[18.7585,42.4905],[18.5123,42.4585],[18.5227,42.3945],[17.8927,42.7883],[17.0037,43.0079],[17.2789,43.0065],[17.4755,42.9107],[17.6899,42.8555],[17.7145,42.8773],[16.8851,43.3997],[15.9609,43.5027],[15.9559,43.6865],[15.8449,43.7761],[15.9999,43.8055],[15.9791,43.9053],[15.6957,43.7687],[15.2025,44.1319],[15.1079,44.2619],[15.2917,44.2457],[15.3029,44.2859],[15.2589,44.3199],[15.2723,44.3327],[15.6265,44.1461],[14.9873,44.5769],[14.8447,45.1133],[14.5435,45.3037],[14.3243,45.3507],[13.9051,44.7701],[13.4933,45.4861],[13.8091,45.6131],[13.5481,45.7973],[13.4481,45.7795],[13.5035,45.7355],[13.5479,45.7277],[13.5511,45.7233],[13.3977,45.6753],[13.3795,45.6827],[13.3667,45.7387],[13.1327,45.7709],[12.8967,45.6021],[12.1721,45.6121],[11.2483,45.0733],[9.8965,45.2057],[9.8069,45.0835],[10.2725,44.6653],[12.2953,44.4585],[12.6905,43.9905],[13.6271,43.5519],[13.9515,42.7245],[14.7287,42.0937],[15.5071,41.9091],[15.3053,41.8821],[15.3463,41.8653],[16.0837,41.9415],[16.2005,41.7949],[15.8973,41.6191],[15.9565,41.4631],[17.2329,40.9911],[17.1593,40.5075],[16.8723,40.4075],[16.4881,39.7787],[17.1583,39.4007],[17.2137,39.0259],[16.6173,38.8139],[16.5765,38.4241],[16.0663,37.9233],[15.6381,38.0167],[15.8477,38.6553],[16.2241,38.8557],[15.6627,40.0391],[15.3323,40.0001],[14.9017,40.2461],[14.9881,40.4129],[14.7921,40.6637],[14.3253,40.5759],[14.4567,40.7439],[14.0289,40.7929],[13.7105,41.2505],[13.0479,41.2255],[11.6461,42.2879],[11.0999,42.3931],[11.0859,42.6387],[10.4933,42.9383],[10.5197,43.2691],[10.1655,43.9613],[8.7639,44.4305],[8.0741,43.8941],[7.2435,43.7025],[6.7317,43.4161],[6.6437,43.1759],[6.1507,43.0301],[5.3393,43.2209],[5.2615,43.5267],[4.3887,43.8661],[4.1865,43.7737],[4.2275,43.4683],[3.9823,43.5533],[3.5039,43.2807],[3.3373,43.5989],[3.1649,43.5885],[3.0317,42.6781],[2.6697,42.4725],[3.3141,42.3293],[3.0391,42.1749],[3.2007,41.8983],[2.1185,41.2973],[1.3423,41.1249],[0.5761,41.2121],[0.5481,41.6611],[-0.5682,41.9737],[-0.9815,41.1179],[-1.7098,41.0237],[-1.9679,41.2747],[-1.7981,41.7029],[-2.1709,41.8801],[-2.3037,42.4567],[-2.7018,42.1193],[-2.5559,41.6507],[-2.7969,41.2643],[-2.5664,40.9293],[-3.1337,40.3203],[-5.2376,39.6455],[-5.5096,39.7615],[-5.7733,40.3833],[-6.7556,40.2361],[-6.8109,40.1097],[-6.0107,39.9621],[-5.9787,39.6771],[-7.3153,39.5079],[-7.3637,38.9253],[-7.8166,38.7765],[-8.7949,37.8063],[-8.9062,38.4899],[-8.8003,38.4041],[-8.6222,38.4061],[-8.7434,38.5595],[-9.2167,38.4175],[-9.2661,38.6687],[-9.0439,38.6027],[-8.9208,38.7623],[-8.9775,38.9451],[-8.9389,38.9709],[-8.9148,39.0209],[-8.8158,39.0271],[-8.7525,39.0663],[-8.7188,39.1133],[-8.9338,39.0157],[-9.0696,38.8359],[-9.1197,38.7091],[-9.4801,38.7021],[-9.4071,39.3553],[-9.1934,39.3805],[-8.7549,40.1383],[-8.9089,40.1877],[-8.6088,40.7343],[-8.6562,40.8585],[-8.7224,40.6675],[-8.7514,40.6463],[-8.643,41.1453],[-8.8304,41.6829],[-8.7327,41.7007],[-8.7079,41.7137],[-8.8708,41.7437],[-8.5837,41.9633],[-8.0552,42.0257],[-8.0344,41.6507],[-7.677,41.6611],[-7.7008,42.2337],[-6.6753,42.6177],[-6.6938,42.8973],[-6.0609,42.7729],[-4.7888,43.1451],[-4.1399,42.8041],[-4.2139,43.0523],[-3.8993,43.1761],[-3.6961,42.9075],[-3.9934,42.4621],[-5.0844,42.6383],[-7.0136,42.2545],[-7.182,42.0257],[-5.7096,42.1921],[-5.6628,41.8801],[-6.4767,41.7549],[-6.4309,41.5463],[-6.0716,41.4107],[-6.3125,41.2433],[-6.2107,41.1073],[-5.1042,40.5201],[-4.5799,40.9083],[-3.9646,40.7615],[-3.5671,41.0549],[-3.5544,41.2747],[-3.9294,41.6819],[-2.7344,42.7833],[-3.1093,43.0833],[-3.482,43.0317],[-3.573,43.5051],[-2.9782,43.3105],[-2.7501,43.4539],[-2.1718,43.2893],[-1.6612,43.3915],[-1.4244,43.6615],[-1.2539,44.5511],[-1.0201,44.6553],[-1.1644,44.7733],[-1.2632,44.6285],[-1.1327,45.5155],[-1.0609,45.5679],[-0.6775,45.0775],[-0.5992,45.0151],[-0.5586,45.0355],[-0.8241,45.4897],[-1.2346,45.6889],[-0.9894,45.9597],[-1.2394,46.1657],[-1.1179,46.2947],[-1.8046,46.4871],[-2.139,46.8171],[-1.9844,47.0325],[-2.2432,47.1345],[-2.0089,47.3161],[-2.4915,47.2699],[-2.4778,47.5127],[-2.8105,47.4861],[-2.9107,47.5415],[-2.7337,47.5397],[-2.6566,47.6099],[-2.706,47.6385],[-2.9738,47.6567],[-3.1096,47.4701],[-3.1365,47.7393],[-4.0977,47.8613],[-3.7953,48.0897],[-4.1834,48.2499],[-4.287,48.4031],[-4.1155,48.5421],[-3.6477,48.6047],[-2.8312,48.3405],[-2.4969,48.6479],[-1.8481,48.7159],[-1.4473,48.3475],[-1.476,47.8873],[-0.7947,47.7197],[-0.3789,48.4517],[-1.0208,48.7087],[-0.8691,49.1313],[-0.598,49.3425],[-0.2292,49.2691],[1.0493,49.5661],[1.0181,49.3729],[1.6397,49.1797],[1.6183,48.9443],[-0.1756,49.0413],[-0.3997,48.8127],[0.9553,48.7851],[0.9853,48.5281],[0.6589,48.2291],[0.8113,48.1315],[1.7379,48.3613],[1.3831,48.7503],[2.4939,48.8265],[2.9377,48.2499],[3.0937,48.6601],[3.7347,48.6047],[3.7893,48.9651],[4.1579,49.1105],[3.8345,49.3937],[4.1943,49.6213],[3.7691,49.9857],[5.1647,50.3765],[5.1487,50.6705],[4.4787,51.1407],[4.5141,51.5007],[5.3559,51.5075],[4.8169,51.8663],[5.1611,52.2039],[6.1027,52.5135],[5.8769,52.8481],[6.1619,53.1449],[6.6359,52.9679],[6.6077,52.5405],[7.2337,52.9231],[7.8489,52.7823],[7.5339,52.5203],[7.1735,52.5135],[7.3699,52.0825],[5.8845,51.8055],[6.0251,51.6159],[6.7691,51.8597],[7.0445,51.7581],[6.5433,51.3243],[5.8761,51.3107],[5.6461,51.0387],[5.6207,50.7387],[5.9985,50.6637],[6.5037,50.8547],[6.9533,50.7933],[6.8749,50.4517],[6.1809,50.5543],[4.7781,49.7657],[4.5145,49.9307],[4.7071,49.0067],[4.4095,48.8335],[4.3939,48.3683],[4.1379,48.2151],[3.6489,48.1667],[3.0761,47.7477],[2.1531,48.1765],[2.6587,47.5561],[2.2799,47.2659],[2.2603,46.3507],[2.5205,46.3407],[2.5367,46.6129],[3.0867,46.6329],[2.6263,47.0453],[3.0791,47.5161],[3.7757,47.5761],[4.3097,47.3259],[4.4025,46.5525],[4.7207,46.5423],[4.3827,46.0579],[4.4233,45.8047],[5.5931,45.8047],[5.6253,46.0477],[5.1325,45.9363],[4.8319,46.1589],[5.3277,46.5021],[5.1895,46.9949],[5.5707,47.3259],[5.1083,47.4261],[4.8843,46.9045],[4.3015,47.9057],[4.8413,48.1049],[5.3299,47.7361],[6.1891,47.9155],[6.3179,47.8059],[6.0785,47.3459],[6.5075,46.9949],[6.2581,46.7939],[5.7535,46.9347],[5.5345,46.8041],[5.9043,46.3609],[5.8563,46.0375],[6.7585,45.5513],[6.8385,45.1447],[6.6037,44.8899],[6.9185,44.7571],[6.7543,44.3893],[6.8353,44.0511],[7.1225,44.0305],[7.8169,44.2561],[7.0847,44.3585],[7.2197,44.6755],[6.9637,44.8797],[7.1835,45.0937],[7.0467,45.5209],[7.1643,45.6527],[8.0173,45.7135],[8.8923,46.1185],[9.9503,46.2397],[11.6725,46.8041],[13.2633,46.3205],[13.4523,46.3507],[13.1875,46.6531],[14.2231,46.8845],[15.9141,46.6219],[15.7209,47.0453],[15.8209,47.7261],[16.0523,48.0551],[16.7783,48.3685],[16.8491,48.5959],[15.9347,48.7057],[15.6855,48.5299],[15.5325,48.7277],[15.7947,48.8265],[15.1385,48.9581],[14.7693,48.5959],[14.2343,48.5189],[13.1613,49.1773],[12.8789,48.9473],[12.7757,49.2319],[13.0857,49.3195],[13.0477,49.6143],[12.6123,49.6471],[12.8753,50.2211],[12.2059,49.8207],[12.2419,49.0621],[11.5457,48.9651],[11.2097,48.6323],[10.3987,48.7711],[10.2921,48.9651],[10.5305,49.1035],[9.9629,49.2349],[10.0277,49.7383],[10.6129,49.8415],[10.6797,50.0269],[10.1371,49.9995],[9.2629,49.3867],[8.7287,49.2349],[8.5105,48.6047],[7.6737,48.5213],[7.1689,48.7433],[7.1211,48.9097],[7.7129,49.4283],[8.7563,49.5385],[8.4907,49.9651],[9.1145,50.3833],[9.2447,50.6705],[9.7159,50.6705],[10.6255,51.2903],[11.0355,51.2835],[11.2579,50.8615],[12.7329,50.8479],[12.6239,50.6637],[11.4825,50.5201],[12.3377,50.3833],[13.4845,50.6773],[14.0307,50.5065],[14.2321,50.6773],[11.4979,51.6159],[11.4469,52.0861],[11.0585,52.4661],[10.5275,52.2479],[9.2091,52.3103],[7.9971,52.0025],[7.5715,52.4305],[8.7783,52.7549],[8.6663,52.9013],[8.0251,52.8881],[8.0229,53.0829],[8.5497,53.4011],[8.8833,53.1095],[9.4553,53.0785],[9.6225,53.1979],[9.4869,53.4629],[10.0367,53.1271],[10.2415,53.3525],[11.4941,53.2465],[12.0523,53.0209],[12.0003,52.3899],[12.5677,51.9475],[13.0781,52.3925],[14.4775,52.3857],[14.5637,52.4733],[14.0745,52.8359],[13.7581,52.6615],[12.9147,52.6883],[12.9155,52.9767],[12.5043,53.0101],[12.2789,53.3243],[12.7847,53.5911],[13.2457,53.2441],[13.4775,54.1163],[13.6983,54.1719],[13.8227,53.8407],[14.5295,53.5711],[14.3763,53.1439],[14.6717,53.2909],[14.6329,53.5777],[14.9409,54.0657],[16.1563,54.2865],[17.2381,54.7315],[18.3319,54.8361],[18.7315,54.6837],[18.8295,54.6117],[18.4183,54.7761],[18.5841,54.4331],[18.9405,54.3417],[19.8983,54.6261],[19.2319,54.3395],[19.3731,54.2231],[20.3983,54.6737],[19.8727,54.6407],[19.9695,54.9575],[20.5487,54.9965],[21.0395,55.4009],[21.0583,56.8129],[21.4097,57.0363],[21.6959,57.5621],[22.6089,57.7617],[23.2643,57.0923],[23.6363,56.9661],[24.4089,57.2541],[24.3151,57.8719],[24.5595,58.3207],[23.7361,58.3515],[23.5011,58.5771],[23.7627,58.7625],[23.4629,58.7737],[23.4311,58.9395],[23.6379,58.9705],[23.4073,59.0187],[23.4997,59.2253],[24.0273,59.2879],[24.3633,59.4751],[24.7287,59.4577],[24.8011,59.5703],[25.4017,59.4891],[25.6979,59.6763],[27.8953,59.4095],[28.0803,59.7965],[28.3741,59.6611],[28.5005,59.8575],[28.8387,59.7847],[29.1873,60.0071],[30.1557,59.8639],[30.2467,59.9669],[28.6209,60.3523],[28.4297,60.5691],[28.4991,60.5587],[28.5819,60.4903],[28.6671,60.4585],[28.7021,60.4551],[28.6969,60.5019],[28.6913,60.5015],[28.6789,60.5195],[28.6615,60.5281],[28.6509,60.5897],[28.5531,60.6045],[28.6829,60.6139],[28.6819,60.7365],[28.4065,60.6599],[28.2421,60.5117],[27.7679,60.5825],[26.4457,60.4937],[26.4121,60.4081],[26.5421,60.3513],[26.0723,60.4361],[26.1177,60.3231],[25.9373,60.3609],[25.7903,60.2371],[25.6423,60.3093],[25.7221,60.3361],[25.6769,60.3811],[24.8469,60.2113],[24.8457,60.1675],[24.6587,60.1361],[24.4167,59.9627],[24.3127,60.0873],[23.3947,59.9231],[23.4861,59.9987],[23.4699,60.0247],[23.2325,59.8915],[23.2485,59.8437],[22.9233,59.8089],[23.1651,59.8921],[23.2335,60.0339],[23.0341,59.9093],[22.8853,59.9237],[22.8191,59.9803],[22.8197,60.0201],[22.9843,59.9703],[23.2645,60.0619],[22.8751,60.1639],[23.0403,60.3257],[22.9825,60.3317],[22.5363,60.2121],[22.6493,60.4079],[21.9007,60.5561],[21.8961,60.4819],[21.8313,60.5017],[21.7463,60.4817]],[[33.4307,45.8343],[33.4279,45.8329],[33.4325,45.8345],[33.4307,45.8343]],[[49.2065,39.0791],[49.2069,39.0797],[49.2083,39.0893],[49.2065,39.0791]],[[31.5661,46.7805],[31.5685,46.7811],[31.5707,46.7847],[31.5661,46.7805]],[[32.2355,46.1761],[32.2373,46.1725],[32.2433,46.1731],[32.2355,46.1761]],[[31.5933,46.8051],[31.5761,46.7897],[31.5949,46.8003],[31.5933,46.8051]],[[48.3085,39.4521],[48.3559,39.3949],[48.3423,39.4215],[48.3085,39.4521]],[[13.3901,45.6857],[13.4401,45.6893],[13.4659,45.7073],[13.4007,45.7253],[13.3901,45.6857]],[[45.5175,40.6655],[45.5289,40.6061],[45.5875,40.6539],[45.5175,40.6655]],[[48.5773,45.9519],[48.6755,45.7649],[48.7381,45.7895],[48.5773,45.9519]],[[48.0901,38.9801],[48.2609,38.9767],[48.3279,39.0517],[48.3001,39.1021],[48.0901,38.9801]],[[45.6075,38.9515],[44.8819,39.6095],[44.5575,39.7345],[45.0481,39.2245],[45.6075,38.9515]],[[17.6103,50.0321],[17.2487,50.0229],[17.0709,49.8671],[17.5429,49.7663],[17.6103,50.0321]],[[48.0589,39.6693],[47.3917,39.4705],[47.0419,39.2271],[48.0589,39.6693]],[[0.3963,47.6661],[0.0915,47.6461],[0.0915,47.3861],[0.4973,47.3059],[0.3963,47.6661]],[[5.7869,52.1027],[6.1953,51.9475],[6.4545,52.0691],[6.5013,52.3655],[6.2087,52.1229],[5.7869,52.1027]],[[15.9003,50.2013],[16.1647,50.0183],[16.4617,50.1053],[16.1903,50.4341],[15.9003,50.2013]],[[20.2131,49.1547],[19.8309,49.0025],[19.8203,48.7993],[20.3765,48.9101],[20.2131,49.1547]],[[54.6905,37.4501],[54.8089,37.4145],[55.5663,38.0993],[54.8551,37.7631],[54.6905,37.4501]],[[45.3419,36.0069],[45.7629,35.8009],[46.2715,35.8141],[45.3417,36.2031],[45.3419,36.0069]],[[20.5311,54.9611],[21.2467,54.9503],[21.2893,55.2917],[21.1837,55.3409],[21.2473,55.4633],[21.1403,55.6823],[21.0987,55.7219],[21.0629,55.3313],[20.5311,54.9611]],[[3.4745,46.3105],[4.0193,45.8351],[4.0931,45.9871],[4.0381,46.2801],[3.6929,46.4819],[3.4745,46.3105]],[[12.2199,50.2327],[11.6563,50.1985],[11.5713,49.7795],[12.2293,49.9033],[12.2199,50.2327]],[[14.8355,50.6711],[15.1319,50.5755],[15.3657,50.7713],[14.8689,51.1393],[14.4897,51.0621],[14.9237,50.8167],[14.8355,50.6711]],[[2.5603,45.7745],[1.3035,45.6121],[1.2887,45.4903],[2.2965,45.0733],[2.6739,45.4903],[2.5603,45.7745]],[[5.0407,45.5107],[5.1013,44.5631],[5.3605,44.5631],[5.4223,44.9001],[5.8433,45.1243],[6.2407,44.6959],[6.4293,44.7879],[6.4357,45.2057],[6.2505,45.3583],[5.4563,45.2973],[5.1855,45.5613],[5.0407,45.5107]],[[1.7961,42.5969],[-0.1103,42.8351],[-0.1676,42.5243],[0.3481,42.2857],[0.9649,42.6279],[1.4511,42.2857],[2.0243,42.3479],[1.7961,42.5969]],[[26.9577,48.1837],[25.6965,47.8557],[26.1703,47.3459],[27.3425,47.5261],[26.9577,48.1837]],[[2.9405,44.3893],[3.3139,44.2971],[3.6755,44.5121],[4.1481,44.2561],[4.5101,44.4813],[4.4275,44.8389],[3.9219,44.7061],[3.4909,44.8287],[3.5375,45.2361],[3.3225,45.3887],[3.1981,46.0881],[2.8733,45.0937],[2.4537,44.8389],[2.4385,44.6959],[2.9423,44.6653],[2.9405,44.3893]],[[1.2547,43.7531],[0.9685,44.2561],[0.7095,44.2765],[0.1625,43.7223],[-0.2257,44.0613],[-1.1172,44.0407],[-0.1966,43.4443],[-0.0243,43.0729],[0.7651,43.1555],[1.6101,42.6901],[2.2155,43.3619],[2.1589,43.5165],[1.7571,43.5885],[1.3391,43.1451],[1.2547,43.7531]],[[45.2375,39.6359],[45.8115,39.5565],[46.0933,38.9597],[46.6225,39.2247],[46.3817,39.4137],[46.5305,39.5761],[45.5929,39.9825],[45.9009,40.0175],[46.0027,40.2203],[45.3911,40.6433],[45.6141,40.8755],[45.1057,41.0557],[43.8645,40.9573],[43.9735,40.7103],[44.6681,40.4737],[44.1487,40.2257],[43.9295,40.5489],[43.7123,40.2473],[43.8127,40.0639],[45.3743,40.0531],[45.3961,39.6531],[45.2375,39.6359]],[[22.9931,46.3003],[24.0651,47.9461],[23.5647,47.8857],[23.1539,48.1063],[21.8531,47.3961],[21.7869,47.2459],[22.0443,47.1857],[22.3763,47.4161],[22.8541,47.4061],[22.8633,46.5625],[22.5213,46.1387],[21.5841,45.9061],[20.9689,46.3003],[20.2917,46.0579],[20.4195,45.7237],[21.7631,44.6347],[22.4847,44.6653],[22.4601,45.0121],[23.2753,45.4193],[23.7255,45.4701],[24.3437,45.1853],[24.3743,44.7163],[24.1161,44.4813],[23.4079,44.1639],[22.9651,44.2253],[22.8257,43.7635],[23.1475,43.5989],[24.6825,43.8149],[24.5937,44.2765],[25.3993,44.7571],[26.6483,44.9205],[27.7001,44.6959],[28.3999,45.2937],[28.0693,45.5833],[28.0991,46.0879],[26.8877,45.9465],[25.6415,45.4193],[24.8939,45.7035],[25.2807,46.5827],[23.6767,45.8757],[23.0649,46.0375],[22.9931,46.3003]],[[52.9345,46.9341],[52.4509,46.9959],[52.0973,46.8133],[51.1983,47.1153],[50.4303,46.9011],[49.7685,46.4913],[49.8273,46.3661],[49.5659,46.3723],[49.6235,46.2719],[49.2537,46.4233],[49.1371,46.1139],[48.8135,46.0641],[48.7151,45.6185],[48.4851,45.8699],[48.4183,45.5959],[47.8517,45.7173],[47.8659,45.4743],[47.6601,45.6461],[47.1975,44.8401],[46.6887,44.5431],[47.2271,44.2251],[47.5217,43.7769],[47.7389,43.9147],[47.4613,43.0317],[47.7563,42.6365],[49.0401,41.4141],[49.5281,40.6629],[50.3589,40.3703],[50.3635,40.1957],[50.1241,40.3583],[49.4881,40.1505],[49.2809,39.5005],[49.4037,39.2725],[49.2569,39.3175],[49.2019,39.0247],[49.1005,38.9389],[49.1481,39.0933],[48.9549,39.1639],[49.0041,37.7267],[50.1995,37.3855],[50.3175,37.1371],[50.9607,36.7825],[51.8489,36.5769],[54.0161,36.9475],[53.5767,36.8121],[54.0343,36.8143],[54.1611,37.3331],[53.9057,37.3509],[53.8037,37.9019],[53.9839,38.9159],[53.5793,39.3189],[53.1647,39.3479],[53.1731,39.1697],[53.1205,39.3411],[53.1225,39.4351],[53.2695,39.6579],[53.2119,39.5187],[53.7339,39.5123],[53.4083,39.6659],[53.5759,39.9661],[52.9347,39.9905],[53.0389,39.7397],[52.6903,40.2719],[52.9187,41.0817],[53.1117,40.7679],[53.4737,40.7289],[53.5967,40.8945],[53.7465,40.6153],[54.3497,40.6731],[54.2447,40.8803],[54.7611,40.9683],[54.0729,41.4755],[53.9089,42.0547],[53.6679,42.1429],[52.9467,41.9731],[52.8579,41.0625],[52.4053,42.0883],[52.7383,42.7103],[51.9025,42.8419],[51.6557,43.1833],[51.2657,43.1531],[51.3159,43.4497],[50.8401,44.1931],[50.2315,44.3689],[50.3157,44.6587],[51.5703,44.5139],[50.9531,44.8619],[51.4053,45.3705],[53.2281,45.3379],[52.7331,45.5495],[53.1645,46.3117],[52.9967,46.4881],[53.2081,46.6865],[52.9345,46.9341]],[[52.8329,47.8547],[53.8197,47.0359],[56.8437,46.7231],[70.0001,47.1129],[70.0001,47.3785],[73.1337,47.9651],[77.4119,47.9651],[85.4743,48.4587],[86.1325,49.1169],[76.9183,50.2687],[73.2983,50.9269],[70.0001,50.9269],[70.0001,51.2375],[59.7923,50.6731],[54.9431,50.7621],[53.0125,49.8989],[52.8329,47.8547]]],[[[7.9501,36.8465],[9.8651,37.3351],[9.7635,37.2245],[9.8271,37.1433],[9.8829,37.2729],[10.2789,37.1881],[10.1323,37.1477],[10.3879,36.7211],[11.0771,37.0567],[11.1223,36.8431],[10.5123,36.3227],[10.5549,35.9539],[7.5683,35.5671],[7.4833,35.1519],[6.8983,34.9599],[6.3399,34.9781],[5.8801,35.2823],[4.8351,35.1055],[3.1721,34.4727],[2.1553,34.3471],[-1.8472,33.0517],[-7.3734,30.1817],[-9.1549,29.6203],[-9.9272,29.7333],[-9.6031,30.3959],[-9.8944,30.6379],[-9.8467,31.3939],[-9.2641,32.1783],[-9.2777,32.5509],[-8.515,33.2649],[-6.8311,34.0443],[-5.8986,35.8131],[-5.2822,35.9111],[-5.2345,35.5575],[-4.4287,35.1605],[-3.338,35.1957],[-2.9635,35.4539],[-2.9161,35.1841],[-2.813,35.1163],[-2.9083,35.2563],[-1.9538,35.0795],[-1.2925,35.3623],[-0.9406,35.7337],[-0.3719,35.9147],[-0.1079,35.7949],[0.3453,36.2029],[1.3529,36.5557],[2.5485,36.5927],[2.9049,36.8061],[3.9071,36.9261],[4.7891,36.8961],[5.3649,36.6465],[6.4687,37.0937],[6.9339,36.8853],[7.3869,37.0895],[7.9501,36.8465]]],[[[10.4257,59.2597],[10.3665,59.1741],[10.4029,59.2637],[10.3749,59.2723],[10.3127,59.0599],[10.2327,59.1233],[9.9613,58.9635],[9.7939,59.0913],[9.5179,59.1285],[9.7223,59.0335],[9.7531,58.9911],[9.3019,58.8877],[9.2891,58.8381],[9.4657,58.8319],[9.3539,58.7521],[9.0715,58.7559],[9.2465,58.7243],[8.4291,58.3061],[8.5333,58.2655],[8.4395,58.2847],[8.1451,58.1033],[8.0389,58.2319],[7.4937,58.0187],[9.8245,60.3763],[10.7289,60.8179],[11.9177,61.0337],[12.3953,60.7641],[11.7205,59.3229],[11.8955,59.1401],[13.1443,60.1141],[14.5299,60.3221],[14.6207,60.5839],[14.2733,60.9529],[14.3567,61.0785],[15.9903,60.9707],[16.4139,61.1323],[17.1705,62.3703],[17.5599,62.6531],[17.8641,62.8117],[18.0013,62.7059],[17.8657,62.6733],[17.8663,62.4925],[17.4275,62.5507],[17.3399,62.4759],[17.3957,62.3069],[17.6697,62.2315],[17.3117,61.8565],[17.4921,61.6187],[17.1249,61.7225],[17.2613,61.6575],[17.1269,61.6503],[17.1083,61.6203],[17.2481,61.6043],[17.0749,61.6123],[17.0497,61.5751],[17.2267,61.5485],[17.0569,61.5473],[17.2823,61.2809],[17.1197,61.3075],[17.1461,61.0073],[17.2477,61.0099],[17.0847,60.9005],[17.3585,60.7571],[17.1541,60.6841],[17.7415,60.4965],[17.9931,60.6017],[18.2361,60.3367],[18.6121,60.2505],[18.3151,60.3105],[18.5919,60.0505],[18.8169,59.9801],[18.7737,60.1029],[18.8421,60.1115],[19.0933,59.8691],[18.8499,59.9469],[18.9529,59.8517],[18.7301,59.7571],[19.0031,59.7785],[19.0731,59.7205],[18.9255,59.7549],[18.2383,59.4371],[18.3489,59.3893],[17.9675,59.4377],[18.4759,59.1705],[18.1985,59.1089],[18.0543,59.0267],[18.0185,59.0469],[17.9037,58.8517],[17.6763,59.1783],[17.5821,58.9495],[17.6341,58.8943],[17.4673,58.8889],[17.5143,58.7799],[17.0967,58.7733],[16.9441,58.6109],[16.3579,58.6637],[16.2039,58.6413],[16.9559,58.4809],[16.3133,58.4933],[16.8011,58.3613],[16.6367,58.3455],[16.8591,58.1753],[16.6199,58.2015],[16.7889,58.0787],[16.6327,57.9827],[16.8099,57.8713],[16.5943,57.9267],[16.4815,57.8915],[16.6757,57.7611],[16.4175,57.9251],[16.7419,57.7005],[16.5403,57.7287],[16.6645,57.6081],[16.5815,57.6507],[16.5207,57.5635],[16.7151,57.4887],[16.4715,57.2603],[16.4721,57.1489],[16.5857,57.0459],[16.4577,57.0315],[16.3957,56.6773],[15.8595,56.0709],[15.8347,56.1653],[15.6041,56.2029],[15.0247,56.1875],[14.3393,55.9561],[14.1967,55.7333],[14.3527,55.5133],[14.1741,55.3773],[12.8137,55.3787],[13.0673,55.6731],[12.5063,56.2917],[12.7991,56.2229],[12.6195,56.4177],[12.9385,56.5755],[12.3633,56.9173],[12.1229,57.4299],[11.9545,57.3589],[11.9713,57.3897],[11.9123,57.4375],[11.9319,57.6235],[11.7139,57.7179],[11.8317,57.7809],[11.6823,57.8535],[11.7917,57.9071],[11.7585,57.9489],[11.8213,57.9981],[11.8289,58.0269],[11.8163,58.0693],[11.8177,58.0729],[11.8053,58.0813],[11.9285,58.2227],[11.8251,58.3123],[11.9227,58.3489],[11.7049,58.3405],[11.5245,58.2479],[11.7183,58.4321],[11.5831,58.4785],[11.4715,58.2745],[11.4633,58.4551],[11.2439,58.3535],[11.3507,58.4849],[11.2579,58.5217],[11.3107,58.5809],[11.2551,58.6911],[11.1635,58.7503],[11.2593,58.7231],[11.2399,58.8351],[11.1935,58.9311],[11.1187,58.9701],[11.2267,59.1343],[11.1859,59.1957],[10.8307,59.1525],[10.8127,59.3195],[10.5921,59.4295],[10.6957,59.5261],[10.5885,59.7631],[10.6663,59.8715],[10.7467,59.7115],[10.7919,59.8469],[10.7609,59.9083],[10.5379,59.8907],[10.4839,59.8381],[10.5359,59.6869],[10.6317,59.5953],[10.5143,59.5165],[10.4377,59.6827],[10.2881,59.7525],[10.2165,59.7415],[10.4213,59.6221],[10.2499,59.5513],[10.3923,59.4375],[10.5037,59.4327],[10.5291,59.3095],[10.4257,59.2597]]],[[[9.1913,41.2419],[9.5677,41.1233],[9.6627,40.9991],[9.5037,40.9161],[9.7249,40.8495],[9.8269,40.5403],[9.6257,40.2477],[9.6317,39.3043],[9.5245,39.1035],[9.0881,39.2301],[9.0145,38.9909],[8.6395,38.8695],[8.3467,39.0847],[8.4813,39.0885],[8.4851,40.3001],[8.1313,40.7389],[8.1993,40.9705],[8.5325,40.8281],[9.1913,41.2419]]],[[[0.4873,40.4869],[-0.3014,39.5305],[-1.1966,39.6783],[-1.3771,39.8917],[-0.8743,40.5475],[-0.2737,40.8303],[0.4873,40.4869]]],[[[-5.4106,37.8085],[-5.2297,37.6375],[-5.2865,37.3401],[-5.8844,37.4303],[-6.1927,37.2407],[-7.2359,37.5835],[-7.3059,37.1951],[-7.3955,37.1809],[-7.4315,37.3799],[-7.4611,37.4099],[-7.4046,37.1709],[-7.7256,37.0579],[-7.6078,37.6915],[-6.7267,37.9345],[-6.2816,37.6915],[-5.8288,37.7995],[-6.0716,38.1321],[-5.8825,38.3295],[-5.1873,38.1859],[-5.4106,37.8085]]],[[[-0.4724,51.5297],[-0.0483,51.0865],[0.3647,51.4781],[0.6433,51.2641],[0.7319,51.3975],[0.7585,51.3637],[0.8903,51.3437],[1.1011,51.3735],[1.1009,51.3231],[0.7857,50.9359],[0.3217,50.7851],[-0.2043,50.9385],[-0.7985,50.7265],[-0.8175,50.8355],[-1.1834,50.8493],[-1.1477,50.7777],[-1.4786,50.9217],[-1.3113,50.8185],[-2.0542,50.7337],[-1.971,50.5963],[-2.2432,50.6215],[-1.8206,51.0199],[-1.1958,50.8569],[-0.784,51.0347],[-1.6205,51.1457],[-1.198,51.4929],[-0.6731,51.3231],[-0.4724,51.5297]]],[[[33.6471,35.3561],[34.5979,35.6995],[33.9303,35.2725],[34.0965,34.9551],[33.6959,34.9717],[33.0381,34.5635],[32.3181,34.8929],[32.2813,35.0985],[32.8547,35.1453],[32.9261,35.4025],[33.6471,35.3561]]],[[[9.3533,43.0101],[9.5613,42.1895],[9.1803,41.3723],[8.6601,41.7509],[8.7993,41.9035],[8.6093,41.9045],[8.7399,42.0613],[8.5437,42.3777],[8.7197,42.5897],[9.2957,42.6813],[9.3533,43.0101]]],[[[23.7843,35.5529],[24.0055,35.5169],[24.1703,35.5957],[24.0729,35.4931],[24.3291,35.3539],[25.7717,35.3431],[25.8135,35.1147],[26.3069,35.3177],[26.2713,35.2133],[26.3171,35.1853],[26.1321,35.0023],[24.7385,34.9253],[24.7399,35.0821],[24.3913,35.1939],[23.5895,35.2343],[23.5957,35.6269],[23.7843,35.5529]]],[[[-1.1726,53.8077],[-0.8586,54.0533],[-0.4533,53.9377],[-0.4112,53.7243],[-0.6256,53.7347],[-0.7008,53.6977],[0.0245,53.5215],[-0.6995,53.3441],[-0.9232,53.0533],[-1.6193,53.2279],[-2.0899,53.1261],[-1.7671,53.5979],[-1.1039,53.4529],[-1.1726,53.8077]]],[[[14.0457,37.8625],[14.8985,38.0153],[15.1095,37.8715],[14.2997,37.5293],[13.2027,37.6105],[12.9205,37.7905],[13.1163,37.9793],[14.0457,37.8625]]],[[[-5.4682,41.7795],[-5.0686,41.9549],[-4.8728,41.6741],[-4.2453,41.5337],[-4.964,41.1817],[-5.7019,41.1817],[-5.865,41.3929],[-5.3041,41.4633],[-5.4682,41.7795]]],[[[8.7379,56.5213],[9.8995,56.3307],[9.6181,55.6787],[8.9821,55.5793],[8.5695,56.1823],[8.7339,56.3801],[9.0021,56.2529],[8.7379,56.5213]]],[[[4.7549,48.3627],[4.9611,48.8987],[5.2771,48.5215],[5.9435,48.6499],[6.1067,48.4687],[5.8927,48.2417],[5.2383,48.1053],[4.7549,48.3627]]],[[[-8.8169,42.4565],[-8.6078,43.0261],[-8.2053,43.0377],[-8.089,42.8403],[-8.1922,42.3167],[-8.6377,42.0601],[-8.8446,42.1551],[-8.6046,42.2911],[-8.8645,42.2543],[-8.6602,42.4199],[-8.9353,42.4627],[-8.8169,42.4565]]],[[[-1.1508,40.6183],[-1.7134,39.9715],[-2.3863,40.1579],[-2.2071,40.3529],[-1.9067,40.3085],[-1.5482,40.8745],[-1.1508,40.6183]]],[[[8.7721,52.0227],[9.2341,51.7433],[9.3499,51.4781],[8.3533,51.3453],[8.2003,51.4855],[8.4245,51.9787],[8.7721,52.0227]]],[[[7.8303,50.4113],[8.3355,50.5971],[8.6101,50.4411],[8.5251,50.1431],[7.6681,49.5823],[7.5403,49.8443],[8.0937,50.2475],[7.8303,50.4113]]],[[[-1.3153,39.2151],[-1.112,39.4023],[-0.3161,39.3755],[-0.1772,39.0401],[-1.0511,38.9293],[-1.3153,39.2151]]],[[[23.3167,39.0431],[23.5917,38.7673],[24.1509,38.6577],[24.2517,38.2353],[24.5873,38.1623],[24.5571,37.9805],[24.2037,38.0923],[24.1587,38.2813],[24.0245,38.3319],[24.0523,38.3919],[23.6527,38.4027],[23.2021,38.8365],[22.8333,38.8331],[23.3167,39.0431]]],[[[3.2029,39.9527],[3.1347,39.7787],[3.4707,39.7129],[3.0655,39.2659],[2.6723,39.5583],[2.3631,39.5311],[3.2029,39.9527]]],[[[-2.052,37.6285],[-2.4348,37.7545],[-2.2574,38.1681],[-1.7905,38.0333],[-1.6224,37.7815],[-2.052,37.6285]]],[[[-2.1153,51.8317],[-3.1336,51.4851],[-3.3203,51.6551],[-2.3968,52.1255],[-2.0052,52.1035],[-2.1153,51.8317]]],[[[0.4849,52.9479],[0.9929,52.5721],[0.7905,52.2061],[0.0859,52.3673],[0.4849,52.9479]]],[[[-2.3848,36.8395],[-2.7079,36.6911],[-3.318,36.7459],[-3.1595,37.0419],[-2.8138,37.1143],[-2.3125,37.1053],[-2.3848,36.8395]]],[[[18.1117,57.5321],[19.0223,57.9179],[19.1091,57.8181],[19.0491,57.8339],[18.9637,57.7897],[18.9569,57.7243],[18.8143,57.7399],[18.7779,57.4703],[18.9451,57.4203],[18.1371,56.9061],[18.3085,57.0971],[18.1021,57.2563],[18.1117,57.5321]]],[[[22.5341,58.6171],[23.3329,58.4417],[22.7185,58.2141],[22.3675,58.2197],[22.0005,57.9169],[22.2015,58.1447],[21.8487,58.2789],[22.0001,58.3737],[21.8319,58.5051],[22.5341,58.6171]],[[23.2825,58.4307],[23.2833,58.4303],[23.2841,58.4309],[23.2825,58.4307]]],[[[7.2993,47.7409],[7.1559,48.3475],[7.5333,48.4081],[7.8969,47.7941],[7.2993,47.7409]]],[[[-0.2799,38.4911],[-0.533,38.1877],[-0.8824,38.2847],[-1.0983,38.6163],[-0.6437,38.7327],[-0.2799,38.4911]]],[[[-2.8708,52.6379],[-3.3865,52.6889],[-3.6042,53.1407],[-3.1715,53.2785],[-2.76,52.7911],[-2.8708,52.6379]]],[[[-4.1681,52.9079],[-3.8846,53.1407],[-3.7606,53.0825],[-3.7182,52.2941],[-4.1894,52.2907],[-3.9392,52.7523],[-4.1681,52.9079]]],[[[2.0373,49.2449],[2.9145,49.3423],[3.0679,49.1321],[2.5011,48.9363],[2.0373,49.2449]]],[[[10.6613,57.7399],[10.5107,57.4951],[9.9001,57.3713],[9.5605,57.0699],[8.2299,56.7291],[8.6233,57.1203],[9.3967,57.1551],[9.9535,57.5889],[10.6613,57.7399]]],[[[9.4511,46.8369],[9.1075,46.9357],[9.4565,47.4851],[9.6789,47.4147],[9.4511,46.8369]]],[[[-3.9674,51.2213],[-3.0589,51.2075],[-2.9464,51.0125],[-3.6471,50.8643],[-3.894,51.0199],[-3.9674,51.2213]]],[[[-1.7828,54.3917],[-1.9853,54.3631],[-2.1789,54.6791],[-2.1595,55.1371],[-1.9682,55.2443],[-1.7533,55.1587],[-1.7828,54.3917]]],[[[1.9425,50.9929],[2.3905,50.6565],[2.0119,50.6417],[1.5549,50.2657],[1.5649,50.6949],[1.9425,50.9929]]],[[[-3.8445,50.5749],[-3.4566,50.7531],[-2.9784,50.8421],[-2.5428,50.6863],[-3.4836,50.6941],[-3.4865,50.4031],[-3.7256,50.2045],[-3.9042,50.2861],[-3.8445,50.5749]]],[[[8.8503,50.7011],[8.0047,50.7383],[7.8741,50.8791],[8.7787,50.9607],[8.8503,50.7011]]],[[[-3.6592,36.8249],[-3.9822,36.9425],[-3.6847,37.0601],[-3.6028,37.3129],[-3.2925,37.3309],[-3.6592,36.8249]]],[[[-0.3391,52.2281],[-0.6525,52.2427],[-0.5974,52.7839],[-0.1491,52.5939],[-0.3391,52.2281]]],[[[14.9541,48.4443],[15.6465,48.3955],[15.6761,48.1231],[15.2515,47.9691],[15.3565,48.2977],[14.9541,48.4443]]],[[[-4.3135,51.5679],[-3.8498,52.0667],[-3.5797,51.9053],[-3.6424,51.4637],[-3.8371,51.6311],[-4.3135,51.5679]]],[[[1.4741,52.0563],[1.1495,52.0463],[1.2719,51.9599],[1.0541,51.9481],[1.2825,51.9497],[1.1791,51.8745],[1.2837,51.8643],[0.9629,51.8525],[0.7765,51.7409],[1.3279,52.3087],[1.6871,52.3475],[1.4741,52.0563]]],[[[-1.9498,49.7235],[-1.2685,49.7043],[-1.235,49.6137],[-1.4899,49.2223],[-1.5978,49.1681],[-1.9498,49.7235]]],[[[7.8435,46.2849],[6.9985,46.1713],[7.8663,46.4125],[7.8435,46.2849]]],[[[26.3255,39.3801],[26.6095,39.0151],[25.8323,39.1925],[25.9135,39.2965],[26.3255,39.3801]]],[[[-5.628,43.0145],[-5.9031,43.1073],[-5.7302,43.4431],[-5.4223,43.3159],[-5.628,43.0145]]],[[[0.2433,40.9717],[-0.1415,40.9009],[-0.3581,41.1743],[0.0871,41.2095],[0.2433,40.9717]]],[[[12.1395,54.0961],[12.8247,54.1903],[13.1495,54.1543],[13.1771,54.0027],[12.1395,54.0961]]],[[[28.2051,36.4347],[28.0887,36.0569],[27.7559,35.8815],[27.6903,36.1565],[28.2051,36.4347]]],[[[17.0803,57.3555],[17.0825,57.1737],[16.4103,56.1929],[16.3809,56.5265],[17.0803,57.3555]]],[[[-6.1952,36.9139],[-5.9959,36.7073],[-6.0999,36.4081],[-6.4338,36.7253],[-6.1952,36.9139]]],[[[2.9291,51.1531],[3.5551,51.3009],[3.4973,51.1013],[3.1953,50.9977],[2.9291,51.1531]]],[[[-0.3075,54.1615],[-0.8362,54.1181],[-1.0618,54.3055],[-0.4878,54.3343],[-0.3075,54.1615]]],[[[3.7505,50.8051],[3.3139,50.5675],[3.1147,50.7011],[3.5953,50.8717],[3.7505,50.8051]]],[[[1.2843,52.6451],[0.9711,52.9827],[1.2559,52.9429],[1.4049,52.8949],[1.7353,52.6433],[1.2843,52.6451]]],[[[-0.7302,51.9787],[0.0411,52.1035],[0.0969,52.0447],[-0.3724,51.8023],[-0.7302,51.9787]]],[[[12.1571,53.4965],[11.8975,53.4601],[11.5325,53.6123],[12.1999,53.7355],[12.1571,53.4965]]],[[[-4.3669,50.5005],[-4.9227,50.1979],[-5.0321,50.3219],[-4.613,50.5971],[-4.3669,50.5005]]],[[[-8.9916,37.0197],[-8.7513,37.4843],[-8.4563,37.0901],[-8.9916,37.0197]]],[[[-2.1076,52.3819],[-2.3767,52.4551],[-2.323,52.7765],[-1.9185,52.5793],[-2.1076,52.3819]]],[[[-6.0364,39.2061],[-6.3485,39.2507],[-6.3156,39.4913],[-5.943,39.4201],[-6.0364,39.2061]]],[[[-4.1322,54.9513],[-4.4579,54.9453],[-4.396,54.6799],[-4.7516,54.8315],[-4.3048,55.2015],[-4.0558,55.1515],[-4.1322,54.9513]]],[[[22.0443,58.9249],[22.6627,59.0861],[23.0747,58.8389],[22.7457,58.8045],[22.5475,58.6873],[22.0443,58.9249]]],[[[14.4853,47.6607],[14.1483,47.6467],[14.0857,47.8851],[14.5247,47.8991],[14.4853,47.6607]]],[[[-10.398,51.8455],[-10.1838,51.9645],[-10.2581,51.9935],[-9.7436,52.1181],[-9.7493,51.9273],[-9.8831,51.8183],[-10.1327,51.7411],[-10.2071,51.8481],[-10.398,51.8455]]],[[[-3.9649,39.3935],[-4.2282,39.3577],[-4.4093,39.5003],[-4.0627,39.6249],[-3.9649,39.3935]]],[[[-7.9227,52.1987],[-7.6691,52.3599],[-7.338,52.1383],[-7.6634,51.9767],[-7.9227,52.1987]]],[[[8.1379,55.9703],[8.5135,55.7995],[8.5039,55.4551],[8.3073,55.5943],[8.2395,55.5625],[8.3135,55.4683],[8.0801,55.5749],[8.1379,55.9703]]],[[[4.2851,52.1167],[4.7671,52.6087],[4.7173,52.2501],[4.2851,52.1167]]],[[[3.3333,50.2623],[3.0327,50.2325],[2.8897,50.4261],[3.3129,50.4633],[3.3333,50.2623]]],[[[-1.4921,38.1949],[-1.6474,38.1501],[-1.8272,38.3027],[-1.5287,38.4641],[-1.4921,38.1949]]],[[[-9.98,53.5631],[-9.6941,53.5999],[-9.9072,53.7643],[-9.5226,53.7715],[-9.6499,53.5181],[-10.2049,53.5479],[-10.1273,53.5787],[-10.0047,53.5481],[-9.959,53.5539],[-9.98,53.5631]]],[[[15.4997,47.5413],[15.1855,47.5835],[15.1931,47.7799],[15.5601,47.7799],[15.4997,47.5413]]],[[[-2.7665,52.2061],[-3.1366,52.3233],[-3.1834,52.5355],[-2.9148,52.5501],[-2.7665,52.2061]]],[[[25.8815,38.5925],[26.1573,38.5551],[26.0181,38.1543],[25.8697,38.2473],[25.9977,38.3511],[25.8815,38.5925]]],[[[-4.54,51.0123],[-4.1943,50.9681],[-4.2141,50.7605],[-4.5994,50.7697],[-4.54,51.0123]]],[[[-3.2275,54.2703],[-3.2455,54.2911],[-2.9648,54.3559],[-2.6479,54.1615],[-2.9222,54.0367],[-2.7971,54.1285],[-2.805,54.2463],[-3.1533,54.0657],[-3.2275,54.2703]]],[[[-6.6855,43.5625],[-6.6153,43.3389],[-6.9217,43.3505],[-6.9502,43.5727],[-6.6855,43.5625]]],[[[20.5417,38.4703],[20.8169,38.1201],[20.7925,38.0643],[20.4491,38.2817],[20.3395,38.1817],[20.5417,38.4703]]],[[[4.6373,50.4633],[4.4031,50.4113],[4.2497,50.6119],[4.5071,50.7233],[4.6373,50.4633]]],[[[10.7633,47.9551],[10.5589,47.9411],[10.4629,48.1581],[10.7107,48.2629],[10.7633,47.9551]]],[[[19.8063,60.3963],[19.9263,60.4203],[19.9465,60.3557],[20.2881,60.2817],[19.9345,60.2391],[20.2427,60.0017],[19.9971,60.1081],[19.7593,60.0949],[19.6493,60.2913],[19.8391,60.2011],[19.9317,60.3195],[19.8063,60.3963]]],[[[-6.2152,37.1233],[-6.3625,36.8045],[-6.57,37.0159],[-6.2152,37.1233]]],[[[-4.2071,38.2399],[-4.4583,38.2399],[-4.4958,38.4283],[-4.2207,38.4461],[-4.2071,38.2399]]],[[[-1.1002,52.3233],[-1.4246,52.3013],[-1.5149,52.4843],[-1.1009,52.5209],[-1.1002,52.3233]]],[[[10.0329,54.6385],[9.7697,54.3775],[9.5487,54.5211],[10.0329,54.6385]]],[[[6.1435,46.6957],[6.3565,46.6673],[6.6183,46.5117],[6.2207,46.4337],[6.1435,46.6957]]],[[[4.0921,40.0805],[4.2799,39.8197],[3.8127,39.9207],[3.8221,40.0569],[4.0921,40.0805]]],[[[11.0173,51.6183],[10.7373,51.5887],[10.6633,51.7213],[11.0353,51.8317],[11.0173,51.6183]]],[[[6.6887,49.4549],[6.5065,49.1847],[6.3659,49.3949],[6.6887,49.4549]]],[[[-3.8001,39.7851],[-4.0161,39.8027],[-4.0891,39.9361],[-3.7777,40.0071],[-3.8001,39.7851]]],[[[10.3013,51.9419],[10.1653,51.8757],[9.9453,52.0007],[10.1067,52.1621],[10.3013,51.9419]]],[[[-5.3971,50.2369],[-5.1081,50.1037],[-5.0595,50.0547],[-5.7187,50.0643],[-5.3971,50.2369]]],[[[6.7399,49.8219],[6.6051,49.7397],[6.3735,49.8369],[6.6437,50.0237],[6.7399,49.8219]]],[[[3.4715,49.5899],[3.1483,49.4399],[3.1277,49.6349],[3.4715,49.5899]]],[[[19.6757,39.6795],[19.9527,39.7803],[19.8433,39.6585],[20.1081,39.3643],[19.6757,39.6795]]],[[[14.8545,55.2421],[15.1581,55.1317],[15.1213,55.0151],[14.6847,55.0965],[14.8545,55.2421]]],[[[-3.3659,57.0699],[-3.7508,56.9647],[-3.854,57.0419],[-3.6064,57.2243],[-3.3659,57.0699]]],[[[1.2269,38.8737],[1.6181,39.0253],[1.4067,38.8339],[1.2269,38.8737]]],[[[16.4479,48.5071],[16.3759,48.2629],[16.1675,48.4025],[16.4479,48.5071]]],[[[-6.6429,43.0261],[-6.8034,42.9913],[-6.9167,43.0261],[-6.7267,43.2463],[-6.6429,43.0261]]],[[[22.9681,60.2823],[22.8619,60.2159],[22.7667,60.0065],[22.6837,60.0445],[22.3791,60.0157],[22.6241,60.1511],[22.4211,60.1581],[22.4747,60.2365],[22.5463,60.2005],[22.9681,60.2823]]],[[[25.4355,40.0181],[25.3503,39.7827],[25.2549,39.9161],[25.0457,39.8367],[25.0379,39.9943],[25.4355,40.0181]]],[[[26.7421,37.8147],[27.0681,37.7175],[26.5699,37.7321],[26.7421,37.8147]]],[[[-2.6234,51.0569],[-2.8913,51.0939],[-2.8366,51.2345],[-2.5913,51.2345],[-2.6234,51.0569]]],[[[-1.4442,54.2263],[-1.7922,54.0677],[-1.8041,54.1759],[-1.4442,54.2263]]],[[[-5.3555,55.5107],[-5.157,55.6775],[-5.0945,55.4473],[-5.3555,55.5107]]],[[[14.4331,45.0737],[14.5929,45.2375],[14.8219,44.9755],[14.4331,45.0737]]],[[[14.3589,45.1087],[14.4823,44.9643],[14.4939,44.6069],[14.2945,44.9133],[14.3589,45.1087]]],[[[20.7209,37.8921],[20.9095,37.8071],[20.9935,37.7003],[20.8103,37.6537],[20.7209,37.8921]]],[[[-3.513,48.8347],[-3.3384,48.8007],[-3.2047,48.7179],[-3.4255,48.6273],[-3.513,48.8347]]],[[[16.4359,43.3829],[16.8153,43.3533],[16.8969,43.3017],[16.5327,43.2693],[16.4359,43.3829]]],[[[0.1751,51.7287],[-0.0371,51.5667],[-0.1042,51.6919],[0.1751,51.7287]]],[[[24.5203,40.6455],[24.7835,40.7493],[24.7765,40.6189],[24.5203,40.6455]]],[[[-1.5888,50.6679],[-1.2958,50.7101],[-1.0786,50.6881],[-1.5888,50.6679]]],[[[8.9399,55.2943],[8.6635,55.2467],[8.6321,55.4125],[8.8879,55.4439],[8.9399,55.2943]]],[[[-4.8968,56.2177],[-4.9187,56.1683],[-5.0431,55.8763],[-5.0537,56.1185],[-4.8968,56.2177]]],[[[-4.1418,54.7787],[-4.0305,54.9371],[-3.7221,54.8807],[-4.0536,54.8623],[-4.1418,54.7787]]],[[[12.2613,56.1143],[12.1229,55.8279],[12.0435,56.0415],[12.2613,56.1143]]],[[[11.6855,58.2413],[11.8397,58.2395],[11.8339,58.1247],[11.4187,58.1295],[11.6855,58.2413]]],[[[27.2355,35.8075],[27.2465,35.4969],[27.1427,35.3991],[27.0579,35.6031],[27.2355,35.8075]]],[[[20.6003,38.7785],[20.7303,38.6379],[20.5499,38.5677],[20.6003,38.7785]]],[[[16.3733,43.1951],[16.6985,43.1633],[17.1945,43.1247],[16.6871,43.1209],[16.3733,43.1951]]],[[[27.0667,36.8471],[27.3549,36.8601],[26.9275,36.7099],[27.0667,36.8471]]],[[[11.5359,55.5649],[11.3487,55.3869],[11.2731,55.4867],[11.5359,55.5649]]],[[[14.7335,44.7043],[14.9543,44.5821],[15.2527,44.3275],[15.1041,44.3195],[14.7335,44.7043]]],[[[25.7873,40.2167],[26.0157,40.1543],[25.6685,40.1299],[25.7873,40.2167]]],[[[23.0999,36.2355],[22.9411,36.1627],[22.9253,36.3805],[22.9553,36.3845],[23.0999,36.2355]]],[[[16.6611,42.9167],[17.0441,42.9787],[17.2015,42.9179],[16.6611,42.9167]]],[[[23.0647,58.5943],[23.3583,58.6509],[23.4125,58.5523],[23.0647,58.5943]]],[[[24.4589,38.9571],[24.5861,38.9269],[24.6819,38.7777],[24.5369,38.7847],[24.4589,38.9571]]],[[[-5.6164,55.7629],[-5.5606,55.9769],[-5.4818,55.9981],[-5.4787,55.8299],[-5.6164,55.7629]]],[[[18.5035,59.3855],[18.7159,59.3765],[18.7571,59.3331],[18.2377,59.3041],[18.4735,59.3207],[18.5035,59.3855]]],[[[25.4739,40.4913],[25.6241,40.5119],[25.6961,40.4313],[25.5713,40.4055],[25.4739,40.4913]]],[[[-1.3834,45.9511],[-1.2397,45.9861],[-1.2011,45.8241],[-1.3834,45.9511]]],[[[11.5123,58.0429],[11.7693,58.0149],[11.5441,57.9633],[11.5123,58.0429]]],[[[23.1525,58.9659],[23.3519,59.0319],[23.3881,58.9745],[23.1525,58.9659]]],[[[47.7647,43.9249],[47.6717,44.0021],[47.8755,43.9855],[47.7647,43.9249]]],[[[27.5357,40.6089],[27.6419,40.6773],[27.7471,40.6411],[27.5357,40.6089]]],[[[14.8155,44.1497],[15.0063,44.0881],[15.0577,44.0081],[15.2161,43.9139],[15.2243,43.8821],[14.8155,44.1497]]],[[[19.0965,57.9617],[19.3623,57.9529],[19.0517,57.9031],[19.0965,57.9617]]],[[[47.9905,45.4437],[47.9689,45.6517],[47.9915,45.6037],[47.9905,45.4437]]],[[[21.7963,60.3927],[21.9515,60.3805],[22.0515,60.3557],[21.7963,60.3927]]],[[[17.3221,42.7891],[17.3935,42.8039],[17.3783,42.7905],[17.6691,42.7367],[17.7543,42.6945],[17.3221,42.7891]]],[[[53.0975,46.2967],[52.9603,46.2665],[53.0465,46.3675],[53.0975,46.2967]]],[[[20.6529,38.4999],[20.6785,38.3729],[20.7691,38.3207],[20.6741,38.3561],[20.6529,38.4999]]],[[[49.8295,46.3127],[49.7557,46.2529],[49.7099,46.3625],[49.8295,46.3127]]],[[[23.4193,37.9833],[23.5691,37.9471],[23.4435,37.8769],[23.4193,37.9833]]],[[[50.1129,45.0775],[50.0761,44.8593],[50.1889,44.8493],[50.0667,44.8343],[49.9815,44.9459],[50.0425,45.0569],[50.1129,45.0775]]],[[[23.6135,39.2045],[23.7871,39.1303],[23.7823,39.1069],[23.6581,39.0895],[23.6135,39.2045]]],[[[16.0709,43.0083],[16.2429,43.0765],[16.2595,43.0625],[16.0709,43.0083]]],[[[19.6183,60.2841],[19.6793,60.1685],[19.5945,60.2195],[19.5471,60.1489],[19.6183,60.2841]]],[[[-1.563,46.2441],[-1.5133,46.2265],[-1.2553,46.1649],[-1.3219,46.1457],[-1.563,46.2441]]],[[[14.6557,44.7897],[14.7609,44.8439],[14.8661,44.7079],[14.6557,44.7897]]],[[[0.7625,51.3715],[0.8923,51.4205],[0.9429,51.3735],[0.7625,51.3715]]],[[[18.4091,60.3705],[18.4847,60.3639],[18.5865,60.3005],[18.4091,60.3705]]],[[[31.5011,46.3667],[31.6133,46.2545],[31.6679,46.2603],[32.1917,46.1453],[31.5843,46.2533],[31.5011,46.3667]],[[31.9269,46.1945],[31.9365,46.1921],[31.9443,46.1921],[31.9269,46.1945]]],[[[-4.7582,56.1989],[-4.8447,56.0835],[-4.8725,56.0167],[-4.8871,56.0591],[-4.7582,56.1989]]],[[[-3.214,47.2933],[-3.1515,47.3649],[-3.0553,47.3113],[-3.214,47.2933]]],[[[23.4851,37.6777],[23.4879,37.7775],[23.5651,37.7705],[23.4851,37.6777]]],[[[22.0909,60.2923],[22.2469,60.3343],[22.3653,60.3101],[22.0909,60.2923]]],[[[32.5537,46.0733],[32.8663,46.0689],[33.0621,46.0247],[32.9783,46.0119],[32.5537,46.0733]]],[[[50.3297,44.9789],[50.2657,45.0367],[50.3429,45.0831],[50.3297,44.9789]]],[[[14.3685,44.5637],[14.3951,44.6879],[14.5323,44.4847],[14.4209,44.5687],[14.3685,44.5637]]],[[[26.9291,36.9877],[27.0563,36.9473],[26.9143,36.9557],[26.9291,36.9877]]],[[[53.0833,39.0925],[53.0697,38.8997],[53.1001,38.7511],[53.0219,39.0183],[53.0417,39.0773],[53.0833,39.0925]]],[[[21.7497,60.1269],[21.7879,60.2155],[21.9509,60.1917],[21.7497,60.1269]]],[[[26.9119,35.4249],[26.9371,35.3661],[26.8553,35.3527],[26.9119,35.4249]]],[[[17.4209,62.3651],[17.5019,62.4601],[17.5393,62.3629],[17.4209,62.3651]]],[[[28.6201,60.2703],[28.7061,60.3165],[28.7313,60.2857],[28.6201,60.2703]]],[[[23.9553,39.2931],[23.9239,39.1839],[23.8309,39.1439],[23.9553,39.2931]]],[[[15.4525,43.8923],[15.2615,44.0229],[15.3725,43.9715],[15.4525,43.8923]]],[[[16.1999,43.4103],[16.3373,43.3975],[16.4001,43.3395],[16.4007,43.3287],[16.1999,43.4103]]],[[[21.5905,60.1083],[21.6057,60.1853],[21.6955,60.1689],[21.5905,60.1083]]],[[[18.3441,59.2849],[18.5057,59.2885],[18.5277,59.2745],[18.6161,59.2497],[18.3441,59.2849]]],[[[18.0371,62.6725],[18.1581,62.7529],[18.1751,62.7271],[18.0371,62.6725]]],[[[27.7555,36.5799],[27.8749,36.6153],[27.8461,36.5359],[27.7555,36.5799]]],[[[21.4403,60.4905],[21.4269,60.5579],[21.5385,60.5281],[21.4801,60.5353],[21.4403,60.4905]]],[[[8.2187,39.1503],[8.3101,39.1901],[8.2923,39.1001],[8.2187,39.1503]]],[[[8.2763,41.1097],[8.3345,41.0569],[8.2157,40.9923],[8.2763,41.1097]]],[[[15.0581,44.1585],[15.1795,44.0985],[15.2577,44.0223],[15.0581,44.1585]]],[[[23.3687,37.2975],[23.5191,37.3693],[23.5837,37.3635],[23.3687,37.2975]]],[[[-2.2945,46.9871],[-2.2206,47.0135],[-2.1541,46.8977],[-2.2945,46.9871]]],[[[13.8663,40.7017],[13.9383,40.7537],[13.9629,40.7193],[13.8663,40.7017]]],[[[23.3945,39.1527],[23.5151,39.1949],[23.5103,39.1631],[23.3945,39.1527]]],[[[17.6719,59.0155],[17.7217,59.0119],[17.7099,58.9013],[17.6337,58.9919],[17.6719,59.0155]]],[[[22.3081,60.3313],[22.4629,60.3431],[22.5245,60.3445],[22.3081,60.3313]]],[[[-5.5764,55.7641],[-5.4773,55.7499],[-5.6119,55.7259],[-5.5764,55.7641]]],[[[16.8453,42.7261],[16.7939,42.7673],[16.9411,42.7707],[16.8453,42.7261]]],[[[18.3717,59.0791],[18.5013,59.0963],[18.3653,59.0199],[18.3717,59.0791]]],[[[22.0581,63.2811],[22.2351,63.3163],[22.2499,63.3055],[22.2165,63.2749],[22.1499,63.2933],[22.1013,63.2819],[22.1567,63.2525],[22.0581,63.2811]]],[[[18.5721,59.5263],[18.6497,59.5573],[18.7633,59.5433],[18.6013,59.4947],[18.6053,59.4563],[18.5721,59.5263]]],[[[17.9659,62.6421],[17.9933,62.5625],[17.9485,62.5537],[17.9659,62.6421]]],[[[25.5607,38.5359],[25.6197,38.5945],[25.6075,38.5397],[25.5607,38.5359]]],[[[26.0485,39.7891],[26.0523,39.8501],[26.0789,39.8013],[26.0485,39.7891]]],[[[24.9883,39.4659],[25.0075,39.5631],[25.0561,39.5295],[24.9883,39.4659]]],[[[22.3251,60.2355],[22.1931,60.2073],[22.3075,60.2717],[22.3251,60.2355]]],[[[22.0669,60.2183],[22.0457,60.1883],[22.0269,60.1491],[21.9481,60.1693],[22.0669,60.2183]]],[[[13.8243,53.8547],[13.9273,53.8929],[14.0055,53.8561],[13.8243,53.8547]]],[[[47.5189,44.4943],[47.4615,44.4527],[47.4677,44.4791],[47.5189,44.4943]]],[[[15.3301,43.7897],[15.2629,43.8725],[15.4583,43.7371],[15.3301,43.7897]]],[[[25.5777,60.3023],[25.6797,60.2401],[25.6239,60.2043],[25.5777,60.3023]]],[[[22.3313,60.2387],[22.4651,60.3065],[22.4709,60.2963],[22.3313,60.2387]]],[[[19.3277,58.3661],[19.2291,58.3379],[19.1849,58.3901],[19.3277,58.3661]]],[[[10.4007,59.0515],[10.4443,59.1559],[10.4541,59.0579],[10.4007,59.0515]]],[[[18.0581,58.9639],[18.1155,59.0287],[18.2343,59.0309],[18.0581,58.9639]]],[[[21.2907,60.2191],[21.3221,60.2347],[21.3803,60.2377],[21.3389,60.2271],[21.3849,60.2043],[21.4707,60.2079],[21.4015,60.1779],[21.3171,60.1959],[21.3419,60.2067],[21.2517,60.2135],[21.2907,60.2191]]],[[[20.2173,60.0925],[20.3087,60.1111],[20.2665,60.0621],[20.2173,60.0925]]],[[[48.0559,45.2187],[47.9889,45.1789],[47.9877,45.2289],[48.0559,45.2187]]],[[[-5.0815,55.9401],[-5.1653,55.9323],[-5.1213,55.9887],[-5.0815,55.9401]]],[[[18.9779,59.8649],[19.0129,59.8001],[18.8897,59.7911],[18.9779,59.8649]]],[[[18.2077,59.3411],[18.1229,59.3939],[18.2703,59.3749],[18.2077,59.3411]]],[[[21.2421,60.5141],[21.3031,60.5627],[21.3565,60.4995],[21.2421,60.5141]]],[[[27.5207,36.2087],[27.6067,36.2485],[27.6251,36.2273],[27.5207,36.2087]]],[[[21.2919,60.5849],[21.3135,60.6699],[21.3615,60.6269],[21.3241,60.6307],[21.3235,60.5819],[21.2919,60.5849]]],[[[23.4035,59.9035],[23.5577,59.9321],[23.6597,59.9307],[23.4035,59.9035]]],[[[20.3339,60.2795],[20.4389,60.2389],[20.3809,60.1933],[20.3339,60.2795]]],[[[21.9285,60.4861],[22.0755,60.4433],[21.9965,60.4239],[21.9285,60.4861]]],[[[10.9869,59.0809],[11.0833,59.0689],[10.9973,59.0267],[11.0043,59.0591],[10.9869,59.0809]]],[[[24.0203,58.1505],[23.9389,58.1145],[23.9479,58.1473],[24.0203,58.1505]]],[[[25.9977,60.2805],[25.9375,60.2729],[25.9379,60.3559],[26.0387,60.2877],[26.0165,60.2777],[26.0039,60.2817],[25.9977,60.2805]]],[[[8.9479,58.5059],[8.8343,58.4301],[8.7899,58.4543],[8.9479,58.5059]]],[[[14.6143,53.7699],[14.6661,53.7771],[14.5779,53.7467],[14.6143,53.7699]]],[[[21.8801,60.2917],[22.0161,60.3351],[22.0369,60.3175],[21.8801,60.2917]]],[[[-10.409,51.9137],[-10.2863,51.9299],[-10.4269,51.8835],[-10.409,51.9137]]],[[[20.1663,39.1851],[20.1691,39.2299],[20.2051,39.1845],[20.1663,39.1851]]],[[[14.7471,44.3681],[14.8083,44.4025],[14.8165,44.3455],[14.7471,44.3681]]],[[[26.7249,38.5375],[26.6993,38.4791],[26.7029,38.5471],[26.7249,38.5375]]],[[[21.8063,60.5411],[21.7043,60.4617],[21.7463,60.5467],[21.8063,60.5411]]],[[[-2.3758,46.6947],[-2.3252,46.7203],[-2.2813,46.6857],[-2.3758,46.6947]]],[[[23.4859,37.5609],[23.5265,37.5229],[23.4265,37.5217],[23.4859,37.5609]]],[[[16.7939,58.3821],[16.8359,58.3585],[16.9085,58.3213],[16.8511,58.3193],[16.7939,58.3821]]],[[[20.8993,38.6425],[20.8867,38.6009],[20.8753,38.5779],[20.8993,38.6425]]],[[[24.0447,39.3285],[24.0997,39.3437],[24.0685,39.2979],[24.0447,39.3285]]],[[[26.6227,39.3349],[26.6683,39.3907],[26.6891,39.3387],[26.6227,39.3349]]],[[[48.8603,45.9543],[48.8969,46.0083],[48.9415,45.9831],[48.8603,45.9543]]],[[[18.5577,59.2863],[18.7169,59.2921],[18.5489,59.2787],[18.5577,59.2863]]],[[[10.8591,42.3579],[10.9143,42.3733],[10.9209,42.3213],[10.8591,42.3579]]],[[[26.9833,60.0969],[26.9817,60.0259],[26.9453,60.1001],[26.9833,60.0969]]],[[[18.3703,58.9805],[18.2693,58.9169],[18.2311,58.9431],[18.3703,58.9805]]],[[[27.5877,40.4697],[27.6549,40.5039],[27.6691,40.4541],[27.5877,40.4697]]],[[[8.3547,55.4627],[8.4467,55.4389],[8.4641,55.4173],[8.3777,55.4211],[8.3547,55.4627]]],[[[17.8351,58.8881],[17.8807,58.8137],[17.7973,58.8013],[17.8351,58.8881]]],[[[27.2451,35.9023],[27.1913,35.8637],[27.2317,35.9095],[27.2451,35.9023]]],[[[26.5979,60.4471],[26.5403,60.3773],[26.5057,60.4091],[26.5979,60.4471]]],[[[18.7337,60.1549],[18.7683,60.2041],[18.8143,60.1603],[18.7337,60.1549]]],[[[14.8301,44.1991],[14.8023,44.2641],[14.9097,44.2109],[14.8301,44.1991]]],[[[22.9045,60.1215],[22.9533,60.0853],[22.8441,60.0835],[22.9045,60.1215]]],[[[20.7377,38.6407],[20.7615,38.6353],[20.8121,38.5901],[20.7377,38.6407]]],[[[27.5421,40.4991],[27.5193,40.5459],[27.5525,40.5313],[27.5421,40.4991]]],[[[21.1551,62.9411],[21.2111,62.9859],[21.2219,62.9481],[21.1551,62.9411]]],[[[15.0451,44.2849],[15.0967,44.3093],[15.1321,44.2895],[15.0451,44.2849]]],[[[20.5331,60.0027],[20.5949,60.0553],[20.6175,60.0333],[20.5331,60.0027]]],[[[18.8963,59.6227],[19.0027,59.6309],[18.8601,59.5897],[18.8963,59.6227]]],[[[23.1299,37.2403],[23.1615,37.2703],[23.1693,37.2453],[23.1299,37.2403]]],[[[28.4567,60.3329],[28.4863,60.3655],[28.5319,60.3083],[28.4567,60.3329]]],[[[24.5177,59.6065],[24.4971,59.5543],[24.4885,59.5849],[24.5177,59.6065]]],[[[22.1703,60.3865],[22.2175,60.4299],[22.2693,60.4019],[22.1703,60.3865]]],[[[9.4011,41.2659],[9.4367,41.2229],[9.3747,41.2223],[9.4011,41.2659]]],[[[11.4089,58.1991],[11.4505,58.2485],[11.5083,58.2603],[11.4679,58.2037],[11.4089,58.1991]]],[[[50.3415,40.4251],[50.3383,40.4801],[50.3525,40.3875],[50.3415,40.4251]]],[[[24.1559,37.7239],[24.1087,37.6867],[24.1451,37.7559],[24.1559,37.7239]]],[[[14.6245,53.8777],[14.5673,53.8481],[14.6163,53.8977],[14.6245,53.8777]]],[[[22.9733,36.5143],[22.9875,36.4607],[22.9289,36.4731],[22.9733,36.5143]]],[[[22.3885,60.2077],[22.3391,60.1489],[22.2899,60.1475],[22.3885,60.2077]]],[[[23.9231,59.9533],[23.9061,59.9885],[23.9899,59.9849],[23.9231,59.9533]]],[[[22.2953,60.3755],[22.2117,60.3429],[22.1447,60.3539],[22.2953,60.3755]]],[[[11.9675,54.6261],[11.9245,54.5773],[11.9149,54.6113],[11.9675,54.6261]]],[[[15.5651,43.8337],[15.6461,43.7969],[15.6637,43.7669],[15.5651,43.8337]]],[[[18.5535,59.4363],[18.5795,59.4781],[18.5985,59.4357],[18.5535,59.4363]]],[[[0.4561,49.4711],[0.3307,49.4471],[0.2311,49.4541],[0.4561,49.4711]]],[[[50.5407,40.2863],[50.5861,40.3475],[50.6079,40.3169],[50.5407,40.2863]]],[[[15.7103,56.0709],[15.6713,56.1191],[15.7415,56.1109],[15.7103,56.0709]]],[[[28.4477,60.4641],[28.5225,60.4135],[28.5363,60.3503],[28.4477,60.4641]]],[[[0.9411,51.7775],[0.9375,51.8085],[0.9957,51.8035],[0.9411,51.7775]]],[[[10.8545,59.0669],[10.9135,59.1139],[10.9229,59.0995],[10.8545,59.0669]]],[[[20.3027,59.9939],[20.3559,60.0191],[20.4637,60.0017],[20.3027,59.9939]]],[[[12.7355,55.6357],[12.7745,55.6735],[12.7875,55.6097],[12.7355,55.6357]]],[[[22.4807,60.4041],[22.3425,60.3661],[22.3111,60.3775],[22.4807,60.4041]]],[[[15.6867,43.6315],[15.6573,43.6681],[15.7321,43.6327],[15.6867,43.6315]]],[[[17.9039,42.7009],[17.8605,42.7513],[17.9301,42.7171],[17.9039,42.7009]]],[[[15.0777,44.0545],[15.1533,44.0273],[15.1661,44.0031],[15.0777,44.0545]]],[[[49.1759,46.0105],[49.1907,46.0479],[49.2095,46.0275],[49.1759,46.0105]]],[[[24.2563,38.0265],[24.2735,37.9805],[24.2321,37.9887],[24.2563,38.0265]]],[[[-0.9774,50.8381],[-0.9472,50.7813],[-1.0322,50.7915],[-0.9774,50.8381]]],[[[9.4561,41.2079],[9.4807,41.1901],[9.4361,41.1889],[9.4561,41.2079]]],[[[18.8681,59.6067],[18.7607,59.5749],[18.9597,59.6679],[18.8681,59.6067]]],[[[15.2899,43.8703],[15.3167,43.8865],[15.3705,43.8213],[15.2899,43.8703]]],[[[49.8961,46.4485],[49.8373,46.4419],[49.8643,46.4703],[49.8961,46.4485]]],[[[14.9391,44.1997],[15.0095,44.1575],[15.0353,44.1323],[14.9391,44.1997]]],[[[29.7911,59.9761],[29.7277,60.0231],[29.8097,59.9883],[29.7911,59.9761]]],[[[26.2461,38.5047],[26.2297,38.5397],[26.2693,38.5201],[26.2461,38.5047]]],[[[21.4355,63.0851],[21.4303,63.0137],[21.3439,63.0415],[21.4161,63.0387],[21.4355,63.0851]]],[[[14.2359,44.6191],[14.2727,44.6903],[14.2755,44.6067],[14.2359,44.6191]]],[[[28.5989,60.4887],[28.6697,60.4749],[28.6969,60.4697],[28.6589,60.4683],[28.5989,60.4887]]],[[[27.1337,36.9275],[27.1693,36.9563],[27.1769,36.9211],[27.1337,36.9275]]],[[[17.9967,62.8075],[18.1707,62.8019],[18.1699,62.7883],[18.1211,62.7681],[17.9967,62.8075]]],[[[21.6135,60.2665],[21.6373,60.2537],[21.5557,60.2205],[21.5841,60.2731],[21.6135,60.2665]]],[[[23.9391,39.1841],[23.9941,39.2159],[23.9837,39.1689],[23.9391,39.1841]]],[[[23.3261,37.3485],[23.3621,37.3403],[23.2823,37.3383],[23.3261,37.3485]]],[[[22.0477,63.2745],[22.0191,63.3297],[22.0639,63.3003],[22.0477,63.2745]]],[[[14.7031,44.3975],[14.6969,44.3561],[14.6661,44.4095],[14.7031,44.3975]]],[[[22.8819,60.0049],[22.9003,60.0683],[22.9213,60.0491],[22.8819,60.0049]]],[[[-3.2729,54.1497],[-3.1732,54.0487],[-3.2112,54.0493],[-3.2607,54.0963],[-3.2729,54.1497]]],[[[-3.5085,47.6405],[-3.4283,47.6347],[-3.4168,47.6241],[-3.5085,47.6405]]],[[[26.9543,37.4433],[26.9757,37.4757],[27.0087,37.4541],[26.9543,37.4433]]],[[[19.3891,39.8299],[19.3837,39.8739],[19.4367,39.8681],[19.3891,39.8299]]],[[[23.9759,59.3213],[23.9947,59.3571],[24.0107,59.3199],[23.9759,59.3213]]],[[[27.8351,60.0377],[27.8427,59.9869],[27.7965,59.9977],[27.8351,60.0377]]],[[[6.1579,43.0065],[6.2401,43.0275],[6.2469,43.0051],[6.1579,43.0065]]],[[[20.4619,60.0129],[20.4829,60.0577],[20.5455,60.0605],[20.4619,60.0129]]],[[[21.6365,63.2955],[21.7001,63.3061],[21.6727,63.2511],[21.6365,63.2955]]],[[[2.9181,39.1303],[2.9727,39.1591],[2.9579,39.1259],[2.9181,39.1303]]],[[[18.7433,59.2711],[18.7961,59.3051],[18.8243,59.2927],[18.7759,59.2579],[18.7433,59.2711]]],[[[16.1079,43.4327],[16.1657,43.4581],[16.1807,43.4395],[16.1079,43.4327]]],[[[23.9205,59.3081],[23.9269,59.3459],[23.9523,59.3135],[23.9205,59.3081]]],[[[18.2413,59.0771],[18.3301,59.1087],[18.3525,59.0977],[18.2413,59.0771]]],[[[49.2171,46.0985],[49.1751,46.0891],[49.1639,46.1211],[49.2171,46.0985]]],[[[21.1709,62.8285],[21.1699,62.8643],[21.2307,62.8587],[21.1709,62.8285]]],[[[21.7829,36.7039],[21.7611,36.7597],[21.7917,36.7437],[21.7829,36.7039]]],[[[18.9011,59.4097],[18.8773,59.4435],[18.9383,59.4415],[18.9011,59.4097]]],[[[20.4571,60.0671],[20.4441,60.0219],[20.3835,60.0213],[20.4571,60.0671]]],[[[14.7651,44.9247],[14.8293,44.9097],[14.8321,44.8913],[14.7651,44.9247]]],[[[17.6631,62.4163],[17.7455,62.4177],[17.7541,62.3905],[17.6631,62.4163]]],[[[23.3745,37.6981],[23.3409,37.7145],[23.3737,37.7083],[23.3745,37.6981]]],[[[25.1945,35.4423],[25.2531,35.4543],[25.2465,35.4269],[25.1945,35.4423]]],[[[23.2181,57.7845],[23.2317,57.8213],[23.2711,57.7851],[23.2181,57.7845]]],[[[10.9869,58.9031],[11.0415,58.8963],[11.0591,58.8705],[10.9869,58.9031]]],[[[24.1855,39.3907],[24.1399,39.3735],[24.1805,39.4281],[24.1855,39.3907]]],[[[8.9959,58.5501],[8.9077,58.5209],[8.9811,58.5843],[8.9959,58.5501]]],[[[14.1987,40.5417],[14.2579,40.5679],[14.2649,40.5585],[14.1987,40.5417]]],[[[21.6901,63.3247],[21.7341,63.3125],[21.7913,63.2787],[21.7389,63.2745],[21.6901,63.3247]]],[[[13.7595,54.1373],[13.7931,54.1731],[13.7927,54.1125],[13.7595,54.1373]]],[[[22.5069,59.9819],[22.5843,59.9647],[22.5057,59.9651],[22.5069,59.9819]]],[[[26.8811,60.4693],[26.8955,60.4231],[26.8401,60.4375],[26.8811,60.4693]]],[[[22.0993,60.3525],[22.1333,60.3785],[22.2265,60.3809],[22.0993,60.3525]]],[[[16.6607,57.5783],[16.7385,57.6201],[16.7139,57.5837],[16.6607,57.5783]]],[[[22.4179,59.8617],[22.5015,59.8647],[22.4179,59.8479],[22.4179,59.8617]]],[[[17.7415,62.2275],[17.7055,62.1877],[17.6959,62.2165],[17.7415,62.2275]]],[[[21.8787,58.3889],[21.9163,58.3865],[21.8069,58.3845],[21.8787,58.3889]]],[[[-8.8416,42.6649],[-8.8518,42.6039],[-8.8816,42.6101],[-8.8416,42.6649]]],[[[12.9391,40.9031],[12.9965,40.9329],[12.9503,40.8781],[12.9391,40.9031]]],[[[10.9631,59.0507],[10.9517,59.0255],[10.9211,59.0469],[10.9445,59.0745],[10.9409,59.0809],[10.9631,59.0507]]],[[[18.0937,62.6411],[18.0869,62.6723],[18.1161,62.6581],[18.0937,62.6411]]],[[[17.3777,61.5351],[17.4563,61.5513],[17.4711,61.5409],[17.3777,61.5351]]],[[[16.8195,57.9751],[16.7605,57.9921],[16.8301,57.9957],[16.8195,57.9751]]],[[[16.4591,56.7605],[16.4703,56.7983],[16.4883,56.7849],[16.4591,56.7605]]],[[[14.7633,44.2551],[14.7719,44.2865],[14.7989,44.2713],[14.7633,44.2551]]],[[[22.5353,58.1513],[22.4813,58.1437],[22.4923,58.1779],[22.5353,58.1513]]],[[[10.4203,42.8749],[10.3909,42.8605],[10.3917,42.8639],[10.4203,42.8749]]],[[[16.7025,57.8411],[16.7763,57.8381],[16.7977,57.8059],[16.7025,57.8411]]],[[[49.4901,46.2315],[49.4955,46.2607],[49.5185,46.2333],[49.4901,46.2315]]],[[[45.2127,41.0041],[45.2293,40.9693],[45.1959,40.9977],[45.2127,41.0041]]],[[[21.7283,36.7853],[21.6957,36.7407],[21.7037,36.7969],[21.7283,36.7853]]],[[[25.8055,60.1995],[25.8731,60.2335],[25.8945,60.2249],[25.8055,60.1995]]],[[[26.1111,60.2881],[26.1155,60.2733],[26.0389,60.2933],[26.1111,60.2881]]],[[[14.8827,44.4521],[14.9269,44.4281],[14.9659,44.4029],[14.8827,44.4521]]],[[[21.9683,60.1395],[21.9527,60.1125],[21.9271,60.1287],[21.9683,60.1395]]],[[[18.0041,62.7513],[18.0203,62.7867],[18.0447,62.7709],[18.0041,62.7513]]],[[[22.5931,59.9545],[22.6271,59.9891],[22.6519,59.9379],[22.5931,59.9545]]],[[[27.4781,36.9831],[27.4537,36.9725],[27.4247,37.0013],[27.4781,36.9831]]],[[[11.1377,58.8483],[11.2117,58.8411],[11.1853,58.8263],[11.1377,58.8483]]],[[[6.4363,43.0289],[6.5105,43.0535],[6.4349,43.0125],[6.4363,43.0289]]],[[[28.5431,40.5593],[28.5261,40.5729],[28.5627,40.5735],[28.5431,40.5593]]],[[[49.1255,45.8843],[49.1069,45.9263],[49.1507,45.8951],[49.1255,45.8843]]],[[[14.5349,44.9573],[14.5203,44.9913],[14.5535,44.9599],[14.5349,44.9573]]],[[[23.4419,59.8941],[23.4271,59.8663],[23.3613,59.8733],[23.4419,59.8941]]],[[[22.5351,60.3761],[22.4615,60.3487],[22.4399,60.3587],[22.5351,60.3761]]],[[[49.6871,46.3493],[49.6571,46.3335],[49.6549,46.3651],[49.6871,46.3493]]],[[[21.3921,61.2123],[21.4295,61.1695],[21.3401,61.1871],[21.3921,61.2123]]],[[[16.8923,58.2969],[16.8549,58.2755],[16.8417,58.3063],[16.8923,58.2969]]],[[[18.7375,59.1913],[18.7093,59.2169],[18.7609,59.2073],[18.7375,59.1913]]],[[[21.2467,60.8607],[21.2043,60.8923],[21.2825,60.8871],[21.2467,60.8607]]],[[[26.2037,60.3181],[26.2043,60.3493],[26.2493,60.3241],[26.2037,60.3181]]],[[[8.9147,37.5331],[8.9579,37.5279],[8.8993,37.5213],[8.9147,37.5331]]],[[[22.9615,60.0201],[22.9311,60.0387],[22.9799,60.0393],[22.9615,60.0201]]],[[[18.5005,60.2069],[18.5521,60.2121],[18.5591,60.1885],[18.5005,60.2069]]],[[[11.5621,58.2335],[11.5493,58.2155],[11.4865,58.2117],[11.5253,58.2385],[11.5621,58.2335]]],[[[11.6535,58.0657],[11.7031,58.0967],[11.7193,58.0865],[11.6535,58.0657]]],[[[29.1495,40.8761],[29.1169,40.8713],[29.1423,40.8843],[29.1495,40.8761]]],[[[22.1641,60.4393],[22.1151,60.4105],[22.0887,60.4245],[22.1641,60.4393]]],[[[16.7073,43.0803],[16.6935,43.0999],[16.7367,43.0903],[16.7073,43.0803]]],[[[21.3097,60.3633],[21.3681,60.3665],[21.3707,60.3531],[21.3097,60.3633]]],[[[23.9211,40.3505],[23.9547,40.3163],[23.8883,40.3341],[23.9211,40.3505]]],[[[23.9177,37.4635],[23.9309,37.4869],[23.9475,37.4669],[23.9177,37.4635]]],[[[21.3965,60.7351],[21.4061,60.7587],[21.4271,60.7245],[21.3711,60.7245],[21.3965,60.7351]]],[[[15.8179,43.7011],[15.8665,43.6851],[15.8717,43.6669],[15.8179,43.7011]]],[[[21.0959,62.5643],[21.0569,62.5721],[21.0801,62.5755],[21.0959,62.5643]]],[[[22.4405,59.9679],[22.3971,59.9497],[22.4329,59.9781],[22.4405,59.9679]]],[[[-5.1859,55.9059],[-5.1583,55.9221],[-5.0888,55.8857],[-5.1859,55.9059]]],[[[21.5097,61.2181],[21.4857,61.2457],[21.5215,61.2353],[21.5097,61.2181]]],[[[21.2213,62.3887],[21.2609,62.3415],[21.2199,62.3381],[21.2213,62.3887]]],[[[27.0419,60.4641],[27.0335,60.4151],[26.9961,60.4353],[27.0419,60.4641]]],[[[27.8151,60.4721],[27.8199,60.5055],[27.8535,60.4777],[27.8151,60.4721]]],[[[16.7115,57.7825],[16.6757,57.8131],[16.7305,57.7995],[16.7115,57.7825]]],[[[27.0431,60.3779],[27.0747,60.4037],[27.0745,60.3783],[27.0431,60.3779]]],[[[21.4095,60.3709],[21.3985,60.4033],[21.4253,60.3801],[21.4095,60.3709]]],[[[14.5921,44.3561],[14.6629,44.3055],[14.5837,44.3499],[14.5921,44.3561]]],[[[15.5731,56.0959],[15.5433,56.1229],[15.5801,56.1133],[15.5731,56.0959]]],[[[21.2019,62.8783],[21.2091,62.9053],[21.2293,62.8731],[21.2019,62.8783]]],[[[25.0163,60.1677],[25.0667,60.1853],[25.1007,60.1663],[25.0163,60.1677]]],[[[24.9923,59.6133],[25.0295,59.6373],[25.0441,59.6133],[24.9923,59.6133]]],[[[49.5557,45.9449],[49.5333,45.9105],[49.5377,45.9455],[49.5557,45.9449]]],[[[21.4183,63.1843],[21.4429,63.2345],[21.4577,63.2059],[21.4183,63.1843]]],[[[29.6009,36.1335],[29.5697,36.1411],[29.5959,36.1571],[29.6009,36.1335]]],[[[8.3995,58.2147],[8.3703,58.1895],[8.3393,58.2077],[8.3995,58.2147]]],[[[8.7753,58.4509],[8.7735,58.4207],[8.7305,58.4319],[8.7753,58.4509]]],[[[16.6039,57.5887],[16.6597,57.5693],[16.6707,57.5587],[16.6039,57.5887]]],[[[21.6307,60.4585],[21.6481,60.4277],[21.6033,60.4053],[21.6307,60.4585]]],[[[20.3083,60.2217],[20.3311,60.2057],[20.2587,60.1787],[20.3083,60.2217]]],[[[9.5157,58.8435],[9.5185,58.8719],[9.5353,58.8621],[9.5157,58.8435]]],[[[27.7033,36.2459],[27.7007,36.2859],[27.7213,36.2827],[27.7033,36.2459]]],[[[21.4071,60.2183],[21.4643,60.2369],[21.4743,60.2311],[21.4071,60.2183]]],[[[18.9419,59.4103],[18.9167,59.3933],[18.9139,59.4105],[18.9419,59.4103]]],[[[21.0411,62.7099],[21.0743,62.7343],[21.0773,62.7101],[21.0411,62.7099]]],[[[18.7483,59.4613],[18.6529,59.4449],[18.6907,59.4647],[18.7483,59.4613]]],[[[17.6687,58.8109],[17.6323,58.8545],[17.7185,58.8011],[17.6687,58.8109]]],[[[24.1281,39.0665],[24.1029,39.0939],[24.1179,39.1055],[24.1281,39.0665]]],[[[11.5549,58.0829],[11.5109,58.0773],[11.5211,58.0963],[11.5549,58.0829]]],[[[15.7217,43.6765],[15.6913,43.7209],[15.7261,43.6937],[15.7217,43.6765]]],[[[10.9353,59.0707],[10.8983,59.0625],[10.9513,59.0993],[10.9489,59.0897],[10.9403,59.0841],[10.9353,59.0707]]],[[[21.4487,60.2725],[21.4279,60.2939],[21.4521,60.2863],[21.4487,60.2725]]],[[[20.9387,38.6041],[20.9029,38.5433],[20.8977,38.5679],[20.9387,38.6041]]],[[[-8.8683,42.5583],[-8.8507,42.5629],[-8.8612,42.5255],[-8.8683,42.5583]]],[[[23.1191,59.9311],[23.1459,59.8943],[23.0613,59.9015],[23.1191,59.9311]]],[[[15.9907,42.9585],[16.0253,42.9815],[15.9959,42.9557],[15.9907,42.9585]]],[[[7.5277,57.9731],[7.5207,58.0045],[7.5547,57.9881],[7.5277,57.9731]]],[[[7.9633,58.0659],[7.9977,58.0913],[8.0281,58.0809],[7.9633,58.0659]]],[[[15.4959,56.1161],[15.4587,56.0927],[15.4521,56.1067],[15.4959,56.1161]]],[[[26.3579,38.4581],[26.3525,38.4313],[26.3287,38.4335],[26.3579,38.4581]]],[[[18.3399,59.4229],[18.3311,59.4447],[18.3647,59.4325],[18.3399,59.4229]]],[[[20.8227,38.4779],[20.8003,38.4941],[20.8277,38.5029],[20.8227,38.4779]]],[[[14.7489,44.8625],[14.7497,44.8853],[14.7797,44.8605],[14.7489,44.8625]]],[[[16.5455,57.1461],[16.5647,57.1755],[16.5783,57.1599],[16.5455,57.1461]]],[[[19.8597,60.3021],[19.8139,60.2945],[19.8443,60.3161],[19.8597,60.3021]]],[[[21.5197,60.4997],[21.5721,60.5211],[21.5691,60.4997],[21.5197,60.4997]]],[[[18.0457,58.9749],[18.0357,58.9391],[18.0009,58.9405],[18.0457,58.9749]]],[[[16.3763,43.1565],[16.3509,43.1779],[16.4087,43.1589],[16.3763,43.1565]]],[[[49.2793,46.3893],[49.3035,46.3473],[49.3013,46.3435],[49.2793,46.3893]]],[[[21.4639,61.7835],[21.4853,61.8105],[21.4983,61.7949],[21.4639,61.7835]]],[[[31.7419,46.3835],[31.7661,46.3915],[31.7681,46.3729],[31.7419,46.3835]]],[[[22.3711,60.2209],[22.3089,60.2131],[22.3771,60.2275],[22.3711,60.2209]]],[[[21.6919,60.3601],[21.7207,60.3475],[21.6429,60.3659],[21.6919,60.3601]]],[[[11.6775,57.6837],[11.6237,57.7045],[11.6719,57.7019],[11.6775,57.6837]]],[[[29.9105,36.1873],[29.8763,36.1621],[29.8423,36.1609],[29.9105,36.1873]]],[[[6.4085,43.0239],[6.3901,43.0009],[6.3679,43.0085],[6.4085,43.0239]]],[[[13.7529,44.8937],[13.7795,44.9219],[13.7831,44.9129],[13.7529,44.8937]]],[[[27.4965,37.1581],[27.5287,37.1459],[27.4927,37.1437],[27.4965,37.1581]]],[[[15.7623,56.1045],[15.7825,56.1253],[15.7837,56.1177],[15.7623,56.1045]]],[[[21.8929,60.1493],[21.8319,60.1429],[21.9123,60.1543],[21.9117,60.1483],[21.8929,60.1493]]],[[[25.4467,60.2257],[25.4795,60.2513],[25.4923,60.2463],[25.4467,60.2257]]],[[[22.1187,60.2501],[22.1217,60.2683],[22.1897,60.2617],[22.1187,60.2501]]],[[[13.9891,40.7521],[14.0309,40.7619],[13.9887,40.7427],[13.9891,40.7521]]],[[[9.7357,40.9303],[9.6987,40.8953],[9.6759,40.8973],[9.7357,40.9303]]],[[[17.2617,61.0413],[17.2121,61.0265],[17.2093,61.0297],[17.2617,61.0413]]],[[[21.8837,60.3511],[21.8807,60.3665],[21.9087,60.3597],[21.8837,60.3511]]],[[[18.1107,58.8583],[18.1549,58.8905],[18.1425,58.8693],[18.1107,58.8583]]],[[[16.8905,58.2439],[16.9007,58.2661],[16.9263,58.2791],[16.8905,58.2439]]],[[[11.5963,57.8829],[11.6007,57.8583],[11.5711,57.8675],[11.5963,57.8829]]],[[[21.2349,38.3003],[21.2153,38.3141],[21.2545,38.3059],[21.2349,38.3003]]],[[[19.3043,40.5027],[19.2925,40.4831],[19.2769,40.5155],[19.3043,40.5027]]],[[[17.2859,60.8675],[17.3177,60.8885],[17.3427,60.8789],[17.2859,60.8675]]],[[[15.6459,56.1017],[15.6097,56.1039],[15.6425,56.1283],[15.6459,56.1017]]],[[[16.7941,58.0773],[16.8081,58.0459],[16.7815,58.0527],[16.7941,58.0773]]],[[[17.9417,42.6751],[17.9521,42.6971],[17.9757,42.6787],[17.9417,42.6751]]],[[[21.2273,60.5843],[21.2069,60.6193],[21.2385,60.5997],[21.2273,60.5843]]],[[[25.5245,38.5545],[25.4961,38.5325],[25.4949,38.5409],[25.5245,38.5545]]],[[[18.7867,59.4713],[18.7803,59.4869],[18.8155,59.4787],[18.7867,59.4713]]],[[[17.4529,58.7247],[17.4731,58.7505],[17.4693,58.7183],[17.4529,58.7247]]],[[[11.3917,58.1477],[11.3541,58.1441],[11.4075,58.1829],[11.3917,58.1477]]],[[[16.7987,58.1101],[16.8525,58.0955],[16.8069,58.0923],[16.7987,58.1101]]],[[[48.2445,45.4331],[48.2203,45.4127],[48.2103,45.4211],[48.2445,45.4331]]],[[[23.8891,59.9899],[23.8301,59.9519],[23.8241,59.9521],[23.8605,59.9949],[23.8891,59.9899]]],[[[19.5769,39.8785],[19.5965,39.8949],[19.5963,39.8789],[19.5769,39.8785]]],[[[-0.6155,45.0303],[-0.6522,45.0793],[-0.5978,45.0205],[-0.6155,45.0303]]],[[[11.6757,57.7281],[11.7091,57.7413],[11.6947,57.7159],[11.6757,57.7281]]],[[[9.5453,58.8899],[9.4929,58.8893],[9.5575,58.9041],[9.5453,58.8899]]],[[[47.3209,44.8455],[47.2947,44.8663],[47.3087,44.8755],[47.3209,44.8455]]],[[[17.9359,58.8291],[17.9427,58.8469],[17.9363,58.8109],[17.9359,58.8291]]],[[[22.3739,59.9459],[22.3355,59.9493],[22.3747,59.9629],[22.3739,59.9459]]],[[[11.6133,57.8821],[11.6253,57.9033],[11.6425,57.8859],[11.6133,57.8821]]],[[[49.7103,46.2265],[49.7209,46.2465],[49.7359,46.2279],[49.7103,46.2265]]],[[[21.3129,60.2519],[21.4107,60.2453],[21.4349,60.2503],[21.3951,60.2393],[21.3129,60.2519]]],[[[18.6143,60.1909],[18.5997,60.2141],[18.6337,60.2011],[18.6143,60.1909]]],[[[11.1421,58.8749],[11.1769,58.8885],[11.1841,58.8739],[11.1421,58.8749]]],[[[10.5807,59.7193],[10.5775,59.6871],[10.5595,59.7195],[10.5807,59.7193]]],[[[22.6909,59.9971],[22.6595,59.9969],[22.6809,60.0353],[22.6909,59.9971]]],[[[19.1495,59.8669],[19.1175,59.8349],[19.0971,59.8413],[19.1495,59.8669]]],[[[9.4857,58.8911],[9.5033,58.9117],[9.5561,58.9081],[9.4857,58.8911]]],[[[18.4139,60.5293],[18.3825,60.5117],[18.3683,60.5213],[18.4139,60.5293]]],[[[27.1011,37.3017],[27.0813,37.2859],[27.0905,37.3059],[27.1011,37.3017]]],[[[23.3751,59.2897],[23.3987,59.2997],[23.4279,59.2791],[23.3751,59.2897]]],[[[19.0491,57.7657],[19.0259,57.7407],[19.0209,57.7841],[19.0491,57.7657]]],[[[20.3401,60.3609],[20.3135,60.3293],[20.3045,60.3435],[20.3401,60.3609]]],[[[16.5059,42.7753],[16.4959,42.7541],[16.4841,42.7557],[16.5059,42.7753]]],[[[18.2299,58.9349],[18.2041,58.9095],[18.1965,58.9175],[18.2299,58.9349]]],[[[22.2843,60.1625],[22.2671,60.1315],[22.2363,60.1315],[22.2843,60.1625]]],[[[26.9169,38.4491],[26.9063,38.4443],[26.9081,38.4731],[26.9169,38.4491]]],[[[27.8311,36.6443],[27.8539,36.6665],[27.8609,36.6497],[27.8311,36.6443]]],[[[21.1041,60.4515],[21.0877,60.4807],[21.1199,60.4763],[21.1041,60.4515]]],[[[11.1483,58.9183],[11.1691,58.9041],[11.1117,58.9193],[11.1483,58.9183]]],[[[14.5341,44.4447],[14.5407,44.4619],[14.5737,44.4431],[14.5341,44.4447]]],[[[17.3179,60.8071],[17.3527,60.7897],[17.3073,60.7905],[17.3179,60.8071]]],[[[28.3871,60.0119],[28.3947,60.0399],[28.4075,60.0159],[28.3871,60.0119]]],[[[9.6151,58.8705],[9.5527,58.8353],[9.6177,58.8833],[9.6151,58.8705]]],[[[11.0837,58.9993],[11.0629,59.0199],[11.1147,59.0177],[11.0837,58.9993]]],[[[21.4875,61.6219],[21.5013,61.6429],[21.5279,61.6309],[21.4875,61.6219]]],[[[21.0939,38.3009],[21.1199,38.3051],[21.0989,38.2861],[21.0939,38.3009]]],[[[20.3541,60.3365],[20.3931,60.3489],[20.3897,60.3339],[20.3541,60.3365]]],[[[22.2119,60.1625],[22.2115,60.1783],[22.2681,60.1749],[22.2119,60.1625]]],[[[20.5541,60.0907],[20.5129,60.1111],[20.5773,60.1005],[20.5541,60.0907]]],[[[-8.9847,38.8709],[-9.0135,38.8581],[-9.0028,38.8799],[-8.9847,38.8709]]],[[[24.3339,39.3637],[24.3111,39.3439],[24.3263,39.3709],[24.3339,39.3637]]],[[[24.3715,38.8519],[24.3621,38.8311],[24.3471,38.8407],[24.3715,38.8519]]],[[[47.4775,45.1559],[47.4507,45.1675],[47.4627,45.1795],[47.4775,45.1559]]],[[[16.0847,43.4379],[16.0887,43.4591],[16.1001,43.4475],[16.0847,43.4379]]],[[[16.7129,57.7339],[16.7149,57.7661],[16.7267,57.7323],[16.7129,57.7339]]],[[[22.0841,60.2505],[22.0651,60.2289],[22.0463,60.2423],[22.0841,60.2505]]],[[[15.7505,43.6871],[15.7449,43.7115],[15.7735,43.6893],[15.7505,43.6871]]],[[[18.0493,58.9887],[18.0037,58.9763],[18.0505,58.9969],[18.0493,58.9887]]],[[[21.6463,60.1869],[21.6271,60.2039],[21.6687,60.1917],[21.6463,60.1869]]],[[[15.6499,38.2621],[15.6189,38.2549],[15.6257,38.2733],[15.6499,38.2621]]],[[[-8.6769,40.6887],[-8.716,40.6667],[-8.6805,40.6941],[-8.6769,40.6887]]],[[[21.4769,61.6699],[21.4641,61.6549],[21.4303,61.6779],[21.4769,61.6699]]],[[[23.0519,58.9123],[23.0215,58.9105],[23.0129,58.9313],[23.0519,58.9123]]],[[[16.6991,57.8285],[16.6695,57.8205],[16.6677,57.8389],[16.6991,57.8285]]],[[[11.3407,58.3539],[11.3197,58.3265],[11.3163,58.3547],[11.3407,58.3539]]],[[[-4.1106,47.9327],[-4.1393,47.9293],[-4.1126,47.9585],[-4.1106,47.9327]]],[[[20.4073,60.2995],[20.3931,60.2723],[20.3795,60.3043],[20.4073,60.2995]]],[[[27.1455,36.6703],[27.1073,36.6645],[27.1389,36.6797],[27.1455,36.6703]]],[[[18.1999,58.9319],[18.1563,58.9103],[18.2191,58.9387],[18.1999,58.9319]]],[[[11.1835,58.8175],[11.1733,58.7917],[11.1593,58.8027],[11.1835,58.8175]]],[[[21.2673,60.8223],[21.2745,60.8531],[21.2839,60.8285],[21.2673,60.8223]]],[[[20.2309,39.1593],[20.2439,39.1343],[20.2181,39.1553],[20.2309,39.1593]]],[[[17.6029,62.3807],[17.5857,62.4045],[17.6103,62.3953],[17.6029,62.3807]]],[[[9.3423,41.2325],[9.3423,41.2575],[9.3581,41.2433],[9.3423,41.2325]]],[[[21.0683,60.5203],[21.0937,60.5351],[21.1077,60.5193],[21.0683,60.5203]]],[[[20.7247,38.5593],[20.7051,38.5481],[20.7151,38.5693],[20.7247,38.5593]]],[[[18.3887,59.3979],[18.4227,59.4053],[18.4485,59.3977],[18.3887,59.3979]]],[[[27.1539,37.5823],[27.1805,37.5681],[27.1839,37.5599],[27.1539,37.5823]]],[[[19.6285,60.3643],[19.5871,60.3533],[19.6255,60.3671],[19.6285,60.3643]]],[[[16.8279,58.4107],[16.7855,58.3893],[16.7847,58.3981],[16.8279,58.4107]]],[[[28.5303,60.6507],[28.5409,60.6189],[28.5159,60.6479],[28.5303,60.6507]]],[[[-2.9518,47.3753],[-2.9795,47.3991],[-2.9392,47.3927],[-2.9518,47.3753]]],[[[18.3627,59.3885],[18.3971,59.3893],[18.4413,59.3663],[18.3627,59.3885]]],[[[19.8889,60.3213],[19.8785,60.2857],[19.8571,60.3101],[19.8889,60.3213]]],[[[10.3625,59.1335],[10.3469,59.1635],[10.3665,59.1577],[10.3625,59.1335]]],[[[-0.6756,45.1485],[-0.6865,45.1451],[-0.6917,45.1791],[-0.6756,45.1485]]],[[[24.5051,38.8221],[24.4849,38.8183],[24.5083,38.8391],[24.5051,38.8221]]],[[[1.2243,51.8767],[1.2505,51.8865],[1.2607,51.8673],[1.2243,51.8767]]],[[[36.5441,45.2761],[36.5539,45.2559],[36.5173,45.2865],[36.5441,45.2761]]],[[[16.9301,58.1795],[16.9447,58.1993],[16.9585,58.1853],[16.9301,58.1795]]],[[[23.7917,40.2347],[23.7797,40.2129],[23.7783,40.2307],[23.7917,40.2347]]],[[[11.4899,58.0051],[11.5057,58.0375],[11.5249,58.0093],[11.4899,58.0051]]],[[[23.3615,59.8921],[23.3659,59.9109],[23.4017,59.8943],[23.3615,59.8921]]],[[[18.6395,59.3951],[18.6653,59.4017],[18.7091,59.4001],[18.6395,59.3951]]],[[[18.8997,59.6625],[18.8937,59.6807],[18.9181,59.6689],[18.8997,59.6625]]],[[[18.8417,59.5551],[18.7799,59.5403],[18.7689,59.5441],[18.8417,59.5551]]],[[[22.1425,60.1747],[22.0967,60.1701],[22.1559,60.1927],[22.1425,60.1747]]],[[[19.5035,60.2309],[19.5349,60.2611],[19.5437,60.2343],[19.5035,60.2309]]],[[[21.1793,62.3713],[21.2045,62.4217],[21.2127,62.4111],[21.1793,62.3713]]],[[[14.9193,44.1533],[14.9203,44.1643],[14.9463,44.1475],[14.9193,44.1533]]],[[[22.3853,59.9963],[22.3599,59.9643],[22.3399,59.9651],[22.3853,59.9963]]],[[[14.7711,44.7421],[14.8069,44.7235],[14.8373,44.6913],[14.7711,44.7421]]],[[[-2.8422,47.6025],[-2.8279,47.5879],[-2.8622,47.5611],[-2.8422,47.6025]]],[[[-8.9135,42.3971],[-8.9435,42.3681],[-8.9161,42.4011],[-8.9135,42.3971]]],[[[21.2117,60.8415],[21.2187,60.8643],[21.2391,60.8521],[21.2117,60.8415]]],[[[14.8255,44.8287],[14.8335,44.8511],[14.8381,44.8435],[14.8255,44.8287]]],[[[21.3853,60.2657],[21.4357,60.2637],[21.3659,60.2555],[21.3853,60.2657]]],[[[24.1461,58.2347],[24.1285,58.2073],[24.0975,58.2057],[24.1461,58.2347]]],[[[-0.7129,45.1915],[-0.6996,45.2057],[-0.7016,45.1787],[-0.7129,45.1915]]],[[[17.4967,58.7397],[17.4989,58.7635],[17.5161,58.7445],[17.4967,58.7397]]],[[[-9.0425,38.8439],[-9.0656,38.8315],[-9.034,38.8641],[-9.0425,38.8439]]],[[[10.8095,37.1445],[10.7975,37.1225],[10.7953,37.1317],[10.8095,37.1445]]],[[[18.9617,59.3985],[18.9655,59.4247],[18.9889,59.4121],[18.9617,59.3985]]],[[[26.7637,60.3707],[26.7699,60.3493],[26.7463,60.3605],[26.7637,60.3707]]],[[[9.0801,58.5971],[9.0515,58.5785],[9.0309,58.5835],[9.0801,58.5971]]],[[[13.7921,54.0179],[13.7753,54.0383],[13.7923,54.0497],[13.7921,54.0179]]],[[[46.9853,44.4623],[46.9869,44.4765],[47.0137,44.4545],[46.9853,44.4623]]],[[[19.1919,59.7685],[19.1933,59.7929],[19.2069,59.7907],[19.1919,59.7685]]],[[[28.9199,36.6567],[28.9197,36.6843],[28.9397,36.6737],[28.9199,36.6567]]],[[[21.3563,60.6181],[21.3583,60.5879],[21.3285,60.6193],[21.3563,60.6181]]],[[[14.7015,44.2747],[14.7093,44.2889],[14.7239,44.2755],[14.7015,44.2747]]],[[[15.4669,56.1267],[15.4591,56.1543],[15.4739,56.1279],[15.4669,56.1267]]],[[[21.3589,60.7447],[21.3537,60.7671],[21.3807,60.7519],[21.3589,60.7447]]],[[[17.3059,61.5557],[17.2703,61.5707],[17.3107,61.5587],[17.3059,61.5557]]],[[[11.2247,58.6457],[11.2337,58.6717],[11.2449,58.6613],[11.2247,58.6457]]],[[[21.6565,60.2835],[21.6475,60.3019],[21.6921,60.2843],[21.6565,60.2835]]],[[[27.4255,60.4597],[27.4049,60.4501],[27.3785,60.4725],[27.4255,60.4597]]],[[[11.2437,58.5313],[11.2485,58.5627],[11.2667,58.5339],[11.2437,58.5313]]],[[[22.1583,60.2299],[22.1415,60.2449],[22.1753,60.2441],[22.1583,60.2299]]],[[[20.4293,60.1765],[20.4049,60.1521],[20.4001,60.1627],[20.4293,60.1765]]],[[[24.8793,60.1453],[24.8975,60.1659],[24.8997,60.1525],[24.8793,60.1453]]],[[[12.5609,56.4231],[12.5631,56.4493],[12.5843,56.4337],[12.5609,56.4231]]],[[[15.7525,43.0237],[15.7229,43.0243],[15.7631,43.0333],[15.7525,43.0237]]],[[[19.8133,60.4175],[19.7903,60.3833],[19.7709,60.3985],[19.8133,60.4175]]],[[[16.5895,57.1005],[16.6499,57.0993],[16.6513,57.0945],[16.5895,57.1005]]],[[[22.2113,60.2371],[22.1811,60.2193],[22.1759,60.2237],[22.2113,60.2371]]],[[[24.7885,59.5927],[24.7601,59.5743],[24.7407,59.5861],[24.7885,59.5927]]],[[[25.0877,60.1501],[25.0687,60.1393],[25.0371,60.1405],[25.0607,60.1561],[25.0877,60.1501]]],[[[22.5059,59.9505],[22.5079,59.9209],[22.4927,59.9341],[22.5059,59.9505]]],[[[33.7857,36.1989],[33.7635,36.1759],[33.7607,36.1801],[33.7857,36.1989]]],[[[-8.6766,40.7041],[-8.7062,40.6955],[-8.6815,40.7101],[-8.6766,40.7041]]],[[[27.2027,59.8561],[27.1793,59.8455],[27.1795,59.8595],[27.2027,59.8561]]],[[[16.9679,58.4849],[17.0045,58.4991],[17.0079,58.4967],[16.9679,58.4849]]],[[[18.5263,60.1897],[18.5099,60.1747],[18.4879,60.1835],[18.5263,60.1897]]],[[[22.0563,60.3991],[22.0501,60.4181],[22.0781,60.4169],[22.0563,60.3991]]],[[[20.1285,60.3999],[20.1035,60.3799],[20.0865,60.3881],[20.1285,60.3999]]],[[[21.1549,60.7875],[21.1567,60.8079],[21.1865,60.7845],[21.1549,60.7875]]],[[[9.7343,40.8653],[9.7177,40.8817],[9.7443,40.8781],[9.7343,40.8653]]],[[[19.5223,39.7633],[19.5225,39.7845],[19.5345,39.7595],[19.5223,39.7633]]],[[[19.0865,59.5807],[19.0557,59.5709],[19.0339,59.5789],[19.0865,59.5807]]],[[[16.9259,58.5105],[16.9139,58.5313],[16.9455,58.5121],[16.9259,58.5105]]],[[[15.7875,56.0935],[15.7757,56.0711],[15.7535,56.0697],[15.7875,56.0935]]],[[[21.1975,63.0237],[21.2013,62.9935],[21.1793,63.0145],[21.1975,63.0237]]],[[[15.0503,44.0277],[15.0719,44.0283],[15.0837,44.0109],[15.0503,44.0277]]],[[[16.6745,57.8711],[16.6607,57.8485],[16.6469,57.8813],[16.6745,57.8711]]],[[[-2.8078,47.5775],[-2.7917,47.6011],[-2.7753,47.5893],[-2.8078,47.5775]]],[[[24.6215,38.7477],[24.6083,38.7661],[24.6281,38.7559],[24.6215,38.7477]]],[[[25.9371,60.2177],[25.9253,60.2335],[25.9555,60.2289],[25.9371,60.2177]]],[[[11.6577,57.7237],[11.6463,57.7057],[11.6359,57.7227],[11.6577,57.7237]]],[[[17.8373,42.7417],[17.8347,42.7293],[17.7933,42.7549],[17.8373,42.7417]]],[[[19.8203,60.3549],[19.7957,60.3357],[19.8043,60.3595],[19.8203,60.3549]]],[[[21.6675,36.9191],[21.6671,36.9499],[21.6749,36.9155],[21.6675,36.9191]]],[[[21.6525,60.3357],[21.7195,60.3305],[21.7255,60.3277],[21.6525,60.3357]]],[[[14.3005,44.5017],[14.2873,44.5231],[14.3131,44.5099],[14.3005,44.5017]]],[[[11.7947,57.6173],[11.7807,57.5989],[11.7589,57.6165],[11.7947,57.6173]]],[[[18.5213,59.0369],[18.5415,59.0597],[18.5465,59.0401],[18.5213,59.0369]]],[[[11.6559,57.8865],[11.6407,57.9081],[11.6695,57.9053],[11.6559,57.8865]]],[[[26.5865,39.3751],[26.6025,39.3975],[26.5927,39.3735],[26.5865,39.3751]]],[[[20.4545,60.0825],[20.4939,60.0929],[20.5191,60.0827],[20.4545,60.0825]]],[[[18.2289,62.7687],[18.2277,62.7815],[18.2535,62.7847],[18.2289,62.7687]]],[[[15.6759,43.6953],[15.6791,43.6813],[15.6467,43.7055],[15.6759,43.6953]]],[[[26.1895,35.3441],[26.1759,35.3533],[26.1935,35.3521],[26.1895,35.3441]]],[[[24.2971,38.0375],[24.2837,38.0185],[24.2849,38.0383],[24.2971,38.0375]]],[[[10.7841,59.1901],[10.7685,59.2225],[10.7929,59.1991],[10.7841,59.1901]]],[[[19.7253,60.3913],[19.7265,60.3659],[19.7185,60.3777],[19.7253,60.3913]]],[[[9.0215,58.5807],[9.0031,58.5811],[9.0373,58.5947],[9.0215,58.5807]]],[[[17.3255,60.6951],[17.3423,60.6755],[17.3025,60.6771],[17.3255,60.6951]]],[[[20.0269,60.0057],[20.0139,60.0237],[20.0381,60.0141],[20.0269,60.0057]]],[[[19.1289,59.7457],[19.1213,59.7655],[19.1625,59.7551],[19.1289,59.7457]]],[[[17.3297,61.1749],[17.3287,61.1473],[17.3111,61.1643],[17.3297,61.1749]]],[[[9.0993,58.6117],[9.0593,58.6063],[9.1259,58.6231],[9.0993,58.6117]]],[[[15.7703,43.7095],[15.7593,43.7341],[15.7807,43.7161],[15.7703,43.7095]]],[[[21.7961,60.3827],[21.7611,60.3681],[21.7317,60.3785],[21.7961,60.3827]]],[[[21.4629,61.3437],[21.4917,61.3571],[21.5107,61.3451],[21.4629,61.3437]]],[[[26.5955,39.3079],[26.5813,39.2819],[26.5793,39.2841],[26.5955,39.3079]]],[[[21.4319,61.1949],[21.4269,61.2105],[21.4645,61.1973],[21.4319,61.1949]]],[[[18.7663,60.1283],[18.7893,60.1439],[18.7917,60.1283],[18.7663,60.1283]]],[[[21.5919,59.8229],[21.6031,59.8365],[21.6561,59.8399],[21.5919,59.8229]]],[[[21.4889,63.1467],[21.4927,63.1599],[21.5421,63.1381],[21.4889,63.1467]]],[[[-4.6521,51.1639],[-4.6762,51.1703],[-4.664,51.1947],[-4.6521,51.1639]]],[[[29.1093,40.8769],[29.0995,40.8907],[29.1093,40.8897],[29.1093,40.8769]]],[[[21.5041,60.1053],[21.4953,60.1193],[21.5163,60.1115],[21.5041,60.1053]]],[[[29.5939,44.8155],[29.5485,44.7941],[29.5409,44.7977],[29.5939,44.8155]]],[[[10.7061,59.2275],[10.6907,59.2421],[10.7073,59.2491],[10.7061,59.2275]]],[[[26.8649,35.4387],[26.8769,35.4493],[26.8821,35.4397],[26.8649,35.4387]]],[[[21.7917,60.2569],[21.7549,60.2473],[21.7485,60.2509],[21.7917,60.2569]]],[[[23.0687,39.1553],[23.0903,39.1737],[23.0955,39.1701],[23.0687,39.1553]]],[[[23.7621,59.9441],[23.7607,59.9271],[23.7545,59.9291],[23.7621,59.9441]]],[[[21.7257,60.4259],[21.6937,60.4221],[21.7143,60.4433],[21.7257,60.4259]]],[[[17.4927,58.7073],[17.4811,58.7275],[17.4993,58.7181],[17.4927,58.7073]]],[[[17.5581,61.7317],[17.5401,61.7115],[17.5225,61.7253],[17.5581,61.7317]]],[[[22.4465,59.9639],[22.4685,59.9753],[22.4699,59.9631],[22.4465,59.9639]]],[[[49.1179,45.9647],[49.0989,45.9563],[49.0989,45.9705],[49.1179,45.9647]]],[[[18.6693,60.2493],[18.6757,60.2753],[18.6791,60.2557],[18.6693,60.2493]]],[[[11.7805,57.6563],[11.7709,57.6349],[11.7621,57.6473],[11.7805,57.6563]]],[[[9.9091,43.4403],[9.8877,43.4273],[9.8943,43.4387],[9.9091,43.4403]]],[[[15.2091,43.9279],[15.2003,43.9481],[15.2283,43.9219],[15.2091,43.9279]]],[[[21.5773,60.3017],[21.5567,60.2881],[21.5507,60.3017],[21.5773,60.3017]]],[[[22.3379,59.8041],[22.3237,59.8269],[22.3417,59.8089],[22.3379,59.8041]]],[[[38.3331,46.7683],[38.3451,46.7507],[38.3211,46.7555],[38.3331,46.7683]]],[[[21.0859,60.3649],[21.0723,60.3501],[21.0703,60.3699],[21.0859,60.3649]]],[[[27.8323,60.5039],[27.8395,60.5241],[27.8465,60.5185],[27.8323,60.5039]]],[[[15.0393,44.1469],[15.0269,44.1673],[15.0543,44.1435],[15.0393,44.1469]]],[[[21.6359,60.0981],[21.6841,60.1075],[21.6867,60.0979],[21.6359,60.0981]]],[[[28.6095,60.5529],[28.6019,60.5257],[28.5937,60.5549],[28.6095,60.5529]]],[[[-8.9942,38.9145],[-9.0062,38.8881],[-9.0022,38.9199],[-8.9942,38.9145]]],[[[12.2025,57.1119],[12.2227,57.1261],[12.2331,57.1105],[12.2025,57.1119]]],[[[25.6837,60.2095],[25.6713,60.2325],[25.6919,60.2157],[25.6837,60.2095]]],[[[-1.171,44.7053],[-1.1892,44.6941],[-1.1935,44.7033],[-1.171,44.7053]]],[[[23.9581,37.6575],[23.9447,37.6447],[23.9365,37.6511],[23.9581,37.6575]]],[[[21.9573,63.2957],[21.9445,63.2759],[21.9301,63.2879],[21.9573,63.2957]]],[[[23.3745,58.5095],[23.3791,58.5283],[23.3967,58.5135],[23.3745,58.5095]]],[[[47.0233,44.7199],[47.0181,44.6963],[47.0165,44.7251],[47.0233,44.7199]]],[[[11.0979,42.2439],[11.1109,42.2641],[11.1111,42.2403],[11.0979,42.2439]]],[[[21.4989,60.3741],[21.4717,60.3881],[21.4983,60.3885],[21.4989,60.3741]]],[[[17.9997,57.2811],[17.9657,57.2761],[17.9631,57.2841],[17.9997,57.2811]]],[[[11.7991,58.0939],[11.7769,58.0847],[11.7705,58.1097],[11.7991,58.0939]]],[[[15.4825,42.1043],[15.4867,42.1259],[15.4959,42.1247],[15.4825,42.1043]]],[[[21.3885,60.4213],[21.3805,60.4429],[21.3893,60.4403],[21.3885,60.4213]]],[[[49.4507,39.9339],[49.4855,39.9485],[49.4933,39.9437],[49.4507,39.9339]]],[[[23.0337,58.6289],[23.0305,58.6495],[23.0467,58.6289],[23.0337,58.6289]]],[[[22.4041,59.8629],[22.4029,59.8405],[22.3655,59.8491],[22.4041,59.8629]]],[[[23.3755,59.9323],[23.3683,59.9143],[23.3609,59.9249],[23.3755,59.9323]]],[[[17.3789,61.6233],[17.3781,61.6457],[17.3949,61.6219],[17.3789,61.6233]]],[[[46.8119,44.4927],[46.8191,44.5105],[46.8369,44.5029],[46.8119,44.4927]]],[[[21.5517,60.5521],[21.5449,60.5333],[21.5317,60.5515],[21.5517,60.5521]]],[[[22.1295,60.1573],[22.1113,60.1373],[22.1083,60.1461],[22.1295,60.1573]]],[[[26.7369,60.4089],[26.7419,60.4381],[26.7597,60.4285],[26.7369,60.4089]]],[[[14.8485,44.4765],[14.8565,44.4861],[14.8717,44.4689],[14.8485,44.4765]]],[[[15.3473,43.7629],[15.3251,43.7797],[15.3555,43.7643],[15.3473,43.7629]]],[[[21.9371,60.1701],[21.9181,60.1687],[21.9477,60.1809],[21.9371,60.1701]]],[[[16.6529,58.4221],[16.6771,58.4291],[16.6929,58.4163],[16.6529,58.4221]]],[[[21.7817,59.9691],[21.7561,59.9503],[21.7603,59.9677],[21.7817,59.9691]]],[[[25.5449,60.2461],[25.5211,60.2397],[25.5405,60.2611],[25.5449,60.2461]]],[[[19.0439,57.8061],[19.0583,57.7877],[19.0365,57.7993],[19.0439,57.8061]]],[[[22.0305,60.1399],[22.0209,60.1315],[21.9837,60.1381],[22.0305,60.1399]]],[[[22.0719,38.3607],[22.0821,38.3721],[22.0895,38.3597],[22.0719,38.3607]]],[[[21.6507,60.4811],[21.6607,60.4615],[21.6453,60.4675],[21.6507,60.4811]]],[[[26.3051,60.3353],[26.2685,60.3605],[26.3089,60.3385],[26.3051,60.3353]]],[[[49.5727,46.2317],[49.5569,46.2197],[49.5501,46.2275],[49.5727,46.2317]]],[[[24.1677,38.1625],[24.1785,38.1803],[24.1717,38.1617],[24.1677,38.1625]]],[[[21.6891,60.3661],[21.6665,60.3821],[21.7015,60.3655],[21.6891,60.3661]]],[[[21.5633,37.0615],[21.5419,37.0595],[21.5609,37.0695],[21.5633,37.0615]]],[[[11.1449,59.1175],[11.1275,59.1005],[11.1147,59.1103],[11.1449,59.1175]]],[[[13.1907,45.7087],[13.2075,45.7203],[13.2465,45.7187],[13.1907,45.7087]]],[[[2.3365,39.5939],[2.3175,39.5725],[2.3045,39.5717],[2.3365,39.5939]]],[[[18.6101,60.2689],[18.6185,60.2841],[18.6397,60.2673],[18.6101,60.2689]]],[[[26.2947,38.5047],[26.2801,38.4997],[26.2755,38.5229],[26.2947,38.5047]]],[[[20.3379,60.0653],[20.3609,60.0831],[20.3587,60.0685],[20.3379,60.0653]]],[[[9.4103,41.2113],[9.4141,41.1937],[9.3967,41.1993],[9.4103,41.2113]]],[[[21.5197,61.5915],[21.4765,61.5947],[21.5283,61.5967],[21.5197,61.5915]]],[[[49.3041,46.1833],[49.3151,46.1995],[49.3169,46.1715],[49.3041,46.1833]]],[[[25.8775,60.2071],[25.8947,60.2189],[25.9163,60.2085],[25.8775,60.2071]]],[[[16.4809,56.9595],[16.4803,56.9809],[16.4939,56.9675],[16.4809,56.9595]]],[[[18.1683,59.0453],[18.1703,59.0617],[18.1951,59.0497],[18.1683,59.0453]]],[[[18.8895,59.3437],[18.9137,59.3585],[18.9317,59.3525],[18.8895,59.3437]]],[[[21.4199,60.4289],[21.4417,60.4207],[21.4125,60.4123],[21.4199,60.4289]]],[[[28.0075,60.0271],[28.0085,60.0427],[28.0611,60.0215],[28.0075,60.0271]]],[[[21.7565,59.9089],[21.7637,59.9251],[21.7817,59.9157],[21.7565,59.9089]]],[[[25.5521,60.2089],[25.5299,60.1937],[25.5293,60.2155],[25.5521,60.2089]]],[[[11.1349,58.7621],[11.1469,58.7753],[11.1609,58.7685],[11.1349,58.7621]]],[[[15.7949,43.7211],[15.7935,43.7395],[15.8045,43.7253],[15.7949,43.7211]]],[[[21.5731,60.5271],[21.5815,60.5405],[21.5993,60.5277],[21.5731,60.5271]]],[[[10.5247,59.8767],[10.5527,59.8731],[10.5253,59.8611],[10.5247,59.8767]]],[[[21.3781,60.5195],[21.3683,60.4993],[21.3499,60.5131],[21.3781,60.5195]]],[[[-5.0781,55.5393],[-5.0696,55.5177],[-5.089,55.5393],[-5.0781,55.5393]]],[[[26.1177,60.3711],[26.1255,60.3897],[26.1275,60.3733],[26.1177,60.3711]]],[[[10.5163,59.3757],[10.5423,59.3801],[10.5363,59.3643],[10.5163,59.3757]]],[[[11.7847,57.5653],[11.7937,57.5887],[11.7997,57.5677],[11.7847,57.5653]]],[[[22.0129,60.2963],[21.9871,60.2809],[21.9771,60.2839],[22.0129,60.2963]]],[[[15.3083,43.9187],[15.3049,43.9309],[15.3159,43.9207],[15.3083,43.9187]]],[[[22.4825,59.9359],[22.4643,59.9241],[22.4591,59.9411],[22.4825,59.9359]]],[[[18.6345,60.2347],[18.6591,60.2057],[18.6271,60.2275],[18.6345,60.2347]]],[[[21.3993,62.9559],[21.3747,62.9319],[21.3615,62.9433],[21.3993,62.9559]]],[[[21.5111,60.2543],[21.5355,60.2335],[21.5007,60.2367],[21.5111,60.2543]]],[[[28.4401,60.6075],[28.4645,60.5947],[28.4797,60.5867],[28.4429,60.5955],[28.4401,60.6075]]],[[[17.2085,61.6307],[17.2015,61.6449],[17.2437,61.6439],[17.2085,61.6307]]],[[[-8.7472,38.5233],[-8.7547,38.5199],[-8.7542,38.5243],[-8.7472,38.5233]]],[[[11.4245,58.1549],[11.4217,58.1741],[11.4589,58.1715],[11.4245,58.1549]]],[[[18.2469,62.7983],[18.1885,62.8015],[18.2455,62.7997],[18.2469,62.7983]]],[[[20.5973,60.1007],[20.6067,60.0839],[20.5787,60.0907],[20.5973,60.1007]]],[[[29.7573,36.1251],[29.7597,36.1333],[29.7679,36.1265],[29.7573,36.1251]]],[[[20.4313,60.3071],[20.4579,60.2993],[20.4267,60.2955],[20.4313,60.3071]]],[[[-10.1567,53.5403],[-10.1729,53.5263],[-10.1812,53.5377],[-10.1567,53.5403]]],[[[15.4861,43.8599],[15.5027,43.8665],[15.5179,43.8519],[15.4861,43.8599]]],[[[21.8451,60.2837],[21.8417,60.2947],[21.8593,60.2947],[21.8451,60.2837]]],[[[23.3387,59.8881],[23.2875,59.8871],[23.2855,59.8891],[23.3387,59.8881]]],[[[19.7705,60.3633],[19.7393,60.3543],[19.7757,60.3689],[19.7705,60.3633]]],[[[21.4755,60.1315],[21.4645,60.1451],[21.4855,60.1421],[21.4755,60.1315]]],[[[20.5203,60.2757],[20.5175,60.2981],[20.5319,60.2849],[20.5203,60.2757]]],[[[21.0985,62.6757],[21.0843,62.6933],[21.1161,62.6881],[21.0985,62.6757]]],[[[21.2497,60.1925],[21.2391,60.2023],[21.2639,60.1967],[21.2497,60.1925]]],[[[-1.9885,50.6927],[-1.9645,50.7001],[-1.9622,50.6935],[-1.9885,50.6927]]],[[[11.5981,58.3767],[11.5879,58.3857],[11.5997,58.3921],[11.5981,58.3767]]],[[[18.8811,59.4083],[18.8583,59.3943],[18.8617,59.4087],[18.8811,59.4083]]],[[[11.6075,57.7741],[11.6113,57.7951],[11.6315,57.7745],[11.6075,57.7741]]],[[[23.4623,36.9143],[23.4563,36.9375],[23.4699,36.9111],[23.4623,36.9143]]],[[[11.2121,58.8107],[11.2157,58.8283],[11.2213,58.8127],[11.2121,58.8107]]],[[[17.9903,42.6731],[18.0099,42.6801],[18.0167,42.6625],[17.9903,42.6731]]],[[[-2.8586,47.3381],[-2.8805,47.3429],[-2.8563,47.3437],[-2.8586,47.3381]]],[[[19.5005,60.2553],[19.4803,60.2437],[19.4965,60.2653],[19.5005,60.2553]]],[[[27.5099,40.5613],[27.4733,40.5489],[27.4781,40.5583],[27.5099,40.5613]]],[[[11.2431,58.6211],[11.2479,58.6459],[11.2511,58.6397],[11.2431,58.6211]]],[[[21.3063,38.3051],[21.3195,38.3175],[21.3267,38.3127],[21.3063,38.3051]]],[[[21.5539,61.7111],[21.5355,61.7067],[21.5121,61.7255],[21.5539,61.7111]]],[[[21.2805,60.8185],[21.2773,60.8043],[21.2499,60.8063],[21.2805,60.8185]]],[[[22.3629,59.9239],[22.3513,59.9271],[22.3843,59.9371],[22.3629,59.9239]]],[[[-8.8933,42.2439],[-8.9089,42.2507],[-8.9043,42.2549],[-8.8933,42.2439]]],[[[17.5505,62.4397],[17.5535,62.4257],[17.5373,62.4353],[17.5505,62.4397]]],[[[12.1833,57.1523],[12.1761,57.1675],[12.1961,57.1643],[12.1833,57.1523]]],[[[15.3673,43.7477],[15.3791,43.7609],[15.3811,43.7587],[15.3673,43.7477]]],[[[18.9051,59.3311],[18.8983,59.3427],[18.9133,59.3395],[18.9051,59.3311]]],[[[22.9753,37.4309],[22.9847,37.4423],[22.9935,37.4371],[22.9753,37.4309]]],[[[26.7771,38.4439],[26.7593,38.4443],[26.7641,38.4553],[26.7771,38.4439]]],[[[21.0363,38.3539],[21.0341,38.3699],[21.0451,38.3521],[21.0363,38.3539]]],[[[11.1583,58.7913],[11.1307,58.7867],[11.1333,58.7951],[11.1583,58.7913]]],[[[18.9941,57.4301],[18.9931,57.4463],[19.0017,57.4353],[18.9941,57.4301]]],[[[16.5525,57.0229],[16.5271,57.0189],[16.5253,57.0289],[16.5525,57.0229]]],[[[10.5849,59.8753],[10.5739,59.8599],[10.5669,59.8721],[10.5849,59.8753]]],[[[17.9905,58.8973],[17.9755,58.9027],[17.9923,58.9067],[17.9905,58.8973]]],[[[24.1089,38.2387],[24.1003,38.2191],[24.1053,38.2397],[24.1089,38.2387]]],[[[9.8039,37.2297],[9.7881,37.2189],[9.8061,37.2391],[9.8039,37.2297]]],[[[18.2291,59.0805],[18.2171,59.0679],[18.2035,59.0705],[18.2291,59.0805]]],[[[20.5725,60.1573],[20.6011,60.1697],[20.6173,60.1633],[20.5725,60.1573]]],[[[23.1495,58.8317],[23.1221,58.8283],[23.1197,58.8405],[23.1495,58.8317]]],[[[27.9053,60.0093],[27.8879,60.0113],[27.8949,60.0159],[27.9053,60.0093]]],[[[21.7473,60.5737],[21.7339,60.5539],[21.7299,60.5647],[21.7473,60.5737]]],[[[26.8085,38.9193],[26.8265,38.9237],[26.8231,38.9141],[26.8085,38.9193]]],[[[19.1037,59.7775],[19.1063,59.7925],[19.1093,59.7897],[19.1037,59.7775]]],[[[17.5385,61.9589],[17.5097,61.9561],[17.5041,61.9645],[17.5385,61.9589]]],[[[15.6523,56.1715],[15.6425,56.1543],[15.6385,56.1659],[15.6523,56.1715]]],[[[22.3759,59.9089],[22.3553,59.9099],[22.3885,59.9217],[22.3759,59.9089]]],[[[12.7291,55.9091],[12.7191,55.8913],[12.7079,55.9187],[12.7291,55.9091]]],[[[20.0791,60.4201],[20.0605,60.4369],[20.0827,60.4363],[20.0791,60.4201]]],[[[21.4401,61.6121],[21.4373,61.6259],[21.4525,61.6153],[21.4401,61.6121]]],[[[22.4369,59.9883],[22.4247,59.9969],[22.4331,59.9971],[22.4369,59.9883]]],[[[24.5981,60.0475],[24.6019,60.0603],[24.6243,60.0541],[24.5981,60.0475]]],[[[49.2261,46.1629],[49.2257,46.1825],[49.2483,46.1777],[49.2261,46.1629]]],[[[18.5691,59.4089],[18.5751,59.4221],[18.5969,59.4087],[18.5691,59.4089]]],[[[22.3231,60.1281],[22.3115,60.1427],[22.3403,60.1425],[22.3231,60.1281]]],[[[21.9623,60.2481],[21.9585,60.2325],[21.9531,60.2451],[21.9623,60.2481]]],[[[19.7761,60.4089],[19.7667,60.4267],[19.7833,60.4257],[19.7761,60.4089]]],[[[22.4039,59.8059],[22.3961,59.8237],[22.4163,59.8185],[22.4039,59.8059]]],[[[15.4907,43.6963],[15.4697,43.7143],[15.5167,43.6911],[15.4907,43.6963]]],[[[21.0919,60.4869],[21.0841,60.4987],[21.1079,60.4905],[21.0919,60.4869]]],[[[17.7201,58.8395],[17.7207,58.8607],[17.7329,58.8409],[17.7201,58.8395]]],[[[18.9333,59.2781],[18.9325,59.2907],[18.9441,59.2801],[18.9333,59.2781]]],[[[20.4001,60.3283],[20.4037,60.3439],[20.4309,60.3397],[20.4001,60.3283]]],[[[21.8933,60.3327],[21.9023,60.3375],[21.9135,60.3329],[21.8933,60.3327]]],[[[18.7923,59.6579],[18.7813,59.6399],[18.7739,59.6491],[18.7923,59.6579]]],[[[21.0189,38.4747],[21.0171,38.4913],[21.0317,38.4739],[21.0189,38.4747]]],[[[19.7177,60.3697],[19.7015,60.3623],[19.7049,60.3791],[19.7177,60.3697]]],[[[23.1661,37.2345],[23.1637,37.2247],[23.1617,37.2315],[23.1661,37.2345]]],[[[13.3187,45.6985],[13.3207,45.7149],[13.3261,45.7009],[13.3187,45.6985]]],[[[16.5831,57.8585],[16.5769,57.8739],[16.5911,57.8653],[16.5831,57.8585]]],[[[20.0023,60.4017],[20.0043,60.3755],[19.9847,60.3933],[20.0023,60.4017]]],[[[16.6163,57.8779],[16.6183,57.8603],[16.5981,57.8723],[16.6163,57.8779]]],[[[21.5301,60.2841],[21.5375,60.3021],[21.5487,60.2895],[21.5301,60.2841]]],[[[25.2181,59.5707],[25.2347,59.5785],[25.2441,59.5647],[25.2181,59.5707]]],[[[49.6075,46.3115],[49.6091,46.3223],[49.6255,46.3035],[49.6075,46.3115]]],[[[20.0455,60.4183],[20.0483,60.4365],[20.0537,60.4225],[20.0455,60.4183]]],[[[23.6669,59.9333],[23.6737,59.9213],[23.6379,59.9175],[23.6669,59.9333]]],[[[23.1057,38.6837],[23.0895,38.6699],[23.0995,38.6873],[23.1057,38.6837]]],[[[16.7063,57.5085],[16.7003,57.5239],[16.7239,57.5063],[16.7063,57.5085]]],[[[15.2505,43.8193],[15.2613,43.8253],[15.2637,43.8221],[15.2505,43.8193]]],[[[23.0149,58.7943],[22.9985,58.8189],[23.0183,58.7977],[23.0149,58.7943]]],[[[20.3133,60.1423],[20.3069,60.1603],[20.3287,60.1489],[20.3133,60.1423]]],[[[21.1851,60.5725],[21.1633,60.5667],[21.1657,60.5801],[21.1851,60.5725]]],[[[16.9335,58.2521],[16.9117,58.2487],[16.9433,58.2605],[16.9335,58.2521]]],[[[18.8697,59.3009],[18.8367,59.3039],[18.8239,59.3049],[18.8373,59.3101],[18.8697,59.3009]]],[[[23.4251,58.6423],[23.4423,58.6273],[23.4177,58.6357],[23.4251,58.6423]]],[[[11.1373,58.8747],[11.1235,58.8643],[11.1169,58.8807],[11.1373,58.8747]]],[[[20.0635,60.3769],[20.0551,60.3907],[20.0689,60.3813],[20.0635,60.3769]]],[[[11.6937,57.9223],[11.7187,57.9303],[11.7281,57.9265],[11.6937,57.9223]]],[[[21.9543,60.2049],[21.9399,60.2003],[21.9155,60.2049],[21.9543,60.2049]]],[[[27.8669,36.5249],[27.8471,36.5233],[27.8539,36.5329],[27.8669,36.5249]]],[[[22.3813,59.8911],[22.3755,59.9019],[22.4045,59.8993],[22.3813,59.8911]]],[[[20.3613,60.1711],[20.3523,60.1539],[20.3299,60.1603],[20.3613,60.1711]]],[[[10.8911,59.0319],[10.8843,59.0509],[10.9029,59.0375],[10.8911,59.0319]]],[[[14.2999,44.7673],[14.3159,44.7901],[14.3057,44.7633],[14.2999,44.7673]]],[[[19.9941,60.0509],[19.9689,60.0359],[19.9631,60.0381],[19.9941,60.0509]]],[[[21.2183,62.3937],[21.1953,62.3725],[21.2141,62.3957],[21.2183,62.3937]]],[[[18.7123,59.4299],[18.7263,59.4405],[18.7395,59.4351],[18.7123,59.4299]]],[[[16.6355,57.5617],[16.6105,57.5597],[16.6071,57.5635],[16.6355,57.5617]]],[[[21.3115,60.7195],[21.3069,60.7091],[21.2899,60.7127],[21.3115,60.7195]]],[[[11.7541,58.0831],[11.7531,58.1037],[11.7603,58.0963],[11.7541,58.0831]]],[[[18.6343,60.2851],[18.6519,60.2903],[18.6589,60.2827],[18.6343,60.2851]]],[[[27.5897,40.5077],[27.5803,40.5241],[27.5893,40.5281],[27.5897,40.5077]]],[[[25.3701,60.2369],[25.3529,60.2293],[25.3355,60.2405],[25.3701,60.2369]]],[[[25.1231,60.1541],[25.1237,60.1629],[25.1459,60.1587],[25.1231,60.1541]]],[[[9.8255,59.0085],[9.8289,59.0251],[9.8307,59.0121],[9.8255,59.0085]]],[[[19.1329,59.8025],[19.1275,59.8135],[19.1555,59.8165],[19.1329,59.8025]]],[[[21.2993,60.5801],[21.3213,60.5565],[21.2931,60.5789],[21.2993,60.5801]]],[[[25.2543,60.2339],[25.2387,60.2239],[25.2225,60.2275],[25.2543,60.2339]]],[[[17.6655,58.9197],[17.6551,58.9435],[17.6689,58.9203],[17.6655,58.9197]]],[[[29.6455,36.1093],[29.6281,36.1013],[29.6457,36.1157],[29.6455,36.1093]]],[[[21.6011,60.0997],[21.6235,60.0879],[21.5927,60.0895],[21.6011,60.0997]]],[[[21.7395,60.1205],[21.7533,60.1103],[21.7137,60.1131],[21.7395,60.1205]]],[[[16.8849,58.3445],[16.8887,58.3589],[16.9027,58.3561],[16.8849,58.3445]]],[[[16.7925,58.2749],[16.7965,58.2887],[16.8105,58.2761],[16.7925,58.2749]]],[[[24.0049,60.0197],[24.0003,60.0101],[23.9745,60.0147],[24.0049,60.0197]]],[[[7.0383,43.5307],[7.0553,43.5203],[7.0305,43.5283],[7.0383,43.5307]]],[[[22.0819,60.1723],[22.0835,60.1811],[22.1117,60.1831],[22.0819,60.1723]]],[[[21.3035,60.7757],[21.2945,60.7615],[21.2779,60.7703],[21.3035,60.7757]]],[[[13.5137,45.7501],[13.5525,45.7323],[13.5517,45.7303],[13.5207,45.7377],[13.5137,45.7501]]],[[[27.2191,37.0141],[27.2121,36.9977],[27.2057,37.0013],[27.2191,37.0141]]],[[[26.4355,60.3615],[26.4295,60.3445],[26.4175,60.3533],[26.4355,60.3615]]],[[[21.3935,63.0023],[21.4041,63.0141],[21.4131,63.0043],[21.3935,63.0023]]],[[[21.4885,60.1227],[21.4683,60.1205],[21.5085,60.1379],[21.4885,60.1227]]],[[[-8.902,42.1963],[-8.8895,42.2037],[-8.8869,42.1961],[-8.902,42.1963]]],[[[17.8769,58.7697],[17.8719,58.7541],[17.8705,58.7729],[17.8769,58.7697]]],[[[18.8437,59.6501],[18.8371,59.6609],[18.8609,59.6553],[18.8437,59.6501]]],[[[9.3613,41.3005],[9.3749,41.3149],[9.3837,41.3009],[9.3673,41.2943],[9.3613,41.3005]]],[[[17.5951,58.8821],[17.5783,58.8755],[17.5667,58.8873],[17.5951,58.8821]]],[[[17.2211,61.5721],[17.1963,61.5801],[17.2233,61.5737],[17.2211,61.5721]]],[[[23.1119,38.6367],[23.1199,38.6501],[23.1257,38.6477],[23.1119,38.6367]]],[[[2.9673,39.1921],[2.9609,39.1777],[2.9517,39.1833],[2.9673,39.1921]]],[[[18.8893,59.3075],[18.8915,59.3173],[18.9119,59.3143],[18.8893,59.3075]]],[[[21.2395,60.6261],[21.2325,60.6097],[21.2207,60.6277],[21.2395,60.6261]]],[[[22.7281,60.0103],[22.7435,59.9971],[22.7251,59.9971],[22.7281,60.0103]]],[[[13.4327,40.8073],[13.4151,40.7879],[13.4103,40.7879],[13.4327,40.8073]]],[[[22.8097,60.0381],[22.8233,60.0459],[22.8225,60.0327],[22.8097,60.0381]]],[[[21.3071,60.8213],[21.3093,60.8389],[21.3193,60.8337],[21.3071,60.8213]]],[[[18.6461,59.1733],[18.6579,59.1903],[18.6733,59.1887],[18.6461,59.1733]]],[[[21.4757,61.3903],[21.4939,61.3929],[21.4991,61.3895],[21.4757,61.3903]]],[[[20.6243,60.4011],[20.6259,60.4147],[20.6303,60.3967],[20.6243,60.4011]]],[[[16.9183,58.2145],[16.9359,58.2267],[16.9527,58.2239],[16.9183,58.2145]]],[[[9.3533,41.2829],[9.3503,41.2921],[9.3589,41.2875],[9.3533,41.2829]]],[[[18.7325,59.6171],[18.7185,59.6011],[18.7127,59.6073],[18.7325,59.6171]]],[[[-3.5876,48.8005],[-3.5731,48.8119],[-3.5669,48.8067],[-3.5876,48.8005]]],[[[21.4899,60.2915],[21.4833,60.2991],[21.5027,60.2965],[21.4899,60.2915]]],[[[21.3091,60.1683],[21.3079,60.1503],[21.3009,60.1503],[21.3091,60.1683]]],[[[11.8197,57.6071],[11.8159,57.5957],[11.7943,57.5977],[11.8001,57.6061],[11.8197,57.6071]]],[[[21.3827,63.1587],[21.4021,63.1625],[21.4049,63.1581],[21.3827,63.1587]]],[[[27.4351,60.4121],[27.4175,60.4073],[27.4315,60.4187],[27.4351,60.4121]]],[[[-10.2384,51.7387],[-10.2505,51.7279],[-10.2645,51.7303],[-10.2384,51.7387]]],[[[26.3521,35.2765],[26.3381,35.2733],[26.3365,35.2847],[26.3521,35.2765]]],[[[27.3571,60.4855],[27.3763,60.4967],[27.3877,60.4901],[27.3571,60.4855]]],[[[21.2567,60.8235],[21.2403,60.8167],[21.2367,60.8347],[21.2567,60.8235]]],[[[21.2211,60.2463],[21.2339,60.2363],[21.2225,60.2369],[21.2211,60.2463]]],[[[18.8153,59.4565],[18.7823,59.4423],[18.7805,59.4441],[18.8153,59.4565]]],[[[18.0805,57.3113],[18.0667,57.3009],[18.0625,57.3117],[18.0805,57.3113]]],[[[14.8419,56.0131],[14.8367,56.0001],[14.8307,56.0029],[14.8419,56.0131]]],[[[22.2587,60.3785],[22.2709,60.3891],[22.2795,60.3831],[22.2587,60.3785]]],[[[12.8597,40.9477],[12.8469,40.9263],[12.8565,40.9507],[12.8597,40.9477]]],[[[18.5287,59.1217],[18.5089,59.1047],[18.4997,59.1097],[18.5287,59.1217]]],[[[19.7205,60.3167],[19.7273,60.3287],[19.7347,60.3157],[19.7205,60.3167]]],[[[21.5045,60.1641],[21.4905,60.1753],[21.5089,60.1697],[21.5045,60.1641]]],[[[20.8079,38.5783],[20.8071,38.5883],[20.8111,38.5801],[20.8079,38.5783]]],[[[16.7207,57.4407],[16.7115,57.4497],[16.7321,57.4481],[16.7207,57.4407]]],[[[24.6539,60.1001],[24.6335,60.0885],[24.6197,60.0937],[24.6539,60.1001]]],[[[-9.0056,42.4655],[-9.0052,42.4819],[-8.9947,42.4691],[-9.0056,42.4655]]],[[[49.5773,46.1261],[49.5807,46.1363],[49.5823,46.1245],[49.5773,46.1261]]],[[[21.3809,62.9053],[21.3823,62.8851],[21.3749,62.8897],[21.3809,62.9053]]],[[[28.9355,36.7255],[28.9535,36.7263],[28.9443,36.7187],[28.9355,36.7255]]],[[[25.1477,40.0311],[25.1355,40.0223],[25.1285,40.0257],[25.1477,40.0311]]],[[[26.1897,35.3329],[26.1691,35.3267],[26.1599,35.3303],[26.1897,35.3329]]],[[[24.3465,59.9909],[24.3567,59.9993],[24.3883,59.9955],[24.3465,59.9909]]],[[[16.7505,58.4071],[16.7389,58.3947],[16.7345,58.4087],[16.7505,58.4071]]],[[[28.0337,36.7209],[28.0157,36.7191],[28.0345,36.7275],[28.0337,36.7209]]],[[[18.4797,60.3045],[18.4665,60.3145],[18.4977,60.3043],[18.4797,60.3045]]],[[[26.5227,60.3613],[26.5343,60.3727],[26.5389,60.3665],[26.5227,60.3613]]],[[[11.4699,58.0599],[11.4799,58.0711],[11.4801,58.0591],[11.4699,58.0599]]],[[[22.0099,63.2105],[22.0021,63.2213],[22.0203,63.2153],[22.0099,63.2105]]],[[[19.0337,59.6465],[19.0505,59.6581],[19.0615,59.6451],[19.0337,59.6465]]],[[[22.1845,59.8749],[22.1869,59.8665],[22.1799,59.8679],[22.1845,59.8749]]],[[[21.5455,60.2447],[21.5471,60.2565],[21.5527,60.2529],[21.5455,60.2447]]],[[[25.4591,60.1753],[25.4579,60.1855],[25.4761,60.1835],[25.4591,60.1753]]],[[[26.1211,60.3395],[26.1133,60.3581],[26.1329,60.3593],[26.1211,60.3395]]],[[[22.3611,60.0113],[22.3575,60.0291],[22.3707,60.0231],[22.3611,60.0113]]],[[[17.3355,61.5669],[17.3271,61.5519],[17.3221,61.5651],[17.3355,61.5669]]],[[[16.7077,57.8605],[16.6873,57.8563],[16.6879,57.8691],[16.7077,57.8605]]],[[[22.9175,37.5019],[22.9159,37.4941],[22.9117,37.4977],[22.9175,37.5019]]],[[[18.8633,59.5055],[18.8609,59.5143],[18.8765,59.5119],[18.8633,59.5055]]],[[[16.8937,58.1821],[16.9017,58.1995],[16.9059,58.1897],[16.8937,58.1821]]],[[[21.2151,60.5071],[21.2079,60.5187],[21.2357,60.5103],[21.2151,60.5071]]],[[[29.0559,36.6645],[29.0461,36.6523],[29.0433,36.6587],[29.0559,36.6645]]],[[[11.8013,58.0749],[11.8163,58.0693],[11.8075,58.0555],[11.8013,58.0749]]],[[[9.8557,44.0555],[9.8469,44.0405],[9.8423,44.0503],[9.8557,44.0555]]],[[[14.9703,56.1187],[14.9721,56.1085],[14.9625,56.1141],[14.9703,56.1187]]],[[[20.3147,60.0749],[20.3143,60.0881],[20.3275,60.0823],[20.3147,60.0749]]],[[[15.8121,56.0241],[15.7861,56.0151],[15.8101,56.0299],[15.8121,56.0241]]],[[[21.1783,60.8073],[21.1669,60.8221],[21.1797,60.8111],[21.1783,60.8073]]],[[[21.1301,62.8301],[21.1033,62.8387],[21.1339,62.8321],[21.1301,62.8301]]],[[[20.1409,60.3791],[20.1175,60.3771],[20.1423,60.3877],[20.1409,60.3791]]],[[[21.7177,60.3043],[21.7261,60.2923],[21.7067,60.2985],[21.7177,60.3043]]],[[[10.7507,59.3069],[10.7289,59.3045],[10.7489,59.3175],[10.7507,59.3069]]],[[[22.8231,60.0727],[22.8155,60.0605],[22.7993,60.0675],[22.8231,60.0727]]],[[[26.0727,39.9361],[26.0765,39.9417],[26.0797,39.9379],[26.0727,39.9361]]],[[[21.3637,61.4837],[21.3499,61.4731],[21.3447,61.4799],[21.3637,61.4837]]],[[[26.8061,37.6305],[26.7901,37.6311],[26.7883,37.6361],[26.8061,37.6305]]],[[[23.4345,37.6887],[23.4253,37.6899],[23.4473,37.6945],[23.4345,37.6887]]],[[[18.3355,59.4045],[18.3511,59.4101],[18.3659,59.4071],[18.3355,59.4045]]],[[[21.5121,60.5241],[21.4947,60.5167],[21.4861,60.5205],[21.5121,60.5241]]],[[[21.4161,60.6275],[21.4171,60.6427],[21.4221,60.6275],[21.4161,60.6275]]],[[[20.4251,60.1823],[20.4001,60.1711],[20.4217,60.1871],[20.4251,60.1823]]],[[[23.6979,59.9271],[23.7163,59.9367],[23.7243,59.9253],[23.6979,59.9271]]],[[[21.5749,63.1009],[21.5563,63.0831],[21.5539,63.0855],[21.5749,63.1009]]],[[[18.8677,57.7129],[18.8573,57.7013],[18.8537,57.7137],[18.8677,57.7129]]],[[[20.5651,60.0771],[20.5681,60.0873],[20.5711,60.0821],[20.5651,60.0771]]],[[[27.8871,60.4661],[27.8611,60.4627],[27.8607,60.4711],[27.8871,60.4661]]],[[[23.0821,58.8235],[23.0653,58.8097],[23.0693,58.8287],[23.0821,58.8235]]],[[[21.2701,60.2039],[21.3171,60.1959],[21.2647,60.2025],[21.2701,60.2039]]],[[[21.2583,60.7571],[21.2693,60.7657],[21.2851,60.7599],[21.2583,60.7571]]],[[[11.0475,59.0061],[11.0515,58.9883],[11.0355,58.9945],[11.0475,59.0061]]],[[[25.8453,39.2287],[25.8301,39.2213],[25.8421,39.2317],[25.8453,39.2287]]],[[[15.5105,42.1303],[15.5107,42.1449],[15.5221,42.1385],[15.5105,42.1303]]],[[[26.8281,35.8843],[26.8319,35.8987],[26.8325,35.8855],[26.8281,35.8843]]],[[[-0.7129,45.2323],[-0.7109,45.2501],[-0.711,45.2299],[-0.7129,45.2323]]],[[[11.7363,57.6401],[11.7493,57.6527],[11.7587,57.6491],[11.7363,57.6401]]],[[[16.7177,57.9803],[16.7069,57.9935],[16.7217,57.9863],[16.7177,57.9803]]],[[[16.8231,58.0083],[16.8063,58.0057],[16.7917,58.0163],[16.8231,58.0083]]],[[[19.0393,59.6431],[19.0273,59.6269],[19.0245,59.6365],[19.0393,59.6431]]],[[[21.4983,61.2885],[21.4883,61.2999],[21.5057,61.2907],[21.4983,61.2885]]],[[[28.0487,36.7255],[28.0637,36.7357],[28.0661,36.7313],[28.0487,36.7255]]],[[[9.3483,41.3115],[9.3613,41.3005],[9.3395,41.3017],[9.3483,41.3115]]],[[[12.1229,57.2919],[12.1337,57.3039],[12.1377,57.2963],[12.1229,57.2919]]],[[[19.7055,60.3407],[19.6981,60.3273],[19.6877,60.3401],[19.7055,60.3407]]],[[[23.5075,39.1215],[23.4979,39.1343],[23.4997,39.1357],[23.5075,39.1215]]],[[[23.4565,58.5477],[23.4269,58.5437],[23.4385,58.5537],[23.4565,58.5477]]],[[[21.4407,61.6375],[21.4143,61.6361],[21.4073,61.6469],[21.4407,61.6375]]],[[[20.2453,60.4623],[20.2341,60.4479],[20.2261,60.4571],[20.2453,60.4623]]],[[[22.9529,59.7797],[22.9517,59.7677],[22.9397,59.7747],[22.9529,59.7797]]],[[[18.6609,59.1719],[18.6309,59.1569],[18.6291,59.1593],[18.6609,59.1719]]],[[[16.5995,57.8559],[16.5791,57.8489],[16.5961,57.8595],[16.5995,57.8559]]],[[[11.5925,58.0923],[11.5765,58.0901],[11.5911,58.1043],[11.5925,58.0923]]],[[[25.8737,35.1965],[25.8581,35.1883],[25.8721,35.1993],[25.8737,35.1965]]],[[[27.7945,60.4427],[27.7897,60.4575],[27.8075,60.4487],[27.7945,60.4427]]],[[[22.5947,59.9019],[22.6021,59.9091],[22.6227,59.9037],[22.5947,59.9019]]],[[[19.1317,59.7781],[19.1537,59.7841],[19.1561,59.7775],[19.1317,59.7781]]],[[[21.3131,60.3243],[21.2903,60.3213],[21.2891,60.3305],[21.3131,60.3243]]],[[[21.3399,60.0803],[21.3273,60.0715],[21.3197,60.0773],[21.3399,60.0803]]],[[[22.5843,59.9477],[22.5791,59.9553],[22.5843,59.9537],[22.5843,59.9477]]],[[[18.6597,60.1815],[18.6629,60.1921],[18.6697,60.1829],[18.6597,60.1815]]],[[[25.9919,60.2651],[25.9977,60.2805],[26.0053,60.2675],[25.9919,60.2651]]],[[[20.4047,60.0439],[20.3717,60.0361],[20.3881,60.0471],[20.4047,60.0439]]],[[[11.7431,57.9443],[11.7253,57.9409],[11.7225,57.9521],[11.7431,57.9443]]],[[[18.6921,60.2627],[18.6875,60.2447],[18.6797,60.2491],[18.6921,60.2627]]],[[[18.7903,59.5657],[18.8113,59.5727],[18.8201,59.5693],[18.8095,59.5629],[18.7903,59.5657]]],[[[26.9957,60.4155],[26.9781,60.4161],[26.9859,60.4277],[26.9957,60.4155]]],[[[23.5857,59.8307],[23.5623,59.8233],[23.5557,59.8255],[23.5857,59.8307]]],[[[21.7247,60.4195],[21.7185,60.4055],[21.7099,60.4059],[21.7247,60.4195]]],[[[17.9817,62.8081],[17.9615,62.7995],[17.9521,62.8089],[17.9817,62.8081]]],[[[16.9789,58.4255],[16.9639,58.4255],[16.9845,58.4277],[16.9789,58.4255]]],[[[14.3147,44.5733],[14.3123,44.5829],[14.3195,44.5739],[14.3147,44.5733]]],[[[21.6813,60.5173],[21.6847,60.5027],[21.6725,60.5079],[21.6813,60.5173]]],[[[27.8797,60.4713],[27.8927,60.4851],[27.8971,60.4809],[27.8797,60.4713]]],[[[25.0167,60.1819],[24.9911,60.1807],[25.0209,60.1851],[25.0167,60.1819]]],[[[18.8239,59.3917],[18.8321,59.4033],[18.8409,59.3933],[18.8239,59.3917]]],[[[16.6987,57.5755],[16.6799,57.5637],[16.6717,57.5699],[16.6987,57.5755]]],[[[14.5491,44.4959],[14.5557,44.5047],[14.5555,44.4951],[14.5491,44.4959]]],[[[16.7369,57.6727],[16.7367,57.6813],[16.7491,57.6739],[16.7369,57.6727]]],[[[16.3435,58.6407],[16.3329,58.6493],[16.3539,58.6455],[16.3435,58.6407]]],[[[25.8011,59.6773],[25.7981,59.6873],[25.8235,59.6773],[25.8011,59.6773]]],[[[17.1887,61.5843],[17.1843,61.5959],[17.2163,61.5897],[17.1887,61.5843]]],[[[10.4573,59.2235],[10.4609,59.2317],[10.4633,59.2249],[10.4573,59.2235]]],[[[23.8351,59.9461],[23.8143,59.9339],[23.8121,59.9365],[23.8351,59.9461]]],[[[21.3461,60.7341],[21.3417,60.7219],[21.3289,60.7283],[21.3461,60.7341]]],[[[32.2995,46.5151],[32.2991,46.5085],[32.2961,46.5119],[32.2995,46.5151]]],[[[21.8019,59.9253],[21.7841,59.9255],[21.7997,59.9357],[21.8019,59.9253]]],[[[23.2877,37.2757],[23.2743,37.2647],[23.2795,37.2767],[23.2877,37.2757]]],[[[21.1675,60.8591],[21.1661,60.8739],[21.1763,60.8655],[21.1675,60.8591]]],[[[18.3381,59.0391],[18.3441,59.0543],[18.3555,59.0453],[18.3381,59.0391]]],[[[1.6477,39.0409],[1.6453,39.0309],[1.6351,39.0431],[1.6477,39.0409]]],[[[-1.1762,46.0097],[-1.1686,46.0259],[-1.1591,46.0211],[-1.1762,46.0097]]],[[[17.3755,60.7143],[17.3443,60.7127],[17.3755,60.7161],[17.3755,60.7143]]],[[[26.3871,38.4255],[26.3757,38.4331],[26.3871,38.4383],[26.3871,38.4255]]],[[[24.5945,35.0161],[24.5813,35.0093],[24.5763,35.0125],[24.5945,35.0161]]],[[[21.9763,60.2187],[21.9813,60.2283],[21.9951,60.2223],[21.9763,60.2187]]],[[[21.3997,60.4341],[21.4057,60.4457],[21.4145,60.4333],[21.3997,60.4341]]],[[[21.4935,61.7687],[21.4847,61.7803],[21.4989,61.7715],[21.4935,61.7687]]],[[[28.6047,60.6635],[28.5817,60.6669],[28.6145,60.6721],[28.6047,60.6635]]],[[[18.6709,59.5591],[18.6775,59.5683],[18.6899,59.5665],[18.6709,59.5591]]],[[[24.2367,60.0181],[24.2083,60.0057],[24.1997,60.0087],[24.2367,60.0181]]],[[[10.1115,59.0173],[10.0945,59.0079],[10.0941,59.0111],[10.1115,59.0173]]],[[[11.6909,57.8771],[11.6833,57.8617],[11.6807,57.8635],[11.6909,57.8771]]],[[[23.7279,40.0623],[23.7303,40.0717],[23.7427,40.0651],[23.7279,40.0623]]],[[[22.3917,60.1253],[22.3889,60.1131],[22.3797,60.1239],[22.3917,60.1253]]],[[[21.2787,38.3169],[21.2735,38.3069],[21.2703,38.3081],[21.2787,38.3169]]],[[[11.4897,58.1921],[11.4911,58.2051],[11.5063,58.1987],[11.4897,58.1921]]],[[[10.4745,59.0795],[10.4679,59.0621],[10.4613,59.0815],[10.4745,59.0795]]],[[[-10.3119,51.9443],[-10.2875,51.9429],[-10.3145,51.9381],[-10.3119,51.9443]]],[[[20.9955,38.3633],[20.9933,38.3779],[21.0027,38.3679],[20.9955,38.3633]]],[[[21.1691,60.3159],[21.1629,60.3339],[21.1731,60.3181],[21.1691,60.3159]]],[[[22.5863,58.1923],[22.5883,58.2069],[22.6003,58.2007],[22.5863,58.1923]]],[[[30.4089,36.1833],[30.4089,36.1675],[30.4061,36.1653],[30.4089,36.1833]]],[[[28.9045,36.6559],[28.9079,36.6627],[28.9083,36.6555],[28.9045,36.6559]]],[[[1.2411,51.8925],[1.2269,51.8887],[1.2245,51.9033],[1.2411,51.8925]]],[[[18.7275,59.2619],[18.7445,59.2621],[18.7291,59.2577],[18.7275,59.2619]]],[[[11.2571,58.6031],[11.2477,58.5937],[11.2369,58.6033],[11.2571,58.6031]]],[[[13.0587,40.9729],[13.0515,40.9629],[13.0471,40.9675],[13.0587,40.9729]]],[[[-0.5523,53.6855],[-0.5447,53.6909],[-0.5326,53.6869],[-0.5523,53.6855]]],[[[16.9003,58.4053],[16.8721,58.4029],[16.9031,58.4061],[16.9003,58.4053]]],[[[17.6625,60.6309],[17.6733,60.6177],[17.6483,60.6279],[17.6625,60.6309]]],[[[21.0543,38.4659],[21.0427,38.4581],[21.0485,38.4687],[21.0543,38.4659]]],[[[21.7253,60.1211],[21.7039,60.1273],[21.7307,60.1241],[21.7253,60.1211]]],[[[21.2869,38.3441],[21.2765,38.3397],[21.2729,38.3433],[21.2869,38.3441]]],[[[11.7417,57.7975],[11.7389,57.7871],[11.7305,57.7905],[11.7417,57.7975]]],[[[17.0631,58.6563],[17.0627,58.6699],[17.0781,58.6647],[17.0631,58.6563]]],[[[22.5629,59.9033],[22.5411,59.9037],[22.5663,59.9071],[22.5629,59.9033]]],[[[20.0585,60.0197],[20.0429,60.0083],[20.0435,60.0175],[20.0585,60.0197]]],[[[17.6423,59.0275],[17.6579,59.0413],[17.6555,59.0201],[17.6423,59.0275]]],[[[16.7305,42.7571],[16.7185,42.7511],[16.7065,42.7527],[16.7305,42.7571]]],[[[21.0951,60.1475],[21.0851,60.1347],[21.0807,60.1469],[21.0951,60.1475]]],[[[17.4859,61.9469],[17.4955,61.9601],[17.4975,61.9531],[17.4859,61.9469]]],[[[21.2095,62.3461],[21.1871,62.3311],[21.2051,62.3481],[21.2095,62.3461]]],[[[17.3211,58.7323],[17.3221,58.7431],[17.3301,58.7335],[17.3211,58.7323]]],[[[21.2195,60.4087],[21.2029,60.4029],[21.2103,60.4129],[21.2195,60.4087]]],[[[16.6883,57.6677],[16.6847,57.6773],[16.7009,57.6721],[16.6883,57.6677]]],[[[21.8687,60.1257],[21.8393,60.1193],[21.8711,60.1291],[21.8687,60.1257]]],[[[22.9709,59.8977],[22.9807,59.8871],[22.9589,59.8937],[22.9709,59.8977]]],[[[7.7405,58.0193],[7.7377,58.0077],[7.7195,58.0143],[7.7405,58.0193]]],[[[8.2271,40.9793],[8.2221,40.9693],[8.2203,40.9857],[8.2271,40.9793]]],[[[18.7101,59.2811],[18.6833,59.2673],[18.6801,59.2689],[18.7101,59.2811]]],[[[26.7223,38.6881],[26.7083,38.7015],[26.7251,38.6919],[26.7223,38.6881]]],[[[18.4631,60.2227],[18.4453,60.2361],[18.4683,60.2275],[18.4631,60.2227]]],[[[1.2163,38.9923],[1.2077,38.9901],[1.2145,38.9959],[1.2163,38.9923]]],[[[21.7677,60.0273],[21.7803,60.0363],[21.7859,60.0267],[21.7677,60.0273]]],[[[21.6949,60.4407],[21.6829,60.4455],[21.7073,60.4481],[21.6949,60.4407]]],[[[21.7561,60.5753],[21.7419,60.5873],[21.7633,60.5867],[21.7561,60.5753]]],[[[8.3121,55.5151],[8.3149,55.5227],[8.3327,55.5077],[8.3121,55.5151]]],[[[21.5069,60.1777],[21.4933,60.1847],[21.5159,60.1853],[21.5069,60.1777]]],[[[16.7037,57.4247],[16.6785,57.4229],[16.7063,57.4269],[16.7037,57.4247]]],[[[21.8261,60.1331],[21.8505,60.1345],[21.8255,60.1227],[21.8261,60.1331]]],[[[23.9851,39.1209],[23.9753,39.1167],[23.9809,39.1243],[23.9851,39.1209]]],[[[19.6999,60.1695],[19.6867,60.1689],[19.6931,60.1775],[19.6999,60.1695]]],[[[16.5009,57.1889],[16.4883,57.1747],[16.4825,57.1847],[16.5009,57.1889]]],[[[9.7323,59.0487],[9.7391,59.0575],[9.7451,59.0487],[9.7323,59.0487]]],[[[15.4537,43.7193],[15.4497,43.7315],[15.4599,43.7187],[15.4537,43.7193]]],[[[22.2207,59.8631],[22.1989,59.8475],[22.1919,59.8491],[22.2207,59.8631]]],[[[22.3285,59.8649],[22.3281,59.8561],[22.3171,59.8633],[22.3285,59.8649]]],[[[21.8073,60.3399],[21.7817,60.3461],[21.8077,60.3425],[21.8073,60.3399]]],[[[16.3711,58.6259],[16.3503,58.6191],[16.3429,58.6307],[16.3711,58.6259]]],[[[16.7071,57.5433],[16.6917,57.5407],[16.7037,57.5465],[16.7071,57.5433]]],[[[20.5527,60.0665],[20.5207,60.0719],[20.5547,60.0717],[20.5527,60.0665]]],[[[21.7999,58.3311],[21.7807,58.3431],[21.8015,58.3347],[21.7999,58.3311]]],[[[25.3773,59.5085],[25.3821,59.5221],[25.3893,59.5133],[25.3773,59.5085]]],[[[21.3025,60.2863],[21.3043,60.2965],[21.3091,60.2865],[21.3025,60.2863]]],[[[25.9659,60.2521],[25.9561,60.2439],[25.9365,60.2471],[25.9659,60.2521]]],[[[19.0291,59.7975],[19.0119,59.7863],[19.0071,59.7911],[19.0291,59.7975]]],[[[21.2415,62.9827],[21.2393,62.9927],[21.2511,62.9865],[21.2415,62.9827]]],[[[23.3973,58.9527],[23.3831,58.9401],[23.3945,58.9545],[23.3973,58.9527]]],[[[18.5617,59.0237],[18.5593,59.0333],[18.5769,59.0235],[18.5617,59.0237]]],[[[21.3191,38.3715],[21.3127,38.3633],[21.3081,38.3709],[21.3191,38.3715]]],[[[18.6675,59.4731],[18.6695,59.4783],[18.6711,59.4757],[18.6675,59.4731]]],[[[26.5997,60.3743],[26.5991,60.3617],[26.5909,60.3619],[26.5997,60.3743]]],[[[16.8601,58.2367],[16.8633,58.2511],[16.8761,58.2385],[16.8601,58.2367]]],[[[22.1059,59.8639],[22.0843,59.8539],[22.0753,59.8575],[22.1059,59.8639]]],[[[23.8327,59.9227],[23.8311,59.9297],[23.8445,59.9251],[23.8327,59.9227]]],[[[8.7367,58.4181],[8.7339,58.4067],[8.7291,58.4121],[8.7367,58.4181]]],[[[18.5685,59.1059],[18.5471,59.0935],[18.5455,59.0963],[18.5685,59.1059]]],[[[18.7279,59.4175],[18.7291,59.4267],[18.7495,59.4189],[18.7279,59.4175]]],[[[21.0091,37.2547],[21.0067,37.2437],[20.9993,37.2485],[21.0091,37.2547]]],[[[16.8793,58.4203],[16.8711,58.4107],[16.8657,58.4127],[16.8793,58.4203]]],[[[17.5215,58.8427],[17.5049,58.8385],[17.5061,58.8475],[17.5215,58.8427]]],[[[22.2889,59.9493],[22.2917,59.9581],[22.3053,59.9551],[22.2889,59.9493]]],[[[27.3883,37.0037],[27.3777,36.9975],[27.3829,37.0055],[27.3883,37.0037]]],[[[22.1577,60.1429],[22.1575,60.1501],[22.1923,60.1529],[22.1577,60.1429]]],[[[9.4925,58.8391],[9.4683,58.8503],[9.4953,58.8415],[9.4925,58.8391]]],[[[18.9883,57.7437],[18.9895,57.7587],[18.9971,57.7601],[18.9883,57.7437]]],[[[18.4005,59.4127],[18.4135,59.4187],[18.4211,59.4141],[18.4005,59.4127]]],[[[22.3939,60.2413],[22.3863,60.2317],[22.3713,60.2353],[22.3939,60.2413]]],[[[18.4219,59.2415],[18.4029,59.2453],[18.4067,59.2507],[18.4219,59.2415]]],[[[11.1047,58.9549],[11.1051,58.9679],[11.1143,58.9511],[11.1047,58.9549]]],[[[18.5263,60.2753],[18.5191,60.2849],[18.5325,60.2829],[18.5263,60.2753]]],[[[21.8939,63.2817],[21.8817,63.2931],[21.8967,63.2889],[21.8939,63.2817]]],[[[26.4685,38.3911],[26.4753,38.3997],[26.4715,38.3909],[26.4685,38.3911]]],[[[21.6895,60.3995],[21.6849,60.4143],[21.6973,60.4045],[21.6895,60.3995]]],[[[10.5573,59.8679],[10.5389,59.8551],[10.5367,59.8577],[10.5573,59.8679]]],[[[21.5719,60.4331],[21.5467,60.4455],[21.5731,60.4373],[21.5719,60.4331]]],[[[16.2549,42.3941],[16.2655,42.3985],[16.2831,42.3907],[16.2549,42.3941]]],[[[26.6271,60.3697],[26.6551,60.3803],[26.6593,60.3777],[26.6271,60.3697]]],[[[5.3051,43.2817],[5.2879,43.2681],[5.2845,43.2711],[5.3051,43.2817]]],[[[21.3397,60.8255],[21.3245,60.8165],[21.3355,60.8291],[21.3397,60.8255]]],[[[22.8605,37.5043],[22.8665,37.5129],[22.8771,37.5049],[22.8605,37.5043]]],[[[25.2387,60.2463],[25.2347,60.2549],[25.2409,60.2505],[25.2387,60.2463]]],[[[22.0169,63.2737],[22.0027,63.2643],[21.9971,63.2697],[22.0169,63.2737]]],[[[9.8031,58.9941],[9.8043,59.0057],[9.8179,58.9997],[9.8031,58.9941]]],[[[29.5133,36.1571],[29.4931,36.1571],[29.4933,36.1619],[29.5133,36.1571]]],[[[31.7269,46.2887],[31.7403,46.2819],[31.7273,46.2815],[31.7269,46.2887]]],[[[22.0047,60.2133],[21.9867,60.2067],[21.9813,60.2125],[22.0047,60.2133]]],[[[26.6909,60.4065],[26.6931,60.3919],[26.6815,60.4001],[26.6909,60.4065]]],[[[22.5179,59.8575],[22.4971,59.8521],[22.4915,59.8575],[22.5179,59.8575]]],[[[27.5983,36.9831],[27.6023,36.9713],[27.5877,36.9827],[27.5983,36.9831]]],[[[21.4485,61.8511],[21.4409,61.8417],[21.4359,61.8483],[21.4485,61.8511]]],[[[23.9431,35.5429],[23.9317,35.5347],[23.9337,35.5461],[23.9431,35.5429]]],[[[20.2733,60.2537],[20.2751,60.2657],[20.2857,60.2555],[20.2733,60.2537]]],[[[21.6779,60.4903],[21.6721,60.5037],[21.6821,60.4939],[21.6779,60.4903]]],[[[20.2951,60.2453],[20.3059,60.2577],[20.3077,60.2409],[20.2951,60.2453]]],[[[11.9683,57.3359],[11.9589,57.3453],[11.9761,57.3407],[11.9683,57.3359]]],[[[28.2527,36.8075],[28.2607,36.8127],[28.2603,36.8005],[28.2527,36.8075]]],[[[29.6205,44.8395],[29.6087,44.8293],[29.6209,44.8481],[29.6205,44.8395]]],[[[21.2249,60.9451],[21.2129,60.9367],[21.2059,60.9451],[21.2249,60.9451]]],[[[28.6485,60.5247],[28.6433,60.5379],[28.6487,60.5287],[28.6485,60.5247]]],[[[19.3281,60.2125],[19.3233,60.2169],[19.3399,60.2131],[19.3281,60.2125]]],[[[18.5473,60.2807],[18.5579,60.2685],[18.5457,60.2757],[18.5473,60.2807]]],[[[-8.8416,38.4817],[-8.831,38.4831],[-8.8316,38.4733],[-8.8416,38.4817]]],[[[21.8803,60.3225],[21.8861,60.3289],[21.9103,60.3231],[21.8803,60.3225]]],[[[21.0719,38.4495],[21.0651,38.4591],[21.0765,38.4541],[21.0719,38.4495]]],[[[22.9565,38.1765],[22.9599,38.1833],[22.9735,38.1833],[22.9565,38.1765]]],[[[18.8511,42.2579],[18.8523,42.2675],[18.8587,42.2589],[18.8511,42.2579]]],[[[-2.7254,47.5893],[-2.7046,47.5975],[-2.7027,47.5949],[-2.7254,47.5893]]],[[[9.2619,41.3679],[9.2561,41.3781],[9.2679,41.3771],[9.2619,41.3679]]],[[[21.8905,60.2771],[21.8903,60.2867],[21.9129,60.2759],[21.8905,60.2771]]],[[[24.0703,39.0413],[24.0595,39.0331],[24.0583,39.0397],[24.0703,39.0413]]],[[[19.9747,60.3723],[19.9693,60.3811],[19.9891,60.3773],[19.9747,60.3723]]],[[[11.1593,58.9119],[11.1615,58.9219],[11.1805,58.9135],[11.1593,58.9119]]],[[[24.1877,39.5027],[24.1765,39.4969],[24.1821,39.5059],[24.1877,39.5027]]],[[[27.5155,36.6509],[27.5109,36.6633],[27.5173,36.6639],[27.5155,36.6509]]],[[[21.5457,60.1035],[21.5395,60.0937],[21.5329,60.0991],[21.5457,60.1035]]],[[[23.0571,58.7739],[23.0489,58.7831],[23.0615,58.7815],[23.0571,58.7739]]],[[[26.8363,38.5879],[26.8311,38.5647],[26.8293,38.5791],[26.8363,38.5879]]],[[[11.7991,58.2959],[11.7903,58.2859],[11.7827,58.2923],[11.7991,58.2959]]],[[[-8.8343,42.4919],[-8.8446,42.4931],[-8.8391,42.4997],[-8.8343,42.4919]]],[[[20.5287,60.0867],[20.5205,60.0939],[20.5443,60.0865],[20.5287,60.0867]]],[[[1.2629,51.8793],[1.2591,51.8881],[1.2803,51.8793],[1.2629,51.8793]]],[[[25.3179,60.2401],[25.3075,60.2485],[25.3315,60.2463],[25.3179,60.2401]]],[[[26.6367,60.2903],[26.6255,60.2907],[26.6525,60.3009],[26.6367,60.2903]]],[[[20.4789,60.1185],[20.4767,60.1267],[20.5041,60.1269],[20.4789,60.1185]]],[[[27.5531,60.4289],[27.5641,60.4401],[27.5681,60.4305],[27.5531,60.4289]]],[[[11.2313,58.3559],[11.2297,58.3713],[11.2391,58.3597],[11.2313,58.3559]]],[[[22.3309,59.8533],[22.3353,59.8443],[22.3231,59.8491],[22.3309,59.8533]]],[[[27.3765,37.1693],[27.3733,37.1625],[27.3653,37.1725],[27.3765,37.1693]]],[[[25.4391,60.1647],[25.4467,60.1709],[25.4575,60.1627],[25.4391,60.1647]]],[[[21.8173,60.3277],[21.8297,60.3203],[21.8059,60.3253],[21.8173,60.3277]]],[[[25.9129,60.2393],[25.8923,60.2385],[25.9271,60.2433],[25.9129,60.2393]]],[[[22.9739,59.9043],[22.9743,59.9135],[22.9831,59.9119],[22.9739,59.9043]]],[[[16.7539,57.9887],[16.7449,57.9753],[16.7387,57.9767],[16.7539,57.9887]]],[[[25.8491,60.2491],[25.8511,60.2627],[25.8619,60.2493],[25.8491,60.2491]]],[[[11.2029,58.6667],[11.2087,58.6827],[11.2131,58.6749],[11.2029,58.6667]]],[[[11.9445,57.3807],[11.9353,57.3699],[11.9303,57.3711],[11.9445,57.3807]]],[[[16.5767,57.1161],[16.5699,57.1271],[16.5849,57.1179],[16.5767,57.1161]]],[[[19.7805,60.3503],[19.7731,60.3579],[19.7879,60.3559],[19.7805,60.3503]]],[[[11.6165,58.2567],[11.6115,58.2423],[11.6085,58.2447],[11.6165,58.2567]]],[[[21.0879,60.3929],[21.0723,60.3843],[21.0863,60.3957],[21.0879,60.3929]]],[[[24.6183,60.0625],[24.6071,60.0655],[24.6321,60.0685],[24.6183,60.0625]]],[[[21.5805,60.1009],[21.5735,60.0919],[21.5605,60.0921],[21.5805,60.1009]]],[[[28.4517,60.6113],[28.4565,60.6193],[28.4629,60.6147],[28.4517,60.6113]]],[[[22.2427,60.1415],[22.2149,60.1335],[22.2111,60.1347],[22.2427,60.1415]]],[[[24.2275,38.6169],[24.2275,38.6065],[24.2215,38.6115],[24.2275,38.6169]]],[[[16.8943,58.3671],[16.8821,58.3643],[16.8919,58.3757],[16.8943,58.3671]]],[[[25.3399,60.1701],[25.3481,60.1761],[25.3595,60.1709],[25.3399,60.1701]]],[[[27.0959,60.5085],[27.0911,60.4981],[27.0831,60.4985],[27.0959,60.5085]]],[[[21.2413,60.3097],[21.2291,60.3037],[21.2255,60.3155],[21.2413,60.3097]]],[[[18.8949,59.6881],[18.9131,59.6923],[18.9261,59.6859],[18.8949,59.6881]]],[[[10.3685,59.1167],[10.3545,59.1149],[10.3647,59.1235],[10.3685,59.1167]]],[[[31.6949,46.2729],[31.6791,46.2607],[31.6761,46.2631],[31.6949,46.2729]]],[[[23.1909,58.7525],[23.1799,58.7593],[23.1915,58.7549],[23.1909,58.7525]]],[[[18.1867,59.0351],[18.1851,59.0427],[18.2031,59.0367],[18.1867,59.0351]]],[[[24.1447,39.3479],[24.1353,39.3457],[24.1349,39.3515],[24.1447,39.3479]]],[[[21.1799,60.9541],[21.1761,60.9453],[21.1665,60.9545],[21.1799,60.9541]]],[[[11.3837,58.2337],[11.3911,58.2433],[11.3963,58.2321],[11.3837,58.2337]]],[[[23.0779,39.0187],[23.0685,39.0113],[23.0617,39.0135],[23.0779,39.0187]]],[[[21.2795,38.3309],[21.2679,38.3267],[21.2775,38.3337],[21.2795,38.3309]]],[[[25.2535,60.2183],[25.2261,60.2127],[25.2227,60.2189],[25.2535,60.2183]]],[[[28.4427,36.7765],[28.4299,36.7765],[28.4387,36.7823],[28.4427,36.7765]]],[[[21.2907,60.2191],[21.2797,60.2285],[21.3029,60.2275],[21.2907,60.2191]]],[[[15.7835,56.0589],[15.7741,56.0461],[15.7713,56.0525],[15.7835,56.0589]]],[[[17.9937,58.9621],[17.9763,58.9529],[17.9753,58.9567],[17.9937,58.9621]]],[[[24.6841,60.1065],[24.6633,60.0967],[24.6609,60.0985],[24.6841,60.1065]]],[[[19.9599,60.0487],[19.9521,60.0555],[19.9771,60.0523],[19.9599,60.0487]]],[[[10.3257,59.5311],[10.3257,59.5157],[10.3171,59.5331],[10.3257,59.5311]]],[[[27.7445,60.4669],[27.7377,60.4547],[27.7239,60.4647],[27.7445,60.4669]]],[[[25.1495,40.9999],[25.1371,41.0081],[25.1515,41.0031],[25.1495,40.9999]]],[[[9.5873,58.8911],[9.5769,58.8969],[9.5991,58.9031],[9.5873,58.8911]]],[[[28.0759,40.4625],[28.0703,40.4723],[28.0811,40.4681],[28.0759,40.4625]]],[[[18.6933,59.1361],[18.7007,59.1493],[18.7137,59.1455],[18.6933,59.1361]]],[[[15.5437,43.8555],[15.5471,43.8627],[15.5473,43.8557],[15.5437,43.8555]]],[[[9.7543,59.0275],[9.7503,59.0417],[9.7605,59.0321],[9.7543,59.0275]]],[[[25.1083,59.5967],[25.0853,59.6025],[25.0879,59.6089],[25.1083,59.5967]]],[[[22.1509,60.3895],[22.1255,60.3823],[22.1179,60.3853],[22.1509,60.3895]]],[[[21.3589,60.1813],[21.3583,60.1729],[21.3385,60.1771],[21.3589,60.1813]]],[[[21.4189,38.3389],[21.4087,38.3317],[21.4147,38.3423],[21.4189,38.3389]]],[[[27.5405,60.4473],[27.5395,60.4553],[27.5553,60.4499],[27.5405,60.4473]]],[[[16.7383,57.8575],[16.7529,57.8613],[16.7579,57.8579],[16.7383,57.8575]]],[[[10.3967,59.4843],[10.3799,59.4995],[10.4017,59.4847],[10.3967,59.4843]]],[[[21.9539,60.1489],[21.9437,60.1383],[21.9377,60.1405],[21.9539,60.1489]]],[[[23.7831,58.3335],[23.7803,58.3467],[23.7891,58.3311],[23.7831,58.3335]]],[[[16.0719,56.2563],[16.0691,56.2699],[16.0747,56.2595],[16.0719,56.2563]]],[[[21.3583,60.7903],[21.3591,60.7989],[21.3643,60.7893],[21.3583,60.7903]]],[[[21.8185,60.4745],[21.8007,60.4663],[21.8153,60.4769],[21.8185,60.4745]]],[[[23.9555,39.0729],[23.9473,39.0663],[23.9507,39.0789],[23.9555,39.0729]]],[[[18.9561,59.3609],[18.9627,59.3755],[18.9675,59.3729],[18.9561,59.3609]]],[[[11.3879,58.2885],[11.3877,58.2995],[11.3911,58.2917],[11.3879,58.2885]]],[[[18.9591,59.2853],[18.9759,59.2913],[18.9871,59.2877],[18.9591,59.2853]]],[[[23.2687,37.7111],[23.2603,37.7021],[23.2567,37.7057],[23.2687,37.7111]]],[[[21.8311,63.2845],[21.8235,63.2973],[21.8341,63.2885],[21.8311,63.2845]]],[[[16.8401,58.4111],[16.8315,58.4217],[16.8475,58.4189],[16.8401,58.4111]]],[[[22.9117,59.9017],[22.9047,59.8935],[22.8967,59.8979],[22.9117,59.9017]]],[[[-1.1081,45.9595],[-1.1169,45.9543],[-1.1197,45.9613],[-1.1081,45.9595]]],[[[21.7685,60.1135],[21.7727,60.1197],[21.7893,60.1159],[21.7685,60.1135]]],[[[23.4143,58.8317],[23.4023,58.8417],[23.4163,58.8383],[23.4143,58.8317]]],[[[20.5887,60.0755],[20.5845,60.0837],[20.6085,60.0753],[20.5887,60.0755]]],[[[21.3867,63.0579],[21.3681,63.0509],[21.3619,63.0577],[21.3867,63.0579]]],[[[22.4037,59.9745],[22.3917,59.9687],[22.3885,59.9797],[22.4037,59.9745]]],[[[21.8401,60.3697],[21.8319,60.3759],[21.8569,60.3713],[21.8401,60.3697]]],[[[21.8943,36.6959],[21.8853,36.6929],[21.8901,36.7055],[21.8943,36.6959]]],[[[11.1325,59.1477],[11.1293,59.1345],[11.1209,59.1399],[11.1325,59.1477]]],[[[21.8105,60.0997],[21.7915,60.0971],[21.7839,60.1001],[21.8105,60.0997]]],[[[18.5013,59.0675],[18.4897,59.0635],[18.4965,59.0745],[18.5013,59.0675]]],[[[22.5153,60.2457],[22.4989,60.2405],[22.4979,60.2447],[22.5153,60.2457]]],[[[-8.7143,38.4303],[-8.7206,38.4257],[-8.7312,38.4339],[-8.7143,38.4303]]],[[[21.3769,60.0795],[21.3745,60.0709],[21.3619,60.0777],[21.3769,60.0795]]],[[[15.1757,56.1343],[15.1721,56.1423],[15.1847,56.1383],[15.1757,56.1343]]],[[[27.0815,60.4133],[27.0743,60.4243],[27.0893,60.4165],[27.0815,60.4133]]],[[[10.9481,59.1289],[10.9615,59.1333],[10.9527,59.1239],[10.9481,59.1289]]],[[[22.9311,60.0705],[22.9257,60.0643],[22.9095,60.0701],[22.9311,60.0705]]],[[[20.7471,38.6861],[20.7421,38.6939],[20.7575,38.6961],[20.7471,38.6861]]],[[[15.4293,56.1305],[15.4207,56.1235],[15.4147,56.1293],[15.4293,56.1305]]],[[[21.3925,63.0751],[21.3943,63.0871],[21.4079,63.0825],[21.3925,63.0751]]],[[[27.6577,36.2523],[27.6599,36.2615],[27.6619,36.2579],[27.6577,36.2523]]],[[[21.4837,60.3121],[21.4807,60.3027],[21.4679,60.3055],[21.4837,60.3121]]],[[[21.4355,60.3045],[21.4301,60.3193],[21.4391,60.3163],[21.4355,60.3045]]],[[[24.7173,40.8373],[24.7061,40.8351],[24.7053,40.8373],[24.7173,40.8373]]],[[[21.8791,60.1341],[21.8871,60.1431],[21.9033,60.1435],[21.8791,60.1341]]],[[[15.4697,43.7251],[15.4729,43.7359],[15.4779,43.7267],[15.4697,43.7251]]],[[[11.7045,57.8253],[11.6921,57.8223],[11.6811,57.8249],[11.7045,57.8253]]],[[[25.2935,60.2263],[25.2855,60.2383],[25.3061,60.2319],[25.2935,60.2263]]],[[[21.5219,61.3931],[21.5157,61.3837],[21.5087,61.3897],[21.5219,61.3931]]],[[[21.4931,60.2753],[21.4817,60.2657],[21.4845,60.2735],[21.4931,60.2753]]],[[[21.7431,60.2143],[21.7307,60.2069],[21.7253,60.2141],[21.7431,60.2143]]],[[[21.7055,60.2785],[21.6941,60.2713],[21.6903,60.2739],[21.7055,60.2785]]],[[[18.1159,42.6331],[18.1161,42.6211],[18.1125,42.6323],[18.1159,42.6331]]],[[[14.2533,53.7001],[14.2609,53.7085],[14.2709,53.7055],[14.2533,53.7001]]],[[[18.7063,59.5913],[18.6921,59.5909],[18.7085,59.6009],[18.7063,59.5913]]],[[[19.6129,60.4119],[19.6073,60.4203],[19.6127,60.4203],[19.6129,60.4119]]],[[[21.1597,60.3543],[21.1515,60.3441],[21.1487,60.3463],[21.1597,60.3543]]],[[[20.5175,60.1439],[20.5075,60.1421],[20.5279,60.1519],[20.5175,60.1439]]],[[[19.0445,59.6897],[19.0295,59.6801],[19.0233,59.6853],[19.0445,59.6897]]],[[[11.6175,57.9267],[11.6171,57.9351],[11.6295,57.9333],[11.6175,57.9267]]],[[[23.0023,60.1111],[22.9945,60.1013],[22.9911,60.1025],[23.0023,60.1111]]],[[[13.2891,45.7303],[13.2789,45.7281],[13.2811,45.7379],[13.2891,45.7303]]],[[[27.7137,36.2237],[27.7013,36.2223],[27.7091,36.2279],[27.7137,36.2237]]],[[[27.0981,36.9385],[27.0949,36.9525],[27.0977,36.9523],[27.0981,36.9385]]],[[[17.4579,62.5361],[17.4573,62.5209],[17.4533,62.5377],[17.4579,62.5361]]],[[[23.8555,59.9203],[23.8639,59.9291],[23.8741,59.9261],[23.8555,59.9203]]],[[[17.4477,60.7407],[17.4553,60.7515],[17.4617,60.7455],[17.4477,60.7407]]],[[[21.2503,60.0689],[21.2425,60.0711],[21.2621,60.0797],[21.2503,60.0689]]],[[[21.6275,60.4931],[21.6245,60.4809],[21.6187,60.4849],[21.6275,60.4931]]],[[[27.0727,60.4279],[27.0739,60.4407],[27.0829,60.4273],[27.0727,60.4279]]],[[[21.9335,60.2279],[21.9147,60.2273],[21.9245,60.2347],[21.9335,60.2279]]],[[[20.3613,60.1797],[20.3639,60.1935],[20.3759,60.1883],[20.3613,60.1797]]],[[[23.2461,37.8115],[23.2427,37.8185],[23.2575,37.8133],[23.2461,37.8115]]],[[[17.3907,61.6175],[17.3827,61.6107],[17.3727,61.6193],[17.3907,61.6175]]],[[[21.4241,62.9973],[21.4117,62.9927],[21.3973,62.9969],[21.4241,62.9973]]],[[[21.1209,60.1655],[21.1283,60.1707],[21.1337,60.1651],[21.1209,60.1655]]],[[[20.3283,60.2677],[20.3227,60.2565],[20.3201,60.2503],[20.3283,60.2677]]],[[[23.8877,59.9247],[23.8841,59.9361],[23.8931,59.9301],[23.8877,59.9247]]],[[[13.4379,45.7083],[13.4313,45.6975],[13.4285,45.7117],[13.4379,45.7083]]],[[[11.6485,57.9383],[11.6369,57.9443],[11.6635,57.9405],[11.6485,57.9383]]],[[[17.4851,58.7655],[17.4825,58.7773],[17.4917,58.7753],[17.4851,58.7655]]],[[[22.4277,59.8325],[22.4189,59.8411],[22.4301,59.8375],[22.4277,59.8325]]],[[[18.7705,59.5685],[18.7799,59.5623],[18.7679,59.5655],[18.7705,59.5685]]],[[[26.2915,38.4893],[26.2809,38.4959],[26.2933,38.4925],[26.2915,38.4893]]],[[[11.8107,57.6357],[11.8059,57.6227],[11.7991,57.6271],[11.8107,57.6357]]],[[[-9.9911,53.5629],[-9.98,53.5631],[-10.0042,53.5627],[-9.9911,53.5629]]],[[[16.9855,58.2811],[16.9779,58.2703],[16.9733,58.2735],[16.9855,58.2811]]],[[[16.7031,57.5529],[16.7071,57.5617],[16.7191,57.5549],[16.7031,57.5529]]],[[[21.9167,60.1253],[21.9135,60.1159],[21.9081,60.1183],[21.9167,60.1253]]],[[[23.5935,35.6437],[23.5923,35.6387],[23.5793,35.6481],[23.5935,35.6437]]],[[[26.3515,60.3751],[26.3637,60.3659],[26.3443,60.3697],[26.3515,60.3751]]],[[[21.2987,62.1327],[21.2955,62.1167],[21.2945,62.1317],[21.2987,62.1327]]],[[[22.0533,63.3343],[22.0415,63.3239],[22.0361,63.3295],[22.0533,63.3343]]],[[[29.7837,45.4453],[29.7765,45.4469],[29.7809,45.4513],[29.7837,45.4453]]],[[[16.5781,57.3059],[16.5721,57.3167],[16.5865,57.3077],[16.5781,57.3059]]],[[[23.7689,37.7739],[23.7569,37.7721],[23.7663,37.7783],[23.7689,37.7739]]],[[[21.4381,61.2113],[21.4361,61.2193],[21.4517,61.2095],[21.4381,61.2113]]],[[[27.4929,40.6571],[27.4891,40.6463],[27.4841,40.6531],[27.4929,40.6571]]],[[[18.8539,59.2067],[18.8651,59.2123],[18.8677,59.2025],[18.8539,59.2067]]],[[[27.8517,60.4957],[27.8505,60.5061],[27.8563,60.5023],[27.8517,60.4957]]],[[[29.1571,40.8579],[29.1507,40.8525],[29.1475,40.8585],[29.1571,40.8579]]],[[[11.7803,58.0571],[11.7711,58.0685],[11.7877,58.0633],[11.7803,58.0571]]],[[[20.3045,60.1667],[20.3015,60.1795],[20.3103,60.1675],[20.3045,60.1667]]],[[[13.7487,44.9353],[13.7453,44.9447],[13.7499,44.9371],[13.7487,44.9353]]],[[[10.5095,59.1867],[10.5089,59.1991],[10.5197,59.1919],[10.5095,59.1867]]],[[[21.7389,60.1051],[21.7295,60.1003],[21.7199,60.1037],[21.7389,60.1051]]],[[[10.7403,59.2785],[10.7423,59.2665],[10.7327,59.2663],[10.7403,59.2785]]],[[[19.7071,60.2955],[19.7187,60.2973],[19.7155,60.2907],[19.7071,60.2955]]],[[[22.8445,60.0347],[22.8413,60.0465],[22.8467,60.0441],[22.8445,60.0347]]],[[[25.2195,39.8691],[25.2087,39.8679],[25.2195,39.8729],[25.2195,39.8691]]],[[[22.1855,60.1299],[22.1749,60.1291],[22.2029,60.1333],[22.1855,60.1299]]],[[[20.2779,60.4227],[20.2625,60.4175],[20.2759,60.4257],[20.2779,60.4227]]],[[[21.8869,60.0163],[21.8811,60.0065],[21.8729,60.0101],[21.8869,60.0163]]],[[[21.4587,61.6275],[21.4667,61.6333],[21.4695,61.6299],[21.4587,61.6275]]],[[[15.4717,43.6899],[15.4701,43.7003],[15.4771,43.6921],[15.4717,43.6899]]],[[[27.1773,36.6793],[27.1843,36.6851],[27.1871,36.6807],[27.1773,36.6793]]],[[[8.2181,58.1201],[8.2097,58.1117],[8.2069,58.1133],[8.2181,58.1201]]],[[[23.5869,37.9401],[23.5943,37.9489],[23.5981,37.9469],[23.5869,37.9401]]],[[[21.3309,61.8453],[21.3331,61.8573],[21.3449,61.8509],[21.3309,61.8453]]],[[[21.4255,60.6151],[21.4223,60.6083],[21.4067,60.6157],[21.4255,60.6151]]],[[[15.4301,43.8875],[15.4221,43.8785],[15.4157,43.8871],[15.4301,43.8875]]],[[[18.7167,59.1829],[18.7011,59.1727],[18.6963,59.1757],[18.7167,59.1829]]],[[[21.5041,60.1589],[21.4895,60.1517],[21.4903,60.1547],[21.5041,60.1589]]],[[[27.1581,60.2933],[27.1451,60.2833],[27.1359,60.2855],[27.1581,60.2933]]],[[[13.3671,45.6809],[13.3541,45.6949],[13.3699,45.6827],[13.3671,45.6809]]],[[[21.5887,60.3309],[21.5881,60.3403],[21.5963,60.3309],[21.5887,60.3309]]],[[[17.3815,62.4839],[17.3945,62.4919],[17.3987,62.4895],[17.3815,62.4839]]],[[[22.2833,60.3385],[22.2927,60.3275],[22.2861,60.3273],[22.2833,60.3385]]],[[[11.5715,57.9335],[11.5675,57.9423],[11.5849,57.9341],[11.5715,57.9335]]],[[[20.4423,60.3359],[20.4335,60.3213],[20.4297,60.3257],[20.4423,60.3359]]],[[[18.4279,59.1271],[18.4261,59.1147],[18.4135,59.1179],[18.4279,59.1271]]],[[[23.9981,39.2299],[23.9983,39.2391],[24.0075,39.2305],[23.9981,39.2299]]],[[[22.4693,60.3893],[22.4481,60.3831],[22.4675,60.3933],[22.4693,60.3893]]],[[[21.4469,60.2575],[21.4471,60.2679],[21.4561,60.2639],[21.4469,60.2575]]],[[[21.5139,61.7657],[21.5239,61.7561],[21.5031,61.7671],[21.5139,61.7657]]],[[[18.9875,59.3681],[18.9849,59.3783],[18.9935,59.3741],[18.9875,59.3681]]],[[[19.4785,60.2729],[19.4813,60.2833],[19.4853,60.2701],[19.4785,60.2729]]],[[[11.9073,57.5875],[11.9189,57.5959],[11.9225,57.5905],[11.9073,57.5875]]],[[[21.4305,60.3299],[21.4105,60.3371],[21.4361,60.3335],[21.4305,60.3299]]],[[[17.0249,58.2653],[17.0287,58.2571],[17.0143,58.2493],[17.0249,58.2653]]],[[[17.5571,60.6551],[17.5611,60.6635],[17.5699,60.6607],[17.5571,60.6551]]],[[[21.9621,60.0873],[21.9615,60.0925],[21.9823,60.0879],[21.9621,60.0873]]],[[[16.4975,56.9409],[16.4995,56.9299],[16.4897,56.9347],[16.4975,56.9409]]],[[[11.5795,57.8857],[11.5851,57.8899],[11.5899,57.8859],[11.5795,57.8857]]],[[[9.5661,58.8785],[9.5395,58.8755],[9.5709,58.8821],[9.5661,58.8785]]],[[[20.2973,59.9731],[20.3035,59.9849],[20.3063,59.9783],[20.2973,59.9731]]],[[[18.0845,59.0253],[18.0757,59.0333],[18.0935,59.0367],[18.0845,59.0253]]],[[[17.6073,58.8609],[17.5955,58.8683],[17.6173,58.8639],[17.6073,58.8609]]],[[[21.1599,60.3765],[21.1635,60.3867],[21.1683,60.3767],[21.1599,60.3765]]],[[[27.0035,37.4787],[26.9927,37.4727],[26.9913,37.4743],[27.0035,37.4787]]],[[[21.4159,62.9417],[21.4101,62.9323],[21.4071,62.9421],[21.4159,62.9417]]],[[[21.5757,61.6283],[21.5687,61.6223],[21.5563,61.6243],[21.5757,61.6283]]],[[[21.1823,60.3865],[21.1789,60.3757],[21.1769,60.3845],[21.1823,60.3865]]],[[[16.1731,43.4089],[16.1747,43.4005],[16.1665,43.4013],[16.1731,43.4089]]],[[[21.4187,60.1115],[21.4047,60.1101],[21.4085,60.1173],[21.4187,60.1115]]],[[[18.7067,59.4175],[18.6903,59.4145],[18.6863,59.4209],[18.7067,59.4175]]],[[[27.4615,60.4069],[27.4529,60.4093],[27.4663,60.4087],[27.4615,60.4069]]],[[[11.7985,58.2803],[11.8013,58.2697],[11.7905,58.2761],[11.7985,58.2803]]],[[[22.0801,60.1337],[22.0987,60.1363],[22.1047,60.1335],[22.0801,60.1337]]],[[[17.1439,40.4503],[17.1541,40.4553],[17.1533,40.4461],[17.1439,40.4503]]],[[[30.4835,36.2303],[30.4807,36.2231],[30.4753,36.2351],[30.4835,36.2303]]],[[[16.6545,57.8183],[16.6437,57.8207],[16.6523,57.8277],[16.6545,57.8183]]],[[[22.4765,59.8517],[22.4629,59.8469],[22.4737,59.8561],[22.4765,59.8517]]],[[[21.0957,60.3651],[21.0931,60.3815],[21.0983,60.3665],[21.0957,60.3651]]],[[[21.5213,60.2173],[21.5185,60.2275],[21.5227,60.2251],[21.5213,60.2173]]],[[[21.1833,60.3331],[21.1915,60.3449],[21.1995,60.3359],[21.1833,60.3331]]],[[[21.8213,60.2835],[21.8157,60.2745],[21.8111,60.2771],[21.8213,60.2835]]],[[[27.3505,60.4609],[27.3433,60.4723],[27.3547,60.4651],[27.3505,60.4609]]],[[[21.5671,60.4039],[21.5721,60.4119],[21.5767,60.4071],[21.5671,60.4039]]],[[[20.2993,60.4159],[20.3015,60.4039],[20.2923,60.4077],[20.2993,60.4159]]],[[[21.8983,60.1179],[21.8973,60.1247],[21.9021,60.1217],[21.8983,60.1179]]],[[[5.3027,43.2861],[5.3019,43.2915],[5.3183,43.2925],[5.3027,43.2861]]],[[[1.2037,38.8661],[1.1913,38.8655],[1.2017,38.8729],[1.2037,38.8661]]],[[[26.7759,60.4629],[26.7661,60.4581],[26.7573,60.4701],[26.7759,60.4629]]],[[[15.5035,42.1207],[15.5105,42.1303],[15.5173,42.1283],[15.5035,42.1207]]],[[[26.7669,39.3857],[26.7619,39.3775],[26.7605,39.3805],[26.7669,39.3857]]],[[[19.6251,60.1559],[19.6249,60.1659],[19.6349,60.1601],[19.6251,60.1559]]],[[[21.5269,61.7447],[21.5443,61.7499],[21.5489,61.7473],[21.5269,61.7447]]],[[[27.1429,37.6069],[27.1443,37.6171],[27.1495,37.6053],[27.1429,37.6069]]],[[[1.4173,38.7871],[1.4217,38.7975],[1.4255,38.7891],[1.4173,38.7871]]],[[[18.6097,60.3089],[18.6009,60.3185],[18.6163,60.3127],[18.6097,60.3089]]],[[[18.8245,59.3743],[18.8281,59.3839],[18.8315,59.3757],[18.8245,59.3743]]],[[[21.6683,60.2585],[21.6507,60.2557],[21.6501,60.2585],[21.6683,60.2585]]],[[[26.2215,60.3887],[26.2051,60.3911],[26.2191,60.3949],[26.2215,60.3887]]],[[[21.3991,60.3269],[21.4079,60.3323],[21.4139,60.3289],[21.3991,60.3269]]],[[[19.1901,59.6653],[19.1927,59.6759],[19.2071,59.6679],[19.1901,59.6653]]],[[[18.9251,59.6619],[18.9261,59.6677],[18.9477,59.6711],[18.9251,59.6619]]],[[[30.2359,59.9655],[30.2279,59.9585],[30.2195,59.9599],[30.2359,59.9655]]],[[[16.4327,43.1581],[16.4189,43.1571],[16.4291,43.1641],[16.4327,43.1581]]],[[[8.4667,58.2465],[8.4475,58.2585],[8.4725,58.2489],[8.4667,58.2465]]],[[[21.6813,59.9069],[21.6907,59.9161],[21.6931,59.9091],[21.6813,59.9069]]],[[[21.2411,60.3627],[21.2443,60.3729],[21.2501,60.3647],[21.2411,60.3627]]],[[[27.7687,36.2581],[27.7607,36.2565],[27.7741,36.2647],[27.7687,36.2581]]],[[[16.6983,57.4325],[16.7023,57.4397],[16.7151,57.4371],[16.6983,57.4325]]],[[[-10.0368,53.7183],[-10.0265,53.7217],[-10.0234,53.7165],[-10.0368,53.7183]]],[[[7.9931,58.1145],[8.0063,58.1161],[8.0145,58.1115],[7.9931,58.1145]]],[[[22.0905,60.1381],[22.0945,60.1459],[22.1001,60.1401],[22.0905,60.1381]]],[[[10.4753,59.2021],[10.4621,59.2007],[10.4637,59.2055],[10.4753,59.2021]]],[[[21.8723,60.3439],[21.8671,60.3503],[21.8837,60.3461],[21.8723,60.3439]]],[[[19.1705,59.7425],[19.1753,59.7509],[19.1843,59.7433],[19.1705,59.7425]]],[[[24.5247,37.9427],[24.5187,37.9383],[24.5197,37.9435],[24.5247,37.9427]]],[[[11.3601,58.1275],[11.3517,58.1163],[11.3545,58.1271],[11.3601,58.1275]]],[[[21.9705,60.2141],[21.9667,60.2037],[21.9615,60.2121],[21.9705,60.2141]]],[[[26.9435,36.9213],[26.9335,36.9135],[26.9325,36.9151],[26.9435,36.9213]]],[[[10.3591,59.5213],[10.3465,59.5209],[10.3479,59.5231],[10.3591,59.5213]]],[[[24.0873,39.0529],[24.0775,39.0531],[24.0813,39.0573],[24.0873,39.0529]]],[[[21.8101,59.9801],[21.7969,59.9737],[21.8087,59.9817],[21.8101,59.9801]]],[[[18.7729,57.2785],[18.7611,57.2753],[18.7605,57.2785],[18.7729,57.2785]]],[[[21.1705,60.4471],[21.1871,60.4533],[21.1925,60.4503],[21.1705,60.4471]]],[[[8.9255,58.4741],[8.9093,58.4683],[8.9247,58.4819],[8.9255,58.4741]]],[[[18.9009,59.3857],[18.8937,59.3751],[18.8901,59.3779],[18.9009,59.3857]]],[[[25.4803,60.1813],[25.4761,60.1735],[25.4713,60.1747],[25.4803,60.1813]]],[[[27.3129,60.2781],[27.3177,60.2871],[27.3239,60.2829],[27.3129,60.2781]]],[[[21.2643,60.4005],[21.2531,60.4015],[21.2695,60.4029],[21.2643,60.4005]]],[[[21.2959,38.3315],[21.2877,38.3253],[21.2925,38.3353],[21.2959,38.3315]]],[[[-2.4296,35.1869],[-2.4248,35.1915],[-2.4215,35.1853],[-2.4296,35.1869]]],[[[29.0703,40.8817],[29.0671,40.8921],[29.0721,40.8851],[29.0703,40.8817]]],[[[6.3675,43.0227],[6.3581,43.0143],[6.3645,43.0245],[6.3675,43.0227]]],[[[11.6603,57.7297],[11.6523,57.7389],[11.6663,57.7349],[11.6603,57.7297]]],[[[26.3087,35.2149],[26.3023,35.2063],[26.2977,35.2093],[26.3087,35.2149]]],[[[18.6209,59.0875],[18.6159,59.0977],[18.6221,59.0953],[18.6209,59.0875]]],[[[16.6553,57.6471],[16.6429,57.6389],[16.6391,57.6415],[16.6553,57.6471]]],[[[9.4011,58.8565],[9.3793,58.8515],[9.3717,58.8523],[9.4011,58.8565]]],[[[21.2455,60.1763],[21.2387,60.1711],[21.2311,60.1735],[21.2455,60.1763]]],[[[-10.1589,53.5091],[-10.157,53.5193],[-10.146,53.5157],[-10.1589,53.5091]]],[[[8.3951,58.2311],[8.3783,58.2311],[8.3885,58.2391],[8.3951,58.2311]]],[[[25.5161,60.2125],[25.5005,60.2063],[25.4957,60.2089],[25.5161,60.2125]]],[[[10.7685,59.8745],[10.7613,59.8635],[10.7505,59.8659],[10.7685,59.8745]]],[[[9.6595,58.9041],[9.6459,58.8955],[9.6425,58.9007],[9.6595,58.9041]]],[[[15.4287,43.8707],[15.4413,43.8701],[15.4449,43.8627],[15.4287,43.8707]]],[[[21.3403,63.0981],[21.3441,63.0901],[21.3307,63.0939],[21.3403,63.0981]]],[[[27.4737,60.4215],[27.4637,60.4327],[27.4775,60.4235],[27.4737,60.4215]]],[[[8.3145,58.1775],[8.3195,58.1907],[8.3245,58.1829],[8.3145,58.1775]]],[[[18.8525,59.6801],[18.8517,59.6863],[18.8609,59.6847],[18.8525,59.6801]]],[[[16.9555,58.5129],[16.9553,58.5035],[16.9525,58.5103],[16.9555,58.5129]]],[[[14.8551,44.3765],[14.8599,44.3815],[14.8663,44.3727],[14.8551,44.3765]]],[[[21.6927,60.2477],[21.6805,60.2427],[21.6747,60.2477],[21.6927,60.2477]]],[[[21.3099,60.3041],[21.3119,60.3139],[21.3135,60.3069],[21.3099,60.3041]]],[[[25.6753,60.3635],[25.6819,60.3727],[25.6869,60.3697],[25.6753,60.3635]]],[[[16.6739,57.6427],[16.6661,57.6349],[16.6601,57.6433],[16.6739,57.6427]]],[[[10.7689,59.1003],[10.7671,59.1113],[10.7809,59.1045],[10.7689,59.1003]]],[[[21.2955,60.8353],[21.2841,60.8463],[21.3003,60.8391],[21.2955,60.8353]]],[[[27.1271,60.4229],[27.1169,60.4133],[27.1201,60.4229],[27.1271,60.4229]]],[[[24.5861,38.7643],[24.5909,38.7693],[24.5983,38.7633],[24.5861,38.7643]]],[[[13.7741,54.2107],[13.7751,54.1927],[13.7725,54.1911],[13.7741,54.2107]]],[[[10.9879,59.0527],[10.9897,59.0653],[10.9981,59.0581],[10.9879,59.0527]]],[[[22.2237,63.2627],[22.2271,63.2751],[22.2317,63.2603],[22.2237,63.2627]]],[[[11.2383,58.5363],[11.2267,58.5353],[11.2349,58.5427],[11.2383,58.5363]]],[[[19.8419,60.2691],[19.8639,60.2799],[19.8489,60.2641],[19.8419,60.2691]]],[[[20.4707,60.1673],[20.4687,60.1779],[20.4785,60.1733],[20.4707,60.1673]]],[[[24.1125,60.0219],[24.0977,60.0143],[24.0917,60.0173],[24.1125,60.0219]]],[[[16.7951,58.0885],[16.7949,58.0947],[16.8025,58.0883],[16.7951,58.0885]]],[[[10.5017,59.2025],[10.4893,59.1991],[10.4967,59.2077],[10.5017,59.2025]]],[[[11.1733,58.8651],[11.1755,58.8577],[11.1711,58.8587],[11.1733,58.8651]]],[[[11.0923,58.9515],[11.0887,58.9615],[11.0949,58.9567],[11.0923,58.9515]]],[[[26.6067,39.3373],[26.6043,39.3467],[26.6099,39.3391],[26.6067,39.3373]]],[[[13.8015,44.9075],[13.7885,44.8993],[13.7861,44.9007],[13.8015,44.9075]]],[[[21.4443,60.5649],[21.4313,60.5765],[21.4497,60.5693],[21.4443,60.5649]]],[[[25.8709,60.1967],[25.8621,60.1987],[25.8879,60.2029],[25.8709,60.1967]]],[[[21.3353,60.4079],[21.3375,60.4155],[21.3473,60.4123],[21.3353,60.4079]]],[[[11.4093,58.2317],[11.4001,58.2415],[11.4179,58.2387],[11.4093,58.2317]]],[[[21.1169,60.4979],[21.1061,60.5063],[21.1193,60.5003],[21.1169,60.4979]]],[[[15.4095,43.9569],[15.3979,43.9577],[15.3971,43.9643],[15.4095,43.9569]]],[[[21.3395,60.6605],[21.3371,60.6719],[21.3459,60.6605],[21.3395,60.6605]]],[[[11.6725,58.2601],[11.6739,58.2737],[11.6769,58.2695],[11.6725,58.2601]]],[[[11.1509,58.7475],[11.1429,58.7469],[11.1627,58.7563],[11.1509,58.7475]]],[[[25.9853,60.2257],[25.9633,60.2185],[25.9603,60.2213],[25.9853,60.2257]]],[[[10.5505,59.2071],[10.5447,59.2127],[10.5657,59.2079],[10.5505,59.2071]]],[[[16.5675,57.5823],[16.5601,57.5901],[16.5749,57.5837],[16.5675,57.5823]]],[[[9.7715,59.0199],[9.7799,59.0217],[9.7783,59.0163],[9.7715,59.0199]]],[[[17.2953,61.2399],[17.2755,61.2361],[17.2725,61.2373],[17.2817,61.2437],[17.2953,61.2399]]],[[[18.4925,59.4271],[18.4807,59.4335],[18.4963,59.4287],[18.4925,59.4271]]],[[[18.6451,59.0907],[18.6531,59.1019],[18.6569,59.0973],[18.6451,59.0907]]],[[[21.0711,60.5521],[21.0615,60.5569],[21.0773,60.5571],[21.0711,60.5521]]],[[[49.5869,40.0355],[49.5801,40.0435],[49.5829,40.0453],[49.5869,40.0355]]],[[[18.5977,59.1285],[18.5819,59.1261],[18.5971,59.1341],[18.5977,59.1285]]],[[[15.4071,56.1401],[15.4037,56.1505],[15.4125,56.1491],[15.4071,56.1401]]],[[[11.7973,57.6405],[11.8043,57.6511],[11.8105,57.6455],[11.7973,57.6405]]],[[[28.6639,60.5161],[28.6669,60.5243],[28.6781,60.5181],[28.6639,60.5161]]],[[[23.6109,59.9049],[23.6071,59.9143],[23.6211,59.9047],[23.6109,59.9049]]],[[[18.6779,59.4699],[18.6893,59.4819],[18.6937,59.4799],[18.6779,59.4699]]],[[[26.8973,35.4511],[26.9057,35.4609],[26.9085,35.4577],[26.8973,35.4511]]],[[[10.5301,59.0561],[10.5235,59.0699],[10.5311,59.0637],[10.5301,59.0561]]],[[[-10.2173,51.7455],[-10.2154,51.7383],[-10.2284,51.7361],[-10.2173,51.7455]]],[[[15.3057,43.7791],[15.2967,43.7857],[15.3109,43.7835],[15.3057,43.7791]]],[[[21.6063,63.2553],[21.6061,63.2673],[21.6121,63.2625],[21.6063,63.2553]]],[[[15.5223,43.8305],[15.5137,43.8381],[15.5255,43.8313],[15.5223,43.8305]]],[[[21.3819,61.6755],[21.3777,61.6851],[21.3879,61.6753],[21.3819,61.6755]]],[[[18.5735,59.1239],[18.5577,59.1107],[18.5525,59.1119],[18.5735,59.1239]]],[[[21.6913,60.5635],[21.6959,60.5723],[21.6995,60.5577],[21.6913,60.5635]]],[[[27.0307,60.4931],[27.0301,60.5055],[27.0331,60.4993],[27.0307,60.4931]]],[[[19.6351,60.2991],[19.6405,60.3093],[19.6411,60.3005],[19.6351,60.2991]]],[[[19.1701,59.6861],[19.1753,59.6909],[19.1769,59.6885],[19.1701,59.6861]]],[[[7.6169,57.9667],[7.6139,57.9757],[7.6277,57.9749],[7.6169,57.9667]]],[[[18.3063,59.0797],[18.2873,59.0765],[18.2775,59.0771],[18.3063,59.0797]]],[[[18.7987,59.3835],[18.7973,59.3895],[18.8003,59.3867],[18.7987,59.3835]]],[[[29.6329,44.8691],[29.6255,44.8557],[29.6291,44.8719],[29.6329,44.8691]]],[[[-10.4108,51.8419],[-10.398,51.8455],[-10.4174,51.8341],[-10.4108,51.8419]]],[[[15.3997,43.8853],[15.3935,43.8951],[15.4087,43.8867],[15.3997,43.8853]]],[[[21.6993,60.3885],[21.7021,60.3967],[21.7083,60.3883],[21.6993,60.3885]]],[[[11.6925,57.6895],[11.6923,57.7007],[11.6989,57.6907],[11.6925,57.6895]]],[[[22.6193,59.9369],[22.6049,59.9455],[22.6223,59.9385],[22.6193,59.9369]]],[[[11.2173,58.3275],[11.2235,58.3421],[11.2255,58.3381],[11.2173,58.3275]]],[[[29.0461,40.9185],[29.0517,40.9205],[29.0543,40.9093],[29.0461,40.9185]]],[[[7.5887,57.9871],[7.5881,57.9929],[7.6019,57.9883],[7.5887,57.9871]]],[[[21.2539,59.9941],[21.2405,59.9945],[21.2429,59.9989],[21.2539,59.9941]]],[[[21.4007,62.9305],[21.4029,62.9201],[21.3951,62.9279],[21.4007,62.9305]]],[[[24.3669,60.0017],[24.3669,60.0133],[24.3731,60.0147],[24.3669,60.0017]]],[[[22.5123,60.0089],[22.5137,60.0033],[22.5089,60.0055],[22.5123,60.0089]]],[[[15.2277,43.8541],[15.2273,43.8613],[15.2359,43.8555],[15.2277,43.8541]]],[[[26.9621,60.3699],[26.9617,60.3791],[26.9649,60.3743],[26.9621,60.3699]]],[[[16.8457,58.1249],[16.8491,58.1355],[16.8569,58.1329],[16.8457,58.1249]]],[[[20.5225,60.2699],[20.5127,60.2585],[20.5111,60.2661],[20.5225,60.2699]]],[[[10.5463,59.6965],[10.5473,59.7087],[10.5497,59.6973],[10.5463,59.6965]]],[[[21.3235,60.7739],[21.3143,60.7683],[21.3131,60.7751],[21.3235,60.7739]]],[[[22.6401,60.0085],[22.6483,60.0141],[22.6527,60.0121],[22.6401,60.0085]]],[[[7.5823,57.9835],[7.5907,57.9761],[7.5791,57.9807],[7.5823,57.9835]]],[[[21.5201,60.5675],[21.5041,60.5735],[21.5231,60.5693],[21.5201,60.5675]]],[[[15.9061,43.6755],[15.9091,43.6817],[15.9189,43.6745],[15.9061,43.6755]]],[[[24.0267,60.0145],[24.0179,60.0145],[24.0433,60.0191],[24.0267,60.0145]]],[[[22.8719,60.0715],[22.8633,60.0771],[22.8837,60.0755],[22.8719,60.0715]]],[[[16.6283,57.8917],[16.6301,57.8845],[16.6191,57.8909],[16.6283,57.8917]]],[[[20.6127,60.3917],[20.6133,60.3989],[20.6295,60.3919],[20.6127,60.3917]]],[[[10.9617,58.9763],[10.9533,58.9883],[10.9653,58.9817],[10.9617,58.9763]]],[[[20.2803,60.3583],[20.2775,60.3469],[20.2729,60.3503],[20.2803,60.3583]]],[[[21.2963,62.0711],[21.2891,62.0843],[21.2979,62.0821],[21.2963,62.0711]]],[[[9.2585,41.3389],[9.2521,41.3483],[9.2607,41.3425],[9.2585,41.3389]]],[[[-8.7068,40.7049],[-8.7129,40.6933],[-8.6913,40.7167],[-8.7068,40.7049]]],[[[18.6265,60.1699],[18.6179,60.1789],[18.6353,60.1703],[18.6265,60.1699]]],[[[-8.9019,42.2233],[-8.909,42.2149],[-8.9097,42.2207],[-8.9019,42.2233]]],[[[17.5195,58.8061],[17.5209,58.8179],[17.5279,58.8081],[17.5195,58.8061]]],[[[18.6117,59.4303],[18.6091,59.4391],[18.6209,59.4309],[18.6117,59.4303]]],[[[21.7525,60.4203],[21.7527,60.4277],[21.7613,60.4207],[21.7525,60.4203]]],[[[5.7795,43.0759],[5.7811,43.0865],[5.7891,43.0835],[5.7795,43.0759]]],[[[18.4647,59.2965],[18.4761,59.2987],[18.4835,59.2939],[18.4647,59.2965]]],[[[28.5363,60.6501],[28.5317,60.6607],[28.5415,60.6539],[28.5363,60.6501]]],[[[12.8283,55.8605],[12.8227,55.8539],[12.8163,55.8637],[12.8283,55.8605]]],[[[22.0955,60.1559],[22.0785,60.1505],[22.0729,60.1519],[22.0955,60.1559]]],[[[22.4063,60.1383],[22.3891,60.1301],[22.3879,60.1321],[22.4063,60.1383]]],[[[15.2745,43.9217],[15.2727,43.9261],[15.2757,43.9235],[15.2745,43.9217]]],[[[23.0111,38.1827],[23.0125,38.1865],[23.0169,38.1845],[23.0111,38.1827]]],[[[21.0939,60.2895],[21.0743,60.2853],[21.0741,60.2899],[21.0939,60.2895]]],[[[18.7543,59.4935],[18.7319,59.4905],[18.7291,59.4925],[18.7543,59.4935]]],[[[21.2171,60.8265],[21.2135,60.8383],[21.2231,60.8265],[21.2171,60.8265]]],[[[22.4755,58.1509],[22.4693,58.1361],[22.4657,58.1375],[22.4755,58.1509]]],[[[21.3697,60.6491],[21.3581,60.6635],[21.3717,60.6525],[21.3697,60.6491]]],[[[21.7161,60.3357],[21.7411,60.3353],[21.7433,60.3333],[21.7161,60.3357]]],[[[22.9655,60.3207],[22.9867,60.3283],[22.9727,60.3185],[22.9655,60.3207]]],[[[19.3401,60.1979],[19.3533,60.1989],[19.3487,60.1895],[19.3401,60.1979]]],[[[10.4839,59.4365],[10.4855,59.4477],[10.4889,59.4453],[10.4839,59.4365]]],[[[18.5325,59.0839],[18.5291,59.0721],[18.5223,59.0803],[18.5325,59.0839]]],[[[11.1399,58.7297],[11.1385,58.7381],[11.1433,58.7317],[11.1399,58.7297]]],[[[23.2101,39.1653],[23.2035,39.1611],[23.2119,39.1751],[23.2101,39.1653]]],[[[18.7115,59.4461],[18.7281,59.4521],[18.7285,59.4481],[18.7115,59.4461]]],[[[24.4375,38.8247],[24.4327,38.8377],[24.4371,38.8361],[24.4375,38.8247]]],[[[21.2209,62.9033],[21.2151,62.9113],[21.2339,62.9053],[21.2209,62.9033]]],[[[17.1805,61.4367],[17.1823,61.4457],[17.1831,61.4399],[17.1805,61.4367]]],[[[33.5299,45.8737],[33.5391,45.8831],[33.5429,45.8817],[33.5299,45.8737]]],[[[1.4795,38.8019],[1.4715,38.8001],[1.4759,38.8091],[1.4795,38.8019]]],[[[22.0405,63.2561],[22.0387,63.2661],[22.0439,63.2565],[22.0405,63.2561]]],[[[19.7803,60.3727],[19.7853,60.3793],[19.7843,60.3647],[19.7803,60.3727]]],[[[9.6067,39.1399],[9.6093,39.1517],[9.6123,39.1493],[9.6067,39.1399]]],[[[1.2017,38.9573],[1.1977,38.9627],[1.2039,38.9591],[1.2017,38.9573]]],[[[16.7779,58.3697],[16.7845,58.3807],[16.7895,58.3731],[16.7779,58.3697]]],[[[21.5249,63.1313],[21.5071,63.1323],[21.5063,63.1381],[21.5249,63.1313]]],[[[16.9543,58.3213],[16.9565,58.3135],[16.9485,58.3201],[16.9543,58.3213]]],[[[18.3247,59.1181],[18.3031,59.1113],[18.3017,59.1133],[18.3247,59.1181]]],[[[20.7501,38.7193],[20.7419,38.7093],[20.7391,38.7103],[20.7501,38.7193]]],[[[14.4269,44.5513],[14.4303,44.5519],[14.4259,44.5433],[14.4269,44.5513]]],[[[25.0533,60.0989],[25.0657,60.1061],[25.0737,60.1051],[25.0533,60.0989]]],[[[17.1637,61.5989],[17.1639,61.6041],[17.1667,61.6011],[17.1637,61.5989]]],[[[24.7851,40.6639],[24.7869,40.6735],[24.7901,40.6753],[24.7851,40.6639]]],[[[50.4537,40.3973],[50.4567,40.4059],[50.4625,40.3977],[50.4537,40.3973]]],[[[17.4779,58.6861],[17.4813,58.6927],[17.4893,58.6815],[17.4779,58.6861]]],[[[22.2417,63.3147],[22.2443,63.3237],[22.2513,63.3103],[22.2417,63.3147]]],[[[8.5857,55.2959],[8.5951,55.2925],[8.5863,55.2845],[8.5857,55.2959]]],[[[10.4555,59.1693],[10.4627,59.1685],[10.4575,59.1583],[10.4555,59.1693]]],[[[18.8501,59.3213],[18.8631,59.3267],[18.8689,59.3209],[18.8501,59.3213]]],[[[11.2347,58.5915],[11.2289,58.6003],[11.2411,58.5895],[11.2347,58.5915]]],[[[18.5269,57.1257],[18.5125,57.1215],[18.5287,57.1277],[18.5269,57.1257]]],[[[21.0827,60.2749],[21.0759,60.2671],[21.0745,60.2803],[21.0827,60.2749]]],[[[29.1273,40.8351],[29.1227,40.8297],[29.1173,40.8325],[29.1273,40.8351]]],[[[18.6271,59.0951],[18.6355,59.0909],[18.6303,59.0859],[18.6271,59.0951]]],[[[18.7819,59.6637],[18.7743,59.6681],[18.7917,59.6707],[18.7819,59.6637]]],[[[21.2613,62.2975],[21.2565,62.2997],[21.2719,62.3111],[21.2613,62.2975]]],[[[15.2745,43.8009],[15.2757,43.8057],[15.2775,43.8035],[15.2745,43.8009]]],[[[22.4283,60.1349],[22.4163,60.1347],[22.4279,60.1377],[22.4283,60.1349]]],[[[16.7241,42.9139],[16.7405,42.9099],[16.7365,42.9065],[16.7241,42.9139]]],[[[9.2745,58.7239],[9.2603,58.7185],[9.2655,58.7281],[9.2745,58.7239]]],[[[21.0557,38.3479],[21.0599,38.3561],[21.0601,38.3487],[21.0557,38.3479]]],[[[21.6639,60.4829],[21.6691,60.4895],[21.6733,60.4831],[21.6639,60.4829]]],[[[15.7451,42.2249],[15.7457,42.2297],[15.7553,42.2275],[15.7451,42.2249]]],[[[19.5431,60.2747],[19.5349,60.2757],[19.5381,60.2809],[19.5431,60.2747]]],[[[18.7283,59.2397],[18.7309,59.2275],[18.7225,59.2343],[18.7283,59.2397]]],[[[16.9253,58.2279],[16.9289,58.2313],[16.9405,58.2287],[16.9253,58.2279]]],[[[14.5761,44.6679],[14.5733,44.6747],[14.5843,44.6657],[14.5761,44.6679]]],[[[20.9993,37.2555],[20.9999,37.2633],[21.0037,37.2589],[20.9993,37.2555]]],[[[-8.9176,42.5869],[-8.9212,42.5931],[-8.9181,42.5911],[-8.9176,42.5869]]],[[[21.3365,60.5743],[21.3235,60.5709],[21.3229,60.5737],[21.3365,60.5743]]],[[[11.2179,58.3467],[11.2161,58.3563],[11.2261,58.3515],[11.2179,58.3467]]],[[[21.5493,60.3221],[21.5475,60.3283],[21.5529,60.3251],[21.5493,60.3221]]],[[[10.9669,59.0993],[10.9573,59.0947],[10.9633,59.1025],[10.9669,59.0993]]],[[[21.0737,60.4151],[21.0687,60.4013],[21.0679,60.4197],[21.0737,60.4151]]],[[[22.6659,59.9381],[22.6633,59.9455],[22.6701,59.9403],[22.6659,59.9381]]],[[[28.5993,60.6517],[28.6039,60.6599],[28.6115,60.6587],[28.5993,60.6517]]],[[[23.4289,59.8565],[23.4291,59.8641],[23.4363,59.8603],[23.4289,59.8565]]],[[[21.1963,60.3175],[21.1913,60.3101],[21.1911,60.3173],[21.1963,60.3175]]],[[[28.6759,60.5151],[28.6673,60.5095],[28.6645,60.5115],[28.6759,60.5151]]],[[[13.4099,45.7003],[13.4005,45.6949],[13.4099,45.7019],[13.4099,45.7003]]],[[[10.5757,59.1985],[10.5783,59.2019],[10.5781,59.1939],[10.5757,59.1985]]],[[[21.0421,60.8359],[21.0445,60.8433],[21.0509,60.8367],[21.0421,60.8359]]],[[[18.8105,59.1499],[18.8089,59.1561],[18.8183,59.1543],[18.8105,59.1499]]],[[[-10.1393,53.5025],[-10.1532,53.5071],[-10.1375,53.5037],[-10.1393,53.5025]]],[[[21.2929,38.3539],[21.2889,38.3565],[21.2917,38.3565],[21.2929,38.3539]]],[[[18.5389,59.0191],[18.5385,59.0259],[18.5485,59.0273],[18.5389,59.0191]]],[[[19.5001,40.9569],[19.5057,40.9613],[19.5043,40.9561],[19.5001,40.9569]]],[[[26.5671,37.6123],[26.5677,37.6049],[26.5605,37.6119],[26.5671,37.6123]]],[[[26.5181,37.6529],[26.5289,37.6449],[26.5327,37.6389],[26.5181,37.6529]]],[[[-4.1171,47.8699],[-4.1102,47.8613],[-4.1125,47.8577],[-4.1171,47.8699]]],[[[10.8793,37.1083],[10.8809,37.1133],[10.8821,37.1101],[10.8793,37.1083]]],[[[21.3821,60.7707],[21.3935,60.7709],[21.3931,60.7677],[21.3821,60.7707]]],[[[21.0705,60.5021],[21.0643,60.4961],[21.0639,60.5045],[21.0705,60.5021]]],[[[19.5145,40.9561],[19.5165,40.9603],[19.5175,40.9571],[19.5145,40.9561]]],[[[-8.977,42.5407],[-8.993,42.5281],[-8.9759,42.5435],[-8.977,42.5407]]],[[[29.3675,36.2157],[29.3669,36.2197],[29.3711,36.2177],[29.3675,36.2157]]],[[[21.9503,63.3317],[21.9681,63.3321],[21.9633,63.3291],[21.9503,63.3317]]],[[[-9.9025,51.8105],[-9.9106,51.8057],[-9.9114,51.8069],[-9.9025,51.8105]]],[[[-9.6291,53.8059],[-9.6307,53.8099],[-9.6272,53.8075],[-9.6291,53.8059]]],[[[4.7809,52.4211],[4.7799,52.4269],[4.7827,52.4269],[4.7809,52.4211]]],[[[21.0733,60.3039],[21.0751,60.3025],[21.0737,60.2969],[21.0733,60.3039]]],[[[-5.6482,55.9041],[-5.6408,55.9101],[-5.6462,55.9039],[-5.6482,55.9041]]],[[[-0.4776,38.1641],[-0.4707,38.1631],[-0.4688,38.1615],[-0.4776,38.1641]]],[[[-4.1094,47.9619],[-4.1076,47.9639],[-4.1057,47.9615],[-4.1094,47.9619]]],[[[0.0281,53.5225],[0.0325,53.5253],[0.0333,53.5239],[0.0281,53.5225]]],[[[-8.8445,42.1313],[-8.8434,42.1321],[-8.8417,42.1305],[-8.8445,42.1313]]],[[[21.0679,60.4387],[21.0671,60.4359],[21.0671,60.4391],[21.0679,60.4387]]],[[[21.3275,63.1557],[21.3299,63.1573],[21.3285,63.1555],[21.3275,63.1557]]],[[[21.9733,63.3323],[21.9755,63.3323],[21.9751,63.3319],[21.9733,63.3323]]],[[[13.7923,54.0555],[13.7925,54.0555],[13.7925,54.0539],[13.7923,54.0555]]]]}}]}