{"type":"FeatureCollection","features":[{"type":"Feature","properties":{"birdlifeId":"22714741","scientificName":"Acrocephalus palustris","rangeType":"wintering","speciesId":"avibase-B675E006","speciesName":"Marsh Warbler","speciesLatin":"Acrocephalus palustris"},"geometry":{"type":"MultiPolygon","coordinates":[[[[39.5287,-6.9789],[39.2801,-7.5069],[39.2515,-7.818],[39.2611,-7.8238],[39.2955,-7.8228],[39.3113,-7.7986],[39.3257,-7.7318],[39.4423,-7.8155],[39.4491,-8.0066],[39.2683,-8.3225],[39.4815,-9.0973],[39.5967,-9.1223],[39.5487,-9.0307],[39.6169,-9.0719],[39.7081,-9.9818],[40.1133,-10.2786],[40.4021,-10.2998],[40.3953,-10.5244],[40.6417,-10.6945],[40.4811,-10.7583],[40.6137,-10.8341],[40.3561,-11.3326],[40.5445,-12.0025],[40.4283,-12.5506],[40.6313,-12.7544],[40.4053,-12.9195],[40.5887,-12.9693],[40.5277,-14.1655],[40.7227,-14.1985],[40.6261,-14.5653],[40.8373,-14.4861],[40.8007,-14.6239],[40.8381,-14.83],[40.6185,-14.859],[40.7789,-14.9976],[40.4963,-15.183],[40.6769,-15.2506],[40.5573,-15.4109],[40.5565,-15.4937],[39.9795,-16.2276],[39.7521,-16.2607],[39.7385,-16.4267],[39.8543,-16.4464],[39.2101,-16.8218],[39.0411,-16.9551],[39.0679,-17.0068],[38.0689,-17.1833],[36.9291,-17.962],[36.4763,-18.4837],[36.5055,-18.5584],[36.4315,-18.564],[36.4725,-18.5844],[36.3813,-18.6709],[36.3617,-18.7391],[36.4005,-18.784],[36.3163,-18.8749],[36.2623,-18.8065],[36.1051,-18.9206],[36.0837,-18.8791],[36.0511,-18.9262],[36.0057,-18.9395],[35.9881,-18.9071],[35.9729,-18.9085],[35.8629,-18.9558],[35.6831,-19.0858],[35.3895,-19.4716],[34.8859,-19.8509],[34.8323,-19.8474],[34.8185,-19.7798],[34.6561,-19.6537],[34.6307,-19.6631],[34.6671,-19.7357],[34.6987,-19.7583],[34.7181,-19.757],[34.7519,-19.7828],[34.7819,-19.8515],[34.7479,-19.8717],[34.7645,-20.1587],[34.6579,-20.1437],[34.6189,-20.1619],[34.7085,-20.4737],[34.6315,-20.4764],[34.6025,-20.5247],[35.0025,-20.7434],[34.9565,-20.8183],[35.1153,-20.9851],[34.9841,-21.1155],[35.3435,-22.1861],[35.4987,-22.1017],[35.5245,-22.3105],[35.5325,-22.2063],[35.5467,-22.1725],[35.6047,-22.9265],[35.3301,-23.6792],[35.3417,-23.9952],[35.5515,-23.7922],[35.4821,-24.1555],[35.0915,-24.6258],[33.2191,-25.3402],[32.4525,-25.9756],[32.6697,-26.1223],[32.7045,-26.3193],[32.6779,-26.3454],[32.6695,-26.3664],[32.6695,-26.3863],[32.6799,-26.3949],[32.7113,-26.3164],[32.6897,-26.2002],[32.8855,-26.2845],[32.9627,-26.087],[32.4033,-28.5225],[31.4333,-29.1979],[30.0001,-31.307],[28.5061,-32.6101],[27.1055,-33.5297],[26.4663,-33.7793],[25.8403,-33.7353],[25.9321,-33.0991],[27.8719,-30.1392],[28.0057,-27.4344],[27.7381,-22.7519],[27.0023,-21.0646],[25.9321,-19.5029],[25.7983,-18.328],[26.0659,-17.6375],[26.5341,-16.9494],[28.7415,-14.9519],[29.7449,-13.4918],[30.4137,-13.0243],[30.9489,-10.9566],[31.5509,-9.4153],[32.1529,-8.4425],[35.0291,-7.6762],[35.8319,-7.7784],[36.5677,-8.187],[38.2399,-8.0337],[39.5287,-6.9789]]],[[[40.8375,-14.5332],[40.8383,-14.5451],[40.8365,-14.5449],[40.8375,-14.5332]]],[[[40.8213,-14.8666],[40.8367,-14.8516],[40.8275,-14.8687],[40.8213,-14.8666]]],[[[40.7477,-15.0292],[40.7311,-15.0504],[40.7279,-15.0495],[40.7477,-15.0292]]],[[[40.7151,-10.9959],[40.6437,-11.0436],[40.6093,-11.0313],[40.7151,-10.9959]]],[[[40.6851,-11.1474],[40.6691,-11.1762],[40.6527,-11.1874],[40.6851,-11.1474]]],[[[40.6537,-10.8274],[40.6535,-10.8752],[40.6437,-10.8771],[40.6537,-10.8274]]],[[[40.6327,-10.773],[40.6567,-10.7708],[40.6513,-10.7978],[40.6327,-10.773]]],[[[40.6395,-11.3696],[40.6209,-11.3704],[40.6475,-11.3667],[40.6395,-11.3696]]],[[[40.6177,-11.1939],[40.6143,-11.1989],[40.5867,-11.1797],[40.6177,-11.1939]]],[[[40.6311,-12.4731],[40.6309,-12.4879],[40.6241,-12.4825],[40.6311,-12.4731]]],[[[40.6229,-12.5943],[40.6159,-12.6079],[40.5969,-12.5968],[40.6229,-12.5943]]],[[[40.5975,-12.3213],[40.5931,-12.3913],[40.5457,-12.3604],[40.5975,-12.3213]]],[[[40.6161,-12.415],[40.5921,-12.4488],[40.5953,-12.4029],[40.6161,-12.415]]],[[[40.6111,-12.5407],[40.5785,-12.5479],[40.6019,-12.5282],[40.6111,-12.5407]]],[[[40.6061,-11.8162],[40.5995,-11.8211],[40.5969,-11.8194],[40.6061,-11.8162]]],[[[40.5557,-12.1971],[40.6075,-12.2077],[40.5869,-12.2546],[40.5557,-12.1971]]],[[[40.6015,-12.4873],[40.5993,-12.4952],[40.5971,-12.488],[40.6015,-12.4873]]],[[[40.5705,-11.976],[40.5889,-11.9886],[40.5807,-11.9977],[40.5705,-11.976]]],[[[40.5773,-15.422],[40.5625,-15.4518],[40.5749,-15.4176],[40.5773,-15.422]]],[[[40.5241,-12.3744],[40.5227,-12.3827],[40.5219,-12.3753],[40.5241,-12.3744]]],[[[40.4977,-12.2875],[40.5013,-12.3359],[40.4885,-12.2798],[40.4977,-12.2875]]],[[[40.4285,-10.3758],[40.4235,-10.3813],[40.4213,-10.378],[40.4285,-10.3758]]],[[[40.3773,-10.2775],[40.3695,-10.2834],[40.3703,-10.2744],[40.3773,-10.2775]]],[[[40.3197,-10.2437],[40.3471,-10.2548],[40.3481,-10.2644],[40.3197,-10.2437]]],[[[39.9515,-16.263],[39.9437,-16.2776],[39.9403,-16.2766],[39.9515,-16.263]]],[[[39.9381,-16.3269],[39.9017,-16.3753],[39.9337,-16.3111],[39.9381,-16.3269]]],[[[39.8083,-16.3182],[39.8929,-16.4073],[39.8455,-16.4207],[39.8083,-16.3182]]],[[[39.9027,-7.6402],[39.7445,-7.9779],[39.5887,-7.9509],[39.9027,-7.6402]]],[[[39.8981,-16.4126],[39.8805,-16.4255],[39.8577,-16.4254],[39.8981,-16.4126]]],[[[39.8079,-7.9358],[39.8161,-7.9384],[39.8095,-7.9468],[39.8079,-7.9358]]],[[[39.7633,-7.9833],[39.7791,-8.0268],[39.7563,-8.0247],[39.7633,-7.9833]]],[[[39.7997,-16.3138],[39.7843,-16.3188],[39.7979,-16.31],[39.7997,-16.3138]]],[[[39.7783,-16.3233],[39.7781,-16.333],[39.7759,-16.3218],[39.7783,-16.3233]]],[[[39.7621,-7.9792],[39.7537,-7.9893],[39.7545,-7.9718],[39.7621,-7.9792]]],[[[39.7221,-8.0697],[39.7407,-8.0504],[39.7419,-8.0534],[39.7221,-8.0697]]],[[[39.6097,-8.2757],[39.5979,-8.2771],[39.6091,-8.27],[39.6097,-8.2757]]],[[[39.5815,-9.0943],[39.5763,-9.1001],[39.5723,-9.0937],[39.5815,-9.0943]]],[[[39.4909,-8.963],[39.5355,-9.0143],[39.5187,-9.0136],[39.4909,-8.963]]],[[[39.5343,-9.049],[39.5241,-9.0586],[39.5237,-9.046],[39.5343,-9.049]]],[[[39.5053,-7.9436],[39.5331,-7.9477],[39.5329,-7.9497],[39.5053,-7.9436]]],[[[39.5129,-8.5121],[39.5019,-8.5251],[39.4997,-8.5047],[39.5129,-8.5121]]],[[[39.4683,-8.6314],[39.4491,-8.6466],[39.4449,-8.6463],[39.4683,-8.6314]]],[[[39.4059,-7.4016],[39.4171,-7.4264],[39.3781,-7.4168],[39.4059,-7.4016]]],[[[39.3119,-7.7765],[39.2949,-7.7859],[39.3091,-7.7732],[39.3119,-7.7765]]],[[[39.2941,-7.8133],[39.2857,-7.8136],[39.2925,-7.8094],[39.2941,-7.8133]]],[[[39.2839,-7.8006],[39.2739,-7.8067],[39.2715,-7.8044],[39.2839,-7.8006]]],[[[39.0857,-17.1136],[39.0777,-17.122],[39.0759,-17.1175],[39.0857,-17.1136]]],[[[39.0799,-16.9365],[39.0671,-16.9515],[39.0677,-16.9395],[39.0799,-16.9365]]],[[[36.9277,-18.0133],[36.9207,-18.0193],[36.9167,-18.0113],[36.9277,-18.0133]]],[[[36.8041,-18.2039],[36.7963,-18.2069],[36.8003,-18.1986],[36.8041,-18.2039]]],[[[36.7991,-18.2228],[36.7859,-18.225],[36.7997,-18.2188],[36.7991,-18.2228]]],[[[36.7669,-18.2069],[36.7853,-18.21],[36.7867,-18.2127],[36.7737,-18.2168],[36.7669,-18.2069]]],[[[36.4821,-18.5696],[36.4801,-18.5768],[36.4767,-18.5688],[36.4821,-18.5696]]],[[[36.3849,-18.6764],[36.4061,-18.7033],[36.3931,-18.7149],[36.3849,-18.6764]]],[[[36.2453,-18.837],[36.2847,-18.8937],[36.1485,-18.9052],[36.2453,-18.837]]],[[[36.1485,-18.9123],[36.1375,-18.9168],[36.1353,-18.9146],[36.1485,-18.9123]]],[[[35.9871,-18.9143],[35.9651,-18.9181],[35.9861,-18.9113],[35.9871,-18.9143]]],[[[35.9801,-18.929],[35.9771,-18.9381],[35.9711,-18.9336],[35.9801,-18.929]]],[[[35.7031,-19.0974],[35.7145,-19.1092],[35.7037,-19.1151],[35.7031,-19.0974]]],[[[35.5375,-22.1537],[35.5273,-22.1448],[35.5345,-22.1358],[35.5375,-22.1537]]],[[[35.5319,-22.1806],[35.5233,-22.1838],[35.5285,-22.1748],[35.5319,-22.1806]]],[[[35.5043,-21.8205],[35.5029,-21.8294],[35.5037,-21.8037],[35.5043,-21.8205]]],[[[35.5005,-21.6949],[35.4933,-21.7016],[35.4985,-21.6903],[35.5005,-21.6949]]],[[[35.4573,-21.7951],[35.4351,-21.6565],[35.4817,-21.5152],[35.4961,-21.6543],[35.4573,-21.7951]]],[[[35.4725,-21.8717],[35.4705,-21.8784],[35.4695,-21.8724],[35.4725,-21.8717]]],[[[35.4141,-21.8667],[35.4495,-21.9032],[35.4567,-21.9234],[35.4141,-21.8667]]],[[[35.4425,-23.8455],[35.4365,-23.8601],[35.4341,-23.8425],[35.4425,-23.8455]]],[[[35.4269,-21.9551],[35.4369,-21.9762],[35.4205,-21.9778],[35.4269,-21.9551]]],[[[35.4367,-23.7903],[35.4259,-23.7875],[35.4357,-23.788],[35.4367,-23.7903]]],[[[35.4261,-23.8089],[35.4213,-23.8169],[35.4183,-23.8111],[35.4261,-23.8089]]],[[[35.3423,-21.6115],[35.3349,-21.6242],[35.3301,-21.6037],[35.3423,-21.6115]]],[[[35.0219,-20.8259],[35.0207,-20.839],[35.0173,-20.8264],[35.0219,-20.8259]]],[[[34.9613,-20.6637],[34.9543,-20.6712],[34.9539,-20.6595],[34.9613,-20.6637]]],[[[34.9063,-20.6765],[34.9237,-20.6292],[34.9461,-20.6653],[34.9063,-20.6765]]],[[[34.9397,-20.6781],[34.9317,-20.6861],[34.9279,-20.6839],[34.9397,-20.6781]]],[[[34.7991,-19.7741],[34.8087,-19.7949],[34.7947,-19.7737],[34.7991,-19.7741]]],[[[34.7673,-19.7752],[34.7533,-19.7676],[34.7523,-19.7587],[34.7673,-19.7752]]],[[[34.7125,-19.731],[34.7417,-19.7267],[34.7665,-19.7454],[34.7125,-19.731]]],[[[34.7635,-19.8701],[34.7627,-19.8832],[34.7519,-19.8796],[34.7635,-19.8701]]],[[[34.7219,-20.5176],[34.7227,-20.55],[34.7003,-20.5277],[34.7219,-20.5176]]],[[[34.7055,-19.7505],[34.6937,-19.7524],[34.6849,-19.741],[34.7055,-19.7505]]],[[[34.6829,-19.719],[34.6787,-19.727],[34.6777,-19.7134],[34.6829,-19.719]]],[[[34.6691,-19.7143],[34.6683,-19.7276],[34.6655,-19.7152],[34.6691,-19.7143]]],[[[34.6647,-19.6838],[34.6459,-19.6814],[34.6465,-19.6667],[34.6647,-19.6838]]],[[[34.6465,-20.5003],[34.6327,-20.5132],[34.6357,-20.4854],[34.6465,-20.5003]]],[[[32.9231,-25.9983],[32.9609,-26.0718],[32.9037,-26.0548],[32.9231,-25.9983]]],[[[32.9241,-25.9696],[32.9129,-25.9793],[32.9089,-25.9701],[32.9241,-25.9696]]],[[[32.7325,-25.8326],[32.7135,-25.8455],[32.7275,-25.8261],[32.7325,-25.8326]]],[[[32.6927,-25.937],[32.6903,-25.9247],[32.7097,-25.9098],[32.6927,-25.937]]]]}},{"type":"Feature","properties":{"birdlifeId":"22714741","scientificName":"Acrocephalus palustris","rangeType":"breeding","speciesId":"avibase-B675E006","speciesName":"Marsh Warbler","speciesLatin":"Acrocephalus palustris"},"geometry":{"type":"MultiPolygon","coordinates":[[[[5.3835,53.0597],[6.0347,53.4079],[6.8149,53.4671],[6.9033,53.3535],[7.2157,53.2383],[7.0197,53.4443],[7.3397,53.6899],[8.0191,53.7115],[8.2055,53.4059],[8.2765,53.6127],[8.5569,53.5425],[8.4881,53.4797],[8.4985,53.3637],[8.5761,53.5389],[8.4853,53.6831],[8.6651,53.8935],[9.2819,53.8579],[9.5725,53.5993],[9.6917,53.5505],[9.8291,53.5343],[9.3319,53.8587],[8.9197,53.9299],[9.0215,54.0897],[8.8113,54.1769],[8.9645,54.3147],[8.5785,54.3069],[9.0501,54.4767],[8.8127,54.4747],[8.9763,54.5347],[8.7267,54.7247],[8.7115,54.6773],[8.6505,54.6439],[8.5345,54.6303],[8.7127,54.6967],[8.6123,54.8845],[8.2819,54.7473],[8.3003,54.9209],[8.4021,55.0539],[8.3789,54.8955],[8.6755,54.9655],[8.6773,55.3357],[8.3799,55.5113],[8.8597,55.7831],[8.1351,56.2207],[8.1175,56.4061],[8.1375,56.5833],[8.2161,56.7031],[8.5591,56.5611],[8.2299,56.7291],[8.4801,57.0397],[9.4125,57.1607],[9.9535,57.5889],[10.6613,57.7399],[10.4357,57.5935],[10.5597,57.2243],[10.1897,56.7011],[10.9621,56.4339],[10.7041,56.1345],[10.3523,56.1905],[10.4587,56.2899],[10.2567,56.1813],[10.1971,55.8409],[10.0807,55.8875],[9.8577,55.8551],[10.0345,55.7001],[9.5445,55.7079],[9.8621,55.6277],[9.5017,55.4957],[9.6951,55.4651],[9.5157,55.2523],[9.7167,55.2389],[9.5007,55.1579],[9.4281,55.0273],[9.7825,54.9109],[9.6209,54.9341],[9.4233,54.8323],[9.4375,54.7963],[9.9601,54.7821],[10.0287,54.5529],[9.8419,54.4725],[10.1997,54.4581],[10.1317,54.3163],[11.1357,54.3903],[10.7759,53.8909],[11.4611,53.8989],[11.6913,54.1537],[12.0867,54.1839],[12.0899,54.1113],[12.1119,54.0953],[12.1521,54.0933],[12.0965,54.1779],[12.5283,54.4853],[12.9283,54.4291],[12.6965,54.4331],[12.4381,54.3805],[12.3665,54.2681],[13.0269,54.4397],[13.1065,54.2841],[13.4603,54.0881],[13.4965,54.1255],[13.7243,54.1637],[13.8227,53.8407],[14.5807,53.5823],[14.5381,53.7023],[14.7609,53.9269],[14.8017,54.0321],[14.7311,54.0247],[16.1563,54.2865],[17.2789,54.7405],[18.3319,54.8361],[18.7315,54.6837],[18.8295,54.6117],[18.4183,54.7761],[18.5841,54.4331],[18.9405,54.3417],[19.8983,54.6261],[19.2319,54.3395],[19.3731,54.2231],[20.3983,54.6737],[19.8727,54.6407],[19.9695,54.9575],[20.5487,54.9965],[21.0395,55.4009],[21.0583,56.8129],[21.4097,57.0363],[21.6959,57.5621],[22.6089,57.7617],[23.2643,57.0923],[23.6363,56.9661],[24.4089,57.2541],[24.3151,57.8719],[24.5595,58.3207],[23.7361,58.3515],[23.5011,58.5771],[23.7627,58.7625],[23.4629,58.7737],[23.4311,58.9395],[23.6379,58.9705],[23.4073,59.0187],[23.4997,59.2253],[24.0273,59.2879],[24.3633,59.4751],[24.7287,59.4577],[24.8011,59.5703],[25.4017,59.4891],[25.4765,59.6631],[27.8807,59.4079],[28.0803,59.7965],[28.3741,59.6611],[28.5005,59.8575],[28.8259,59.7823],[29.2267,59.9951],[30.2051,59.8741],[29.8739,60.1639],[28.6209,60.3523],[28.4475,60.5473],[28.6719,60.4347],[28.7183,60.4401],[28.6889,60.5531],[28.5547,60.6015],[28.7077,60.5931],[28.6487,60.6545],[28.7543,60.6639],[28.7659,60.7261],[28.7123,60.7725],[28.3073,60.6203],[28.2421,60.5117],[27.7679,60.5825],[26.4457,60.4937],[26.4121,60.4081],[26.5421,60.3513],[26.0723,60.4361],[26.1177,60.3231],[25.9373,60.3609],[25.7903,60.2371],[25.6423,60.3093],[25.7221,60.3361],[25.6769,60.3811],[24.8467,60.2113],[24.8457,60.1675],[24.6587,60.1361],[24.4167,59.9627],[24.3127,60.0873],[23.3947,59.9231],[23.4861,59.9987],[23.4699,60.0247],[23.2325,59.8915],[23.2485,59.8437],[22.9233,59.8089],[23.1651,59.8921],[23.2335,60.0339],[23.0341,59.9093],[22.8853,59.9237],[22.8191,59.9803],[22.8197,60.0201],[22.9843,59.9703],[23.2645,60.0619],[22.8751,60.1639],[23.0403,60.3257],[22.9825,60.3317],[22.5239,60.2145],[22.6553,60.4041],[21.9007,60.5561],[21.8961,60.4819],[21.8313,60.5017],[21.7463,60.4817],[21.8299,60.5421],[21.8555,60.6503],[21.6727,60.5997],[21.6599,60.5201],[21.5849,60.4937],[21.6139,60.5213],[21.5765,60.5655],[21.3523,60.6803],[21.4737,60.7455],[21.3565,60.8791],[21.2171,60.9083],[21.4455,60.9107],[21.3017,61.0817],[21.6173,61.2273],[21.4913,61.2715],[21.5801,61.3353],[21.5381,61.4029],[21.4557,61.4309],[21.6003,61.4421],[21.4535,61.5053],[21.7235,61.5513],[21.4269,61.9525],[21.2839,61.9937],[21.4529,62.2135],[21.3697,62.3687],[21.1117,62.4847],[21.1231,62.7945],[21.4183,62.8779],[21.4731,63.0565],[21.6921,63.0511],[21.5117,63.1701],[21.5765,63.2807],[21.5893,63.2479],[21.6827,63.2095],[21.9909,63.2569],[21.9403,63.1943],[22.0027,63.1575],[22.3665,63.2853],[22.3755,63.3547],[22.2023,63.4537],[22.4053,63.4371],[22.2967,63.4987],[22.3243,63.5731],[22.4123,63.4719],[22.6149,63.7229],[22.8121,63.6453],[22.9371,63.7147],[22.8777,63.8019],[22.6997,63.8389],[23.4229,63.9399],[23.4073,64.0797],[23.6201,64.0449],[24.3769,64.5469],[24.5443,64.8167],[25.3865,64.8459],[25.1955,64.9781],[25.4905,64.9689],[25.3765,65.1033],[25.2275,65.1263],[25.3437,65.1847],[25.2307,65.3307],[25.3411,65.3205],[25.3287,65.3635],[25.2579,65.3673],[25.2667,65.4049],[25.9731,65.2219],[26.0239,64.7847],[24.9977,64.1065],[25.0619,63.7749],[26.0871,63.8487],[29.1033,64.6385],[30.4887,64.6569],[30.7473,64.3637],[30.3739,63.8751],[31.8549,63.1111],[31.5943,62.3705],[33.4499,61.5515],[39.9341,60.6767],[43.5541,59.7199],[47.3705,59.0771],[55.2941,58.4799],[59.1459,58.0047],[60.9007,58.0339],[61.7679,57.5451],[62.0283,57.1953],[60.1503,55.3243],[59.5459,54.0589],[59.2947,53.9527],[59.4093,53.6765],[59.2015,53.4421],[59.2085,52.3707],[58.9225,52.2415],[58.8763,51.3979],[58.2421,51.1373],[56.8409,51.4443],[56.3857,50.8771],[51.8965,47.4565],[51.8503,47.0559],[51.5671,47.1625],[50.4303,46.9011],[49.7685,46.4913],[49.8273,46.3661],[49.5659,46.3723],[49.6189,46.2701],[49.1321,46.4523],[49.1428,46.1555],[48.8775,46.1207],[48.9247,46.0675],[48.8135,46.0641],[48.8291,45.9141],[48.6727,46.0746],[48.7594,45.7844],[48.5477,45.9565],[48.319,45.6774],[47.6331,45.7491],[47.6373,45.5531],[47.5049,45.7119],[47.4609,45.6991],[47.4905,45.4225],[46.7001,44.4427],[47.3438,44.0356],[47.5021,43.7687],[47.4073,43.5011],[47.6275,43.8908],[47.6983,43.8689],[47.4499,43.0538],[47.7383,42.6339],[49.0077,41.4347],[49.5434,40.6315],[50.2222,40.4975],[50.3581,40.2672],[49.8528,40.3721],[49.4711,40.1732],[49.2779,39.496],[49.4121,39.3752],[49.2082,39.0891],[49.0194,39.2157],[48.9651,39.1787],[48.8215,38.8678],[48.8345,37.8691],[48.2209,37.4463],[47.3201,37.5821],[47.0531,38.3929],[47.1451,38.7879],[48.3599,39.3853],[48.0143,39.6993],[46.5405,38.8757],[46.4161,39.2015],[46.6225,39.2247],[46.4435,39.3505],[46.3257,39.1255],[45.9757,39.1573],[46.1783,38.8411],[45.4395,38.9981],[44.6067,39.7735],[44.4237,39.4099],[44.0509,39.3803],[44.3177,38.3855],[44.5055,38.3487],[44.3401,37.8783],[44.6383,37.7163],[44.5685,37.0547],[43.8127,37.0643],[42.2577,37.6525],[40.1395,38.0783],[39.5311,38.5165],[39.4773,38.8483],[40.0923,40.0669],[39.8403,40.4785],[40.8953,41.1825],[41.7745,41.4601],[41.5317,41.5239],[41.7747,41.8857],[41.4879,42.6619],[40.8437,43.0677],[40.2949,43.1709],[38.7603,44.2703],[38.1809,44.3973],[37.7881,44.7251],[37.4883,44.6695],[37.2003,44.9817],[36.5753,45.1847],[36.9607,45.2751],[36.6247,45.3025],[36.7901,45.4361],[37.5301,45.3759],[37.9403,46.0259],[38.0955,45.9451],[38.2729,46.2669],[37.7041,46.7001],[38.5913,46.6591],[38.4109,46.8281],[39.2805,47.0171],[39.2259,47.2671],[38.0963,47.0245],[37.5657,47.0885],[36.1159,46.4863],[36.2487,46.6355],[35.9073,46.6511],[35.1745,46.1361],[34.9853,46.0759],[35.3371,46.3251],[35.3481,46.3531],[35.1981,46.4433],[34.8091,46.1655],[35.3353,45.3821],[36.3419,45.4767],[36.6367,45.3459],[36.4329,45.2753],[36.4397,45.0657],[35.5153,45.1161],[33.9557,44.3811],[33.3669,44.5793],[33.5453,44.6259],[33.5419,45.1119],[32.4805,45.3959],[33.1771,45.8071],[33.2461,45.7565],[33.4831,45.8569],[33.7641,45.9265],[33.6025,46.1545],[32.5095,46.0751],[31.7927,46.3313],[31.7023,46.2771],[31.7767,46.3321],[32.0609,46.3907],[31.7089,46.4371],[31.5079,46.5797],[32.3253,46.4645],[32.4237,46.4923],[31.9973,46.6465],[31.9751,46.8789],[31.8597,46.6283],[31.4303,46.6329],[31.5045,46.6631],[31.5497,46.7657],[30.8329,46.5483],[30.2517,45.8767],[29.7277,45.5873],[29.8807,45.6781],[29.7401,45.6157],[29.6973,45.7817],[29.6409,45.8221],[29.7681,45.3337],[29.6147,44.8629],[29.0967,44.7571],[28.6561,44.3397],[28.6093,43.5251],[27.9071,43.1937],[27.9071,42.7093],[27.4551,42.4815],[27.7933,42.3387],[27.6127,42.2269],[26.9469,42.5095],[27.0929,43.3123],[26.7691,43.4527],[26.8831,43.7189],[25.7249,43.9847],[25.8525,44.1523],[26.9953,44.2641],[27.5269,43.9987],[27.8235,44.3477],[27.6711,45.0153],[27.3377,45.3201],[27.9371,45.7625],[27.9859,46.7523],[27.0915,47.5035],[26.8349,48.0743],[25.2551,47.8919],[25.0939,47.7481],[25.2939,47.4899],[25.2167,46.9029],[25.6607,46.4507],[26.3875,46.1207],[26.3949,45.6243],[25.3755,45.3479],[23.0195,45.3617],[22.8539,44.8487],[24.0019,44.3337],[23.9841,44.0127],[23.6225,43.8449],[22.7977,43.7889],[22.7979,44.1663],[22.6101,44.3199],[22.3699,44.2221],[22.3351,43.9289],[22.0605,43.9149],[21.8325,44.0547],[21.8727,44.4591],[21.1077,44.4453],[21.4661,44.1663],[21.3063,43.7049],[21.8835,43.5087],[22.2397,43.5929],[22.6513,43.2279],[22.3043,42.9327],[22.2075,42.5519],[21.7787,42.5661],[21.2751,42.2269],[22.0705,42.1421],[21.9931,41.7451],[21.5989,41.6457],[21.9759,41.3757],[21.9283,41.1907],[21.3633,41.1763],[20.9885,41.9295],[20.3737,42.1279],[20.1201,42.5661],[20.1295,42.7777],[20.5517,43.0453],[21.4187,42.7917],[21.6821,42.9889],[20.8749,43.2701],[20.7459,43.4385],[20.8571,43.7189],[20.1877,44.0547],[20.6665,44.2361],[20.4981,44.4035],[20.6271,44.6401],[19.8723,44.4313],[19.2971,44.7097],[17.1265,44.8625],[17.0553,45.0431],[16.5771,44.8625],[16.4579,45.3201],[15.8411,45.1123],[16.0491,45.4171],[14.7479,45.8315],[14.1891,45.5967],[13.5481,45.7973],[13.4481,45.7795],[13.5035,45.7355],[13.5479,45.7277],[13.5511,45.7233],[13.3977,45.6753],[13.3795,45.6827],[13.3667,45.7387],[13.1327,45.7709],[13.0993,45.6339],[12.4251,45.4289],[12.5983,45.5265],[12.5541,45.5719],[12.4649,45.5553],[12.1511,45.3901],[12.1613,45.2591],[12.3065,45.2307],[12.3597,45.0063],[12.5425,44.9617],[12.2667,44.8289],[12.2833,44.2641],[9.7335,44.9875],[9.0981,44.6401],[7.7231,44.5009],[7.0657,45.0431],[7.4439,45.3341],[7.2343,45.7073],[8.5527,45.7763],[8.7593,46.2309],[10.2185,45.5553],[11.9541,45.7763],[12.1191,46.0381],[13.4193,46.0933],[12.9139,46.2859],[13.1985,46.5605],[12.7515,46.7523],[13.7633,46.9439],[12.8625,47.1353],[14.2153,47.4491],[13.2903,47.5309],[13.4793,47.8573],[13.1047,47.8843],[13.1349,47.6125],[12.8907,47.3945],[12.6645,47.7213],[12.0197,47.3127],[10.8895,47.1217],[10.6553,47.2173],[12.1909,47.7349],[10.7015,47.4627],[10.3721,47.6941],[10.2435,47.3127],[9.5271,47.0671],[9.3037,46.7935],[8.9143,47.0123],[7.0907,46.4919],[7.3433,46.2995],[8.0115,46.2445],[6.8047,45.8727],[6.7033,45.6935],[7.0697,45.2787],[6.5563,45.0985],[6.2353,44.3529],[5.6369,44.0423],[5.5671,44.5009],[5.3333,44.6123],[5.4169,45.0153],[4.9685,45.2647],[4.6401,45.7625],[5.6147,46.0535],[5.6451,46.3419],[5.2041,46.4859],[5.6159,46.9319],[6.5591,47.2209],[6.1483,46.6839],[6.4235,46.6461],[7.1105,47.0423],[7.2951,47.2583],[6.8947,47.6669],[5.8869,47.6533],[5.8701,47.8437],[5.4761,47.9251],[5.3917,48.5589],[4.5237,48.3217],[3.9459,48.3745],[3.6921,47.7631],[3.2725,47.5663],[3.0267,48.1557],[1.7045,48.8315],[1.1489,48.5885],[0.7337,48.8315],[-0.3164,48.5885],[-0.8321,49.0065],[-1.0102,48.8853],[-0.9894,48.4941],[-1.2665,48.4941],[-1.5725,48.6395],[-1.3589,48.6375],[-1.6137,48.8387],[-1.5476,49.2249],[-1.9494,49.6831],[-1.2685,49.7043],[-1.1415,49.3173],[-0.2292,49.2691],[0.1311,49.4043],[0.3435,49.4325],[0.4815,49.4763],[0.0691,49.5173],[0.2109,49.7175],[1.6723,50.1855],[1.5881,50.8753],[3.5115,51.4101],[3.7693,51.3431],[4.2389,51.3523],[3.4369,51.5369],[4.2975,51.4555],[3.9885,51.5909],[4.1837,51.6049],[4.1075,51.6427],[4.2855,51.6333],[4.3779,51.6567],[4.4031,51.6935],[4.2699,51.6563],[4.0025,51.7987],[3.9693,51.8021],[3.9523,51.8019],[3.9161,51.7951],[3.8699,51.7725],[3.9799,51.8445],[4.3411,51.7051],[4.5003,51.6843],[4.6405,51.7113],[4.0595,51.8395],[4.0145,51.9641],[4.6241,52.6149],[4.8673,52.6271],[4.9731,52.9291],[5.3029,52.7063],[5.0251,52.6303],[5.0135,52.3755],[4.8423,52.4271],[4.7705,52.4307],[4.7779,52.4057],[5.1387,52.3293],[5.6615,52.6127],[5.7175,52.8401],[5.3735,52.8691],[5.3835,53.0597]],[[29.0505,59.9007],[29.0519,59.9003],[29.0515,59.9007],[29.0505,59.9007]],[[33.4307,45.8343],[33.4279,45.8329],[33.4325,45.8345],[33.4307,45.8343]],[[31.5661,46.7805],[31.5685,46.7811],[31.5707,46.7847],[31.5661,46.7805]],[[24.4279,47.9593],[24.4085,47.9549],[24.4337,47.9597],[24.4279,47.9593]],[[32.2355,46.1761],[32.2373,46.1725],[32.2433,46.1731],[32.2355,46.1761]],[[31.5761,46.7897],[31.5949,46.8003],[31.5933,46.8051],[31.5761,46.7897]],[[48.3953,38.6195],[48.4515,38.6101],[48.4301,38.6261],[48.3953,38.6195]],[[41.9551,41.5165],[41.9033,41.4815],[41.9969,41.5165],[41.9551,41.5165]],[[13.3901,45.6857],[13.4401,45.6893],[13.4659,45.7073],[13.4007,45.7253],[13.3901,45.6857]],[[48.2439,38.7279],[48.2661,38.6413],[48.2801,38.6389],[48.2439,38.7279]],[[45.5175,40.6655],[45.5289,40.6061],[45.5875,40.6539],[45.5175,40.6655]],[[5.1403,49.9231],[5.1969,49.7853],[5.4087,49.8759],[5.1403,49.9231]],[[3.9849,50.1469],[4.0591,49.9781],[4.2649,50.0685],[4.2371,50.1861],[3.9849,50.1469]],[[4.6391,50.0567],[4.8367,49.9545],[4.9499,50.1077],[4.7813,50.1823],[4.6391,50.0567]],[[45.7783,40.0235],[45.9739,40.1125],[45.9583,40.2723],[45.7977,40.3087],[45.7783,40.0235]],[[5.8879,50.2215],[5.5697,50.0841],[5.9733,50.0801],[5.8879,50.2215]],[[17.8383,48.8125],[18.0153,48.7591],[18.2679,48.9553],[18.1019,49.0293],[17.8383,48.8125]],[[6.2207,50.5113],[5.7751,50.4879],[5.7153,50.4095],[6.0769,50.3235],[6.2207,50.5113]],[[20.9761,45.3479],[20.8885,45.1677],[21.2581,45.0985],[21.1887,45.2787],[20.9761,45.3479]],[[20.0079,45.2231],[19.7139,45.2371],[19.5889,45.0847],[19.9809,45.0707],[20.0079,45.2231]],[[5.9311,52.1723],[5.8649,52.4921],[5.5031,52.3605],[5.9311,52.1723]],[[8.0723,47.8655],[7.6611,47.6617],[8.2735,47.7537],[8.0723,47.8655]],[[9.0051,56.7329],[9.2613,56.5339],[9.4953,56.5611],[9.3307,56.8865],[9.0687,56.9047],[9.0051,56.7329]],[[8.6277,48.5115],[8.4333,48.6783],[8.1465,48.3443],[8.5003,48.2805],[8.6277,48.5115]],[[20.5311,54.9611],[21.2467,54.9503],[21.2893,55.2917],[21.1837,55.3409],[21.2473,55.4633],[21.1403,55.6823],[21.0987,55.7219],[21.0629,55.3313],[20.5311,54.9611]],[[18.2061,48.7505],[18.6727,48.5751],[19.0033,48.8449],[18.7115,48.9527],[18.2061,48.7505]],[[7.4543,47.1763],[7.9185,46.8829],[8.2885,47.0961],[7.7647,47.3169],[7.4543,47.1763]],[[16.5187,45.8589],[17.3179,45.6935],[17.4283,45.5139],[17.9255,45.6521],[17.4429,45.8589],[16.5187,45.8589]],[[44.7013,41.2075],[43.4721,40.4785],[43.4413,40.2803],[43.6709,40.1927],[44.0433,40.4785],[44.5401,40.5537],[44.9233,39.7191],[45.4575,39.4937],[45.8139,39.6731],[46.5167,39.4759],[45.7511,39.9533],[45.1387,39.9667],[44.7159,40.6887],[45.4693,40.5389],[45.3883,40.6711],[45.6223,40.8623],[45.0915,41.0627],[45.1479,41.2011],[44.7013,41.2075]],[[20.7369,49.0201],[20.0231,49.0201],[19.1937,48.6965],[19.9189,48.5481],[20.4233,48.7235],[21.5485,48.6561],[21.7233,48.9391],[20.9747,49.0201],[21.2433,49.2083],[22.3179,48.9391],[22.5857,49.0925],[22.8861,49.0029],[21.9137,49.4767],[19.4985,49.5975],[18.5129,49.3425],[18.8399,49.1411],[19.6437,49.3425],[19.3937,49.1141],[20.6467,49.1813],[20.7369,49.0201]],[[24.2111,47.9057],[22.8159,47.9929],[22.8791,47.0533],[22.5665,46.4095],[22.8645,46.1069],[24.0499,46.5193],[24.3551,46.9987],[24.3057,47.4763],[24.0297,47.8029],[24.2111,47.9057]]],[[[11.8163,58.0693],[11.9285,58.2227],[11.8251,58.3123],[11.9167,58.3329],[11.9201,58.3519],[11.7049,58.3405],[11.5245,58.2479],[11.7183,58.4321],[11.5831,58.4785],[11.4715,58.2745],[11.4633,58.4551],[11.2439,58.3535],[11.3507,58.4849],[11.2579,58.5217],[11.3107,58.5809],[11.2551,58.6911],[11.1683,58.7227],[11.2593,58.7231],[11.2115,59.1205],[11.5939,59.0429],[11.7419,58.7323],[12.2655,58.9265],[13.1053,59.6617],[15.2519,59.3527],[16.0679,60.0655],[16.7243,60.2189],[16.9761,60.6205],[17.0771,60.6779],[17.3575,60.7589],[17.1541,60.6841],[17.7415,60.4965],[17.9931,60.6017],[18.2361,60.3367],[18.6121,60.2505],[18.3151,60.3105],[18.5919,60.0505],[18.8169,59.9801],[18.8225,60.1185],[19.0919,59.8803],[18.8499,59.9469],[18.9529,59.8517],[18.7301,59.7571],[19.0031,59.7785],[19.0731,59.7205],[18.9255,59.7549],[18.2383,59.4371],[18.3489,59.3893],[17.9675,59.4377],[18.4759,59.1705],[18.1985,59.1089],[18.0543,59.0267],[18.0185,59.0469],[17.9037,58.8517],[17.6763,59.1783],[17.5821,58.9495],[17.6341,58.8943],[17.4673,58.8889],[17.5143,58.7799],[17.0967,58.7733],[16.9441,58.6109],[16.3579,58.6637],[16.2039,58.6413],[16.9559,58.4809],[16.3133,58.4933],[16.8011,58.3613],[16.6367,58.3455],[16.8591,58.1753],[16.6199,58.2015],[16.7889,58.0787],[16.6327,57.9827],[16.8099,57.8713],[16.5943,57.9267],[16.4815,57.8915],[16.6757,57.7611],[16.4175,57.9251],[16.7419,57.7005],[16.5403,57.7287],[16.6645,57.6081],[16.5815,57.6507],[16.5207,57.5635],[16.7151,57.4887],[16.4715,57.2603],[16.4721,57.1489],[16.5857,57.0459],[16.4577,57.0315],[16.3957,56.6773],[15.8595,56.0709],[15.8347,56.1653],[15.6041,56.2029],[15.0247,56.1875],[14.3393,55.9561],[14.1967,55.7333],[14.3527,55.5133],[14.1875,55.3803],[12.8137,55.3787],[13.0673,55.6731],[12.4483,56.2935],[12.7815,56.2127],[12.6195,56.4177],[12.9385,56.5755],[12.3543,56.9263],[12.0923,57.4591],[11.9219,57.3937],[11.9319,57.6235],[11.7285,57.7001],[11.8317,57.7809],[11.6823,57.8535],[11.7917,57.9071],[11.8163,58.0693]],[[13.7593,57.8531],[13.2049,57.6567],[13.0661,57.4207],[13.4573,56.8675],[13.9595,56.6693],[15.5183,56.5303],[16.1211,57.0457],[16.0425,57.3615],[15.7017,57.5781],[13.7593,57.8531]]],[[[22.9513,42.2093],[23.2921,41.7201],[23.4069,41.0699],[22.1713,41.4537],[22.2665,41.8367],[22.6407,41.8927],[22.5125,42.4139],[22.6599,42.7943],[23.1913,42.6413],[22.9513,42.2093]]],[[[10.4365,60.0973],[11.3951,60.0753],[11.6849,59.6659],[11.1031,59.5485],[11.4829,59.2399],[11.0845,59.1857],[11.0689,59.1253],[10.7941,59.2591],[10.7425,59.2195],[10.8127,59.3195],[10.5921,59.4295],[10.6957,59.5261],[10.5885,59.7631],[10.7919,59.8469],[10.7609,59.9083],[10.6717,59.9157],[10.5379,59.8907],[10.4839,59.8381],[10.5643,59.5353],[10.4225,59.5217],[10.4377,59.6827],[10.2881,59.7525],[10.2165,59.7415],[10.3877,59.6743],[10.3901,59.5281],[10.2397,59.5683],[10.5291,59.3095],[10.4257,59.2597],[10.4383,59.1627],[10.3665,59.1741],[10.4029,59.2637],[10.3749,59.2723],[10.3127,59.0599],[10.2327,59.1233],[9.8487,58.9595],[9.8527,59.0171],[9.7939,59.0913],[9.5541,59.1267],[10.1971,59.2839],[9.8455,59.7391],[10.4365,60.0973]]],[[[27.7639,40.5321],[28.0375,40.4893],[27.9603,40.3611],[29.0599,40.3707],[29.1041,40.4909],[29.5067,39.9175],[28.8055,39.6905],[28.4791,39.9767],[28.5359,40.1185],[27.7335,40.3047],[27.8835,40.3839],[27.7639,40.5321]]],[[[11.8477,55.9653],[12.6349,56.0327],[12.6031,55.7077],[12.2359,55.5371],[12.4587,55.2913],[12.0327,55.1657],[12.1855,55.1123],[12.0505,54.9597],[11.6233,55.0815],[11.8351,55.0449],[11.7253,55.1107],[11.8191,55.1313],[11.7185,55.2095],[11.2487,55.2109],[11.1539,55.5923],[10.9365,55.6729],[11.1115,55.6713],[10.8803,55.7457],[11.2683,55.7329],[11.5321,55.8743],[11.5203,55.9307],[11.3035,55.9747],[11.2889,55.9995],[11.7781,55.9771],[11.6583,55.7219],[11.8151,55.6677],[11.9407,55.9343],[12.0699,55.7679],[11.9943,55.7407],[11.9349,55.6543],[12.0845,55.6529],[12.1231,55.7297],[12.0453,55.9295],[11.8477,55.9653]]],[[[36.5003,41.2503],[37.1561,41.1279],[37.2233,40.9231],[37.0091,40.6129],[36.3517,40.7425],[36.2507,41.0841],[36.5003,41.2503]]],[[[19.0789,42.6691],[19.7491,42.2883],[19.7399,41.6267],[19.4293,41.3415],[19.6079,41.8057],[19.1561,41.9507],[19.2987,42.2557],[19.1709,42.4185],[18.7131,42.4845],[19.0789,42.6691]]],[[[26.2075,41.8599],[25.5713,41.9391],[25.4111,42.1721],[25.8295,42.4277],[26.2453,42.4093],[26.5307,42.1301],[26.2075,41.8599]]],[[[21.4759,40.6521],[21.0073,40.6051],[20.5847,41.1777],[20.6733,41.4491],[20.9305,41.4725],[21.4565,40.9339],[21.4759,40.6521]]],[[[10.9651,60.9907],[11.6885,60.8821],[10.9081,60.5049],[10.1985,60.6285],[10.9651,60.9907]]],[[[18.1117,57.5321],[19.0223,57.9179],[19.1091,57.8181],[19.0491,57.8339],[18.9637,57.7897],[18.9569,57.7243],[18.8143,57.7399],[18.7779,57.4703],[18.9451,57.4203],[18.1371,56.9061],[18.3085,57.0971],[18.1021,57.2563],[18.1117,57.5321]]],[[[9.6807,55.5165],[10.4271,55.5889],[10.5663,55.5223],[10.4945,55.5509],[10.4281,55.4409],[10.7117,55.5425],[10.5465,55.4461],[10.8597,55.2945],[10.7463,55.0693],[10.0789,55.0763],[10.1747,55.1297],[9.6807,55.5165]]],[[[22.5607,58.6423],[23.3329,58.4417],[22.7185,58.2141],[22.3675,58.2197],[22.0005,57.9169],[22.2015,58.1447],[21.8487,58.2789],[22.0001,58.3737],[21.8319,58.5051],[22.5607,58.6423]],[[23.2825,58.4307],[23.2833,58.4303],[23.2841,58.4309],[23.2825,58.4307]]],[[[28.0497,41.7389],[28.5143,41.4095],[28.4855,41.2667],[28.0261,41.2415],[27.6019,41.5579],[28.0497,41.7389]]],[[[9.3075,46.2829],[9.8681,46.2991],[10.1499,46.0165],[9.6981,45.9519],[9.3075,46.2829]]],[[[12.7029,42.1819],[12.3809,41.6829],[12.1149,41.9333],[12.5639,42.3271],[12.7029,42.1819]]],[[[18.1309,44.1227],[18.2275,43.8193],[17.5541,44.0355],[17.7873,44.2237],[18.1309,44.1227]]],[[[23.2169,40.9761],[23.4727,40.8447],[23.4191,40.6661],[22.8291,40.7555],[23.2169,40.9761]]],[[[17.0803,57.3555],[17.0825,57.1737],[16.4103,56.1929],[16.3809,56.5265],[17.0803,57.3555]]],[[[11.0201,54.8921],[11.6091,54.8153],[11.7467,54.8743],[11.8641,54.6867],[11.4993,54.5973],[10.9637,54.8029],[11.1541,54.8089],[11.0201,54.8921]]],[[[24.7869,41.1635],[25.0447,41.2011],[25.2463,40.9407],[25.1413,41.0119],[25.0515,41.0065],[24.7519,40.8639],[24.7869,41.1635]]],[[[11.2643,46.0367],[10.9659,46.1053],[11.0137,46.3717],[11.2859,46.3959],[11.2643,46.0367]]],[[[22.5833,59.0677],[23.0747,58.8389],[22.7457,58.8045],[22.5475,58.6873],[22.0443,58.9249],[22.5833,59.0677]]],[[[38.8037,39.8169],[38.4203,39.8745],[38.4359,40.0755],[38.8197,40.0179],[38.8037,39.8169]]],[[[26.2665,41.0839],[26.0205,40.7997],[25.7241,40.8681],[26.0527,41.1495],[26.2665,41.0839]]],[[[19.4947,43.3771],[19.2493,43.3493],[19.1961,43.6029],[19.5505,43.6213],[19.4947,43.3771]]],[[[13.1621,54.5611],[13.6809,54.5635],[13.5729,54.4697],[13.7673,54.3427],[13.7271,54.2745],[13.6593,54.3657],[13.1423,54.2827],[13.2731,54.4811],[13.1423,54.5471],[13.5071,54.4847],[13.1621,54.5611]]],[[[35.9755,41.7383],[36.0951,41.4753],[35.8193,41.4325],[35.6329,41.6373],[35.9755,41.7383]]],[[[20.0095,43.6721],[19.7777,43.8055],[20.1823,43.9297],[20.2143,43.7871],[20.0095,43.6721]]],[[[17.2465,43.2523],[17.4813,43.3401],[17.6695,43.2245],[17.4431,43.0245],[17.2465,43.2523]]],[[[19.8063,60.3963],[19.9263,60.4203],[19.9465,60.3557],[20.2881,60.2817],[19.9345,60.2391],[20.2427,60.0017],[19.9971,60.1081],[19.7593,60.0949],[19.6493,60.2913],[19.8391,60.2011],[19.9317,60.3195],[19.8063,60.3963]]],[[[15.7903,44.0355],[15.7121,43.8331],[15.4147,43.9757],[15.5679,44.1181],[15.7903,44.0355]]],[[[1.3687,51.3057],[1.0035,51.0333],[0.9331,51.1483],[1.3687,51.3057]]],[[[13.7751,54.1713],[14.2441,53.9211],[14.7629,54.0153],[14.6931,53.9981],[14.5859,53.8037],[14.4033,53.8923],[13.8835,53.8385],[14.0483,53.9941],[13.7725,54.0181],[13.7751,54.1713]]],[[[17.2229,44.4437],[17.0063,44.5033],[16.9875,44.6817],[17.3329,44.6131],[17.2229,44.4437]]],[[[14.7517,55.2895],[15.1581,55.1317],[15.1213,55.0151],[14.6847,55.0965],[14.7517,55.2895]]],[[[8.5069,58.5457],[8.6945,58.6789],[8.8295,58.6937],[9.0513,58.6135],[8.9401,58.6171],[8.9635,58.5521],[8.7139,58.4317],[8.7185,58.3771],[8.5069,58.5457]]],[[[22.9681,60.2823],[22.8619,60.2159],[22.7667,60.0065],[22.6837,60.0445],[22.3791,60.0157],[22.6241,60.1511],[22.4211,60.1581],[22.4747,60.2365],[22.5463,60.2005],[22.9681,60.2823]]],[[[11.7063,54.9315],[12.1701,54.8335],[11.9767,54.5627],[11.7063,54.9315]]],[[[5.5531,58.8107],[5.8205,58.7603],[5.7955,58.5157],[5.5459,58.6715],[5.5531,58.8107]]],[[[11.6855,58.2413],[11.8397,58.2395],[11.8339,58.1247],[11.4187,58.1295],[11.6855,58.2413]]],[[[6.8241,58.2495],[7.0311,58.2191],[6.7501,58.1901],[6.8013,58.0555],[6.5577,58.1143],[6.8241,58.2495]]],[[[9.7445,55.0849],[9.9687,55.0069],[10.0723,54.8759],[9.7877,54.9069],[9.7445,55.0849]]],[[[10.9509,55.1629],[10.7227,54.7313],[10.5927,54.8453],[10.9509,55.1629]]],[[[7.2897,58.0561],[7.1623,58.0927],[7.4199,58.1373],[7.5537,58.1149],[7.6373,58.0479],[7.6391,58.0433],[7.5613,58.0447],[7.6225,58.0107],[7.5049,58.0071],[7.4121,58.0461],[7.4181,58.0097],[7.2897,58.0561]]],[[[23.0647,58.5943],[23.3583,58.6509],[23.4103,58.5477],[23.0647,58.5943]]],[[[3.6815,51.6927],[3.8341,51.7389],[4.1117,51.6685],[3.6815,51.6927]]],[[[12.2427,55.0509],[12.5235,55.0083],[12.5565,54.9587],[12.1061,54.9029],[12.3565,54.9843],[12.2427,55.0509]]],[[[18.5035,59.3855],[18.7159,59.3765],[18.7571,59.3331],[18.2377,59.3041],[18.4735,59.3207],[18.5035,59.3855]]],[[[24.5575,65.0389],[24.8311,65.0939],[25.0609,65.0423],[24.5575,65.0389]]],[[[11.0099,54.4453],[11.2447,54.4973],[11.3155,54.4031],[11.0099,54.4453]]],[[[4.9023,53.0807],[4.7085,53.0193],[4.8591,53.1829],[4.9023,53.0807]]],[[[21.1975,63.3037],[21.2777,63.2969],[21.1979,63.2541],[21.1943,63.2335],[21.3205,63.2219],[21.3907,63.2795],[21.4577,63.2059],[21.1683,63.1835],[21.1975,63.3037]]],[[[11.2099,57.3169],[11.0167,57.1911],[10.8695,57.2581],[11.2099,57.3169]]],[[[11.7003,58.0651],[11.6013,57.9355],[11.5123,58.0429],[11.5659,58.0655],[11.5765,58.0527],[11.7003,58.0651]]],[[[23.1525,58.9659],[23.3519,59.0319],[23.3881,58.9745],[23.1525,58.9659]]],[[[19.0965,57.9617],[19.3623,57.9529],[19.0517,57.9031],[19.0965,57.9617]]],[[[10.5617,56.0001],[10.6955,55.8965],[10.6255,55.7685],[10.5357,55.7911],[10.5617,56.0001]]],[[[21.7963,60.3927],[21.9515,60.3805],[22.0515,60.3557],[21.7963,60.3927]]],[[[49.8294,46.3127],[49.7557,46.2529],[49.7099,46.3623],[49.8294,46.3127]]],[[[12.6161,55.6989],[12.6705,55.5871],[12.5193,55.5901],[12.6161,55.6989]]],[[[19.6183,60.2841],[19.6793,60.1685],[19.5945,60.2195],[19.5471,60.1489],[19.6183,60.2841]]],[[[10.2073,54.9643],[10.3729,54.8845],[10.5383,54.8465],[10.4179,54.8183],[10.2073,54.9643]]],[[[18.4091,60.3705],[18.4847,60.3639],[18.5865,60.3005],[18.4091,60.3705]]],[[[8.4671,55.1027],[8.5967,55.1861],[8.5247,55.0615],[8.4671,55.1027]]],[[[5.5779,53.4479],[5.1841,53.3451],[5.1559,53.3641],[5.5779,53.4479]]],[[[31.5165,46.3717],[31.6133,46.2545],[31.6679,46.2603],[32.1917,46.1453],[31.5843,46.2533],[31.5165,46.3717]],[[31.9269,46.1945],[31.9365,46.1921],[31.9443,46.1921],[31.9269,46.1945]]],[[[8.4287,54.7507],[8.5709,54.6867],[8.4001,54.7077],[8.4287,54.7507]]],[[[22.0909,60.2923],[22.3411,60.3211],[22.3625,60.2911],[22.0909,60.2923]]],[[[32.5537,46.0733],[32.8663,46.0689],[33.0621,46.0247],[32.9783,46.0119],[32.5537,46.0733]]],[[[10.6255,55.0567],[10.6241,54.9469],[10.5165,55.0079],[10.6255,55.0567]]],[[[21.7049,60.1339],[21.8275,60.2139],[21.9509,60.1917],[21.7049,60.1339]]],[[[21.5047,60.1281],[21.6057,60.1853],[21.6955,60.1689],[21.6665,60.1167],[21.5047,60.1281]]],[[[18.3441,59.2849],[18.5057,59.2885],[18.5277,59.2745],[18.6161,59.2497],[18.3441,59.2849]]],[[[9.5535,59.1113],[9.7223,59.0335],[9.7531,58.9911],[9.6809,58.9713],[9.5535,59.1113]]],[[[21.4403,60.4905],[21.4269,60.5579],[21.5385,60.5281],[21.4801,60.5353],[21.4403,60.4905]]],[[[5.6335,53.4703],[5.9745,53.4651],[5.6165,53.4527],[5.6335,53.4703]]],[[[8.3547,55.4627],[8.4641,55.4219],[8.4803,55.3415],[8.3547,55.4627]]],[[[28.6201,60.2703],[28.6049,60.3429],[28.7313,60.2859],[28.6201,60.2703]]],[[[17.6721,59.0155],[17.7217,59.0119],[17.7099,58.9013],[17.6337,58.9919],[17.6721,59.0155]]],[[[22.3081,60.3313],[22.4629,60.3431],[22.5245,60.3445],[22.3081,60.3313]]],[[[18.3717,59.0791],[18.5013,59.0963],[18.3653,59.0199],[18.3717,59.0791]]],[[[22.0581,63.2811],[22.2351,63.3163],[22.2499,63.3055],[22.2165,63.2749],[22.1499,63.2933],[22.1013,63.2819],[22.1567,63.2525],[22.0581,63.2811]]],[[[21.2371,63.3335],[21.4115,63.3561],[21.3607,63.2903],[21.2371,63.3335]]],[[[18.5495,59.5057],[18.6551,59.5573],[18.7633,59.5433],[18.6013,59.4947],[18.6053,59.4563],[18.5913,59.5043],[18.5495,59.5057]]],[[[6.2453,53.4781],[6.1253,53.4707],[6.3395,53.5067],[6.2453,53.4781]]],[[[8.7093,54.5615],[8.6171,54.4985],[8.5899,54.5315],[8.7093,54.5615]]],[[[22.3251,60.2355],[22.1931,60.2073],[22.3075,60.2717],[22.3251,60.2355]]],[[[22.0669,60.2183],[22.0457,60.1883],[22.0269,60.1491],[21.9481,60.1693],[22.0669,60.2183]]],[[[11.4493,54.0219],[11.4575,53.9573],[11.3787,53.9851],[11.4493,54.0219]]],[[[5.1015,53.3017],[4.8547,53.2225],[5.0375,53.3011],[5.1015,53.3017]]],[[[25.5777,60.3023],[25.6797,60.2401],[25.6239,60.2043],[25.5777,60.3023]]],[[[49.1907,39.0134],[49.0705,38.9644],[49.2067,39.0792],[49.1907,39.0134]]],[[[22.3161,60.2659],[22.4709,60.2963],[22.3183,60.2525],[22.3161,60.2659]]],[[[22.7151,63.7787],[22.7675,63.7187],[22.6755,63.7591],[22.7151,63.7787]]],[[[10.4007,59.0515],[10.4443,59.1559],[10.4541,59.0579],[10.4007,59.0515]]],[[[18.0581,58.9639],[18.1719,59.0345],[18.2343,59.0309],[18.0581,58.9639]]],[[[21.2907,60.2191],[21.3221,60.2347],[21.3803,60.2377],[21.3389,60.2271],[21.3849,60.2043],[21.4707,60.2079],[21.4015,60.1779],[21.3171,60.1959],[21.3419,60.2067],[21.2517,60.2135],[21.2907,60.2191]]],[[[20.2173,60.0925],[20.3087,60.1111],[20.2665,60.0621],[20.2173,60.0925]]],[[[6.6677,53.6039],[6.8165,53.6039],[6.6651,53.5849],[6.6677,53.6039]]],[[[8.3575,54.7161],[8.3461,54.6175],[8.2953,54.6689],[8.3575,54.7161]]],[[[45.0303,41.0851],[45.0101,41.0331],[44.9843,41.0821],[45.0303,41.0851]]],[[[18.9779,59.8649],[19.0129,59.8001],[18.8897,59.7911],[18.9779,59.8649]]],[[[18.2077,59.3411],[18.1229,59.3939],[18.2703,59.3749],[18.2077,59.3411]]],[[[21.2421,60.5141],[21.3031,60.5627],[21.3585,60.5027],[21.2421,60.5141]]],[[[21.2919,60.5849],[21.3135,60.6699],[21.3615,60.6269],[21.3241,60.6307],[21.3235,60.5819],[21.2919,60.5849]]],[[[23.4139,59.9131],[23.6597,59.9307],[23.4035,59.9035],[23.4139,59.9131]]],[[[20.3339,60.2795],[20.4389,60.2389],[20.3809,60.1933],[20.3339,60.2795]]],[[[21.9285,60.4861],[22.0755,60.4433],[21.9965,60.4239],[21.9285,60.4861]]],[[[24.0203,58.1505],[23.9389,58.1145],[23.9479,58.1473],[24.0203,58.1505]]],[[[25.9977,60.2805],[25.9401,60.2697],[25.9261,60.3485],[26.0387,60.2877],[25.9977,60.2805]]],[[[8.9479,58.5059],[8.8343,58.4303],[8.7899,58.4543],[8.9479,58.5059]]],[[[22.0061,60.3359],[21.9645,60.2775],[21.8741,60.3075],[21.9693,60.3157],[21.9131,60.3289],[22.0061,60.3359]]],[[[21.7573,60.5551],[21.7365,60.4943],[21.7305,60.4645],[21.6987,60.4717],[21.7573,60.5551]]],[[[16.7939,58.3821],[16.8359,58.3585],[16.9085,58.3213],[16.8511,58.3193],[16.7939,58.3821]]],[[[18.5577,59.2863],[18.6545,59.2511],[18.5489,59.2787],[18.5577,59.2863]]],[[[7.1427,53.7103],[7.3389,53.7289],[7.3451,53.7243],[7.1427,53.7103]]],[[[20.7783,60.2287],[20.8129,60.2859],[20.8515,60.2469],[20.7783,60.2287]]],[[[26.9833,60.0969],[26.9817,60.0259],[26.9453,60.1001],[26.9833,60.0969]]],[[[18.3703,58.9805],[18.2693,58.9169],[18.2311,58.9431],[18.3703,58.9805]]],[[[17.8351,58.8881],[17.8807,58.8137],[17.7973,58.8013],[17.8351,58.8881]]],[[[26.5979,60.4471],[26.5403,60.3773],[26.5057,60.4091],[26.5979,60.4471]]],[[[18.7337,60.1549],[18.7683,60.2041],[18.8143,60.1603],[18.7337,60.1549]]],[[[11.5259,56.7257],[11.5569,56.6851],[11.5155,56.7177],[11.5259,56.7257]]],[[[22.9045,60.1215],[22.9533,60.0853],[22.8441,60.0835],[22.9045,60.1215]]],[[[21.1551,62.9411],[21.2111,62.9859],[21.2219,62.9481],[21.1551,62.9411]]],[[[20.5331,60.0029],[20.5949,60.0553],[20.6175,60.0333],[20.5331,60.0029]]],[[[13.1565,54.4891],[13.2249,54.4671],[13.1209,54.4487],[13.1565,54.4891]]],[[[10.9939,59.0301],[11.0801,59.0841],[11.0833,59.0689],[11.0555,59.0281],[10.9939,59.0301]]],[[[18.8963,59.6227],[19.0027,59.6309],[18.8601,59.5897],[18.8963,59.6227]]],[[[28.4567,60.3329],[28.4863,60.3655],[28.5319,60.3083],[28.4567,60.3329]]],[[[24.5177,59.6065],[24.4971,59.5543],[24.4885,59.5849],[24.5177,59.6065]]],[[[6.8227,58.0931],[6.9091,58.1247],[6.9521,58.1157],[6.8227,58.0931]]],[[[22.1507,60.4051],[22.2563,60.4139],[22.2693,60.4019],[22.1507,60.4051]]],[[[21.9421,63.3345],[22.0225,63.3793],[22.0959,63.3763],[22.0167,63.3717],[21.9751,63.3319],[21.9421,63.3345]]],[[[11.4089,58.1991],[11.5083,58.2603],[11.4679,58.2037],[11.4089,58.1991]]],[[[22.3885,60.2077],[22.3391,60.1489],[22.2899,60.1475],[22.3885,60.2077]]],[[[23.8451,59.9457],[23.9395,59.9905],[23.9901,59.9849],[23.8451,59.9457]]],[[[22.2953,60.3755],[22.2117,60.3429],[22.1447,60.3539],[22.2953,60.3755]]],[[[18.5189,59.4961],[18.5837,59.4725],[18.5985,59.4357],[18.5189,59.4961]]],[[[13.0985,54.5911],[13.1465,54.6041],[13.1545,54.5837],[13.1085,54.5837],[13.0653,54.4631],[13.0985,54.5911]]],[[[7.4785,53.7215],[7.5711,53.7587],[7.6345,53.7503],[7.4785,53.7215]]],[[[15.6943,56.0703],[15.6713,56.1191],[15.7415,56.1109],[15.6943,56.0703]]],[[[28.4477,60.4641],[28.5225,60.4135],[28.5363,60.3503],[28.4477,60.4641]]],[[[20.3027,59.9939],[20.3559,60.0191],[20.4637,60.0017],[20.3027,59.9939]]],[[[12.7355,55.6357],[12.7745,55.6735],[12.7875,55.6097],[12.7355,55.6357]]],[[[22.4807,60.4041],[22.3425,60.3661],[22.3111,60.3775],[22.4807,60.4041]]],[[[49.2563,46.3106],[49.2939,46.3187],[49.2934,46.2903],[49.2563,46.3106]]],[[[11.3641,54.9503],[11.4477,54.9645],[11.4721,54.9475],[11.4019,54.9199],[11.3641,54.9503]]],[[[18.8681,59.6067],[18.7607,59.5749],[18.9597,59.6679],[18.8681,59.6067]]],[[[10.8347,59.0931],[10.9135,59.1139],[10.9229,59.0995],[10.8347,59.0931]]],[[[49.896,46.4484],[49.8373,46.4419],[49.8643,46.4702],[49.896,46.4484]]],[[[29.7911,59.9761],[29.7277,60.0231],[29.8097,59.9883],[29.7911,59.9761]]],[[[7.6717,53.7577],[7.7707,53.7803],[7.8141,53.7761],[7.6717,53.7577]]],[[[21.4355,63.0851],[21.4303,63.0137],[21.3439,63.0415],[21.4161,63.0387],[21.4355,63.0851]]],[[[28.5705,60.5183],[28.6697,60.4749],[28.6969,60.4697],[28.6269,60.4761],[28.5705,60.5183]]],[[[11.7791,55.7845],[11.8507,55.7837],[11.8175,55.7527],[11.7791,55.7845]]],[[[21.6135,60.2665],[21.6373,60.2537],[21.5557,60.2205],[21.5841,60.2731],[21.6135,60.2665]]],[[[22.0477,63.2745],[22.0191,63.3297],[22.0639,63.3003],[22.0477,63.2745]]],[[[22.8547,60.0563],[22.9197,60.0423],[22.8661,60.0077],[22.8547,60.0563]]],[[[6.8975,53.6775],[7.0913,53.6805],[6.8787,53.6705],[6.8975,53.6775]]],[[[23.9759,59.3213],[23.9947,59.3571],[24.0107,59.3199],[23.9759,59.3213]]],[[[27.8351,60.0377],[27.8427,59.9869],[27.7965,59.9977],[27.8351,60.0377]]],[[[11.9969,54.9331],[12.0677,54.9379],[12.0907,54.9227],[11.9969,54.9331]]],[[[11.1213,55.9131],[11.2229,55.8561],[11.0857,55.9183],[11.1213,55.9131]]],[[[20.4725,60.0515],[20.5455,60.0605],[20.4619,60.0129],[20.4725,60.0515]]],[[[21.6365,63.2955],[21.7001,63.3061],[21.6727,63.2511],[21.6365,63.2955]]],[[[19.3277,58.3661],[19.2581,58.3343],[19.2249,58.3417],[19.3277,58.3661]]],[[[10.3047,55.7673],[10.3237,55.7489],[10.2373,55.7551],[10.3047,55.7673]]],[[[18.7433,59.2711],[18.7961,59.3051],[18.8243,59.2927],[18.7759,59.2579],[18.7433,59.2711]]],[[[23.9205,59.3081],[23.9269,59.3459],[23.9523,59.3135],[23.9205,59.3081]]],[[[18.2413,59.0771],[18.3301,59.1087],[18.3525,59.0977],[18.2413,59.0771]]],[[[21.1709,62.8285],[21.1699,62.8643],[21.2307,62.8587],[21.1709,62.8285]]],[[[8.4757,54.4679],[8.4671,54.4283],[8.4413,54.4621],[8.4757,54.4679]]],[[[20.8031,60.3467],[20.7501,60.3459],[20.7921,60.3647],[20.8031,60.3467]]],[[[20.4571,60.0671],[20.4441,60.0219],[20.3835,60.0213],[20.4571,60.0671]]],[[[18.9383,59.4415],[18.8665,59.4333],[18.9315,59.4489],[18.9383,59.4415]]],[[[23.2123,57.7871],[23.2663,57.8033],[23.2677,57.7809],[23.2123,57.7871]]],[[[10.9869,58.9031],[11.0415,58.8963],[11.0593,58.8705],[10.9869,58.9031]]],[[[48.8756,45.9822],[48.9319,45.9951],[48.9415,45.9831],[48.8756,45.9822]]],[[[11.5417,54.9449],[11.5493,54.9879],[11.5701,54.9719],[11.5417,54.9449]]],[[[20.9841,59.9315],[21.0049,59.9563],[21.0095,59.9237],[20.9799,59.9247],[20.9841,59.9315]]],[[[8.9959,58.5501],[8.9077,58.5209],[8.9699,58.5469],[8.9811,58.5843],[8.9959,58.5501]]],[[[21.6901,63.3247],[21.7341,63.3125],[21.7913,63.2787],[21.7389,63.2745],[21.6901,63.3247]]],[[[22.5069,59.9819],[22.5843,59.9647],[22.5057,59.9651],[22.5069,59.9819]]],[[[26.8811,60.4693],[26.8955,60.4231],[26.8401,60.4375],[26.8811,60.4693]]],[[[22.0993,60.3525],[22.1707,60.3827],[22.2265,60.3809],[22.0993,60.3525]]],[[[16.6607,57.5783],[16.7385,57.6201],[16.7139,57.5837],[16.6607,57.5783]]],[[[22.4179,59.8617],[22.5015,59.8647],[22.4179,59.8479],[22.4179,59.8617]]],[[[21.8787,58.3889],[21.9163,58.3865],[21.8069,58.3845],[21.8787,58.3889]]],[[[20.9109,59.9497],[20.9355,59.9089],[20.8573,59.9333],[20.9109,59.9497]]],[[[16.8195,57.9751],[16.7605,57.9921],[16.8301,57.9957],[16.8195,57.9751]]],[[[16.4323,56.7845],[16.4837,56.7673],[16.4301,56.7745],[16.4323,56.7845]]],[[[22.5353,58.1513],[22.4813,58.1437],[22.4923,58.1779],[22.5353,58.1513]]],[[[16.7025,57.8411],[16.7763,57.8381],[16.7977,57.8059],[16.7025,57.8411]]],[[[45.2127,41.0041],[45.2293,40.9693],[45.1959,40.9977],[45.2127,41.0041]]],[[[49.4901,46.2315],[49.4954,46.2606],[49.5183,46.2331],[49.4901,46.2315]]],[[[25.8055,60.1995],[25.8731,60.2335],[25.8945,60.2249],[25.8055,60.1995]]],[[[26.1111,60.2881],[26.1155,60.2733],[26.0389,60.2933],[26.1111,60.2881]]],[[[21.9683,60.1395],[21.9527,60.1125],[21.9271,60.1287],[21.9683,60.1395]]],[[[20.6869,60.1859],[20.6883,60.2319],[20.7235,60.2001],[20.6869,60.1859]]],[[[22.5931,59.9547],[22.6489,59.9657],[22.6519,59.9379],[22.5931,59.9547]]],[[[11.1377,58.8483],[11.2117,58.8411],[11.1853,58.8263],[11.1377,58.8483]]],[[[14.7169,53.9793],[14.7509,53.9505],[14.7021,53.9533],[14.7169,53.9793]]],[[[4.7825,52.9673],[4.7995,52.9377],[4.7291,52.9605],[4.7825,52.9673]]],[[[23.4419,59.8941],[23.4271,59.8663],[23.3613,59.8733],[23.4419,59.8941]]],[[[20.6713,60.1103],[20.6661,60.1497],[20.7015,60.1219],[20.6713,60.1103]]],[[[12.4037,45.4299],[12.3531,45.3993],[12.3889,45.4333],[12.4037,45.4299]]],[[[22.5351,60.3761],[22.4615,60.3487],[22.4399,60.3587],[22.5351,60.3761]]],[[[21.3921,61.2123],[21.4295,61.1695],[21.3401,61.1871],[21.3921,61.2123]]],[[[49.6871,46.3492],[49.6451,46.3527],[49.6549,46.365],[49.6871,46.3492]]],[[[13.5127,45.4591],[13.5101,45.5061],[13.5385,45.4961],[13.5127,45.4591]]],[[[16.8923,58.2969],[16.8549,58.2755],[16.8417,58.3063],[16.8923,58.2969]]],[[[18.6689,59.1775],[18.7093,59.2169],[18.7609,59.2073],[18.6689,59.1775]]],[[[21.2467,60.8607],[21.2043,60.8923],[21.2825,60.8871],[21.2467,60.8607]]],[[[26.2037,60.3181],[26.2043,60.3493],[26.2493,60.3241],[26.2037,60.3181]]],[[[8.5615,55.2653],[8.5609,55.2967],[8.5951,55.2925],[8.5615,55.2653]]],[[[22.9615,60.0201],[22.9311,60.0387],[22.9799,60.0393],[22.9615,60.0201]]],[[[18.5005,60.2069],[18.5521,60.2121],[18.5591,60.1885],[18.5005,60.2069]]],[[[11.5621,58.2335],[11.5201,58.2093],[11.4865,58.2117],[11.5253,58.2385],[11.5621,58.2335]]],[[[11.6535,58.0657],[11.7031,58.0967],[11.7193,58.0865],[11.6535,58.0657]]],[[[22.1641,60.4393],[22.1151,60.4105],[22.0887,60.4245],[22.1641,60.4393]]],[[[21.3097,60.3633],[21.3681,60.3665],[21.3707,60.3531],[21.3097,60.3633]]],[[[21.3965,60.7351],[21.4061,60.7587],[21.4271,60.7245],[21.3711,60.7245],[21.3965,60.7351]]],[[[8.4573,54.5513],[8.4907,54.5019],[8.4605,54.5129],[8.4573,54.5513]]],[[[21.0959,62.5643],[21.0569,62.5721],[21.0801,62.5755],[21.0959,62.5643]]],[[[6.8989,53.6257],[6.8957,53.6563],[6.9287,53.6469],[6.8989,53.6257]]],[[[4.3561,51.7351],[4.2963,51.7359],[4.2693,51.7541],[4.3561,51.7351]]],[[[22.4405,59.9677],[22.3971,59.9497],[22.4329,59.9781],[22.4405,59.9677]]],[[[21.2589,63.3905],[21.2109,63.3621],[21.1819,63.3697],[21.2589,63.3905]]],[[[21.5097,61.2181],[21.4857,61.2457],[21.5215,61.2353],[21.5097,61.2181]]],[[[21.2213,62.3887],[21.2609,62.3415],[21.2199,62.3381],[21.2213,62.3887]]],[[[27.0419,60.4641],[27.0335,60.4151],[26.9961,60.4353],[27.0419,60.4641]]],[[[12.7291,55.9091],[12.7015,55.8899],[12.6713,55.9197],[12.7291,55.9091]]],[[[27.8151,60.4721],[27.8199,60.5055],[27.8535,60.4777],[27.8151,60.4721]]],[[[16.7115,57.7825],[16.6757,57.8129],[16.7305,57.7995],[16.7115,57.7825]]],[[[27.0431,60.3779],[27.0747,60.4037],[27.0745,60.3783],[27.0431,60.3779]]],[[[21.4095,60.3709],[21.3985,60.4033],[21.4253,60.3801],[21.4095,60.3709]]],[[[10.6747,55.0311],[10.7041,55.0567],[10.7205,55.0363],[10.6747,55.0311]]],[[[11.1983,55.2207],[11.1769,55.2013],[11.1755,55.2361],[11.1983,55.2207]]],[[[15.5731,56.0959],[15.5433,56.1229],[15.5801,56.1133],[15.5731,56.0959]]],[[[10.0445,55.8459],[10.0637,55.8721],[10.1221,55.8649],[10.0445,55.8459]]],[[[21.2019,62.8783],[21.2091,62.9053],[21.2293,62.8731],[21.2019,62.8783]]],[[[25.0351,60.1805],[25.1007,60.1663],[25.0163,60.1677],[25.0351,60.1805]]],[[[24.9923,59.6133],[25.0295,59.6373],[25.0441,59.6133],[24.9923,59.6133]]],[[[8.1415,53.7361],[8.1511,53.7131],[8.1201,53.7171],[8.1415,53.7361]]],[[[8.5477,54.5619],[8.5537,54.5855],[8.5781,54.5683],[8.5477,54.5619]]],[[[8.7753,58.4509],[8.7735,58.4207],[8.7305,58.4319],[8.7753,58.4509]]],[[[16.6473,57.5557],[16.6323,57.5961],[16.6707,57.5587],[16.6473,57.5557]]],[[[21.6307,60.4585],[21.6481,60.4277],[21.6033,60.4053],[21.6307,60.4585]]],[[[8.4677,53.9605],[8.4507,53.9459],[8.4181,53.9269],[8.4121,53.9549],[8.4357,53.9673],[8.4677,53.9605]]],[[[20.3083,60.2217],[20.3311,60.2057],[20.2587,60.1787],[20.3083,60.2217]]],[[[21.4071,60.2183],[21.4643,60.2367],[21.4743,60.2311],[21.4071,60.2183]]],[[[18.9419,59.4103],[18.9167,59.3933],[18.9139,59.4105],[18.9419,59.4103]]],[[[21.0411,62.7099],[21.0743,62.7343],[21.0773,62.7101],[21.0411,62.7099]]],[[[18.7483,59.4613],[18.6529,59.4449],[18.6907,59.4647],[18.7483,59.4613]]],[[[17.6687,58.8109],[17.6323,58.8545],[17.7185,58.8011],[17.6687,58.8109]]],[[[11.5549,58.0829],[11.5109,58.0773],[11.5211,58.0963],[11.5549,58.0829]]],[[[8.6639,54.0625],[8.6999,54.0587],[8.6917,54.0407],[8.6639,54.0625]]],[[[11.3893,55.1873],[11.4607,55.1895],[11.4905,55.1967],[11.4687,55.1871],[11.3893,55.1873]]],[[[10.2637,55.0187],[10.3365,55.0187],[10.3507,55.0051],[10.2637,55.0187]]],[[[21.3893,60.2719],[21.4471,60.2897],[21.4519,60.2741],[21.3893,60.2719]]],[[[10.1447,55.0331],[10.1799,55.0477],[10.1807,55.0425],[10.1447,55.0331]]],[[[23.1191,59.9311],[23.1459,59.8943],[23.0613,59.9015],[23.1191,59.9311]]],[[[7.9769,53.7789],[7.8785,53.7933],[7.9235,53.7911],[7.9769,53.7789]]],[[[7.4971,57.9901],[7.5431,57.9959],[7.5547,57.9881],[7.4971,57.9901]]],[[[15.4959,56.1161],[15.4587,56.0927],[15.4521,56.1067],[15.4959,56.1161]]],[[[12.3313,45.3331],[12.2899,45.2407],[12.3047,45.2921],[12.3313,45.3331]]],[[[18.3399,59.4229],[18.3311,59.4447],[18.3647,59.4325],[18.3399,59.4229]]],[[[21.1189,63.2969],[21.1513,63.3219],[21.1789,63.3163],[21.1629,63.2941],[21.1189,63.2969]]],[[[47.9781,45.6363],[47.9325,45.615],[47.9689,45.6517],[47.9781,45.6363]]],[[[16.5327,57.1513],[16.5703,57.1743],[16.5783,57.1599],[16.5327,57.1513]]],[[[9.8007,55.2969],[9.8245,55.3261],[9.8319,55.3069],[9.8007,55.2969]]],[[[19.8597,60.3021],[19.8139,60.2945],[19.8443,60.3161],[19.8597,60.3021]]],[[[21.5197,60.4997],[21.5721,60.5211],[21.5691,60.4997],[21.5197,60.4997]]],[[[18.0457,58.9749],[18.0357,58.9391],[18.0009,58.9405],[18.0457,58.9749]]],[[[7.3679,53.7293],[7.4311,53.7339],[7.4397,53.7229],[7.3679,53.7293]]],[[[21.4639,61.7835],[21.4853,61.8105],[21.4983,61.7949],[21.4639,61.7835]]],[[[31.7419,46.3835],[31.7661,46.3915],[31.7681,46.3729],[31.7419,46.3835]]],[[[9.7435,55.2497],[9.7569,55.2765],[9.7769,55.2661],[9.7435,55.2497]]],[[[49.295,46.3874],[49.2785,46.3693],[49.2833,46.3913],[49.295,46.3874]]],[[[22.3711,60.2209],[22.3089,60.2131],[22.3771,60.2275],[22.3711,60.2209]]],[[[21.6919,60.3601],[21.7207,60.3475],[21.6429,60.3659],[21.6919,60.3601]]],[[[11.6775,57.6837],[11.6237,57.7045],[11.6719,57.7019],[11.6775,57.6837]]],[[[15.7623,56.1045],[15.7825,56.1253],[15.7837,56.1177],[15.7623,56.1045]]],[[[21.8929,60.1493],[21.8319,60.1429],[21.9123,60.1543],[21.9117,60.1483],[21.8929,60.1493]]],[[[25.4159,60.2465],[25.4795,60.2513],[25.4923,60.2463],[25.4467,60.2257],[25.4159,60.2465]]],[[[22.1187,60.2501],[22.1217,60.2683],[22.1897,60.2617],[22.1187,60.2501]]],[[[21.8837,60.3511],[21.8807,60.3665],[21.9087,60.3597],[21.8837,60.3511]]],[[[18.1107,58.8583],[18.1549,58.8905],[18.1427,58.8693],[18.1107,58.8583]]],[[[16.8769,58.2563],[16.9131,58.2759],[16.9263,58.2791],[16.8905,58.2439],[16.8769,58.2563]]],[[[11.5963,57.8829],[11.6007,57.8583],[11.5711,57.8675],[11.5963,57.8829]]],[[[11.7069,55.2029],[11.7213,55.1739],[11.6937,55.1727],[11.7069,55.2029]]],[[[15.6459,56.1017],[15.6097,56.1039],[15.6425,56.1283],[15.6459,56.1017]]],[[[16.7941,58.0773],[16.8081,58.0459],[16.7815,58.0527],[16.7941,58.0773]]],[[[21.1661,60.6139],[21.2069,60.6193],[21.2385,60.5997],[21.1661,60.6139]]],[[[12.1835,55.0449],[12.2163,55.0591],[12.2379,55.0563],[12.1835,55.0449]]],[[[18.7197,59.4729],[18.7803,59.4869],[18.8155,59.4787],[18.7197,59.4729]]],[[[17.4391,58.7463],[17.4731,58.7505],[17.4693,58.7183],[17.4391,58.7463]]],[[[16.7987,58.1101],[16.8525,58.0955],[16.8069,58.0923],[16.7987,58.1101]]],[[[11.3917,58.1477],[11.3541,58.1441],[11.4075,58.1829],[11.3917,58.1477]]],[[[23.8891,59.9899],[23.8301,59.9519],[23.8241,59.9521],[23.8605,59.9949],[23.8891,59.9899]]],[[[10.6213,54.9175],[10.6087,54.8903],[10.5923,54.9109],[10.6213,54.9175]]],[[[11.6757,57.7281],[11.7091,57.7413],[11.6947,57.7159],[11.6757,57.7281]]],[[[17.8947,58.8483],[17.9427,58.8469],[17.9363,58.8109],[17.8947,58.8483]]],[[[22.3739,59.9459],[22.3355,59.9493],[22.3747,59.9629],[22.3739,59.9459]]],[[[11.6133,57.8821],[11.6253,57.9033],[11.6425,57.8859],[11.6133,57.8821]]],[[[49.7103,46.2265],[49.7209,46.2465],[49.7359,46.2279],[49.7103,46.2265]]],[[[21.3129,60.2519],[21.4107,60.2453],[21.4349,60.2503],[21.3951,60.2393],[21.3129,60.2519]]],[[[11.1421,58.8749],[11.1769,58.8885],[11.1841,58.8739],[11.1421,58.8749]]],[[[22.6909,59.9971],[22.6595,59.9969],[22.6809,60.0353],[22.6909,59.9971]]],[[[19.1495,59.8669],[19.1175,59.8349],[19.0971,59.8413],[19.1495,59.8669]]],[[[10.5807,59.7193],[10.5775,59.6871],[10.5595,59.7195],[10.5807,59.7193]]],[[[18.6143,60.1909],[18.5997,60.2139],[18.6337,60.2011],[18.6143,60.1909]]],[[[18.4139,60.5293],[18.3825,60.5117],[18.3683,60.5213],[18.4139,60.5293]]],[[[23.3751,59.2897],[23.3987,59.2997],[23.4279,59.2791],[23.3751,59.2897]]],[[[19.0491,57.7657],[19.0259,57.7407],[19.0209,57.7841],[19.0491,57.7657]]],[[[20.3401,60.3609],[20.3135,60.3293],[20.3045,60.3435],[20.3401,60.3609]]],[[[6.4399,53.5407],[6.4521,53.5553],[6.5085,53.5393],[6.4399,53.5407]]],[[[20.9469,60.3307],[20.9279,60.3115],[20.9131,60.3441],[20.9469,60.3307]]],[[[21.1553,63.3247],[21.1939,63.3485],[21.2205,63.3475],[21.1553,63.3247]]],[[[18.2299,58.9349],[18.2041,58.9095],[18.1965,58.9175],[18.2299,58.9349]]],[[[22.2843,60.1625],[22.2671,60.1315],[22.2363,60.1315],[22.2843,60.1625]]],[[[29.0289,40.4841],[28.9811,40.4643],[28.9263,40.4767],[29.0289,40.4841]]],[[[21.1041,60.4515],[21.0877,60.4807],[21.1199,60.4763],[21.1041,60.4515]]],[[[11.1483,58.9183],[11.1691,58.9041],[11.1117,58.9193],[11.1483,58.9183]]],[[[28.3871,60.0119],[28.3947,60.0399],[28.4075,60.0159],[28.3871,60.0119]]],[[[21.7859,63.4561],[21.8335,63.4467],[21.8281,63.4291],[21.7859,63.4561]]],[[[11.0709,58.9981],[11.1099,59.0243],[11.1147,59.0177],[11.0709,58.9981]]],[[[11.1575,55.1407],[11.1417,55.1609],[11.1823,55.1767],[11.1575,55.1407]]],[[[22.4007,63.6029],[22.3547,63.6093],[22.3611,63.6237],[22.4007,63.6029]]],[[[21.4875,61.6219],[21.5013,61.6429],[21.5279,61.6309],[21.4875,61.6219]]],[[[20.3541,60.3365],[20.3931,60.3489],[20.3897,60.3339],[20.3541,60.3365]]],[[[10.4223,54.9733],[10.4401,54.9691],[10.3633,54.9761],[10.4223,54.9733]]],[[[28.7605,60.7245],[28.7119,60.7213],[28.7119,60.7493],[28.7605,60.7245]]],[[[22.2119,60.1625],[22.2115,60.1783],[22.2681,60.1749],[22.2119,60.1625]]],[[[20.5541,60.0907],[20.5129,60.1111],[20.5773,60.1005],[20.5541,60.0907]]],[[[7.3433,58.0197],[7.3909,57.9891],[7.3263,58.0019],[7.3433,58.0197]]],[[[21.0683,60.5203],[21.0937,60.5351],[21.1077,60.5193],[21.0683,60.5203]]],[[[16.7129,57.7339],[16.7149,57.7661],[16.7267,57.7323],[16.7129,57.7339]]],[[[22.0841,60.2505],[22.0651,60.2289],[22.0463,60.2423],[22.0841,60.2505]]],[[[22.6085,63.7531],[22.6119,63.7817],[22.6469,63.7679],[22.6085,63.7531]]],[[[18.0493,58.9887],[18.0037,58.9763],[18.0505,58.9969],[18.0493,58.9887]]],[[[21.6463,60.1869],[21.6271,60.2039],[21.6687,60.1917],[21.6463,60.1869]]],[[[21.4769,61.6699],[21.4641,61.6549],[21.4303,61.6779],[21.4769,61.6699]]],[[[23.0519,58.9123],[23.0215,58.9105],[23.0129,58.9313],[23.0519,58.9123]]],[[[20.9647,60.4529],[20.9357,60.4437],[20.9345,60.4751],[20.9647,60.4529]]],[[[11.3407,58.3539],[11.3197,58.3265],[11.3163,58.3547],[11.3407,58.3539]]],[[[16.6991,57.8285],[16.6695,57.8205],[16.6677,57.8389],[16.6991,57.8285]]],[[[20.4073,60.2995],[20.3931,60.2723],[20.3795,60.3043],[20.4073,60.2995]]],[[[18.1999,58.9319],[18.1563,58.9103],[18.2191,58.9387],[18.1999,58.9319]]],[[[11.1835,58.8175],[11.1733,58.7917],[11.1593,58.8027],[11.1835,58.8175]]],[[[21.2673,60.8223],[21.2745,60.8531],[21.2839,60.8285],[21.2673,60.8223]]],[[[23.5933,64.1871],[23.6443,64.2181],[23.6511,64.2053],[23.6459,64.1893],[23.5933,64.1871]]],[[[18.3887,59.3979],[18.4227,59.4053],[18.4485,59.3977],[18.3887,59.3979]]],[[[19.6285,60.3643],[19.5871,60.3533],[19.6255,60.3671],[19.6285,60.3643]]],[[[16.8279,58.4107],[16.7855,58.3893],[16.7847,58.3981],[16.8279,58.4107]]],[[[28.5303,60.6507],[28.5409,60.6189],[28.5159,60.6479],[28.5303,60.6507]]],[[[18.3627,59.3885],[18.3971,59.3893],[18.4413,59.3663],[18.3627,59.3885]]],[[[48.8413,45.9933],[48.8564,45.9559],[48.8383,45.9727],[48.8413,45.9933]]],[[[20.9781,60.3053],[21.0001,60.3339],[21.0001,60.2981],[20.9781,60.3053]]],[[[19.8889,60.3213],[19.8785,60.2857],[19.8571,60.3101],[19.8889,60.3213]]],[[[10.3625,59.1335],[10.3469,59.1635],[10.3665,59.1577],[10.3625,59.1335]]],[[[9.7155,55.4883],[9.6917,55.4783],[9.6801,55.5023],[9.7155,55.4883]]],[[[14.4109,53.8611],[14.3865,53.8347],[14.3823,53.8349],[14.4109,53.8611]]],[[[36.5441,45.2761],[36.5539,45.2559],[36.5173,45.2865],[36.5441,45.2761]]],[[[16.9301,58.1795],[16.9447,58.1993],[16.9585,58.1853],[16.9301,58.1795]]],[[[11.4899,58.0051],[11.5057,58.0375],[11.5249,58.0093],[11.4899,58.0051]]],[[[23.3615,59.8921],[23.3657,59.9109],[23.4017,59.8943],[23.3615,59.8921]]],[[[18.6395,59.3951],[18.6653,59.4017],[18.7091,59.4001],[18.6395,59.3951]]],[[[18.8997,59.6625],[18.8937,59.6807],[18.9181,59.6689],[18.8997,59.6625]]],[[[18.8417,59.5551],[18.7799,59.5403],[18.7689,59.5441],[18.8417,59.5551]]],[[[22.1425,60.1747],[22.0967,60.1701],[22.1559,60.1927],[22.1425,60.1747]]],[[[21.0417,60.4055],[21.0689,60.4193],[21.0691,60.4015],[21.0417,60.4055]]],[[[19.5035,60.2309],[19.5349,60.2611],[19.5437,60.2343],[19.5035,60.2309]]],[[[21.1793,62.3713],[21.2045,62.4217],[21.2127,62.4111],[21.1793,62.3713]]],[[[22.3853,59.9963],[22.3599,59.9643],[22.3399,59.9651],[22.3853,59.9963]]],[[[21.2117,60.8415],[21.2187,60.8643],[21.2391,60.8521],[21.2117,60.8415]]],[[[21.7237,63.4515],[21.7545,63.4313],[21.7149,63.4383],[21.7237,63.4515]]],[[[21.3853,60.2657],[21.4357,60.2637],[21.3659,60.2555],[21.3853,60.2657]]],[[[12.9771,54.4353],[13.0609,54.4545],[13.0401,54.4415],[12.9771,54.4353]]],[[[24.1461,58.2347],[24.1285,58.2073],[24.0975,58.2057],[24.1461,58.2347]]],[[[17.4967,58.7397],[17.4989,58.7635],[17.5161,58.7445],[17.4967,58.7397]]],[[[11.6589,55.1661],[11.6799,55.1805],[11.7151,55.1455],[11.6589,55.1661]]],[[[12.3855,45.4535],[12.4059,45.4571],[12.4291,45.4733],[12.4189,45.4555],[12.3855,45.4535]]],[[[18.9617,59.3985],[18.9655,59.4247],[18.9889,59.4121],[18.9617,59.3985]]],[[[26.7637,60.3707],[26.7699,60.3493],[26.7463,60.3605],[26.7637,60.3707]]],[[[9.0801,58.5971],[9.0515,58.5785],[9.0309,58.5835],[9.0801,58.5971]]],[[[19.1919,59.7685],[19.1933,59.7929],[19.2069,59.7907],[19.1919,59.7685]]],[[[12.4905,45.5021],[12.5235,45.4911],[12.4851,45.4901],[12.4905,45.5021]]],[[[21.3563,60.6181],[21.3583,60.5879],[21.3285,60.6193],[21.3563,60.6181]]],[[[15.4287,56.1469],[15.4695,56.1385],[15.4719,56.1251],[15.4287,56.1469]]],[[[21.3589,60.7447],[21.3537,60.7671],[21.3807,60.7519],[21.3589,60.7447]]],[[[10.4629,55.9533],[10.4201,55.9515],[10.4087,55.9609],[10.4629,55.9533]]],[[[11.2247,58.6457],[11.2337,58.6717],[11.2449,58.6613],[11.2247,58.6457]]],[[[21.6285,60.2911],[21.6475,60.3019],[21.6921,60.2843],[21.6285,60.2911]]],[[[27.4255,60.4597],[27.4049,60.4501],[27.3785,60.4725],[27.4255,60.4597]]],[[[11.2437,58.5313],[11.2485,58.5627],[11.2667,58.5339],[11.2437,58.5313]]],[[[22.1583,60.2299],[22.1589,60.2471],[22.1753,60.2441],[22.1583,60.2299]]],[[[20.4293,60.1765],[20.4049,60.1521],[20.4001,60.1627],[20.4293,60.1765]]],[[[24.8793,60.1453],[24.8975,60.1659],[24.8997,60.1525],[24.8793,60.1453]]],[[[12.5609,56.4231],[12.5631,56.4493],[12.5843,56.4337],[12.5609,56.4231]]],[[[10.1043,55.8287],[10.0729,55.8217],[10.0615,55.8351],[10.1043,55.8287]]],[[[19.8133,60.4175],[19.7903,60.3833],[19.7709,60.3985],[19.8133,60.4175]]],[[[16.5895,57.1005],[16.6499,57.0993],[16.6513,57.0945],[16.5895,57.1005]]],[[[22.2113,60.2371],[22.1811,60.2193],[22.1759,60.2237],[22.2113,60.2371]]],[[[24.7885,59.5927],[24.7601,59.5743],[24.7407,59.5861],[24.7885,59.5927]]],[[[25.0877,60.1501],[25.0687,60.1393],[25.0371,60.1405],[25.0607,60.1561],[25.0877,60.1501]]],[[[22.5059,59.9505],[22.5079,59.9209],[22.4927,59.9341],[22.5059,59.9505]]],[[[8.5195,53.9227],[8.4865,53.9185],[8.4897,53.9287],[8.5195,53.9227]]],[[[3.9103,51.7729],[3.9345,51.7901],[3.9691,51.7751],[3.9103,51.7729]]],[[[27.2027,59.8561],[27.1793,59.8455],[27.1795,59.8595],[27.2027,59.8561]]],[[[18.5263,60.1897],[18.5099,60.1747],[18.4879,60.1835],[18.5263,60.1897]]],[[[16.9679,58.4849],[17.0045,58.4991],[17.0079,58.4967],[16.9679,58.4849]]],[[[22.0563,60.3991],[22.0501,60.4181],[22.0783,60.4169],[22.0563,60.3991]]],[[[20.1285,60.3999],[20.1035,60.3799],[20.0865,60.3881],[20.1285,60.3999]]],[[[21.1457,60.7933],[21.1857,60.7879],[21.1865,60.7845],[21.1457,60.7933]]],[[[19.0865,59.5807],[19.0557,59.5709],[19.0339,59.5789],[19.0865,59.5807]]],[[[16.8987,58.5239],[16.9285,58.5243],[16.9455,58.5121],[16.8987,58.5239]]],[[[15.7875,56.0935],[15.7757,56.0711],[15.7535,56.0697],[15.7875,56.0935]]],[[[21.1975,63.0237],[21.2013,62.9935],[21.1793,63.0145],[21.1975,63.0237]]],[[[16.6775,57.8675],[16.6581,57.8519],[16.6469,57.8813],[16.6775,57.8675]]],[[[11.6577,57.7237],[11.6463,57.7057],[11.6359,57.7227],[11.6577,57.7237]]],[[[19.8203,60.3549],[19.7957,60.3357],[19.8043,60.3595],[19.8203,60.3549]]],[[[25.9371,60.2177],[25.9253,60.2335],[25.9555,60.2289],[25.9371,60.2177]]],[[[12.6849,54.4175],[12.6985,54.4307],[12.7345,54.4199],[12.6849,54.4175]]],[[[25.3601,65.1019],[25.3309,65.0821],[25.2979,65.0931],[25.3601,65.1019]]],[[[21.6525,60.3357],[21.7195,60.3305],[21.7255,60.3277],[21.6525,60.3357]]],[[[9.7599,53.5549],[9.7715,53.5607],[9.7879,53.5547],[9.7599,53.5549]]],[[[11.7947,57.6173],[11.7807,57.5989],[11.7589,57.6165],[11.7947,57.6173]]],[[[10.1953,55.6425],[10.1825,55.6081],[10.1647,55.6495],[10.1953,55.6425]]],[[[18.5213,59.0369],[18.5415,59.0597],[18.5465,59.0401],[18.5213,59.0369]]],[[[11.6559,57.8865],[11.6407,57.9081],[11.6695,57.9053],[11.6559,57.8865]]],[[[20.9367,59.9173],[20.9585,59.9365],[20.9725,59.9291],[20.9367,59.9173]]],[[[20.4545,60.0825],[20.4939,60.0929],[20.5191,60.0827],[20.4545,60.0825]]],[[[10.7607,59.2135],[10.7927,59.2039],[10.7841,59.1901],[10.7607,59.2135]]],[[[19.7253,60.3913],[19.7265,60.3659],[19.7185,60.3777],[19.7253,60.3913]]],[[[3.9847,51.7539],[4.0193,51.7303],[4.0173,51.7273],[3.9847,51.7539]]],[[[21.0859,60.3649],[21.0871,60.3385],[21.0649,60.3655],[21.0859,60.3649]]],[[[17.3255,60.6951],[17.3423,60.6755],[17.3025,60.6771],[17.3255,60.6951]]],[[[9.0215,58.5807],[9.0031,58.5811],[9.0373,58.5947],[9.0215,58.5807]]],[[[19.9967,60.0109],[20.0281,60.0213],[20.0381,60.0141],[19.9967,60.0109]]],[[[19.1289,59.7457],[19.1213,59.7655],[19.1625,59.7551],[19.1289,59.7457]]],[[[21.7961,60.3827],[21.7611,60.3681],[21.7317,60.3785],[21.7961,60.3827]]],[[[11.4811,54.8841],[11.4953,54.9009],[11.5209,54.8885],[11.4811,54.8841]]],[[[21.4629,61.3437],[21.4917,61.3571],[21.5107,61.3451],[21.4629,61.3437]]],[[[21.4319,61.1949],[21.4269,61.2105],[21.4645,61.1973],[21.4319,61.1949]]],[[[18.7663,60.1283],[18.7893,60.1439],[18.7917,60.1283],[18.7663,60.1283]]],[[[21.4889,63.1467],[21.4927,63.1599],[21.5421,63.1381],[21.4889,63.1467]]],[[[21.5793,59.8267],[21.6515,59.8409],[21.6561,59.8399],[21.5793,59.8267]]],[[[12.4815,45.5005],[12.4551,45.4753],[12.4479,45.4789],[12.4815,45.5005]]],[[[21.5041,60.1053],[21.4953,60.1193],[21.5163,60.1115],[21.5041,60.1053]]],[[[29.5939,44.8155],[29.5485,44.7941],[29.5409,44.7977],[29.5939,44.8155]]],[[[10.7061,59.2275],[10.6907,59.2421],[10.7073,59.2491],[10.7061,59.2275]]],[[[21.7917,60.2569],[21.7549,60.2473],[21.7485,60.2509],[21.7917,60.2569]]],[[[23.7621,59.9441],[23.7607,59.9271],[23.7545,59.9291],[23.7621,59.9441]]],[[[21.7257,60.4259],[21.6937,60.4221],[21.7143,60.4433],[21.7257,60.4259]]],[[[17.4927,58.7073],[17.4811,58.7275],[17.4993,58.7181],[17.4927,58.7073]]],[[[25.2307,65.1035],[25.1951,65.0943],[25.1885,65.0975],[25.2307,65.1035]]],[[[22.4465,59.9639],[22.4685,59.9753],[22.4697,59.9631],[22.4465,59.9639]]],[[[18.6693,60.2493],[18.6757,60.2753],[18.6791,60.2557],[18.6693,60.2493]]],[[[11.7805,57.6563],[11.7709,57.6349],[11.7621,57.6473],[11.7805,57.6563]]],[[[21.5773,60.3017],[21.5567,60.2881],[21.5507,60.3017],[21.5773,60.3017]]],[[[22.3071,59.8027],[22.3417,59.8053],[22.3107,59.8003],[22.3071,59.8027]]],[[[38.3331,46.7683],[38.3451,46.7507],[38.3211,46.7555],[38.3331,46.7683]]],[[[20.7339,60.2199],[20.7413,60.2511],[20.7563,60.2267],[20.7339,60.2199]]],[[[27.8323,60.5039],[27.8395,60.5241],[27.8465,60.5185],[27.8323,60.5039]]],[[[21.6359,60.0981],[21.6841,60.1075],[21.6867,60.0979],[21.6359,60.0981]]],[[[28.6095,60.5529],[28.6019,60.5257],[28.5937,60.5549],[28.6095,60.5529]]],[[[5.1025,52.4519],[5.1067,52.4697],[5.1423,52.4641],[5.1025,52.4519]]],[[[12.2025,57.1119],[12.2227,57.1261],[12.2331,57.1105],[12.2025,57.1119]]],[[[21.9573,63.2957],[21.9445,63.2759],[21.9299,63.2879],[21.9573,63.2957]]],[[[25.6837,60.2095],[25.6713,60.2325],[25.6919,60.2157],[25.6837,60.2095]]],[[[23.3745,58.5095],[23.3791,58.5283],[23.3967,58.5135],[23.3745,58.5095]]],[[[21.4989,60.3741],[21.4717,60.3881],[21.4983,60.3885],[21.4989,60.3741]]],[[[17.9997,57.2811],[17.9657,57.2761],[17.9631,57.2841],[17.9997,57.2811]]],[[[11.7991,58.0939],[11.7769,58.0847],[11.7705,58.1097],[11.7991,58.0939]]],[[[9.5287,53.6691],[9.5311,53.6893],[9.5321,53.6701],[9.5287,53.6691]]],[[[22.6071,63.7889],[22.6049,63.8183],[22.6303,63.8063],[22.6071,63.7889]]],[[[21.3699,60.4297],[21.3909,60.4237],[21.3613,60.4173],[21.3699,60.4297]]],[[[23.0247,58.6311],[23.0363,58.6479],[23.0467,58.6289],[23.0247,58.6311]]],[[[20.7341,60.2807],[20.7693,60.2985],[20.7707,60.2957],[20.7341,60.2807]]],[[[7.6287,58.0213],[7.6395,58.0425],[7.6491,58.0175],[7.6287,58.0213]]],[[[22.4041,59.8629],[22.4029,59.8405],[22.3655,59.8491],[22.4041,59.8629]]],[[[23.3755,59.9323],[23.3683,59.9143],[23.3609,59.9249],[23.3755,59.9323]]],[[[21.0795,63.4127],[21.0719,63.4323],[21.0977,63.4223],[21.0795,63.4127]]],[[[21.5517,60.5521],[21.5449,60.5333],[21.5317,60.5515],[21.5517,60.5521]]],[[[22.1295,60.1573],[22.1113,60.1373],[22.1083,60.1461],[22.1295,60.1573]]],[[[26.7369,60.4089],[26.7419,60.4381],[26.7597,60.4285],[26.7369,60.4089]]],[[[21.9371,60.1701],[21.9181,60.1687],[21.9477,60.1809],[21.9371,60.1701]]],[[[22.4281,63.5797],[22.4551,63.5437],[22.4201,63.5763],[22.4281,63.5797]]],[[[16.6529,58.4221],[16.6771,58.4291],[16.6929,58.4163],[16.6529,58.4221]]],[[[8.4555,54.5845],[8.4435,54.5663],[8.4409,54.5793],[8.4555,54.5845]]],[[[25.5449,60.2461],[25.5211,60.2397],[25.5405,60.2611],[25.5449,60.2461]]],[[[21.7817,59.9691],[21.7561,59.9503],[21.7603,59.9677],[21.7817,59.9691]]],[[[19.0441,57.8061],[19.0583,57.7877],[19.0365,57.7993],[19.0441,57.8061]]],[[[26.2591,60.3527],[26.2881,60.3533],[26.3089,60.3385],[26.2591,60.3527]]],[[[22.0305,60.1399],[22.0209,60.1315],[21.9837,60.1381],[22.0305,60.1399]]],[[[9.5575,55.1125],[9.5647,55.1301],[9.5765,55.1175],[9.5575,55.1125]]],[[[21.6507,60.4811],[21.6607,60.4615],[21.6453,60.4675],[21.6507,60.4811]]],[[[6.6155,53.5487],[6.5705,53.5435],[6.5855,53.5511],[6.6155,53.5487]]],[[[49.5727,46.2317],[49.5569,46.2197],[49.5515,46.231],[49.5727,46.2317]]],[[[10.4687,55.0143],[10.4921,55.0061],[10.4633,54.9977],[10.4687,55.0143]]],[[[21.6477,60.3783],[21.6955,60.3733],[21.7015,60.3655],[21.6477,60.3783]]],[[[10.9517,59.0255],[10.9689,59.0469],[10.9757,59.0359],[10.9517,59.0255]]],[[[13.1907,45.7087],[13.2075,45.7203],[13.2465,45.7187],[13.1907,45.7087]]],[[[18.6101,60.2689],[18.6185,60.2841],[18.6397,60.2673],[18.6101,60.2689]]],[[[21.6659,63.3787],[21.6485,63.3927],[21.6933,63.3905],[21.6659,63.3787]]],[[[20.3379,60.0653],[20.3609,60.0831],[20.3587,60.0685],[20.3379,60.0653]]],[[[21.4685,61.5865],[21.5237,61.5989],[21.5283,61.5967],[21.4685,61.5865]]],[[[25.8699,60.2075],[25.8947,60.2189],[25.9163,60.2085],[25.8699,60.2075]]],[[[16.4645,56.9787],[16.4939,56.9675],[16.4867,56.9589],[16.4645,56.9787]]],[[[18.1683,59.0453],[18.1703,59.0617],[18.1951,59.0497],[18.1683,59.0453]]],[[[11.2875,55.7975],[11.3071,55.7809],[11.3079,55.7695],[11.2875,55.7975]]],[[[21.4199,60.4289],[21.4417,60.4207],[21.4125,60.4123],[21.4199,60.4289]]],[[[18.8829,59.3445],[18.9137,59.3585],[18.9317,59.3525],[18.8829,59.3445]]],[[[23.2005,63.9559],[23.1931,63.9395],[23.1851,63.9503],[23.2005,63.9559]]],[[[28.0075,60.0271],[28.0285,60.0299],[28.0611,60.0215],[28.0075,60.0271]]],[[[21.7565,59.9089],[21.7723,59.9245],[21.7817,59.9157],[21.7565,59.9089]]],[[[25.5521,60.2089],[25.5299,60.1937],[25.5293,60.2155],[25.5521,60.2089]]],[[[11.1257,58.7641],[11.1469,58.7753],[11.1609,58.7685],[11.1257,58.7641]]],[[[8.8283,54.5483],[8.8125,54.5613],[8.8409,54.5577],[8.8283,54.5483]]],[[[21.5731,60.5271],[21.5815,60.5405],[21.5993,60.5277],[21.5731,60.5271]]],[[[3.7135,51.6439],[3.6899,51.6239],[3.6855,51.6171],[3.6883,51.6261],[3.7135,51.6439]]],[[[22.5575,63.7653],[22.5717,63.7621],[22.5551,63.7493],[22.5575,63.7653]]],[[[12.4697,45.5243],[12.4963,45.5369],[12.4795,45.5159],[12.4697,45.5243]]],[[[10.5247,59.8767],[10.5527,59.8731],[10.5253,59.8611],[10.5247,59.8767]]],[[[21.3781,60.5195],[21.3683,60.4993],[21.3499,60.5131],[21.3781,60.5195]]],[[[26.1177,60.3711],[26.1255,60.3897],[26.1275,60.3733],[26.1177,60.3711]]],[[[11.7847,57.5653],[11.7937,57.5887],[11.7997,57.5677],[11.7847,57.5653]]],[[[10.5163,59.3757],[10.5423,59.3801],[10.5363,59.3643],[10.5163,59.3757]]],[[[22.0129,60.2963],[21.9871,60.2809],[21.9771,60.2839],[22.0129,60.2963]]],[[[22.4825,59.9359],[22.4643,59.9241],[22.4591,59.9411],[22.4825,59.9359]]],[[[18.6345,60.2347],[18.6625,60.2085],[18.6271,60.2275],[18.6345,60.2347]]],[[[21.3993,62.9559],[21.3747,62.9319],[21.3615,62.9433],[21.3993,62.9559]]],[[[21.5111,60.2543],[21.5355,60.2335],[21.5007,60.2367],[21.5111,60.2543]]],[[[28.4593,60.6015],[28.4429,60.5955],[28.4401,60.6075],[28.4593,60.6015]]],[[[11.4245,58.1549],[11.4217,58.1741],[11.4589,58.1715],[11.4245,58.1549]]],[[[20.5973,60.1007],[20.6067,60.0839],[20.5787,60.0907],[20.5973,60.1007]]],[[[20.4313,60.3071],[20.4579,60.2993],[20.4267,60.2955],[20.4313,60.3071]]],[[[20.8829,60.3423],[20.8859,60.3653],[20.8863,60.3417],[20.8829,60.3423]]],[[[21.8451,60.2837],[21.8417,60.2947],[21.8593,60.2947],[21.8451,60.2837]]],[[[11.7511,56.1873],[11.7235,56.1815],[11.7143,56.1867],[11.7511,56.1873]]],[[[19.7705,60.3633],[19.7393,60.3543],[19.7757,60.3689],[19.7705,60.3633]]],[[[21.4755,60.1315],[21.4645,60.1451],[21.4855,60.1421],[21.4755,60.1315]]],[[[22.8297,63.7149],[22.8247,63.7299],[22.8493,63.7269],[22.8297,63.7149]]],[[[20.5203,60.2757],[20.5175,60.2981],[20.5319,60.2849],[20.5203,60.2757]]],[[[23.3387,59.8881],[23.2875,59.8871],[23.2855,59.8891],[23.3387,59.8881]]],[[[21.0985,62.6757],[21.0843,62.6933],[21.1161,62.6881],[21.0985,62.6757]]],[[[21.2497,60.1925],[21.2391,60.2023],[21.2639,60.1967],[21.2497,60.1925]]],[[[11.5981,58.3767],[11.5879,58.3857],[11.5997,58.3921],[11.5981,58.3767]]],[[[18.8811,59.4083],[18.8583,59.3943],[18.8617,59.4087],[18.8811,59.4083]]],[[[8.7381,54.6479],[8.7275,54.6325],[8.7135,54.6377],[8.7381,54.6479]]],[[[11.6075,57.7741],[11.6227,57.7859],[11.6315,57.7745],[11.6075,57.7741]]],[[[11.2121,58.8107],[11.2157,58.8283],[11.2213,58.8127],[11.2121,58.8107]]],[[[19.5005,60.2553],[19.4803,60.2437],[19.4965,60.2653],[19.5005,60.2553]]],[[[11.2431,58.6211],[11.2479,58.6459],[11.2511,58.6397],[11.2431,58.6211]]],[[[21.5539,61.7111],[21.5355,61.7067],[21.5121,61.7255],[21.5539,61.7111]]],[[[21.2805,60.8185],[21.2773,60.8043],[21.2499,60.8063],[21.2805,60.8185]]],[[[22.3629,59.9239],[22.3513,59.9271],[22.3843,59.9371],[22.3629,59.9239]]],[[[12.1833,57.1523],[12.1761,57.1675],[12.1961,57.1643],[12.1833,57.1523]]],[[[20.6339,60.3959],[20.6259,60.4147],[20.6419,60.4007],[20.6339,60.3959]]],[[[20.8727,60.2525],[20.8553,60.2505],[20.8627,60.2615],[20.8727,60.2525]]],[[[21.0497,60.5489],[21.0421,60.5601],[21.0773,60.5571],[21.0497,60.5489]]],[[[18.9051,59.3311],[18.8983,59.3427],[18.9133,59.3395],[18.9051,59.3311]]],[[[11.1583,58.7913],[11.1307,58.7867],[11.1333,58.7951],[11.1583,58.7913]]],[[[18.9765,57.4363],[18.9931,57.4463],[19.0017,57.4353],[18.9765,57.4363]]],[[[16.5525,57.0229],[16.5271,57.0189],[16.5253,57.0289],[16.5525,57.0229]]],[[[10.9463,59.0881],[10.9157,59.0817],[10.9513,59.0993],[10.9463,59.0881]]],[[[10.5849,59.8753],[10.5739,59.8599],[10.5669,59.8721],[10.5849,59.8753]]],[[[17.9905,58.8973],[17.9755,58.9027],[17.9923,58.9067],[17.9905,58.8973]]],[[[21.0001,60.4061],[20.9833,60.4233],[21.0001,60.4323],[21.0001,60.4061]]],[[[18.2291,59.0805],[18.2171,59.0679],[18.2035,59.0705],[18.2291,59.0805]]],[[[20.5725,60.1573],[20.6011,60.1697],[20.6173,60.1633],[20.5725,60.1573]]],[[[9.7029,55.3535],[9.7051,55.3667],[9.7237,55.3585],[9.7029,55.3535]]],[[[23.1495,58.8317],[23.1221,58.8283],[23.1197,58.8405],[23.1495,58.8317]]],[[[27.9053,60.0093],[27.8879,60.0113],[27.8949,60.0159],[27.9053,60.0093]]],[[[21.7473,60.5737],[21.7339,60.5539],[21.7299,60.5647],[21.7473,60.5737]]],[[[19.1037,59.7775],[19.1063,59.7925],[19.1093,59.7897],[19.1037,59.7775]]],[[[22.3759,59.9089],[22.3553,59.9099],[22.3885,59.9217],[22.3759,59.9089]]],[[[21.0537,60.2933],[21.0595,60.3111],[21.0753,60.2981],[21.0617,60.2919],[21.0537,60.2933]]],[[[15.6523,56.1715],[15.6425,56.1543],[15.6385,56.1659],[15.6523,56.1715]]],[[[20.0791,60.4201],[20.0605,60.4369],[20.0827,60.4363],[20.0791,60.4201]]],[[[21.4401,61.6121],[21.4373,61.6259],[21.4525,61.6153],[21.4401,61.6121]]],[[[24.5981,60.0475],[24.6019,60.0603],[24.6243,60.0541],[24.5981,60.0475]]],[[[21.0679,60.4387],[21.0429,60.4295],[21.0273,60.4373],[21.0679,60.4387]]],[[[18.5691,59.4089],[18.5751,59.4221],[18.5969,59.4087],[18.5691,59.4089]]],[[[22.4369,59.9883],[22.4247,59.9969],[22.4331,59.9969],[22.4369,59.9883]]],[[[22.3231,60.1281],[22.3115,60.1427],[22.3403,60.1425],[22.3231,60.1281]]],[[[12.1063,54.9583],[12.0781,54.9455],[12.0663,54.9499],[12.1063,54.9583]]],[[[21.9623,60.2481],[21.9585,60.2325],[21.9531,60.2451],[21.9623,60.2481]]],[[[19.7761,60.4089],[19.7667,60.4267],[19.7833,60.4257],[19.7761,60.4089]]],[[[22.4039,59.8059],[22.3961,59.8237],[22.4163,59.8185],[22.4039,59.8059]]],[[[21.0919,60.4869],[21.0841,60.4987],[21.1079,60.4905],[21.0919,60.4869]]],[[[17.7201,58.8395],[17.7207,58.8607],[17.7329,58.8409],[17.7201,58.8395]]],[[[11.3697,55.0407],[11.3475,55.0237],[11.3447,55.0271],[11.3697,55.0407]]],[[[18.9333,59.2781],[18.9325,59.2907],[18.9441,59.2801],[18.9333,59.2781]]],[[[20.4001,60.3283],[20.4037,60.3439],[20.4309,60.3397],[20.4001,60.3283]]],[[[21.8509,60.3403],[21.9023,60.3375],[21.9135,60.3329],[21.8509,60.3403]]],[[[21.0255,60.7245],[21.0099,60.7229],[21.0411,60.7333],[21.0255,60.7245]]],[[[18.7923,59.6579],[18.7813,59.6399],[18.7739,59.6491],[18.7923,59.6579]]],[[[10.4825,55.4849],[10.4611,55.4653],[10.4579,55.4735],[10.4825,55.4849]]],[[[13.3187,45.6985],[13.3207,45.7149],[13.3261,45.7009],[13.3187,45.6985]]],[[[19.7177,60.3697],[19.7015,60.3623],[19.7049,60.3789],[19.7177,60.3697]]],[[[16.5655,57.8611],[16.5769,57.8739],[16.5911,57.8653],[16.5655,57.8611]]],[[[20.0023,60.4017],[20.0043,60.3755],[19.9847,60.3933],[20.0023,60.4017]]],[[[21.0447,60.8351],[21.0357,60.8477],[21.0509,60.8367],[21.0447,60.8351]]],[[[16.6163,57.8779],[16.6183,57.8603],[16.5981,57.8723],[16.6163,57.8779]]],[[[21.5301,60.2841],[21.5375,60.3021],[21.5487,60.2895],[21.5301,60.2841]]],[[[25.2181,59.5707],[25.2347,59.5785],[25.2441,59.5647],[25.2181,59.5707]]],[[[20.0455,60.4183],[20.0483,60.4365],[20.0537,60.4225],[20.0455,60.4183]]],[[[23.6669,59.9333],[23.6737,59.9213],[23.6379,59.9175],[23.6669,59.9333]]],[[[16.7063,57.5085],[16.7003,57.5239],[16.7239,57.5063],[16.7063,57.5085]]],[[[22.0401,63.3435],[22.0133,63.3437],[22.0203,63.3583],[22.0401,63.3435]]],[[[49.6076,46.3116],[49.6167,46.3159],[49.6255,46.3035],[49.6076,46.3116]]],[[[6.0505,53.4467],[6.0621,53.4627],[6.0683,53.4577],[6.0505,53.4467]]],[[[20.7713,60.4031],[20.7917,60.3949],[20.7973,60.3843],[20.7713,60.4031]]],[[[20.3133,60.1423],[20.3069,60.1603],[20.3287,60.1489],[20.3133,60.1423]]],[[[21.1851,60.5725],[21.1633,60.5667],[21.1657,60.5801],[21.1851,60.5725]]],[[[23.0149,58.7943],[23.0125,58.8093],[23.0181,58.7977],[23.0149,58.7943]]],[[[16.9335,58.2521],[16.9117,58.2487],[16.9433,58.2605],[16.9335,58.2521]]],[[[18.8697,59.3009],[18.8367,59.3039],[18.8239,59.3049],[18.8373,59.3101],[18.8697,59.3009]]],[[[23.4251,58.6423],[23.4423,58.6273],[23.4177,58.6357],[23.4251,58.6423]]],[[[11.1373,58.8747],[11.1235,58.8643],[11.1169,58.8807],[11.1373,58.8747]]],[[[21.9543,60.2049],[21.9399,60.2003],[21.9155,60.2049],[21.9543,60.2049]]],[[[20.0635,60.3769],[20.0551,60.3907],[20.0689,60.3813],[20.0635,60.3769]]],[[[11.6937,57.9223],[11.7187,57.9303],[11.7281,57.9265],[11.6937,57.9223]]],[[[12.5327,45.5325],[12.5573,45.5419],[12.5583,45.5287],[12.5327,45.5325]]],[[[22.3813,59.8911],[22.3755,59.9019],[22.4045,59.8993],[22.3813,59.8911]]],[[[22.7703,63.8753],[22.7499,63.8653],[22.7507,63.8735],[22.7703,63.8753]]],[[[20.3613,60.1711],[20.3523,60.1539],[20.3299,60.1603],[20.3613,60.1711]]],[[[19.9941,60.0509],[19.9689,60.0359],[19.9631,60.0381],[19.9941,60.0509]]],[[[21.2183,62.3937],[21.1953,62.3725],[21.2141,62.3957],[21.2183,62.3937]]],[[[18.7123,59.4299],[18.7263,59.4405],[18.7395,59.4351],[18.7123,59.4299]]],[[[16.6355,57.5617],[16.6105,57.5597],[16.6071,57.5635],[16.6355,57.5617]]],[[[21.3115,60.7195],[21.3069,60.7091],[21.2899,60.7127],[21.3115,60.7195]]],[[[11.7541,58.0831],[11.7531,58.1037],[11.7603,58.0963],[11.7541,58.0831]]],[[[18.6343,60.2851],[18.6519,60.2903],[18.6589,60.2827],[18.6343,60.2851]]],[[[12.0759,55.7297],[12.0855,55.7453],[12.1021,55.7285],[12.0759,55.7297]]],[[[11.8903,54.9797],[11.8925,54.9949],[11.9017,54.9757],[11.8903,54.9797]]],[[[25.3701,60.2369],[25.3529,60.2293],[25.3355,60.2405],[25.3701,60.2369]]],[[[25.1231,60.1541],[25.1237,60.1629],[25.1459,60.1587],[25.1231,60.1541]]],[[[9.8255,59.0085],[9.8289,59.0251],[9.8307,59.0121],[9.8255,59.0085]]],[[[19.1329,59.8025],[19.1275,59.8135],[19.1555,59.8165],[19.1329,59.8025]]],[[[21.2993,60.5801],[21.3213,60.5565],[21.2931,60.5789],[21.2993,60.5801]]],[[[25.2543,60.2339],[25.2387,60.2239],[25.2225,60.2275],[25.2543,60.2339]]],[[[17.6485,58.9319],[17.6623,58.9391],[17.6689,58.9203],[17.6485,58.9319]]],[[[21.6011,60.0997],[21.6235,60.0879],[21.5927,60.0895],[21.6011,60.0997]]],[[[21.7395,60.1205],[21.7533,60.1103],[21.7137,60.1131],[21.7395,60.1205]]],[[[16.8849,58.3445],[16.8887,58.3589],[16.9027,58.3561],[16.8849,58.3445]]],[[[16.7869,58.2775],[16.8005,58.2865],[16.8105,58.2761],[16.7869,58.2775]]],[[[24.0049,60.0197],[24.0003,60.0101],[23.9745,60.0147],[24.0049,60.0197]]],[[[22.0819,60.1723],[22.0837,60.1811],[22.1117,60.1831],[22.0819,60.1723]]],[[[21.3035,60.7757],[21.2945,60.7615],[21.2779,60.7703],[21.3035,60.7757]]],[[[13.5137,45.7501],[13.5525,45.7323],[13.5517,45.7303],[13.5207,45.7377],[13.5137,45.7501]]],[[[26.4355,60.3615],[26.4295,60.3445],[26.4175,60.3533],[26.4355,60.3615]]],[[[21.3935,63.0023],[21.4041,63.0141],[21.4131,63.0043],[21.3935,63.0023]]],[[[21.4885,60.1227],[21.4683,60.1205],[21.5085,60.1379],[21.4885,60.1227]]],[[[17.8769,58.7697],[17.8719,58.7541],[17.8705,58.7729],[17.8769,58.7697]]],[[[18.8437,59.6501],[18.8371,59.6609],[18.8609,59.6553],[18.8437,59.6501]]],[[[20.8079,63.1259],[20.8149,63.1097],[20.7917,63.1103],[20.8079,63.1259]]],[[[17.5951,58.8821],[17.5783,58.8755],[17.5667,58.8873],[17.5951,58.8821]]],[[[25.1929,65.1101],[25.1437,65.0991],[25.1395,65.1021],[25.1929,65.1101]]],[[[5.3807,53.0735],[5.3737,53.0629],[5.3657,53.0767],[5.3807,53.0735]]],[[[18.8893,59.3075],[18.8915,59.3173],[18.9119,59.3143],[18.8893,59.3075]]],[[[22.7483,60.0065],[22.7251,59.9971],[22.7281,60.0103],[22.7483,60.0065]]],[[[21.2439,60.6219],[21.2325,60.6097],[21.2207,60.6277],[21.2439,60.6219]]],[[[22.8097,60.0381],[22.8233,60.0459],[22.8225,60.0327],[22.8097,60.0381]]],[[[21.3071,60.8213],[21.3093,60.8389],[21.3193,60.8337],[21.3071,60.8213]]],[[[18.6411,59.1725],[18.6579,59.1903],[18.6733,59.1887],[18.6411,59.1725]]],[[[21.4757,61.3903],[21.4939,61.3929],[21.4991,61.3895],[21.4757,61.3903]]],[[[16.9183,58.2145],[16.9359,58.2267],[16.9527,58.2239],[16.9183,58.2145]]],[[[18.7325,59.6171],[18.7185,59.6011],[18.7127,59.6073],[18.7325,59.6171]]],[[[21.4899,60.2915],[21.4833,60.2991],[21.5027,60.2965],[21.4899,60.2915]]],[[[10.6931,54.9481],[10.7041,54.9547],[10.7055,54.9483],[10.6931,54.9481]]],[[[21.3257,60.1637],[21.3091,60.1683],[21.3277,60.1661],[21.3257,60.1637]]],[[[22.7705,63.7117],[22.7469,63.7041],[22.7415,63.7131],[22.7705,63.7117]]],[[[21.4197,63.2829],[21.4249,63.2929],[21.4365,63.2887],[21.4197,63.2829]]],[[[11.8197,57.6071],[11.8159,57.5957],[11.7943,57.5977],[11.8001,57.6061],[11.8197,57.6071]]],[[[21.3827,63.1587],[21.4021,63.1625],[21.4049,63.1581],[21.3827,63.1587]]],[[[27.4351,60.4121],[27.4175,60.4073],[27.4315,60.4187],[27.4351,60.4121]]],[[[27.3569,60.4855],[27.3763,60.4967],[27.3877,60.4901],[27.3569,60.4855]]],[[[21.2567,60.8235],[21.2403,60.8167],[21.2367,60.8347],[21.2567,60.8235]]],[[[21.2449,60.2465],[21.2211,60.2463],[21.2457,60.2491],[21.2449,60.2465]]],[[[18.8153,59.4565],[18.7823,59.4423],[18.7805,59.4441],[18.8153,59.4565]]],[[[18.0805,57.3113],[18.0667,57.3009],[18.0625,57.3117],[18.0805,57.3113]]],[[[14.8419,56.0131],[14.8367,56.0001],[14.8307,56.0029],[14.8419,56.0131]]],[[[22.2587,60.3785],[22.2709,60.3891],[22.2795,60.3831],[22.2587,60.3785]]],[[[24.8337,65.3791],[24.8189,65.3781],[24.8601,65.3865],[24.8337,65.3791]]],[[[12.1977,45.3251],[12.1951,45.3127],[12.2071,45.3333],[12.1977,45.3251]]],[[[18.5287,59.1217],[18.5089,59.1047],[18.4997,59.1097],[18.5287,59.1217]]],[[[19.7023,60.3149],[19.7317,60.3275],[19.7347,60.3157],[19.7023,60.3149]]],[[[21.5045,60.1641],[21.4905,60.1753],[21.5089,60.1697],[21.5045,60.1641]]],[[[13.5489,54.3249],[13.5189,54.3163],[13.5467,54.3333],[13.5489,54.3249]]],[[[16.7207,57.4407],[16.7115,57.4497],[16.7321,57.4481],[16.7207,57.4407]]],[[[24.6539,60.1001],[24.6335,60.0885],[24.6197,60.0937],[24.6539,60.1001]]],[[[22.4291,63.5265],[22.4401,63.5395],[22.4425,63.5179],[22.4291,63.5265]]],[[[28.6905,60.4433],[28.6775,60.4627],[28.6957,60.4487],[28.6905,60.4433]]],[[[21.3809,62.9053],[21.3823,62.8851],[21.3749,62.8897],[21.3809,62.9053]]],[[[24.3465,59.9909],[24.3567,59.9993],[24.3883,59.9955],[24.3465,59.9909]]],[[[49.5683,46.1335],[49.5807,46.1362],[49.5823,46.1245],[49.5683,46.1335]]],[[[13.4153,54.1757],[13.4175,54.1597],[13.3981,54.1797],[13.4153,54.1757]]],[[[5.1525,53.3035],[5.1281,53.2977],[5.1521,53.3087],[5.1525,53.3035]]],[[[16.7505,58.4071],[16.7389,58.3947],[16.7345,58.4087],[16.7505,58.4071]]],[[[18.4797,60.3045],[18.4721,60.3103],[18.4977,60.3043],[18.4797,60.3045]]],[[[26.5227,60.3613],[26.5343,60.3727],[26.5389,60.3665],[26.5227,60.3613]]],[[[11.4699,58.0599],[11.4799,58.0711],[11.4801,58.0591],[11.4699,58.0599]]],[[[22.0099,63.2105],[22.0021,63.2213],[22.0203,63.2153],[22.0099,63.2105]]],[[[19.0337,59.6465],[19.0505,59.6581],[19.0615,59.6451],[19.0337,59.6465]]],[[[22.1845,59.8749],[22.1869,59.8665],[22.1799,59.8679],[22.1845,59.8749]]],[[[21.5455,60.2447],[21.5471,60.2565],[21.5527,60.2529],[21.5455,60.2447]]],[[[26.1129,60.3511],[26.1329,60.3593],[26.1211,60.3395],[26.1129,60.3511]]],[[[12.2333,45.3289],[12.2225,45.3143],[12.2097,45.3201],[12.2333,45.3289]]],[[[22.3571,60.0099],[22.3575,60.0291],[22.3707,60.0229],[22.3571,60.0099]]],[[[25.4591,60.1753],[25.4579,60.1855],[25.4761,60.1837],[25.4591,60.1753]]],[[[16.7077,57.8605],[16.6873,57.8563],[16.6879,57.8691],[16.7077,57.8605]]],[[[18.8417,59.5061],[18.8609,59.5143],[18.8765,59.5119],[18.8417,59.5061]]],[[[22.6573,63.8197],[22.6379,63.8111],[22.6423,63.8319],[22.6573,63.8197]]],[[[16.8937,58.1821],[16.9017,58.1995],[16.9059,58.1897],[16.8937,58.1821]]],[[[10.4983,54.9269],[10.5037,54.9397],[10.5261,54.9243],[10.4983,54.9269]]],[[[21.2151,60.5071],[21.2079,60.5187],[21.2357,60.5103],[21.2151,60.5071]]],[[[20.7341,60.1607],[20.7431,60.1773],[20.7493,60.1667],[20.7341,60.1607]]],[[[11.8013,58.0749],[11.8163,58.0693],[11.8075,58.0555],[11.8013,58.0749]]],[[[10.1071,55.1307],[10.1061,55.1367],[10.1147,55.1341],[10.1071,55.1307]]],[[[10.2499,55.0617],[10.2483,55.0703],[10.2703,55.0549],[10.2499,55.0617]]],[[[20.8209,60.0753],[20.8167,60.0613],[20.7967,60.0671],[20.8209,60.0753]]],[[[20.3147,60.0749],[20.3143,60.0881],[20.3275,60.0823],[20.3147,60.0749]]],[[[20.8565,62.9805],[20.8511,62.9639],[20.8439,62.9679],[20.8565,62.9805]]],[[[15.8121,56.0241],[15.7861,56.0151],[15.8101,56.0299],[15.8121,56.0241]]],[[[12.2231,45.3605],[12.2201,45.3705],[12.2289,45.3489],[12.2231,45.3605]]],[[[21.1783,60.8073],[21.1669,60.8221],[21.1797,60.8111],[21.1783,60.8073]]],[[[21.1301,62.8301],[21.1033,62.8387],[21.1339,62.8321],[21.1301,62.8301]]],[[[20.1409,60.3791],[20.1175,60.3771],[20.1423,60.3877],[20.1409,60.3791]]],[[[21.7177,60.3043],[21.7261,60.2923],[21.7067,60.2985],[21.7177,60.3043]]],[[[10.7507,59.3069],[10.7289,59.3045],[10.7489,59.3175],[10.7507,59.3069]]],[[[14.9703,56.1187],[14.9821,56.1065],[14.9625,56.1141],[14.9703,56.1187]]],[[[22.8231,60.0727],[22.8155,60.0605],[22.7993,60.0675],[22.8231,60.0727]]],[[[9.5937,53.5917],[9.5953,53.5995],[9.6099,53.5895],[9.5937,53.5917]]],[[[21.3637,61.4837],[21.3499,61.4731],[21.3447,61.4799],[21.3637,61.4837]]],[[[18.3355,59.4045],[18.3511,59.4101],[18.3659,59.4071],[18.3355,59.4045]]],[[[21.5121,60.5241],[21.4947,60.5167],[21.4861,60.5205],[21.5121,60.5241]]],[[[21.4017,60.6331],[21.4171,60.6427],[21.4221,60.6275],[21.4017,60.6331]]],[[[20.4251,60.1823],[20.4001,60.1711],[20.4217,60.1871],[20.4251,60.1823]]],[[[11.7305,55.1367],[11.7155,55.1383],[11.7229,55.1469],[11.7305,55.1367]]],[[[23.6979,59.9271],[23.7163,59.9367],[23.7243,59.9253],[23.6979,59.9271]]],[[[22.6457,63.8043],[22.6585,63.7817],[22.6341,63.7975],[22.6457,63.8043]]],[[[18.8677,57.7129],[18.8573,57.7013],[18.8535,57.7137],[18.8677,57.7129]]],[[[21.5749,63.1009],[21.5563,63.0831],[21.5539,63.0855],[21.5749,63.1009]]],[[[20.5651,60.0771],[20.5681,60.0873],[20.5711,60.0821],[20.5651,60.0771]]],[[[27.8871,60.4661],[27.8611,60.4627],[27.8607,60.4711],[27.8871,60.4661]]],[[[23.0821,58.8233],[23.0653,58.8097],[23.0693,58.8287],[23.0821,58.8233]]],[[[21.2701,60.2039],[21.3171,60.1959],[21.2647,60.2025],[21.2701,60.2039]]],[[[21.2583,60.7571],[21.2693,60.7657],[21.2851,60.7599],[21.2583,60.7571]]],[[[11.0475,59.0061],[11.0515,58.9883],[11.0355,58.9945],[11.0475,59.0061]]],[[[16.8231,58.0083],[16.8063,58.0057],[16.7917,58.0163],[16.8231,58.0083]]],[[[12.1327,54.9837],[12.1205,54.9695],[12.1067,54.9673],[12.1327,54.9837]]],[[[16.7177,57.9803],[16.7069,57.9935],[16.7217,57.9863],[16.7177,57.9803]]],[[[19.0393,59.6431],[19.0273,59.6269],[19.0245,59.6365],[19.0393,59.6431]]],[[[21.4985,61.2885],[21.4883,61.2999],[21.5057,61.2907],[21.4985,61.2885]]],[[[11.7365,57.6401],[11.7493,57.6527],[11.7587,57.6491],[11.7365,57.6401]]],[[[6.6841,58.2149],[6.6589,58.2095],[6.6847,58.2165],[6.6841,58.2149]]],[[[22.7737,63.9145],[22.7655,63.9271],[22.7753,63.9171],[22.7737,63.9145]]],[[[12.1229,57.2919],[12.1337,57.3039],[12.1377,57.2963],[12.1229,57.2919]]],[[[19.7055,60.3407],[19.6981,60.3273],[19.6877,60.3401],[19.7055,60.3407]]],[[[23.4565,58.5477],[23.4269,58.5437],[23.4385,58.5537],[23.4565,58.5477]]],[[[21.4407,61.6375],[21.4143,61.6361],[21.4073,61.6469],[21.4407,61.6375]]],[[[20.2453,60.4623],[20.2341,60.4479],[20.2261,60.4571],[20.2453,60.4623]]],[[[22.9529,59.7797],[22.9517,59.7677],[22.9397,59.7747],[22.9529,59.7797]]],[[[18.6609,59.1719],[18.6309,59.1569],[18.6291,59.1593],[18.6609,59.1719]]],[[[16.5995,57.8559],[16.5791,57.8489],[16.5961,57.8595],[16.5995,57.8559]]],[[[11.5925,58.0923],[11.5765,58.0901],[11.5911,58.1043],[11.5925,58.0923]]],[[[22.6815,63.7725],[22.6595,63.7755],[22.6777,63.7815],[22.6815,63.7725]]],[[[3.9669,51.7491],[3.9413,51.7413],[3.9371,51.7449],[3.9669,51.7491]]],[[[27.7945,60.4427],[27.7897,60.4575],[27.8075,60.4487],[27.7945,60.4427]]],[[[25.0155,65.4083],[24.9883,65.4099],[24.9953,65.4213],[25.0155,65.4083]]],[[[22.5947,59.9019],[22.6021,59.9091],[22.6227,59.9037],[22.5947,59.9019]]],[[[19.1317,59.7781],[19.1537,59.7841],[19.1561,59.7775],[19.1317,59.7781]]],[[[22.8019,63.9233],[22.8081,63.9123],[22.7913,63.9137],[22.8019,63.9233]]],[[[21.3131,60.3243],[21.2903,60.3213],[21.2891,60.3305],[21.3131,60.3243]]],[[[21.3399,60.0803],[21.3273,60.0715],[21.3197,60.0773],[21.3399,60.0803]]],[[[22.5791,59.9553],[22.5631,59.9435],[22.5555,59.9469],[22.5791,59.9553]]],[[[18.6597,60.1815],[18.6629,60.1921],[18.6697,60.1829],[18.6597,60.1815]]],[[[25.9919,60.2651],[25.9977,60.2805],[26.0053,60.2675],[25.9919,60.2651]]],[[[6.8735,58.0643],[6.8611,58.0785],[6.8941,58.0731],[6.8735,58.0643]]],[[[20.4047,60.0439],[20.3717,60.0361],[20.3881,60.0471],[20.4047,60.0439]]],[[[11.7431,57.9443],[11.7253,57.9409],[11.7225,57.9521],[11.7431,57.9443]]],[[[18.6921,60.2627],[18.6875,60.2447],[18.6797,60.2491],[18.6921,60.2627]]],[[[18.7903,59.5657],[18.8113,59.5727],[18.8201,59.5693],[18.8095,59.5629],[18.7903,59.5657]]],[[[26.9957,60.4155],[26.9781,60.4161],[26.9859,60.4277],[26.9957,60.4155]]],[[[23.5857,59.8307],[23.5623,59.8233],[23.5557,59.8255],[23.5857,59.8307]]],[[[21.7247,60.4195],[21.7185,60.4055],[21.7099,60.4059],[21.7247,60.4195]]],[[[21.0705,60.5021],[21.0517,60.4963],[21.0461,60.5029],[21.0705,60.5021]]],[[[20.9673,60.4813],[20.9455,60.4793],[20.9471,60.4889],[20.9673,60.4813]]],[[[22.7947,63.8901],[22.7763,63.8803],[22.7757,63.8835],[22.7947,63.8901]]],[[[16.9789,58.4255],[16.9639,58.4255],[16.9845,58.4277],[16.9789,58.4255]]],[[[21.6813,60.5173],[21.6847,60.5027],[21.6725,60.5079],[21.6813,60.5173]]],[[[27.8797,60.4713],[27.8927,60.4851],[27.8971,60.4809],[27.8797,60.4713]]],[[[25.0167,60.1819],[24.9911,60.1807],[25.0209,60.1851],[25.0167,60.1819]]],[[[18.8239,59.3917],[18.8321,59.4033],[18.8409,59.3933],[18.8239,59.3917]]],[[[16.6987,57.5755],[16.6799,57.5637],[16.6717,57.5699],[16.6987,57.5755]]],[[[16.7369,57.6727],[16.7367,57.6813],[16.7491,57.6739],[16.7369,57.6727]]],[[[16.3435,58.6407],[16.3329,58.6493],[16.3539,58.6455],[16.3435,58.6407]]],[[[21.2895,63.2479],[21.2883,63.2583],[21.3055,63.2513],[21.2895,63.2479]]],[[[25.8011,59.6773],[25.7981,59.6873],[25.8235,59.6773],[25.8011,59.6773]]],[[[22.6585,63.7939],[22.6725,63.8025],[22.6641,63.7879],[22.6585,63.7939]]],[[[10.4573,59.2235],[10.4609,59.2317],[10.4633,59.2249],[10.4573,59.2235]]],[[[23.8351,59.9461],[23.8143,59.9339],[23.8121,59.9365],[23.8351,59.9461]]],[[[21.3461,60.7341],[21.3417,60.7219],[21.3289,60.7283],[21.3461,60.7341]]],[[[20.9633,60.4225],[20.9719,60.4355],[20.9739,60.4251],[20.9633,60.4225]]],[[[32.2995,46.5151],[32.2991,46.5085],[32.2961,46.5119],[32.2995,46.5151]]],[[[12.9303,54.4347],[12.9473,54.4443],[12.9637,54.4399],[12.9303,54.4347]]],[[[21.8019,59.9253],[21.7841,59.9255],[21.7997,59.9357],[21.8019,59.9253]]],[[[21.1675,60.8591],[21.1661,60.8739],[21.1763,60.8655],[21.1675,60.8591]]],[[[18.3381,59.0391],[18.3441,59.0543],[18.3555,59.0453],[18.3381,59.0391]]],[[[17.3755,60.7143],[17.3443,60.7127],[17.3755,60.7161],[17.3755,60.7143]]],[[[12.2085,45.3783],[12.2047,45.3651],[12.1947,45.3731],[12.2085,45.3783]]],[[[21.9763,60.2187],[21.9813,60.2283],[21.9951,60.2223],[21.9763,60.2187]]],[[[21.3997,60.4341],[21.4057,60.4457],[21.4145,60.4333],[21.3997,60.4341]]],[[[10.7903,55.5113],[10.7913,55.5215],[10.8069,55.5155],[10.7903,55.5113]]],[[[21.4935,61.7687],[21.4847,61.7803],[21.4989,61.7715],[21.4935,61.7687]]],[[[11.3579,54.9557],[11.3591,54.9671],[11.3713,54.9587],[11.3579,54.9557]]],[[[28.6047,60.6635],[28.5817,60.6669],[28.6145,60.6721],[28.6047,60.6635]]],[[[18.6709,59.5591],[18.6775,59.5683],[18.6899,59.5665],[18.6709,59.5591]]],[[[24.2367,60.0181],[24.2083,60.0057],[24.1997,60.0087],[24.2367,60.0181]]],[[[11.6909,57.8771],[11.6833,57.8617],[11.6807,57.8635],[11.6909,57.8771]]],[[[12.2155,45.3277],[12.2057,45.3415],[12.2273,45.3345],[12.2155,45.3277]]],[[[20.8551,60.3995],[20.8595,60.4141],[20.8679,60.4015],[20.8551,60.3995]]],[[[10.1115,59.0173],[10.0945,59.0079],[10.0941,59.0111],[10.1115,59.0173]]],[[[11.0273,54.8481],[11.0181,54.8407],[11.0193,54.8515],[11.0273,54.8481]]],[[[22.3917,60.1253],[22.3889,60.1131],[22.3797,60.1239],[22.3917,60.1253]]],[[[11.4897,58.1921],[11.4911,58.2051],[11.5063,58.1987],[11.4897,58.1921]]],[[[21.1691,60.3159],[21.1629,60.3339],[21.1731,60.3181],[21.1691,60.3159]]],[[[22.5863,58.1923],[22.5883,58.2069],[22.6003,58.2007],[22.5863,58.1923]]],[[[10.4745,59.0795],[10.4679,59.0621],[10.4613,59.0815],[10.4745,59.0795]]],[[[20.8309,60.2219],[20.8283,60.2375],[20.8453,60.2293],[20.8309,60.2219]]],[[[18.7275,59.2619],[18.7445,59.2621],[18.7291,59.2577],[18.7275,59.2619]]],[[[11.2571,58.6031],[11.2477,58.5937],[11.2369,58.6033],[11.2571,58.6031]]],[[[16.9003,58.4053],[16.8721,58.4029],[16.9031,58.4061],[16.9003,58.4053]]],[[[4.1291,51.3591],[4.1433,51.3651],[4.1443,51.3609],[4.1291,51.3591]]],[[[10.6825,55.9101],[10.6847,55.9247],[10.6961,55.9015],[10.6825,55.9101]]],[[[17.6625,60.6309],[17.6733,60.6177],[17.6483,60.6279],[17.6625,60.6309]]],[[[21.7253,60.1211],[21.7039,60.1273],[21.7307,60.1241],[21.7253,60.1211]]],[[[11.7417,57.7975],[11.7389,57.7871],[11.7305,57.7905],[11.7417,57.7975]]],[[[17.0631,58.6563],[17.0627,58.6699],[17.0781,58.6647],[17.0631,58.6563]]],[[[22.5629,59.9033],[22.5411,59.9037],[22.5663,59.9071],[22.5629,59.9033]]],[[[20.0585,60.0197],[20.0429,60.0083],[20.0435,60.0175],[20.0585,60.0197]]],[[[17.6423,59.0275],[17.6579,59.0413],[17.6555,59.0201],[17.6423,59.0275]]],[[[21.0899,60.1501],[21.0851,60.1347],[21.0799,60.1459],[21.0899,60.1501]]],[[[21.2095,62.3461],[21.1871,62.3311],[21.2051,62.3481],[21.2095,62.3461]]],[[[17.3211,58.7323],[17.3221,58.7431],[17.3301,58.7335],[17.3211,58.7323]]],[[[21.2195,60.4087],[21.2029,60.4029],[21.2103,60.4129],[21.2195,60.4087]]],[[[16.6883,57.6677],[16.6847,57.6773],[16.7009,57.6721],[16.6883,57.6677]]],[[[21.8687,60.1257],[21.8393,60.1193],[21.8711,60.1291],[21.8687,60.1257]]],[[[22.9709,59.8977],[22.9807,59.8871],[22.9589,59.8937],[22.9709,59.8977]]],[[[11.1949,55.2415],[11.1855,55.2371],[11.1749,55.2495],[11.1949,55.2415]]],[[[6.7705,58.2401],[6.7325,58.2221],[6.7175,58.2255],[6.7705,58.2401]]],[[[18.7101,59.2811],[18.6833,59.2673],[18.6801,59.2689],[18.7101,59.2811]]],[[[18.4631,60.2227],[18.4453,60.2361],[18.4683,60.2275],[18.4631,60.2227]]],[[[21.7677,60.0273],[21.7803,60.0363],[21.7859,60.0267],[21.7677,60.0273]]],[[[21.6949,60.4407],[21.6829,60.4455],[21.7073,60.4481],[21.6949,60.4407]]],[[[21.7561,60.5753],[21.7419,60.5873],[21.7633,60.5867],[21.7561,60.5753]]],[[[25.3035,65.3625],[25.2979,65.3513],[25.2937,65.3631],[25.3035,65.3625]]],[[[21.5069,60.1777],[21.4933,60.1847],[21.5159,60.1853],[21.5069,60.1777]]],[[[16.7037,57.4247],[16.6785,57.4229],[16.7063,57.4269],[16.7037,57.4247]]],[[[21.7999,58.3311],[21.7807,58.3431],[21.8015,58.3347],[21.7999,58.3311]]],[[[21.8261,60.1331],[21.8505,60.1345],[21.8255,60.1227],[21.8261,60.1331]]],[[[19.6999,60.1695],[19.6867,60.1689],[19.6931,60.1775],[19.6999,60.1695]]],[[[16.5009,57.1889],[16.4883,57.1747],[16.4825,57.1847],[16.5009,57.1889]]],[[[9.7323,59.0487],[9.7391,59.0575],[9.7451,59.0487],[9.7323,59.0487]]],[[[22.2119,59.8527],[22.1919,59.8491],[22.2207,59.8631],[22.2119,59.8527]]],[[[21.8065,63.4225],[21.8193,63.4227],[21.7919,63.4085],[21.8065,63.4225]]],[[[21.8073,60.3399],[21.7817,60.3461],[21.8077,60.3425],[21.8073,60.3399]]],[[[16.3711,58.6259],[16.3503,58.6191],[16.3429,58.6307],[16.3711,58.6259]]],[[[16.7071,57.5433],[16.6917,57.5407],[16.7037,57.5465],[16.7071,57.5433]]],[[[28.7001,60.7247],[28.7013,60.7371],[28.7105,60.7345],[28.7001,60.7247]]],[[[22.3285,59.8649],[22.3281,59.8561],[22.3171,59.8633],[22.3285,59.8649]]],[[[20.5251,60.0661],[20.5525,60.0749],[20.5547,60.0717],[20.5251,60.0661]]],[[[26.5997,60.3743],[26.5991,60.3615],[26.5909,60.3619],[26.5997,60.3743]]],[[[25.3773,59.5085],[25.3821,59.5221],[25.3893,59.5133],[25.3773,59.5085]]],[[[21.3025,60.2863],[21.3043,60.2965],[21.3091,60.2865],[21.3025,60.2863]]],[[[25.9659,60.2521],[25.9561,60.2439],[25.9365,60.2471],[25.9659,60.2521]]],[[[19.0291,59.7975],[19.0119,59.7863],[19.0071,59.7911],[19.0291,59.7975]]],[[[21.2415,62.9827],[21.2393,62.9927],[21.2511,62.9865],[21.2415,62.9827]]],[[[23.3973,58.9527],[23.3831,58.9401],[23.3945,58.9545],[23.3973,58.9527]]],[[[18.5617,59.0237],[18.5593,59.0333],[18.5769,59.0235],[18.5617,59.0237]]],[[[18.6711,59.4757],[18.6339,59.4707],[18.6301,59.4721],[18.6711,59.4757]]],[[[16.8601,58.2367],[16.8633,58.2511],[16.8761,58.2385],[16.8601,58.2367]]],[[[4.8667,52.4057],[4.8663,52.4151],[4.8739,52.4059],[4.8667,52.4057]]],[[[22.1059,59.8639],[22.0843,59.8539],[22.0753,59.8575],[22.1059,59.8639]]],[[[8.7367,58.4181],[8.7339,58.4067],[8.7291,58.4121],[8.7367,58.4181]]],[[[18.5685,59.1059],[18.5471,59.0935],[18.5455,59.0963],[18.5685,59.1059]]],[[[7.1741,58.0287],[7.1869,58.0417],[7.1909,58.0329],[7.1741,58.0287]]],[[[18.7279,59.4175],[18.7291,59.4267],[18.7495,59.4189],[18.7279,59.4175]]],[[[16.8793,58.4203],[16.8711,58.4107],[16.8657,58.4127],[16.8793,58.4203]]],[[[17.5215,58.8427],[17.5049,58.8385],[17.5061,58.8475],[17.5215,58.8427]]],[[[22.2889,59.9493],[22.2917,59.9581],[22.3053,59.9551],[22.2889,59.9493]]],[[[23.6679,64.1789],[23.6611,64.1951],[23.6817,64.1735],[23.6679,64.1789]]],[[[22.1577,60.1429],[22.1575,60.1501],[22.1923,60.1529],[22.1577,60.1429]]],[[[22.2621,63.4011],[22.2701,63.4059],[22.2679,63.4007],[22.2621,63.4011]]],[[[23.8109,59.9249],[23.8311,59.9295],[23.8445,59.9251],[23.8109,59.9249]]],[[[18.9883,57.7437],[18.9895,57.7587],[18.9971,57.7601],[18.9883,57.7437]]],[[[11.1047,58.9549],[11.1051,58.9679],[11.1143,58.9511],[11.1047,58.9549]]],[[[18.5263,60.2753],[18.5191,60.2849],[18.5325,60.2829],[18.5263,60.2753]]],[[[21.8939,63.2817],[21.8817,63.2931],[21.8967,63.2889],[21.8939,63.2817]]],[[[12.2291,45.3827],[12.2425,45.3789],[12.2375,45.3763],[12.2291,45.3827]]],[[[18.4219,59.2415],[18.4029,59.2453],[18.4067,59.2507],[18.4219,59.2415]]],[[[14.4001,53.8641],[14.3815,53.8539],[14.3761,53.8575],[14.4001,53.8641]]],[[[21.6895,60.3995],[21.6849,60.4143],[21.6973,60.4045],[21.6895,60.3995]]],[[[10.5573,59.8679],[10.5389,59.8551],[10.5367,59.8577],[10.5573,59.8679]]],[[[20.9247,60.3809],[20.9223,60.3681],[20.9167,60.3735],[20.9247,60.3809]]],[[[18.4175,59.4129],[18.4135,59.4187],[18.4211,59.4141],[18.4175,59.4129]]],[[[21.5719,60.4331],[21.5467,60.4455],[21.5731,60.4373],[21.5719,60.4331]]],[[[22.3939,60.2413],[22.3863,60.2317],[22.3713,60.2351],[22.3939,60.2413]]],[[[26.6271,60.3697],[26.6551,60.3803],[26.6593,60.3777],[26.6271,60.3697]]],[[[21.3397,60.8255],[21.3245,60.8165],[21.3355,60.8291],[21.3397,60.8255]]],[[[25.2387,60.2463],[25.2347,60.2549],[25.2409,60.2505],[25.2387,60.2463]]],[[[22.0169,63.2737],[22.0027,63.2643],[21.9971,63.2697],[22.0169,63.2737]]],[[[9.8031,58.9941],[9.8043,59.0057],[9.8179,58.9997],[9.8031,58.9941]]],[[[31.7269,46.2887],[31.7403,46.2819],[31.7273,46.2815],[31.7269,46.2887]]],[[[22.0047,60.2133],[21.9867,60.2067],[21.9813,60.2125],[22.0047,60.2133]]],[[[26.6909,60.4065],[26.6931,60.3919],[26.6815,60.4001],[26.6909,60.4065]]],[[[22.5179,59.8575],[22.4971,59.8521],[22.4915,59.8575],[22.5179,59.8575]]],[[[12.7417,54.4131],[12.7257,54.4061],[12.7209,54.4081],[12.7417,54.4131]]],[[[21.4485,61.8511],[21.4409,61.8417],[21.4359,61.8483],[21.4485,61.8511]]],[[[20.2733,60.2537],[20.2751,60.2657],[20.2857,60.2555],[20.2733,60.2537]]],[[[21.6779,60.4903],[21.6721,60.5037],[21.6821,60.4939],[21.6779,60.4903]]],[[[20.8901,60.5247],[20.8985,60.5341],[20.9019,60.5317],[20.8901,60.5247]]],[[[20.2951,60.2453],[20.3059,60.2577],[20.3077,60.2409],[20.2951,60.2453]]],[[[11.9683,57.3359],[11.9589,57.3453],[11.9761,57.3407],[11.9683,57.3359]]],[[[29.6205,44.8395],[29.6087,44.8293],[29.6209,44.8481],[29.6205,44.8395]]],[[[21.2249,60.9451],[21.2129,60.9367],[21.2059,60.9451],[21.2249,60.9451]]],[[[28.6485,60.5247],[28.6433,60.5379],[28.6487,60.5287],[28.6485,60.5247]]],[[[19.3281,60.2125],[19.3233,60.2169],[19.3399,60.2131],[19.3281,60.2125]]],[[[18.5473,60.2807],[18.5579,60.2685],[18.5457,60.2757],[18.5473,60.2807]]],[[[10.8197,56.1293],[10.8005,56.1229],[10.7977,56.1255],[10.8197,56.1293]]],[[[21.8803,60.3225],[21.8953,60.3275],[21.9103,60.3231],[21.8803,60.3225]]],[[[23.2985,63.9349],[23.2929,63.9479],[23.3101,63.9453],[23.2985,63.9349]]],[[[21.8905,60.2771],[21.8903,60.2867],[21.9129,60.2759],[21.8905,60.2771]]],[[[19.9747,60.3723],[19.9693,60.3811],[19.9891,60.3773],[19.9747,60.3723]]],[[[10.4971,54.9671],[10.4835,54.9569],[10.4723,54.9641],[10.4971,54.9671]]],[[[11.1593,58.9119],[11.1615,58.9219],[11.1805,58.9135],[11.1593,58.9119]]],[[[21.5457,60.1035],[21.5395,60.0937],[21.5329,60.0991],[21.5457,60.1035]]],[[[23.0571,58.7739],[23.0489,58.7831],[23.0615,58.7815],[23.0571,58.7739]]],[[[11.7991,58.2959],[11.7903,58.2859],[11.7827,58.2923],[11.7991,58.2959]]],[[[25.3179,60.2401],[25.3075,60.2485],[25.3317,60.2463],[25.3179,60.2401]]],[[[20.5287,60.0867],[20.5205,60.0939],[20.5443,60.0865],[20.5287,60.0867]]],[[[22.3309,59.8533],[22.3353,59.8443],[22.3231,59.8489],[22.3309,59.8533]]],[[[26.6367,60.2903],[26.6255,60.2907],[26.6525,60.3009],[26.6367,60.2903]]],[[[11.9855,54.9497],[11.9999,54.9537],[11.9999,54.9413],[11.9855,54.9497]]],[[[20.4789,60.1185],[20.4767,60.1267],[20.5041,60.1269],[20.4789,60.1185]]],[[[27.5641,60.4401],[27.5681,60.4305],[27.5489,60.4335],[27.5641,60.4401]]],[[[11.4827,54.9047],[11.4757,54.9123],[11.5077,54.9115],[11.4827,54.9047]]],[[[11.2313,58.3559],[11.2297,58.3713],[11.2391,58.3597],[11.2313,58.3559]]],[[[25.2853,65.0023],[25.3113,65.0035],[25.3221,64.9985],[25.2853,65.0023]]],[[[25.4391,60.1647],[25.4467,60.1709],[25.4575,60.1627],[25.4391,60.1647]]],[[[21.0745,60.2803],[21.0759,60.2671],[21.0627,60.2797],[21.0745,60.2803]]],[[[21.8173,60.3277],[21.8297,60.3203],[21.8059,60.3253],[21.8173,60.3277]]],[[[25.9129,60.2393],[25.8923,60.2385],[25.9271,60.2433],[25.9129,60.2393]]],[[[22.9739,59.9043],[22.9743,59.9135],[22.9831,59.9119],[22.9739,59.9043]]],[[[16.7539,57.9887],[16.7449,57.9753],[16.7387,57.9767],[16.7539,57.9887]]],[[[25.8491,60.2491],[25.8511,60.2627],[25.8619,60.2493],[25.8491,60.2491]]],[[[11.2029,58.6667],[11.2087,58.6827],[11.2131,58.6749],[11.2029,58.6667]]],[[[11.9445,57.3807],[11.9353,57.3699],[11.9303,57.3711],[11.9445,57.3807]]],[[[16.5767,57.1161],[16.5699,57.1271],[16.5849,57.1179],[16.5767,57.1161]]],[[[19.7805,60.3503],[19.7731,60.3579],[19.7879,60.3559],[19.7805,60.3503]]],[[[11.6165,58.2567],[11.6115,58.2423],[11.6085,58.2447],[11.6165,58.2567]]],[[[25.2535,60.2183],[25.2261,60.2127],[25.2227,60.2189],[25.2535,60.2183]]],[[[21.0879,60.3929],[21.0723,60.3843],[21.0863,60.3957],[21.0879,60.3929]]],[[[24.6183,60.0625],[24.6071,60.0655],[24.6321,60.0685],[24.6183,60.0625]]],[[[13.1297,54.3091],[13.1127,54.3099],[13.1143,54.3137],[13.1297,54.3091]]],[[[21.5805,60.1009],[21.5735,60.0919],[21.5605,60.0921],[21.5805,60.1009]]],[[[28.4517,60.6113],[28.4565,60.6193],[28.4629,60.6147],[28.4517,60.6113]]],[[[22.2427,60.1415],[22.2149,60.1335],[22.2111,60.1347],[22.2427,60.1415]]],[[[16.8943,58.3671],[16.8821,58.3643],[16.8919,58.3757],[16.8943,58.3671]]],[[[27.0959,60.5085],[27.0911,60.4981],[27.0831,60.4985],[27.0959,60.5085]]],[[[21.2413,60.3097],[21.2291,60.3037],[21.2255,60.3155],[21.2413,60.3097]]],[[[18.8949,59.6881],[18.9131,59.6923],[18.9261,59.6859],[18.8949,59.6881]]],[[[10.3685,59.1167],[10.3545,59.1149],[10.3647,59.1235],[10.3685,59.1167]]],[[[31.6949,46.2729],[31.6791,46.2607],[31.6761,46.2631],[31.6949,46.2729]]],[[[25.3399,60.1701],[25.3481,60.1761],[25.3595,60.1707],[25.3399,60.1701]]],[[[20.7141,60.2379],[20.7167,60.2527],[20.7273,60.2429],[20.7141,60.2379]]],[[[23.1909,58.7525],[23.1799,58.7593],[23.1915,58.7549],[23.1909,58.7525]]],[[[18.1867,59.0351],[18.1851,59.0427],[18.2031,59.0367],[18.1867,59.0351]]],[[[21.1799,60.9541],[21.1761,60.9453],[21.1665,60.9545],[21.1799,60.9541]]],[[[11.3911,58.2433],[11.3837,58.2337],[11.3799,58.2405],[11.3911,58.2433]]],[[[21.2907,60.2191],[21.2797,60.2285],[21.3029,60.2275],[21.2907,60.2191]]],[[[15.7835,56.0589],[15.7741,56.0461],[15.7713,56.0525],[15.7835,56.0589]]],[[[17.9937,58.9621],[17.9763,58.9529],[17.9753,58.9567],[17.9937,58.9621]]],[[[24.6841,60.1065],[24.6633,60.0967],[24.6609,60.0985],[24.6841,60.1065]]],[[[22.1355,63.4557],[22.1387,63.4671],[22.1423,63.4617],[22.1355,63.4557]]],[[[19.9599,60.0487],[19.9521,60.0555],[19.9771,60.0523],[19.9599,60.0487]]],[[[10.3257,59.5311],[10.3257,59.5157],[10.3171,59.5331],[10.3257,59.5311]]],[[[27.7445,60.4669],[27.7377,60.4547],[27.7239,60.4647],[27.7445,60.4669]]],[[[25.1495,40.9999],[25.1371,41.0081],[25.1515,41.0031],[25.1495,40.9999]]],[[[18.6933,59.1361],[18.7007,59.1493],[18.7137,59.1455],[18.6933,59.1361]]],[[[28.0759,40.4625],[28.0703,40.4723],[28.0811,40.4681],[28.0759,40.4625]]],[[[9.7543,59.0275],[9.7503,59.0417],[9.7605,59.0321],[9.7543,59.0275]]],[[[28.4547,60.5667],[28.4447,60.5601],[28.4297,60.5691],[28.4547,60.5667]]],[[[25.1083,59.5967],[25.0853,59.6025],[25.0879,59.6089],[25.1083,59.5967]]],[[[21.3589,60.1813],[21.3583,60.1729],[21.3385,60.1771],[21.3589,60.1813]]],[[[27.5405,60.4473],[27.5395,60.4553],[27.5553,60.4499],[27.5405,60.4473]]],[[[16.7383,57.8575],[16.7529,57.8613],[16.7579,57.8579],[16.7383,57.8575]]],[[[10.3967,59.4843],[10.3799,59.4995],[10.4017,59.4847],[10.3967,59.4843]]],[[[21.9539,60.1489],[21.9437,60.1383],[21.9377,60.1405],[21.9539,60.1489]]],[[[23.7831,58.3335],[23.7803,58.3467],[23.7891,58.3311],[23.7831,58.3335]]],[[[22.7797,63.8955],[22.7797,63.9055],[22.7841,63.8963],[22.7797,63.8955]]],[[[16.8401,58.4111],[16.8315,58.4217],[16.8475,58.4189],[16.8401,58.4111]]],[[[21.3583,60.7903],[21.3591,60.7989],[21.3643,60.7893],[21.3583,60.7903]]],[[[18.9591,59.2853],[18.9759,59.2913],[18.9871,59.2877],[18.9591,59.2853]]],[[[21.8185,60.4745],[21.8007,60.4663],[21.8153,60.4769],[21.8185,60.4745]]],[[[8.6979,54.1377],[8.6959,54.1257],[8.6811,54.1341],[8.6979,54.1377]]],[[[22.1509,60.3895],[22.1255,60.3823],[22.1179,60.3853],[22.1509,60.3895]]],[[[18.9561,59.3609],[18.9627,59.3755],[18.9675,59.3729],[18.9561,59.3609]]],[[[11.3879,58.2885],[11.3877,58.2995],[11.3911,58.2917],[11.3879,58.2885]]],[[[22.9117,59.9017],[22.9047,59.8935],[22.8967,59.8979],[22.9117,59.9017]]],[[[16.0719,56.2563],[16.0691,56.2697],[16.0747,56.2595],[16.0719,56.2563]]],[[[21.8311,63.2845],[21.8187,63.2977],[21.8341,63.2885],[21.8311,63.2845]]],[[[21.7685,60.1135],[21.7727,60.1197],[21.7893,60.1159],[21.7685,60.1135]]],[[[23.4143,58.8317],[23.4023,58.8417],[23.4163,58.8383],[23.4143,58.8317]]],[[[12.3605,45.4581],[12.3479,45.4531],[12.3467,45.4621],[12.3605,45.4581]]],[[[21.3867,63.0579],[21.3681,63.0509],[21.3619,63.0577],[21.3867,63.0579]]],[[[22.4037,59.9745],[22.3917,59.9687],[22.3885,59.9797],[22.4037,59.9745]]],[[[21.8401,60.3697],[21.8319,60.3759],[21.8569,60.3713],[21.8401,60.3697]]],[[[11.3201,54.9661],[11.3065,54.9615],[11.3047,54.9691],[11.3201,54.9661]]],[[[3.9231,51.7337],[3.9215,51.7411],[3.9349,51.7345],[3.9231,51.7337]]],[[[20.5887,60.0755],[20.5845,60.0837],[20.6085,60.0753],[20.5887,60.0755]]],[[[21.8105,60.0997],[21.7915,60.0971],[21.7839,60.1001],[21.8105,60.0997]]],[[[49.027,39.1856],[49.0289,39.1959],[49.0303,39.1847],[49.027,39.1856]]],[[[11.3813,55.1883],[11.3719,55.1843],[11.3575,55.1913],[11.3813,55.1883]]],[[[18.5013,59.0675],[18.4897,59.0635],[18.4965,59.0745],[18.5013,59.0675]]],[[[22.5153,60.2457],[22.4989,60.2405],[22.4979,60.2447],[22.5153,60.2457]]],[[[8.5577,54.4633],[8.5561,54.4727],[8.5685,54.4683],[8.5577,54.4633]]],[[[21.3769,60.0795],[21.3745,60.0709],[21.3619,60.0777],[21.3769,60.0795]]],[[[15.1757,56.1343],[15.1721,56.1423],[15.1847,56.1383],[15.1757,56.1343]]],[[[27.0815,60.4133],[27.0743,60.4243],[27.0893,60.4165],[27.0815,60.4133]]],[[[6.8717,53.5967],[6.8695,53.6039],[6.8749,53.6007],[6.8717,53.5967]]],[[[20.8343,60.0317],[20.8315,60.0429],[20.8417,60.0351],[20.8343,60.0317]]],[[[22.0941,63.4263],[22.0967,63.4397],[22.1015,63.4379],[22.0941,63.4263]]],[[[22.9311,60.0705],[22.9257,60.0643],[22.9095,60.0701],[22.9311,60.0705]]],[[[15.4293,56.1305],[15.4207,56.1235],[15.4147,56.1293],[15.4293,56.1305]]],[[[21.4079,63.0825],[21.3925,63.0751],[21.3861,63.0809],[21.3943,63.0871],[21.4079,63.0825]]],[[[21.4837,60.3121],[21.4807,60.3027],[21.4679,60.3055],[21.4837,60.3121]]],[[[12.2055,45.2849],[12.2137,45.2905],[12.2141,45.2817],[12.2055,45.2849]]],[[[21.4355,60.3045],[21.4301,60.3193],[21.4391,60.3163],[21.4355,60.3045]]],[[[11.1325,59.1477],[11.1289,59.1349],[11.1209,59.1399],[11.1325,59.1477]]],[[[21.8791,60.1341],[21.8871,60.1431],[21.9033,60.1435],[21.8791,60.1341]]],[[[11.7045,57.8253],[11.6921,57.8223],[11.6811,57.8249],[11.7045,57.8253]]],[[[25.2935,60.2263],[25.2855,60.2383],[25.3061,60.2319],[25.2935,60.2263]]],[[[21.5219,61.3931],[21.5157,61.3837],[21.5087,61.3897],[21.5219,61.3931]]],[[[21.4931,60.2753],[21.4817,60.2657],[21.4845,60.2735],[21.4931,60.2753]]],[[[21.7431,60.2143],[21.7307,60.2069],[21.7253,60.2141],[21.7431,60.2143]]],[[[21.7055,60.2785],[21.6941,60.2713],[21.6903,60.2739],[21.7055,60.2785]]],[[[14.2533,53.7001],[14.2609,53.7085],[14.2709,53.7055],[14.2533,53.7001]]],[[[18.7063,59.5913],[18.6921,59.5909],[18.7085,59.6009],[18.7063,59.5913]]],[[[19.6129,60.4119],[19.6073,60.4203],[19.6127,60.4203],[19.6129,60.4119]]],[[[21.1597,60.3543],[21.1515,60.3441],[21.1487,60.3463],[21.1597,60.3543]]],[[[20.5175,60.1439],[20.5075,60.1421],[20.5279,60.1519],[20.5175,60.1439]]],[[[11.6175,57.9267],[11.6171,57.9351],[11.6295,57.9333],[11.6175,57.9267]]],[[[23.5239,64.0787],[23.5273,64.0881],[23.5353,64.0809],[23.5239,64.0787]]],[[[10.4797,54.8873],[10.4961,54.8895],[10.5127,54.8847],[10.4797,54.8873]]],[[[23.0023,60.1111],[22.9945,60.1013],[22.9911,60.1025],[23.0023,60.1111]]],[[[13.2891,45.7303],[13.2789,45.7281],[13.2811,45.7379],[13.2891,45.7303]]],[[[19.0445,59.6897],[19.0295,59.6801],[19.0233,59.6855],[19.0445,59.6897]]],[[[12.3347,45.4213],[12.3447,45.4297],[12.3467,45.4271],[12.3347,45.4213]]],[[[9.8915,55.2507],[9.8823,55.2441],[9.8695,55.2543],[9.8915,55.2507]]],[[[20.9419,60.3471],[20.9495,60.3553],[20.9507,60.3527],[20.9419,60.3471]]],[[[23.8555,59.9203],[23.8639,59.9291],[23.8741,59.9261],[23.8555,59.9203]]],[[[17.4477,60.7407],[17.4553,60.7515],[17.4617,60.7455],[17.4477,60.7407]]],[[[12.1861,45.3017],[12.1875,45.3121],[12.1919,45.3009],[12.1861,45.3017]]],[[[21.2503,60.0689],[21.2425,60.0711],[21.2621,60.0797],[21.2503,60.0689]]],[[[25.2217,65.2633],[25.1995,65.2571],[25.2001,65.2623],[25.2217,65.2633]]],[[[21.6275,60.4931],[21.6243,60.4809],[21.6187,60.4849],[21.6275,60.4931]]],[[[27.0727,60.4279],[27.0739,60.4407],[27.0829,60.4273],[27.0727,60.4279]]],[[[21.9335,60.2279],[21.9147,60.2273],[21.9245,60.2347],[21.9335,60.2279]]],[[[21.4241,62.9973],[21.4117,62.9927],[21.3973,62.9969],[21.4241,62.9973]]],[[[21.1209,60.1655],[21.1283,60.1707],[21.1337,60.1651],[21.1209,60.1655]]],[[[21.0909,63.2629],[21.0971,63.2705],[21.1097,63.2639],[21.0909,63.2629]]],[[[20.3613,60.1797],[20.3639,60.1933],[20.3759,60.1883],[20.3613,60.1797]]],[[[20.3283,60.2677],[20.3227,60.2565],[20.3201,60.2503],[20.3283,60.2677]]],[[[13.4379,45.7083],[13.4313,45.6975],[13.4285,45.7117],[13.4379,45.7083]]],[[[11.6485,57.9383],[11.6369,57.9443],[11.6635,57.9405],[11.6485,57.9383]]],[[[17.4917,58.7753],[17.4769,58.7713],[17.4825,58.7773],[17.4917,58.7753]]],[[[23.6323,64.1527],[23.6347,64.1589],[23.6519,64.1455],[23.6323,64.1527]]],[[[22.4277,59.8325],[22.4189,59.8411],[22.4301,59.8375],[22.4277,59.8325]]],[[[11.8107,57.6357],[11.8059,57.6227],[11.7991,57.6271],[11.8107,57.6357]]],[[[18.7705,59.5685],[18.7799,59.5623],[18.7679,59.5655],[18.7705,59.5685]]],[[[16.9855,58.2811],[16.9779,58.2703],[16.9733,58.2735],[16.9855,58.2811]]],[[[16.7117,57.5613],[16.7031,57.5529],[16.7015,57.5557],[16.7117,57.5613]]],[[[12.5607,45.5489],[12.5485,45.5545],[12.5605,45.5509],[12.5607,45.5489]]],[[[21.9167,60.1253],[21.9135,60.1159],[21.9081,60.1183],[21.9167,60.1253]]],[[[23.8877,59.9247],[23.8841,59.9359],[23.8931,59.9301],[23.8877,59.9247]]],[[[21.2987,62.1327],[21.2955,62.1167],[21.2945,62.1317],[21.2987,62.1327]]],[[[26.3515,60.3751],[26.3637,60.3659],[26.3443,60.3697],[26.3515,60.3751]]],[[[22.0533,63.3343],[22.0415,63.3239],[22.0361,63.3295],[22.0533,63.3343]]],[[[29.7837,45.4453],[29.7765,45.4469],[29.7809,45.4513],[29.7837,45.4453]]],[[[4.3607,51.7167],[4.3485,51.7235],[4.3611,51.7183],[4.3607,51.7167]]],[[[16.5781,57.3059],[16.5721,57.3167],[16.5865,57.3077],[16.5781,57.3059]]],[[[21.4381,61.2113],[21.4361,61.2193],[21.4517,61.2095],[21.4381,61.2113]]],[[[18.8539,59.2067],[18.8651,59.2123],[18.8677,59.2025],[18.8539,59.2067]]],[[[27.8517,60.4957],[27.8505,60.5061],[27.8563,60.5023],[27.8517,60.4957]]],[[[11.7803,58.0571],[11.7711,58.0685],[11.7877,58.0633],[11.7803,58.0571]]],[[[20.3045,60.1667],[20.3015,60.1795],[20.3103,60.1675],[20.3045,60.1667]]],[[[10.5095,59.1867],[10.5089,59.1991],[10.5197,59.1919],[10.5095,59.1867]]],[[[21.7389,60.1051],[21.7295,60.1003],[21.7199,60.1037],[21.7389,60.1051]]],[[[19.7071,60.2955],[19.7187,60.2973],[19.7155,60.2907],[19.7071,60.2955]]],[[[22.8445,60.0347],[22.8413,60.0465],[22.8467,60.0441],[22.8445,60.0347]]],[[[10.7403,59.2785],[10.7423,59.2665],[10.7327,59.2663],[10.7403,59.2785]]],[[[22.1855,60.1299],[22.1749,60.1291],[22.2029,60.1333],[22.1855,60.1299]]],[[[21.8869,60.0163],[21.8811,60.0065],[21.8729,60.0101],[21.8869,60.0163]]],[[[21.4587,61.6275],[21.4667,61.6333],[21.4695,61.6299],[21.4587,61.6275]]],[[[21.3309,61.8453],[21.3331,61.8573],[21.3449,61.8509],[21.3309,61.8453]]],[[[21.4255,60.6151],[21.4223,60.6083],[21.4067,60.6157],[21.4255,60.6151]]],[[[18.7167,59.1829],[18.7011,59.1727],[18.6963,59.1757],[18.7167,59.1829]]],[[[13.3513,45.6899],[13.3681,45.6873],[13.3699,45.6827],[13.3513,45.6899]]],[[[21.5041,60.1589],[21.4895,60.1517],[21.4903,60.1547],[21.5041,60.1589]]],[[[20.9921,60.3619],[20.9871,60.3747],[20.9977,60.3663],[20.9921,60.3619]]],[[[27.1581,60.2933],[27.1451,60.2833],[27.1359,60.2855],[27.1581,60.2933]]],[[[12.2303,45.3937],[12.2295,45.4001],[12.2465,45.3929],[12.2303,45.3937]]],[[[20.2779,60.4227],[20.2625,60.4175],[20.2759,60.4255],[20.2779,60.4227]]],[[[10.7625,55.9433],[10.7687,55.9491],[10.7729,55.9455],[10.7625,55.9433]]],[[[21.5881,60.3403],[21.5887,60.3309],[21.5759,60.3401],[21.5881,60.3403]]],[[[22.2833,60.3385],[22.2927,60.3275],[22.2861,60.3273],[22.2833,60.3385]]],[[[11.5715,57.9335],[11.5675,57.9423],[11.5849,57.9341],[11.5715,57.9335]]],[[[11.9073,57.5873],[11.9189,57.5959],[11.9225,57.5905],[11.9073,57.5873]]],[[[20.4423,60.3359],[20.4335,60.3213],[20.4297,60.3257],[20.4423,60.3359]]],[[[18.4279,59.1271],[18.4261,59.1147],[18.4135,59.1179],[18.4279,59.1271]]],[[[17.5571,60.6551],[17.5611,60.6635],[17.5699,60.6607],[17.5571,60.6551]]],[[[22.4693,60.3893],[22.4481,60.3831],[22.4675,60.3933],[22.4693,60.3893]]],[[[21.0001,60.6475],[20.9919,60.6529],[21.0001,60.6567],[21.0001,60.6475]]],[[[21.4469,60.2575],[21.4471,60.2679],[21.4561,60.2639],[21.4469,60.2575]]],[[[16.4975,56.9409],[16.4995,56.9299],[16.4897,56.9347],[16.4975,56.9409]]],[[[19.4785,60.2729],[19.4813,60.2833],[19.4853,60.2701],[19.4785,60.2729]]],[[[21.5139,61.7657],[21.5239,61.7561],[21.5031,61.7671],[21.5139,61.7657]]],[[[18.9875,59.3681],[18.9849,59.3783],[18.9935,59.3741],[18.9875,59.3681]]],[[[21.4305,60.3299],[21.4105,60.3371],[21.4361,60.3335],[21.4305,60.3299]]],[[[17.0249,58.2653],[17.0287,58.2571],[17.0143,58.2493],[17.0249,58.2653]]],[[[21.9621,60.0873],[21.9615,60.0925],[21.9823,60.0879],[21.9621,60.0873]]],[[[10.4785,54.9239],[10.4905,54.9141],[10.4751,54.9169],[10.4785,54.9239]]],[[[9.2489,53.8667],[9.2535,53.8707],[9.2555,53.8683],[9.2489,53.8667]]],[[[11.5795,57.8857],[11.5851,57.8899],[11.5899,57.8859],[11.5795,57.8857]]],[[[20.2973,59.9731],[20.3035,59.9849],[20.3063,59.9783],[20.2973,59.9731]]],[[[18.0845,59.0253],[18.0757,59.0333],[18.0935,59.0367],[18.0845,59.0253]]],[[[17.6073,58.8609],[17.5955,58.8683],[17.6173,58.8639],[17.6073,58.8609]]],[[[21.1599,60.3765],[21.1635,60.3867],[21.1683,60.3767],[21.1599,60.3765]]],[[[12.2303,45.3605],[12.2361,45.3667],[12.2407,45.3545],[12.2303,45.3605]]],[[[21.4159,62.9417],[21.4101,62.9323],[21.4071,62.9421],[21.4159,62.9417]]],[[[21.5757,61.6283],[21.5687,61.6223],[21.5563,61.6243],[21.5757,61.6283]]],[[[21.1823,60.3865],[21.1789,60.3757],[21.1769,60.3845],[21.1823,60.3865]]],[[[20.7395,60.2089],[20.7427,60.2153],[20.7613,60.2135],[20.7395,60.2089]]],[[[18.7067,59.4175],[18.6903,59.4145],[18.6863,59.4209],[18.7067,59.4175]]],[[[27.4615,60.4069],[27.4529,60.4093],[27.4663,60.4087],[27.4615,60.4069]]],[[[11.7985,58.2803],[11.8013,58.2697],[11.7905,58.2761],[11.7985,58.2803]]],[[[22.0801,60.1337],[22.0987,60.1363],[22.1047,60.1335],[22.0801,60.1337]]],[[[22.4765,59.8517],[22.4629,59.8469],[22.4737,59.8561],[22.4765,59.8517]]],[[[21.4187,60.1115],[21.4047,60.1101],[21.4087,60.1173],[21.4187,60.1115]]],[[[16.6545,57.8183],[16.6437,57.8207],[16.6523,57.8277],[16.6545,57.8183]]],[[[12.5281,45.5479],[12.5255,45.5577],[12.5339,45.5479],[12.5281,45.5479]]],[[[21.0957,60.3651],[21.0931,60.3815],[21.0983,60.3665],[21.0957,60.3651]]],[[[21.5185,60.2275],[21.5101,60.2201],[21.5093,60.2233],[21.5185,60.2275]]],[[[21.8213,60.2835],[21.8157,60.2745],[21.8111,60.2771],[21.8213,60.2835]]],[[[27.3505,60.4609],[27.3433,60.4723],[27.3547,60.4651],[27.3505,60.4609]]],[[[21.5671,60.4039],[21.5721,60.4119],[21.5767,60.4071],[21.5671,60.4039]]],[[[20.2993,60.4159],[20.3015,60.4039],[20.2923,60.4077],[20.2993,60.4159]]],[[[21.1833,60.3331],[21.1915,60.3449],[21.1995,60.3357],[21.1833,60.3331]]],[[[21.8983,60.1179],[21.8973,60.1247],[21.9021,60.1217],[21.8983,60.1179]]],[[[26.7759,60.4629],[26.7661,60.4581],[26.7573,60.4701],[26.7759,60.4629]]],[[[12.2195,45.2961],[12.2257,45.3053],[12.2275,45.3031],[12.2195,45.2961]]],[[[19.6251,60.1559],[19.6249,60.1659],[19.6349,60.1601],[19.6251,60.1559]]],[[[21.5269,61.7447],[21.5443,61.7499],[21.5489,61.7473],[21.5269,61.7447]]],[[[12.3855,45.4433],[12.3735,45.4395],[12.3847,45.4467],[12.3855,45.4433]]],[[[18.6097,60.3089],[18.6009,60.3185],[18.6163,60.3127],[18.6097,60.3089]]],[[[18.8245,59.3743],[18.8281,59.3839],[18.8315,59.3757],[18.8245,59.3743]]],[[[21.6683,60.2585],[21.6507,60.2557],[21.6501,60.2585],[21.6683,60.2585]]],[[[26.2215,60.3887],[26.2051,60.3911],[26.2191,60.3949],[26.2215,60.3887]]],[[[21.4079,60.3323],[21.3991,60.3269],[21.3915,60.3327],[21.4079,60.3323]]],[[[8.7087,54.1619],[8.7077,54.1723],[8.7163,54.1709],[8.7087,54.1619]]],[[[19.1901,59.6653],[19.1927,59.6759],[19.2071,59.6679],[19.1901,59.6653]]],[[[18.9251,59.6619],[18.9261,59.6677],[18.9477,59.6711],[18.9251,59.6619]]],[[[20.7557,60.2687],[20.7433,60.2597],[20.7433,60.2675],[20.7557,60.2687]]],[[[21.0313,60.3959],[21.0235,60.3855],[21.0209,60.3889],[21.0313,60.3959]]],[[[21.6813,59.9069],[21.6907,59.9161],[21.6931,59.9091],[21.6813,59.9069]]],[[[16.6983,57.4325],[16.7023,57.4397],[16.7151,57.4371],[16.6983,57.4325]]],[[[22.0905,60.1381],[22.0795,60.1445],[22.0999,60.1433],[22.0905,60.1381]]],[[[10.4753,59.2021],[10.4621,59.2007],[10.4637,59.2055],[10.4753,59.2021]]],[[[21.2455,60.3619],[21.2443,60.3729],[21.2501,60.3647],[21.2455,60.3619]]],[[[21.8723,60.3439],[21.8671,60.3503],[21.8837,60.3461],[21.8723,60.3439]]],[[[19.1705,59.7425],[19.1753,59.7509],[19.1843,59.7433],[19.1705,59.7425]]],[[[11.3601,58.1275],[11.3517,58.1163],[11.3545,58.1271],[11.3601,58.1275]]],[[[21.9705,60.2141],[21.9667,60.2037],[21.9615,60.2121],[21.9705,60.2141]]],[[[10.3591,59.5213],[10.3465,59.5209],[10.3479,59.5231],[10.3591,59.5213]]],[[[21.8101,59.9801],[21.7969,59.9737],[21.8087,59.9817],[21.8101,59.9801]]],[[[21.1705,60.4471],[21.1871,60.4533],[21.1925,60.4503],[21.1705,60.4471]]],[[[18.7729,57.2785],[18.7611,57.2753],[18.7605,57.2785],[18.7729,57.2785]]],[[[8.9255,58.4741],[8.9093,58.4683],[8.9247,58.4819],[8.9255,58.4741]]],[[[18.9009,59.3857],[18.8937,59.3751],[18.8901,59.3779],[18.9009,59.3857]]],[[[25.4803,60.1813],[25.4761,60.1735],[25.4713,60.1747],[25.4803,60.1813]]],[[[27.3129,60.2781],[27.3177,60.2871],[27.3239,60.2829],[27.3129,60.2781]]],[[[21.2643,60.4005],[21.2531,60.4015],[21.2695,60.4029],[21.2643,60.4005]]],[[[20.6475,60.0395],[20.6335,60.0295],[20.6319,60.0317],[20.6475,60.0395]]],[[[16.6553,57.6471],[16.6429,57.6389],[16.6391,57.6413],[16.6553,57.6471]]],[[[11.6603,57.7297],[11.6523,57.7389],[11.6663,57.7349],[11.6603,57.7297]]],[[[21.2455,60.1763],[21.2387,60.1711],[21.2311,60.1735],[21.2455,60.1763]]],[[[24.4493,64.7049],[24.4305,64.6951],[24.4243,64.6989],[24.4493,64.7049]]],[[[20.7713,60.4109],[20.7665,60.4183],[20.7761,60.4255],[20.7713,60.4109]]],[[[18.6207,59.0875],[18.6159,59.0977],[18.6221,59.0953],[18.6207,59.0875]]],[[[25.5161,60.2125],[25.5005,60.2063],[25.4957,60.2089],[25.5161,60.2125]]],[[[21.3403,63.0981],[21.3441,63.0901],[21.3307,63.0939],[21.3403,63.0981]]],[[[27.4737,60.4215],[27.4637,60.4327],[27.4775,60.4235],[27.4737,60.4215]]],[[[20.8821,60.1883],[20.8785,60.2007],[20.8907,60.1841],[20.8821,60.1883]]],[[[10.7685,59.8745],[10.7613,59.8635],[10.7505,59.8659],[10.7685,59.8745]]],[[[18.8525,59.6801],[18.8517,59.6863],[18.8609,59.6847],[18.8525,59.6801]]],[[[22.6393,63.7783],[22.6339,63.7897],[22.6407,63.7811],[22.6393,63.7783]]],[[[16.9555,58.5129],[16.9553,58.5035],[16.9525,58.5103],[16.9555,58.5129]]],[[[21.6927,60.2477],[21.6805,60.2427],[21.6747,60.2477],[21.6927,60.2477]]],[[[21.3099,60.3041],[21.3119,60.3139],[21.3135,60.3069],[21.3099,60.3041]]],[[[16.6739,57.6427],[16.6661,57.6349],[16.6601,57.6433],[16.6739,57.6427]]],[[[10.7689,59.1003],[10.7671,59.1113],[10.7809,59.1045],[10.7689,59.1003]]],[[[21.2955,60.8353],[21.2841,60.8463],[21.3003,60.8391],[21.2955,60.8353]]],[[[27.1271,60.4229],[27.1169,60.4133],[27.1201,60.4229],[27.1271,60.4229]]],[[[22.6613,63.7411],[22.6619,63.7523],[22.6649,63.7443],[22.6613,63.7411]]],[[[21.0939,60.2895],[21.0731,60.2853],[21.0703,60.2867],[21.0939,60.2895]]],[[[13.7741,54.2107],[13.7751,54.1927],[13.7725,54.1911],[13.7741,54.2107]]],[[[22.2237,63.2627],[22.2271,63.2751],[22.2317,63.2603],[22.2237,63.2627]]],[[[25.6753,60.3635],[25.6819,60.3727],[25.6869,60.3697],[25.6753,60.3635]]],[[[11.2383,58.5363],[11.2267,58.5353],[11.2349,58.5427],[11.2383,58.5363]]],[[[19.8419,60.2691],[19.8639,60.2799],[19.8489,60.2641],[19.8419,60.2691]]],[[[20.4707,60.1673],[20.4687,60.1779],[20.4785,60.1733],[20.4707,60.1673]]],[[[24.1125,60.0219],[24.0977,60.0143],[24.0917,60.0173],[24.1125,60.0219]]],[[[16.7951,58.0885],[16.7949,58.0947],[16.8025,58.0883],[16.7951,58.0885]]],[[[10.5017,59.2025],[10.4893,59.1991],[10.4967,59.2077],[10.5017,59.2025]]],[[[11.1733,58.8651],[11.1755,58.8577],[11.1711,58.8587],[11.1733,58.8651]]],[[[11.0923,58.9515],[11.0887,58.9615],[11.0949,58.9567],[11.0923,58.9515]]],[[[21.4443,60.5649],[21.4313,60.5765],[21.4497,60.5693],[21.4443,60.5649]]],[[[25.8709,60.1967],[25.8621,60.1987],[25.8879,60.2029],[25.8709,60.1967]]],[[[21.3353,60.4079],[21.3375,60.4155],[21.3473,60.4123],[21.3353,60.4079]]],[[[11.4093,58.2317],[11.4001,58.2415],[11.4179,58.2387],[11.4093,58.2317]]],[[[21.1169,60.4979],[21.1061,60.5063],[21.1193,60.5003],[21.1169,60.4979]]],[[[21.3395,60.6605],[21.3371,60.6719],[21.3459,60.6605],[21.3395,60.6605]]],[[[11.6725,58.2601],[11.6739,58.2737],[11.6769,58.2695],[11.6725,58.2601]]],[[[11.1509,58.7475],[11.1429,58.7469],[11.1627,58.7563],[11.1509,58.7475]]],[[[25.9853,60.2257],[25.9633,60.2185],[25.9603,60.2213],[25.9853,60.2257]]],[[[10.5505,59.2071],[10.5447,59.2127],[10.5657,59.2079],[10.5505,59.2071]]],[[[16.5675,57.5823],[16.5601,57.5901],[16.5749,57.5837],[16.5675,57.5823]]],[[[9.7715,59.0199],[9.7799,59.0217],[9.7783,59.0163],[9.7715,59.0199]]],[[[18.4925,59.4271],[18.4807,59.4335],[18.4963,59.4287],[18.4925,59.4271]]],[[[18.6451,59.0907],[18.6531,59.1019],[18.6569,59.0973],[18.6451,59.0907]]],[[[12.1991,45.2927],[12.1861,45.2909],[12.1973,45.2953],[12.1991,45.2927]]],[[[15.4071,56.1401],[15.4037,56.1505],[15.4125,56.1491],[15.4071,56.1401]]],[[[11.7973,57.6405],[11.8043,57.6511],[11.8105,57.6455],[11.7973,57.6405]]],[[[28.6639,60.5161],[28.6669,60.5243],[28.6781,60.5181],[28.6639,60.5161]]],[[[23.6109,59.9049],[23.6071,59.9143],[23.6211,59.9047],[23.6109,59.9049]]],[[[10.5301,59.0561],[10.5235,59.0699],[10.5311,59.0637],[10.5301,59.0561]]],[[[21.6063,63.2553],[21.6061,63.2673],[21.6121,63.2625],[21.6063,63.2553]]],[[[18.5977,59.1285],[18.5819,59.1261],[18.5971,59.1339],[18.5977,59.1285]]],[[[12.2459,45.3637],[12.2435,45.3737],[12.2557,45.3625],[12.2459,45.3637]]],[[[21.3819,61.6755],[21.3777,61.6851],[21.3879,61.6753],[21.3819,61.6755]]],[[[18.5735,59.1239],[18.5577,59.1107],[18.5525,59.1119],[18.5735,59.1239]]],[[[29.6329,44.8691],[29.6257,44.8557],[29.6291,44.8719],[29.6329,44.8691]]],[[[13.1697,54.5085],[13.1587,54.5071],[13.1579,54.5123],[13.1697,54.5085]]],[[[21.6913,60.5635],[21.6959,60.5723],[21.6995,60.5577],[21.6913,60.5635]]],[[[27.0307,60.4931],[27.0301,60.5055],[27.0331,60.4993],[27.0307,60.4931]]],[[[19.6351,60.2991],[19.6405,60.3093],[19.6411,60.3005],[19.6351,60.2991]]],[[[7.6169,57.9667],[7.6139,57.9757],[7.6277,57.9749],[7.6169,57.9667]]],[[[18.3063,59.0797],[18.2873,59.0765],[18.2775,59.0771],[18.3063,59.0797]]],[[[18.7987,59.3835],[18.7973,59.3895],[18.8003,59.3867],[18.7987,59.3835]]],[[[13.9283,54.2507],[13.9169,54.2413],[13.9131,54.2419],[13.9283,54.2507]]],[[[18.6779,59.4701],[18.6893,59.4819],[18.6937,59.4799],[18.6779,59.4701]]],[[[19.1701,59.6861],[19.1753,59.6911],[19.1769,59.6885],[19.1701,59.6861]]],[[[21.6993,60.3885],[21.7021,60.3967],[21.7083,60.3883],[21.6993,60.3885]]],[[[11.6925,57.6895],[11.6923,57.7007],[11.6989,57.6907],[11.6925,57.6895]]],[[[11.2173,58.3275],[11.2235,58.3421],[11.2255,58.3381],[11.2173,58.3275]]],[[[7.5887,57.9871],[7.5881,57.9929],[7.6019,57.9883],[7.5887,57.9871]]],[[[21.2539,59.9941],[21.2405,59.9945],[21.2429,59.9989],[21.2539,59.9941]]],[[[21.4007,62.9305],[21.4029,62.9201],[21.3951,62.9279],[21.4007,62.9305]]],[[[24.3669,60.0017],[24.3669,60.0133],[24.3731,60.0147],[24.3669,60.0017]]],[[[22.5123,60.0089],[22.5137,60.0033],[22.5089,60.0055],[22.5123,60.0089]]],[[[26.9621,60.3699],[26.9617,60.3791],[26.9649,60.3743],[26.9621,60.3699]]],[[[16.8457,58.1249],[16.8491,58.1355],[16.8569,58.1329],[16.8457,58.1249]]],[[[20.5225,60.2699],[20.5127,60.2585],[20.5111,60.2661],[20.5225,60.2699]]],[[[10.5463,59.6965],[10.5473,59.7087],[10.5497,59.6973],[10.5463,59.6965]]],[[[12.2019,45.3461],[12.1935,45.3423],[12.2023,45.3497],[12.2019,45.3461]]],[[[22.8245,63.8605],[22.8141,63.8689],[22.8361,63.8643],[22.8245,63.8605]]],[[[21.3235,60.7739],[21.3143,60.7683],[21.3131,60.7751],[21.3235,60.7739]]],[[[22.6193,59.9369],[22.6049,59.9455],[22.6223,59.9385],[22.6193,59.9369]]],[[[22.6401,60.0085],[22.6483,60.0141],[22.6527,60.0121],[22.6401,60.0085]]],[[[7.5823,57.9835],[7.5907,57.9761],[7.5791,57.9807],[7.5823,57.9835]]],[[[21.5201,60.5675],[21.5041,60.5735],[21.5231,60.5693],[21.5201,60.5675]]],[[[24.0267,60.0145],[24.0179,60.0145],[24.0433,60.0191],[24.0267,60.0145]]],[[[22.8719,60.0715],[22.8633,60.0771],[22.8837,60.0755],[22.8719,60.0715]]],[[[16.6283,57.8917],[16.6301,57.8845],[16.6191,57.8909],[16.6283,57.8917]]],[[[21.0247,60.5257],[21.0245,60.5359],[21.0359,60.5273],[21.0247,60.5257]]],[[[20.6127,60.3917],[20.6133,60.3989],[20.6295,60.3919],[20.6127,60.3917]]],[[[10.9617,58.9763],[10.9533,58.9883],[10.9653,58.9817],[10.9617,58.9763]]],[[[20.2803,60.3583],[20.2775,60.3469],[20.2729,60.3503],[20.2803,60.3583]]],[[[21.2963,62.0711],[21.2891,62.0843],[21.2979,62.0821],[21.2963,62.0711]]],[[[18.6265,60.1699],[18.6179,60.1789],[18.6353,60.1703],[18.6265,60.1699]]],[[[17.5195,58.8061],[17.5209,58.8179],[17.5279,58.8081],[17.5195,58.8061]]],[[[18.6117,59.4303],[18.6091,59.4391],[18.6209,59.4309],[18.6117,59.4303]]],[[[21.7525,60.4203],[21.7527,60.4277],[21.7613,60.4207],[21.7525,60.4203]]],[[[25.1371,65.1371],[25.1241,65.1317],[25.1283,65.1427],[25.1371,65.1371]]],[[[28.5363,60.6501],[28.5317,60.6607],[28.5415,60.6539],[28.5363,60.6501]]],[[[22.4063,60.1383],[22.3891,60.1301],[22.3879,60.1321],[22.4063,60.1383]]],[[[12.8283,55.8605],[12.8227,55.8539],[12.8163,55.8637],[12.8283,55.8605]]],[[[12.2327,45.2889],[12.2209,45.2825],[12.2193,45.2843],[12.2327,45.2889]]],[[[22.0955,60.1559],[22.0785,60.1505],[22.0729,60.1519],[22.0955,60.1559]]],[[[18.7543,59.4935],[18.7319,59.4905],[18.7291,59.4925],[18.7543,59.4935]]],[[[8.7285,54.4675],[8.7355,54.4729],[8.7491,54.4725],[8.7285,54.4675]]],[[[21.2171,60.8265],[21.2135,60.8383],[21.2231,60.8265],[21.2171,60.8265]]],[[[22.4755,58.1509],[22.4693,58.1361],[22.4657,58.1375],[22.4755,58.1509]]],[[[21.7161,60.3357],[21.7411,60.3353],[21.7433,60.3333],[21.7161,60.3357]]],[[[18.4647,59.2967],[18.4761,59.2987],[18.4835,59.2939],[18.4647,59.2967]]],[[[22.9655,60.3207],[22.9867,60.3283],[22.9727,60.3185],[22.9655,60.3207]]],[[[19.3401,60.1979],[19.3533,60.1989],[19.3487,60.1895],[19.3401,60.1979]]],[[[10.9815,55.3343],[10.9573,55.3293],[10.9563,55.3311],[10.9815,55.3343]]],[[[10.4839,59.4365],[10.4855,59.4477],[10.4889,59.4453],[10.4839,59.4365]]],[[[18.5325,59.0839],[18.5291,59.0721],[18.5223,59.0803],[18.5325,59.0839]]],[[[11.1399,58.7297],[11.1385,58.7381],[11.1433,58.7317],[11.1399,58.7297]]],[[[21.3697,60.6491],[21.3581,60.6635],[21.3717,60.6525],[21.3697,60.6491]]],[[[18.7115,59.4461],[18.7281,59.4521],[18.7285,59.4481],[18.7115,59.4461]]],[[[11.4981,54.0231],[11.4973,54.0321],[11.5025,54.0301],[11.4981,54.0231]]],[[[21.2209,62.9033],[21.2151,62.9113],[21.2339,62.9053],[21.2209,62.9033]]],[[[33.5299,45.8737],[33.5391,45.8831],[33.5429,45.8817],[33.5299,45.8737]]],[[[12.2165,45.3751],[12.2103,45.3841],[12.2203,45.3843],[12.2165,45.3751]]],[[[22.0405,63.2561],[22.0387,63.2661],[22.0439,63.2565],[22.0405,63.2561]]],[[[20.9321,60.0287],[20.9195,60.0231],[20.9309,60.0323],[20.9321,60.0287]]],[[[12.2025,45.3009],[12.2147,45.3113],[12.2177,45.3095],[12.2025,45.3009]]],[[[19.7803,60.3727],[19.7853,60.3793],[19.7843,60.3647],[19.7803,60.3727]]],[[[16.7779,58.3697],[16.7845,58.3807],[16.7895,58.3731],[16.7779,58.3697]]],[[[21.5249,63.1313],[21.5071,63.1323],[21.5063,63.1381],[21.5249,63.1313]]],[[[16.9543,58.3213],[16.9565,58.3135],[16.9485,58.3201],[16.9543,58.3213]]],[[[18.3247,59.1181],[18.3031,59.1113],[18.3017,59.1133],[18.3247,59.1181]]],[[[25.0533,60.0989],[25.0657,60.1061],[25.0737,60.1051],[25.0533,60.0989]]],[[[20.7229,60.2609],[20.7343,60.2683],[20.7319,60.2557],[20.7229,60.2609]]],[[[28.6521,60.6043],[28.6469,60.6165],[28.6571,60.6045],[28.6521,60.6043]]],[[[17.4779,58.6861],[17.4813,58.6927],[17.4893,58.6815],[17.4779,58.6861]]],[[[22.2417,63.3147],[22.2443,63.3237],[22.2513,63.3103],[22.2417,63.3147]]],[[[18.8501,59.3213],[18.8631,59.3267],[18.8689,59.3209],[18.8501,59.3213]]],[[[11.2347,58.5915],[11.2289,58.6003],[11.2411,58.5895],[11.2347,58.5915]]],[[[18.5269,57.1257],[18.5125,57.1215],[18.5287,57.1277],[18.5269,57.1257]]],[[[10.3371,55.0399],[10.3285,55.0365],[10.3423,55.0465],[10.3371,55.0399]]],[[[18.6271,59.0951],[18.6355,59.0909],[18.6303,59.0859],[18.6271,59.0951]]],[[[18.7819,59.6637],[18.7743,59.6681],[18.7917,59.6707],[18.7819,59.6637]]],[[[21.2613,62.2975],[21.2565,62.2997],[21.2719,62.3111],[21.2613,62.2975]]],[[[22.4283,60.1349],[22.4163,60.1347],[22.4279,60.1377],[22.4283,60.1349]]],[[[11.0555,54.8475],[11.0591,54.8585],[11.0641,54.8517],[11.0555,54.8475]]],[[[21.6639,60.4829],[21.6691,60.4895],[21.6733,60.4831],[21.6639,60.4829]]],[[[19.5431,60.2747],[19.5349,60.2757],[19.5381,60.2809],[19.5431,60.2747]]],[[[18.7283,59.2397],[18.7309,59.2275],[18.7225,59.2343],[18.7283,59.2397]]],[[[10.7145,55.9341],[10.6975,55.9269],[10.6945,55.9285],[10.7145,55.9341]]],[[[3.9747,51.7987],[3.9617,51.7973],[3.9621,51.8013],[3.9747,51.7987]]],[[[16.9253,58.2279],[16.9287,58.2313],[16.9405,58.2287],[16.9253,58.2279]]],[[[11.6509,54.9081],[11.6327,54.9031],[11.6401,54.9095],[11.6509,54.9081]]],[[[13.1177,54.5415],[13.1253,54.5495],[13.1257,54.5445],[13.1177,54.5415]]],[[[21.3365,60.5743],[21.3235,60.5709],[21.3229,60.5737],[21.3365,60.5743]]],[[[11.2179,58.3467],[11.2161,58.3563],[11.2261,58.3515],[11.2179,58.3467]]],[[[12.2489,45.3807],[12.2451,45.3881],[12.2545,45.3867],[12.2489,45.3807]]],[[[21.5493,60.3221],[21.5475,60.3283],[21.5529,60.3251],[21.5493,60.3221]]],[[[28.5993,60.6517],[28.6039,60.6599],[28.6115,60.6587],[28.5993,60.6517]]],[[[22.6659,59.9381],[22.6633,59.9455],[22.6701,59.9403],[22.6659,59.9381]]],[[[10.9669,59.0993],[10.9573,59.0947],[10.9633,59.1025],[10.9669,59.0993]]],[[[23.4289,59.8565],[23.4291,59.8641],[23.4363,59.8603],[23.4289,59.8565]]],[[[3.7253,51.6507],[3.7267,51.6569],[3.7323,51.6541],[3.7253,51.6507]]],[[[21.1963,60.3175],[21.1913,60.3101],[21.1911,60.3173],[21.1963,60.3175]]],[[[28.6759,60.5151],[28.6673,60.5095],[28.6645,60.5115],[28.6759,60.5151]]],[[[13.4099,45.7003],[13.4005,45.6949],[13.4099,45.7019],[13.4099,45.7003]]],[[[10.5757,59.1985],[10.5783,59.2019],[10.5781,59.1939],[10.5757,59.1985]]],[[[18.8105,59.1499],[18.8089,59.1561],[18.8183,59.1543],[18.8105,59.1499]]],[[[18.5389,59.0191],[18.5385,59.0259],[18.5485,59.0273],[18.5389,59.0191]]],[[[12.3187,44.8015],[12.3185,44.8027],[12.3401,44.7999],[12.3187,44.8015]]],[[[6.6355,58.2019],[6.6271,58.1957],[6.6259,58.1969],[6.6355,58.2019]]],[[[21.3821,60.7707],[21.3935,60.7709],[21.3931,60.7677],[21.3821,60.7707]]],[[[49.1804,46.2408],[49.1912,46.2257],[49.1877,46.2279],[49.1804,46.2408]]],[[[27.6683,40.4589],[27.6665,40.4537],[27.6641,40.4541],[27.6683,40.4589]]],[[[9.0669,58.6041],[9.0629,58.6085],[9.0699,58.6055],[9.0669,58.6041]]],[[[10.9879,59.0527],[10.9893,59.0559],[10.9981,59.0581],[10.9879,59.0527]]],[[[20.9985,60.2461],[21.0001,60.2519],[21.0001,60.2447],[20.9985,60.2461]]],[[[9.5535,59.1117],[9.5537,59.1181],[9.5581,59.1155],[9.5535,59.1117]]],[[[47.5346,43.7779],[47.5312,43.7747],[47.5354,43.7838],[47.5346,43.7779]]],[[[15.5403,43.8645],[15.5471,43.8627],[15.5471,43.8619],[15.5403,43.8645]]],[[[8.3117,55.4689],[8.3143,55.4707],[8.3135,55.4683],[8.3117,55.4689]]],[[[11.1271,59.1007],[11.1279,59.1009],[11.1275,59.1005],[11.1271,59.1007]]]]}}]}