{"type":"FeatureCollection","features":[{"type":"Feature","properties":{"birdlifeId":"22705001","scientificName":"Lanius collurio","rangeType":"wintering","speciesId":"avibase-F2CEFD1A","speciesName":"Red-backed Shrike","speciesLatin":"Lanius collurio"},"geometry":{"type":"MultiPolygon","coordinates":[[[[38.5419,18.0841],[38.8945,17.4609],[39.2351,16.0765],[39.7101,15.0903],[39.8703,15.4989],[40.1607,14.9787],[40.5211,15.0215],[40.7741,14.7049],[41.1839,14.6189],[41.6817,13.9435],[42.2275,13.6345],[42.3883,13.2029],[42.5453,13.2229],[42.7745,12.8451],[43.0759,12.8339],[43.4037,12.0491],[42.5225,11.5221],[43.1541,11.6123],[43.2491,11.4727],[43.4553,11.3517],[43.4721,11.3626],[43.5033,11.3707],[43.6868,10.9487],[44.2883,10.4315],[44.9435,10.4109],[45.8049,10.8687],[46.4565,10.6854],[46.6707,10.7487],[47.4113,11.1779],[49.4204,11.3357],[50.264,11.5846],[50.7826,11.9893],[51.2882,11.834],[51.0815,11.3179],[51.1707,10.5712],[51.0221,10.4332],[51.1943,10.5343],[51.4157,10.4421],[50.899,10.3129],[50.8282,9.4174],[49.8182,7.9201],[48.9165,5.9285],[47.9521,4.4651],[46.0054,2.4246],[44.6045,1.5965],[44.1329,1.1777],[44.0511,1.1269],[43.9383,1.0125],[43.7819,0.9087],[43.4861,0.6439],[42.611,-0.2732],[42.5574,-0.381],[42.521,-0.3762],[42.1782,-0.8096],[42.1087,-0.8446],[41.8423,-1.2224],[41.8301,-1.2643],[41.784,-1.3424],[41.7503,-1.3808],[41.5989,-1.6153],[41.5979,-1.643],[41.3149,-1.9583],[40.8477,-1.9753],[40.9107,-2.0105],[40.8565,-2.073],[40.9155,-2.0779],[40.9883,-2.2545],[40.9617,-2.3067],[40.7713,-2.2534],[40.7717,-2.4517],[40.1891,-2.7287],[40.2449,-2.9857],[39.7781,-3.5876],[39.8741,-3.6952],[39.5657,-4.0454],[39.5435,-4.432],[39.1971,-4.6726],[38.7821,-6.003],[38.8267,-6.4228],[39.5525,-7.0219],[39.2801,-7.5069],[39.2515,-7.818],[39.4423,-7.8155],[39.4491,-8.0066],[39.2683,-8.3224],[39.4815,-9.0973],[39.6169,-9.0719],[39.7081,-9.9818],[40.4021,-10.2998],[40.3953,-10.5244],[40.6401,-10.6858],[40.3561,-11.3326],[40.5445,-12.0025],[40.4283,-12.5506],[40.6313,-12.7544],[40.4043,-12.9522],[40.5887,-12.9693],[40.5277,-14.1655],[40.7227,-14.1985],[40.6261,-14.5653],[40.8135,-14.4047],[40.8381,-14.83],[40.6185,-14.859],[40.7789,-14.9976],[40.5195,-15.1289],[40.6769,-15.2506],[40.5419,-15.5165],[39.9795,-16.2276],[39.7521,-16.2607],[39.8543,-16.4464],[39.0679,-17.0068],[38.0689,-17.1833],[36.9291,-17.962],[36.3163,-18.8749],[35.8629,-18.9558],[34.8859,-19.8509],[34.6307,-19.6631],[34.7819,-19.8515],[34.6025,-20.5247],[35.0025,-20.7434],[35.3435,-22.1861],[35.4987,-22.1017],[35.5245,-22.3105],[35.5325,-22.2063],[35.5467,-22.1725],[35.6047,-22.9265],[35.3301,-23.6792],[35.3417,-23.9952],[35.5515,-23.7922],[35.4821,-24.1555],[35.0915,-24.6258],[33.2191,-25.3402],[32.4525,-25.9756],[32.6697,-26.1223],[32.7045,-26.3193],[32.6779,-26.3454],[32.6695,-26.3664],[32.6695,-26.3863],[32.6799,-26.3949],[32.7113,-26.3164],[32.6897,-26.2002],[32.8855,-26.2845],[32.9627,-26.087],[32.4033,-28.5225],[31.4333,-29.1979],[29.9879,-31.3186],[28.5061,-32.6101],[27.1055,-33.5298],[26.4663,-33.7793],[25.8473,-33.7141],[25.5873,-33.8457],[25.6993,-34.0359],[25.0079,-33.9582],[24.8365,-34.2145],[24.6187,-34.1766],[24.4855,-33.1292],[23.4717,-32.5014],[23.5551,-30.8232],[23.2387,-30.3874],[22.5791,-30.2635],[20.9817,-28.9074],[20.7765,-28.9058],[20.5179,-29.3621],[20.3277,-30.7177],[19.8805,-30.9932],[19.4391,-30.5804],[18.9147,-28.6637],[17.4815,-26.5782],[16.9291,-24.4132],[15.6287,-22.7677],[15.5381,-20.5702],[14.9933,-19.5038],[15.4163,-18.4278],[13.6803,-16.6332],[13.2551,-14.9779],[13.2769,-14.1932],[14.0729,-12.9305],[15.1677,-11.9535],[16.9649,-10.6322],[18.1193,-10.0926],[20.9769,-9.3514],[24.1136,-9.4123],[25.6603,-8.5526],[26.4337,-5.6377],[27.2665,-3.9126],[27.5639,-1.2952],[28.3967,0.9653],[29.4675,3.1663],[31.49,5.7837],[32.6798,8.5796],[33.0367,11.8513],[37.3197,17.9189],[38.0807,18.3151],[38.5419,18.0841]],[[41.8288,-1.2643],[41.8288,-1.2642],[41.8287,-1.2643],[41.8288,-1.2643]],[[45.0012,10.4381],[45.0013,10.4382],[45.0012,10.4382],[45.0012,10.4381]],[[43.5276,11.1841],[43.5274,11.1843],[43.5274,11.1841],[43.5276,11.1841]],[[42.5604,-0.3643],[42.5607,-0.3643],[42.5607,-0.364],[42.5604,-0.3643]],[[43.5307,11.1818],[43.5321,11.1818],[43.5321,11.1819],[43.5307,11.1818]],[[45.0001,10.4371],[45.001,10.4379],[44.9987,10.4376],[45.0001,10.4371]],[[43.4869,11.3651],[43.4904,11.3671],[43.4868,11.3662],[43.4869,11.3651]],[[43.9374,1.0218],[43.939,1.0237],[43.9368,1.0237],[43.9374,1.0218]],[[29.7643,-11.4292],[29.9365,-11.2257],[29.8653,-10.8235],[29.6527,-10.9249],[29.5453,-11.3653],[29.7643,-11.4292]],[[29.5541,-0.6253],[29.8549,-0.3373],[29.9051,-0.1855],[29.9515,-0.1939],[29.9895,-0.1729],[30.0001,-0.1491],[29.5637,-0.1145],[29.3625,-0.7038],[29.5541,-0.6253]],[[32.9125,1.8243],[32.7809,1.8699],[32.5939,1.6881],[32.4075,1.7019],[32.3185,1.6601],[32.3183,1.6193],[32.7737,1.3135],[32.7289,1.4129],[32.8943,1.3047],[32.9429,1.4409],[33.2691,1.2153],[33.3399,1.4241],[33.1009,1.5141],[33.4913,1.6367],[33.4595,1.7781],[32.6967,1.4973],[32.3291,1.6325],[32.5517,1.5933],[32.8257,1.8327],[32.9907,1.7281],[32.9125,1.8243]],[[29.0441,-2.4121],[29.3765,-2.0377],[29.2625,-1.7136],[29.0561,-1.5874],[28.8551,-2.1442],[28.8917,-2.3398],[28.9707,-2.2547],[28.9745,-2.2823],[28.8459,-2.3775],[28.8475,-2.4916],[29.0441,-2.4121]],[[28.5811,-9.558],[28.5745,-9.4862],[28.5159,-9.4435],[28.5275,-9.3925],[28.5443,-9.4542],[28.6215,-9.3995],[28.6957,-9.4645],[28.8115,-9.4201],[28.7113,-9.3412],[29.1535,-8.6606],[28.8965,-8.4784],[28.3439,-9.0934],[28.3397,-9.4959],[28.5465,-9.5381],[28.4767,-9.4712],[28.5043,-9.3656],[28.5129,-9.4493],[28.5699,-9.491],[28.5725,-9.5584],[28.6177,-9.5566],[28.5845,-9.5818],[28.6051,-9.7301],[28.6889,-9.821],[28.6189,-9.5498],[28.5811,-9.558]],[[27.8029,-16.8302],[27.3605,-17.271],[27.0225,-17.9875],[27.6315,-17.5031],[27.7003,-17.1982],[27.9571,-17.031],[28.0059,-17.1369],[28.1357,-17.1635],[28.1161,-16.8484],[28.2179,-16.8972],[28.3875,-16.7588],[28.4411,-16.9256],[28.6517,-16.7304],[28.8027,-16.8952],[29.0559,-16.5938],[28.6071,-16.4884],[27.8029,-16.8302]],[[31.5353,2.4895],[31.4595,2.5725],[31.2429,2.1205],[30.5023,1.5133],[30.3837,1.2797],[30.4823,1.2721],[30.4977,1.0447],[30.5389,1.0023],[31.3009,1.7159],[31.5353,2.4895]],[[35.9475,4.5411],[35.8321,3.7081],[36.1553,3.1099],[35.8649,3.1403],[36.2557,2.9707],[36.6349,2.3995],[36.6963,2.8617],[36.2131,3.3239],[36.1421,4.6417],[35.9475,4.5411]],[[34.5387,-10.0523],[34.0165,-9.4966],[33.9049,-9.8437],[34.2771,-10.4541],[34.3279,-11.6672],[34.0177,-12.2536],[34.3305,-12.9206],[34.3059,-13.3807],[34.6329,-13.7093],[34.5533,-14.1057],[34.8025,-14.256],[34.8599,-13.9939],[35.2257,-14.3875],[35.2401,-15.0],[35.2977,-14.3573],[35.0653,-13.7387],[34.8347,-13.6725],[34.7519,-12.9633],[34.9941,-12.6092],[34.7715,-12.6311],[34.6805,-12.4303],[34.9645,-11.5819],[34.6341,-11.0738],[34.5387,-10.0523]],[[29.0427,-4.3103],[29.2389,-4.0531],[29.1021,-5.0718],[29.3895,-5.6256],[29.1983,-6.0876],[29.5475,-6.7702],[30.1195,-7.243],[30.2939,-7.9029],[30.5955,-8.1514],[30.5319,-8.5996],[30.6829,-8.4863],[31.0253,-8.8064],[31.1821,-8.7616],[31.1509,-8.4265],[30.5751,-7.4978],[30.6041,-7.4894],[30.6105,-7.362],[30.4927,-7.1059],[30.5657,-6.9793],[29.7217,-6.2458],[29.9509,-5.81],[29.2599,-3.3374],[29.0427,-4.3103]],[[27.2003,-29.0959],[26.5845,-29.8733],[26.5037,-30.533],[26.6871,-30.7896],[28.1137,-30.7511],[28.9199,-30.3211],[29.1867,-29.953],[29.5561,-28.3973],[29.4329,-27.7434],[28.9611,-27.6051],[27.9441,-28.6514],[27.2003,-29.0959]],[[33.1529,0.4903],[33.2725,0.3763],[32.9751,0.0887],[32.6623,0.0879],[32.6645,0.3047],[32.5757,0.0463],[32.4525,0.1245],[31.9257,-0.1244],[32.0421,-0.3124],[31.7001,-0.799],[31.8803,-1.1587],[31.6037,-2.0746],[31.7031,-1.9974],[31.6287,-2.341],[31.7517,-2.3236],[31.7775,-2.3661],[31.7141,-2.5341],[31.8569,-2.6094],[31.7635,-2.6541],[31.7925,-2.8344],[31.9161,-2.7141],[31.8985,-2.6292],[32.0293,-2.7633],[31.9335,-2.5906],[32.3051,-2.2581],[32.5159,-2.5656],[32.6609,-2.3781],[32.6759,-2.5208],[32.8259,-2.4948],[32.7123,-2.8706],[32.7703,-3.0921],[32.9017,-2.7965],[32.9595,-2.8729],[33.0329,-2.8743],[32.9173,-2.4167],[33.4151,-2.5584],[33.8415,-2.2282],[33.7781,-2.0754],[33.6089,-2.1899],[33.2233,-2.1427],[33.2171,-2.0286],[33.5615,-2.013],[33.4531,-1.8742],[33.2915,-1.9287],[33.6451,-1.7777],[33.6515,-1.4735],[33.8031,-1.4697],[33.8351,-1.5232],[33.9751,-1.5254],[33.7807,-1.4035],[33.9965,-1.3717],[33.8641,-1.2483],[34.1393,-1.002],[34.0647,-0.5609],[34.8487,-0.3043],[34.6977,-0.0893],[34.3455,-0.1948],[34.3987,-0.2818],[34.2863,-0.3966],[33.9877,0.2637],[33.4871,0.1827],[33.3599,0.4965],[33.1529,0.4903]],[[35.9341,-7.8645],[35.6701,-8.1879],[35.5027,-8.9746],[35.6129,-9.5581],[35.8711,-10.2671],[36.3005,-10.784],[36.6335,-11.0536],[37.4669,-11.1483],[38.0149,-10.5399],[37.6317,-9.4322],[37.6477,-8.284],[37.3133,-7.7734],[36.6853,-7.5887],[35.9341,-7.8645]]],[[[33.1029,-1.9519],[33.1691,-2.1618],[32.8479,-2.0572],[32.8973,-1.9045],[33.1029,-1.9519]]],[[[29.0929,-2.223],[29.0191,-2.2807],[28.9733,-2.2073],[29.1049,-1.9405],[29.0929,-2.223]]],[[[32.3277,-0.3295],[32.2733,-0.3577],[32.2923,-0.468],[32.1903,-0.4585],[32.1607,-0.5418],[32.1661,-0.4339],[32.2517,-0.3728],[32.0673,-0.2183],[32.3277,-0.3295]]],[[[33.3853,0.3065],[33.3301,0.0823],[33.2053,0.1979],[33.3853,0.3065]]],[[[31.9141,-2.3046],[31.8519,-2.4582],[31.8301,-2.3093],[31.7753,-2.3048],[31.9141,-2.3046]]],[[[32.5387,-2.2774],[32.4405,-2.4218],[32.4105,-2.3325],[32.5387,-2.2774]]],[[[32.0399,-2.3468],[31.9489,-2.3451],[31.9483,-2.2715],[32.0399,-2.3468]]],[[[33.0987,-1.8081],[33.0373,-1.8826],[32.9985,-1.8527],[33.0987,-1.8081]]],[[[32.7695,-0.1226],[32.6619,-0.0973],[32.7411,-0.0168],[32.7695,-0.1226]]],[[[34.0611,-0.4823],[33.9443,-0.4677],[33.9647,-0.4352],[34.0611,-0.4823]]],[[[28.4769,-9.2372],[28.4819,-9.3245],[28.3885,-9.2596],[28.4769,-9.2372]]],[[[33.8039,0.1359],[33.8959,0.0873],[33.7659,0.0889],[33.8039,0.1359]]],[[[32.4893,-0.4872],[32.4511,-0.4936],[32.4521,-0.4102],[32.4893,-0.4872]]],[[[34.1643,-0.4383],[34.1217,-0.4223],[34.1643,-0.363],[34.1643,-0.4383]]],[[[31.9377,-1.6585],[31.8547,-1.7495],[31.8571,-1.6161],[31.9377,-1.6585]]],[[[36.5865,2.6809],[36.6065,2.6855],[36.6023,2.5951],[36.5865,2.6809]]],[[[32.8265,0.0265],[32.7641,-0.037],[32.7481,0.0],[32.8265,0.0265]]],[[[33.7331,-0.1189],[33.7179,-0.1609],[33.6675,-0.1281],[33.7331,-0.1189]]],[[[27.6139,-17.3456],[27.5233,-17.368],[27.5469,-17.3406],[27.6139,-17.3456]]],[[[33.3087,0.0495],[33.2621,0.0161],[33.2423,0.0497],[33.3087,0.0495]]],[[[31.7765,-2.1195],[31.8205,-2.1462],[31.7619,-2.1418],[31.7765,-2.1195]]],[[[32.7689,1.4435],[32.8765,1.4553],[32.7555,1.4377],[32.7689,1.4435]]],[[[32.3181,-0.1791],[32.3747,-0.2393],[32.3771,-0.2694],[32.3181,-0.1791]]],[[[34.7571,-12.0528],[34.7313,-12.1],[34.7113,-12.0863],[34.7571,-12.0528]]],[[[27.9931,-17.0023],[27.9379,-16.9885],[27.9471,-16.974],[27.9931,-17.0023]]],[[[32.4779,-0.3734],[32.4299,-0.3826],[32.4391,-0.3397],[32.4779,-0.3734]]],[[[32.3163,-0.3639],[32.3103,-0.4204],[32.3087,-0.4],[32.3163,-0.3639]]],[[[32.4089,-0.3578],[32.4237,-0.3603],[32.3599,-0.3711],[32.4089,-0.3578]]],[[[33.3513,-1.6925],[33.3721,-1.7374],[33.3337,-1.7179],[33.3513,-1.6925]]],[[[32.3901,-0.3904],[32.4057,-0.4024],[32.3553,-0.4276],[32.3901,-0.3904]]],[[[36.1379,3.0671],[36.1565,3.0823],[36.1457,3.0633],[36.1155,3.0527],[36.1379,3.0671]]],[[[33.5867,0.1559],[33.5803,0.1097],[33.5401,0.1379],[33.5867,0.1559]]],[[[32.3245,-0.4944],[32.3009,-0.5313],[32.2883,-0.5111],[32.3245,-0.4944]]],[[[33.1745,0.1399],[33.1725,0.1129],[33.1543,0.1485],[33.1745,0.1399]]],[[[33.2757,-2.1944],[33.3107,-2.1776],[33.3117,-2.2055],[33.2757,-2.1944]]],[[[32.6119,-0.3106],[32.6113,-0.3276],[32.5639,-0.3319],[32.6119,-0.3106]]],[[[31.9607,-2.4156],[31.9287,-2.4182],[31.9635,-2.3753],[31.9607,-2.4156]]],[[[32.9473,0.0287],[32.9507,0.0257],[32.9001,0.0],[32.9473,0.0287]]],[[[31.9895,-2.4328],[31.9881,-2.4551],[31.9495,-2.4334],[31.9895,-2.4328]]],[[[33.1065,0.1153],[33.1311,0.1061],[33.0943,0.0831],[33.1065,0.1153]]],[[[32.8989,-2.1018],[32.9015,-2.1289],[32.8889,-2.1317],[32.8989,-2.1018]]],[[[28.9341,-2.3409],[28.9519,-2.3452],[28.9443,-2.3719],[28.9341,-2.3409]]],[[[32.3513,-0.435],[32.3543,-0.4396],[32.3351,-0.4607],[32.3513,-0.435]]],[[[28.9097,-2.3771],[28.9313,-2.3784],[28.8777,-2.4359],[28.9097,-2.3771]]],[[[32.1057,-1.4909],[32.1065,-1.4757],[32.1399,-1.4333],[32.1057,-1.4909]]],[[[31.8081,-1.8051],[31.8397,-1.7541],[31.8463,-1.7748],[31.8081,-1.8051]]],[[[28.1561,-16.8494],[28.1501,-16.8385],[28.1807,-16.8272],[28.1561,-16.8494]]],[[[27.5117,-17.3986],[27.5403,-17.4248],[27.5005,-17.4041],[27.5117,-17.3986]]],[[[29.4193,-5.651],[29.4069,-5.6833],[29.4073,-5.6555],[29.4193,-5.651]]],[[[34.0051,-0.1181],[34.0457,-0.1213],[34.0293,-0.1374],[34.0051,-0.1181]]],[[[33.6735,-0.0202],[33.6327,-0.0241],[33.6549,0.0],[33.6735,-0.0202]]],[[[32.2599,-0.1648],[32.2901,-0.1712],[32.2901,-0.1772],[32.2599,-0.1648]]],[[[31.7829,-1.9587],[31.8105,-1.967],[31.7875,-1.9879],[31.7829,-1.9587]]],[[[28.6495,-9.3894],[28.6939,-9.365],[28.7025,-9.366],[28.6495,-9.3894]]],[[[43.4565,11.4479],[43.4749,11.4457],[43.4649,11.4165],[43.4515,11.4329],[43.4565,11.4479]]],[[[32.5323,-0.3579],[32.5103,-0.3678],[32.5219,-0.3503],[32.5323,-0.3579]]],[[[42.3512,-0.6343],[42.326,-0.6635],[42.3226,-0.6429],[42.3512,-0.6343]]],[[[42.0488,-1.0068],[42.0257,-1.0346],[42.0324,-0.9996],[42.0488,-1.0068]]],[[[33.1575,-1.9148],[33.1863,-1.9201],[33.1713,-1.9327],[33.1575,-1.9148]]],[[[42.1415,-0.8993],[42.1282,-0.906],[42.1701,-0.8485],[42.1415,-0.8993]]],[[[32.6067,-0.0782],[32.6321,-0.0982],[32.6079,-0.098],[32.6067,-0.0782]]],[[[28.8827,-16.5783],[28.8841,-16.5813],[28.8729,-16.5945],[28.8827,-16.5783]]],[[[34.8411,-13.9778],[34.8433,-13.9961],[34.8141,-13.9681],[34.8411,-13.9778]]],[[[32.7481,-2.45],[32.7227,-2.4376],[32.7363,-2.4276],[32.7481,-2.45]]],[[[33.1281,0.1233],[33.1281,0.1385],[33.1439,0.1331],[33.1281,0.1233]]],[[[30.5805,-7.4041],[30.5767,-7.4333],[30.5735,-7.4161],[30.5805,-7.4041]]],[[[34.5157,-0.2166],[34.4961,-0.2074],[34.5179,-0.1904],[34.5157,-0.2166]]],[[[32.5763,-0.2144],[32.5863,-0.2321],[32.5631,-0.225],[32.5763,-0.2144]]],[[[32.7717,-2.8648],[32.7975,-2.8733],[32.7721,-2.8832],[32.7717,-2.8648]]],[[[33.7137,-1.3895],[33.7117,-1.407],[33.6943,-1.4073],[33.7137,-1.3895]]],[[[36.0387,3.4855],[36.0387,3.4963],[36.0549,3.4985],[36.0387,3.4855]]],[[[32.8649,-1.8644],[32.8617,-1.8791],[32.8477,-1.8722],[32.8649,-1.8644]]],[[[28.9121,-2.1425],[28.9095,-2.111],[28.9211,-2.1289],[28.9121,-2.1425]]],[[[32.5495,-2.2574],[32.5367,-2.2475],[32.5501,-2.2392],[32.5495,-2.2574]]],[[[33.6507,0.0119],[33.6357,0.0109],[33.6499,0.0335],[33.6507,0.0119]]],[[[34.6205,-12.0367],[34.6121,-12.0089],[34.6313,-12.0208],[34.6205,-12.0367]]],[[[32.3481,-0.6495],[32.3587,-0.6109],[32.3599,-0.615],[32.3481,-0.6495]]],[[[32.5801,-1.4663],[32.5971,-1.4375],[32.6003,-1.4493],[32.5801,-1.4663]]],[[[27.6375,-17.3122],[27.6169,-17.3186],[27.6209,-17.2921],[27.6231,-17.3079],[27.6375,-17.3122]]],[[[28.6693,-16.7007],[28.6783,-16.7047],[28.6547,-16.7223],[28.6693,-16.7007]]],[[[30.5747,-7.4831],[30.5685,-7.4632],[30.5743,-7.4629],[30.5747,-7.4831]]],[[[33.0547,-1.9355],[33.0521,-1.9074],[33.0715,-1.9311],[33.0547,-1.9355]]],[[[33.1327,-0.0536],[33.1713,-0.031],[33.1587,-0.0459],[33.1327,-0.0536]]],[[[32.3195,-0.6295],[32.2999,-0.6566],[32.2969,-0.654],[32.3195,-0.6295]]],[[[27.8421,-16.8999],[27.8399,-16.8956],[27.8451,-16.8854],[27.8421,-16.8999]]],[[[41.941,-1.1468],[41.9154,-1.179],[41.9184,-1.1545],[41.941,-1.1468]]],[[[31.1157,-8.7201],[31.1189,-8.6958],[31.1269,-8.7094],[31.1157,-8.7201]]],[[[32.6849,-2.4309],[32.6841,-2.4224],[32.7021,-2.4316],[32.6849,-2.4309]]],[[[32.0071,-2.4172],[32.0135,-2.4301],[32.0039,-2.434],[32.0071,-2.4172]]],[[[32.3239,-0.6787],[32.3397,-0.6426],[32.3347,-0.6665],[32.3239,-0.6787]]],[[[28.8669,-16.6953],[28.8681,-16.6795],[28.8851,-16.6953],[28.8669,-16.6953]]],[[[33.7657,-1.3833],[33.7749,-1.3716],[33.7829,-1.38],[33.7657,-1.3833]]],[[[32.6723,-0.0241],[32.6731,-0.0307],[32.6493,-0.0156],[32.6723,-0.0241]]],[[[27.9287,-16.9919],[27.9421,-17.0036],[27.9313,-17.0052],[27.9287,-16.9919]]],[[[42.3099,-0.7015],[42.2896,-0.7249],[42.2626,-0.7507],[42.3099,-0.7015]]],[[[33.0301,0.0939],[33.0283,0.0985],[33.0411,0.1063],[33.0301,0.0939]]],[[[33.4143,-1.9023],[33.4249,-1.9004],[33.4249,-1.9092],[33.4143,-1.9023]]],[[[28.8863,-2.2273],[28.8991,-2.2203],[28.8999,-2.2369],[28.8863,-2.2273]]],[[[31.8063,-1.5131],[31.8009,-1.5004],[31.8185,-1.4995],[31.8063,-1.5131]]],[[[27.4359,-17.5655],[27.4573,-17.5561],[27.4541,-17.5642],[27.4359,-17.5655]]],[[[33.1625,0.2041],[33.1683,0.2093],[33.1775,0.2005],[33.1625,0.2041]]],[[[33.3361,0.3211],[33.3537,0.3315],[33.3511,0.3187],[33.3361,0.3211]]],[[[32.2241,-0.5637],[32.2387,-0.5685],[32.2253,-0.5805],[32.2241,-0.5637]]],[[[31.0993,-8.7428],[31.1061,-8.7489],[31.0959,-8.7586],[31.0993,-8.7428]]],[[[32.2889,-0.728],[32.3077,-0.7101],[32.3079,-0.7163],[32.2889,-0.728]]],[[[31.9779,-1.4961],[31.9859,-1.4883],[31.9923,-1.4991],[31.9779,-1.4961]]],[[[32.4215,-0.3813],[32.4239,-0.3962],[32.4129,-0.3937],[32.4215,-0.3813]]],[[[34.6323,-13.8924],[34.6265,-13.9067],[34.6203,-13.9011],[34.6323,-13.8924]]],[[[33.1147,1.3475],[33.1305,1.3579],[33.1309,1.3535],[33.1147,1.3475]]],[[[41.9938,-1.0857],[41.974,-1.0962],[41.9835,-1.0771],[41.9938,-1.0857]]],[[[27.4271,-17.5664],[27.4229,-17.5624],[27.4407,-17.5489],[27.4271,-17.5664]]],[[[36.0425,4.0551],[36.0517,4.0649],[36.0561,4.0547],[36.0425,4.0551]]],[[[28.8903,-16.5783],[28.8959,-16.5676],[28.9077,-16.5735],[28.8903,-16.5783]]],[[[33.3983,0.2483],[33.4161,0.2485],[33.4081,0.2387],[33.3983,0.2483]]],[[[33.4795,-2.2162],[33.4801,-2.2353],[33.4759,-2.2339],[33.4795,-2.2162]]],[[[27.9399,-17.0206],[27.9389,-17.0371],[27.9301,-17.0318],[27.9399,-17.0206]]],[[[34.0837,-0.5273],[34.0849,-0.5115],[34.0933,-0.5172],[34.0837,-0.5273]]],[[[29.1387,-1.9286],[29.1497,-1.9166],[29.1485,-1.9369],[29.1387,-1.9286]]],[[[27.4403,-17.4451],[27.4457,-17.4648],[27.4421,-17.4637],[27.4403,-17.4451]]],[[[34.6025,-0.1558],[34.6181,-0.1537],[34.6177,-0.1581],[34.6025,-0.1558]]],[[[32.1423,-2.1676],[32.1363,-2.1643],[32.1539,-2.1547],[32.1423,-2.1676]]],[[[43.4685,11.5112],[43.449,11.4896],[43.4532,11.5026],[43.4685,11.5112]]],[[[31.8649,-1.5803],[31.8785,-1.6003],[31.8729,-1.6001],[31.8649,-1.5803]]],[[[32.8833,1.3439],[32.8837,1.3237],[32.8797,1.3269],[32.8833,1.3439]]],[[[29.1379,-2.2918],[29.1439,-2.2749],[29.1477,-2.2795],[29.1379,-2.2918]]],[[[29.2557,-1.9231],[29.2629,-1.8987],[29.2657,-1.9021],[29.2557,-1.9231]]],[[[32.4303,0.0],[32.4283,0.0121],[32.4439,0.0061],[32.4303,0.0]]],[[[34.8097,-14.0119],[34.8269,-14.0188],[34.8205,-14.0241],[34.8097,-14.0119]]],[[[31.6919,-2.2707],[31.6993,-2.2781],[31.6917,-2.2879],[31.6919,-2.2707]]],[[[30.5053,1.0429],[30.5175,1.0523],[30.5189,1.0503],[30.5053,1.0429]]],[[[29.0951,-1.913],[29.0993,-1.8922],[29.1009,-1.8966],[29.0951,-1.913]]],[[[27.4215,-17.4352],[27.4221,-17.4467],[27.4069,-17.4399],[27.4215,-17.4352]]],[[[34.1523,-0.2257],[34.1447,-0.2399],[34.1379,-0.2266],[34.1523,-0.2257]]],[[[32.8245,-1.9633],[32.8247,-1.9707],[32.8137,-1.9596],[32.8225,-1.9522],[32.8245,-1.9633]]],[[[34.0849,-0.4692],[34.0955,-0.4662],[34.0945,-0.471],[34.0849,-0.4692]]],[[[33.1617,0.1749],[33.1611,0.1601],[33.1537,0.1669],[33.1617,0.1749]]],[[[33.6087,0.0423],[33.5989,0.0457],[33.6127,0.0561],[33.6087,0.0423]]],[[[33.2407,1.6353],[33.2441,1.6411],[33.2513,1.6399],[33.2407,1.6353]]],[[[32.7697,-2.0916],[32.7763,-2.0956],[32.7723,-2.1043],[32.7697,-2.0916]]],[[[33.1813,0.2123],[33.1943,0.2207],[33.1967,0.2175],[33.1813,0.2123]]],[[[33.1209,-2.2745],[33.1353,-2.2784],[33.1253,-2.2856],[33.1209,-2.2745]]],[[[28.0921,-17.0221],[28.0831,-17.0168],[28.0993,-17.0125],[28.0921,-17.0221]]],[[[32.5621,-0.3614],[32.5707,-0.3467],[32.5737,-0.3556],[32.5621,-0.3614]]],[[[32.7125,-0.3164],[32.7241,-0.3222],[32.7217,-0.3258],[32.7125,-0.3164]]],[[[32.1951,-2.2539],[32.1919,-2.2444],[32.2053,-2.2504],[32.1951,-2.2539]]],[[[31.7883,-2.3435],[31.7865,-2.3269],[31.7969,-2.3277],[31.7883,-2.3435]]],[[[27.6099,-17.1372],[27.6021,-17.1279],[27.6137,-17.1265],[27.6099,-17.1372]]],[[[32.8301,-0.0648],[32.8369,-0.0783],[32.8311,-0.0774],[32.8301,-0.0648]]],[[[33.4171,-1.6798],[33.4185,-1.6762],[33.4261,-1.6739],[33.4171,-1.6798]]],[[[33.4787,0.0567],[33.4775,0.0407],[33.4745,0.0423],[33.4787,0.0567]]],[[[28.6873,-16.7337],[28.6907,-16.7221],[28.6983,-16.7313],[28.6873,-16.7337]]],[[[34.4849,-13.4338],[34.4819,-13.4286],[34.4901,-13.4187],[34.4849,-13.4338]]],[[[28.1739,-16.8111],[28.1791,-16.8149],[28.1657,-16.82],[28.1739,-16.8111]]],[[[28.6003,-16.5299],[28.5863,-16.5254],[28.6083,-16.5246],[28.6003,-16.5299]]],[[[32.3149,-2.2391],[32.3135,-2.2328],[32.3283,-2.2351],[32.3149,-2.2391]]],[[[30.8931,-8.0573],[30.8947,-8.0447],[30.9023,-8.0545],[30.8931,-8.0573]]],[[[32.4691,-2.2719],[32.4659,-2.2635],[32.4721,-2.2642],[32.4691,-2.2719]]],[[[28.5463,-16.5497],[28.5639,-16.5403],[28.5661,-16.5428],[28.5463,-16.5497]]],[[[32.3335,-0.4763],[32.3373,-0.4823],[32.3283,-0.487],[32.3335,-0.4763]]],[[[32.9249,31.1009],[32.9319,31.0969],[32.9307,31.0913],[32.9249,31.1009]]],[[[34.1869,-0.3443],[34.1903,-0.3434],[34.1949,-0.3501],[34.1869,-0.3443]]],[[[33.2553,-0.0829],[33.2531,-0.0978],[33.2499,-0.0965],[33.2553,-0.0829]]],[[[33.4183,0.2041],[33.4121,0.2105],[33.4233,0.2129],[33.4183,0.2041]]],[[[33.3537,-1.9481],[33.3553,-1.9389],[33.3607,-1.9396],[33.3537,-1.9481]]],[[[32.5181,-2.2334],[32.5181,-2.2295],[32.5223,-2.2277],[32.5181,-2.2334]]],[[[29.1759,-2.2343],[29.1819,-2.2409],[29.1737,-2.2447],[29.1759,-2.2343]]],[[[32.9915,-2.3693],[32.9871,-2.3626],[33.0021,-2.364],[32.9915,-2.3693]]],[[[33.4609,-2.1944],[33.4695,-2.2017],[33.4681,-2.2044],[33.4609,-2.1944]]],[[[28.2279,-16.7965],[28.2191,-16.7927],[28.2385,-16.7917],[28.2279,-16.7965]]],[[[28.9273,-2.3842],[28.9369,-2.383],[28.9301,-2.3944],[28.9273,-2.3842]]],[[[33.5979,0.1085],[33.5951,0.1125],[33.6061,0.1167],[33.5979,0.1085]]],[[[34.0219,-0.7494],[34.0283,-0.7392],[34.0325,-0.7387],[34.0219,-0.7494]]],[[[34.4589,-0.2139],[34.4539,-0.211],[34.4687,-0.2027],[34.4589,-0.2139]]],[[[32.8683,-2.8073],[32.8707,-2.7979],[32.8739,-2.7981],[32.8683,-2.8073]]],[[[32.2355,-0.4748],[32.2399,-0.4753],[32.2305,-0.4893],[32.2355,-0.4748]]],[[[33.2097,-1.9336],[33.2029,-1.9286],[33.2161,-1.9276],[33.2097,-1.9336]]],[[[33.4897,0.0841],[33.4931,0.0927],[33.4981,0.0829],[33.4897,0.0841]]],[[[33.0819,1.4951],[33.0755,1.5001],[33.0869,1.5033],[33.0819,1.4951]]],[[[33.2149,-0.1307],[33.2231,-0.1198],[33.2253,-0.1215],[33.2149,-0.1307]]],[[[32.6845,-2.3313],[32.6977,-2.3495],[32.6899,-2.3448],[32.6845,-2.3313]]],[[[28.4589,-16.747],[28.4679,-16.7592],[28.4663,-16.7613],[28.4589,-16.747]]],[[[34.6077,-13.8885],[34.6059,-13.8811],[34.6129,-13.8811],[34.6077,-13.8885]]],[[[34.7539,-13.9807],[34.7609,-13.9872],[34.7571,-13.9925],[34.7539,-13.9807]]],[[[33.8879,-0.1667],[33.8867,-0.1585],[33.8945,-0.1607],[33.8879,-0.1667]]],[[[32.3473,-0.0129],[32.3507,-0.0234],[32.3451,-0.0193],[32.3473,-0.0129]]],[[[27.4267,-17.4101],[27.4387,-17.4144],[27.4223,-17.4161],[27.4267,-17.4101]]],[[[31.7421,-2.5111],[31.7549,-2.516],[31.7467,-2.5179],[31.7421,-2.5111]]],[[[33.8703,-0.138],[33.8781,-0.1486],[33.8687,-0.1479],[33.8703,-0.138]]],[[[32.3979,-0.2494],[32.4039,-0.2526],[32.3919,-0.2593],[32.3979,-0.2494]]],[[[32.0635,-2.2231],[32.0685,-2.2149],[32.0699,-2.2209],[32.0635,-2.2231]]],[[[28.9111,-2.0333],[28.9091,-2.0306],[28.9181,-2.019],[28.9111,-2.0333]]],[[[32.2445,-0.6124],[32.2535,-0.6062],[32.2513,-0.6145],[32.2445,-0.6124]]],[[[31.8133,-2.6912],[31.8225,-2.6838],[31.8145,-2.6975],[31.8133,-2.6912]]],[[[34.0985,-0.1311],[34.0929,-0.116],[34.0961,-0.115],[34.0985,-0.1311]]],[[[31.7853,-1.933],[31.7839,-1.9424],[31.7779,-1.9385],[31.7853,-1.933]]],[[[28.8897,-2.1355],[28.8753,-2.1308],[28.8797,-2.1271],[28.8897,-2.1355]]],[[[31.6921,-1.8711],[31.7021,-1.8643],[31.7035,-1.8668],[31.6921,-1.8711]]],[[[31.8173,-2.7881],[31.8221,-2.7768],[31.8243,-2.7805],[31.8173,-2.7881]]],[[[30.9423,-8.2055],[30.9495,-8.2134],[30.9461,-8.2182],[30.9423,-8.2055]]],[[[33.9015,-0.1594],[33.9153,-0.1617],[33.9043,-0.1657],[33.9015,-0.1594]]],[[[32.3637,-2.1381],[32.3641,-2.1286],[32.3699,-2.1296],[32.3637,-2.1381]]],[[[34.2529,-0.3528],[34.2487,-0.3521],[34.2527,-0.3424],[34.2619,-0.3429],[34.2529,-0.3528]]],[[[43.3713,11.4357],[43.3787,11.4426],[43.3812,11.4357],[43.3688,11.434],[43.3713,11.4357]]],[[[33.7129,-1.4155],[33.7149,-1.4073],[33.7219,-1.4148],[33.7129,-1.4155]]],[[[32.6559,0.1651],[32.6587,0.1557],[32.6477,0.1627],[32.6559,0.1651]]],[[[27.6281,-17.3039],[27.6361,-17.2964],[27.6371,-17.2994],[27.6281,-17.3039]]],[[[33.9097,0.1041],[33.9169,0.1117],[33.9201,0.1087],[33.9097,0.1041]]],[[[32.7945,-1.8097],[32.7901,-1.797],[32.7931,-1.7968],[32.7945,-1.8097]]],[[[32.6391,-2.3904],[32.6499,-2.3819],[32.6505,-2.3863],[32.6391,-2.3904]]],[[[33.2341,-0.1017],[33.2373,-0.1043],[33.2263,-0.1167],[33.2341,-0.1017]]],[[[32.2829,-2.2137],[32.2751,-2.2088],[32.2897,-2.21],[32.2829,-2.2137]]],[[[33.4703,0.0787],[33.4785,0.0751],[33.4757,0.0703],[33.4703,0.0787]]],[[[32.2999,-0.2201],[32.3061,-0.2235],[32.2975,-0.2291],[32.2999,-0.2201]]],[[[27.6191,-17.1544],[27.6149,-17.1465],[27.6285,-17.1494],[27.6191,-17.1544]]],[[[28.4571,-16.5894],[28.4785,-16.5874],[28.4721,-16.5922],[28.4571,-16.5894]]],[[[33.1777,-2.459],[33.1761,-2.4567],[33.1815,-2.4514],[33.1777,-2.459]]],[[[33.3607,-1.964],[33.3601,-1.9561],[33.3683,-1.9609],[33.3607,-1.964]]],[[[32.8259,-0.0496],[32.8279,-0.0558],[32.8165,-0.0586],[32.8259,-0.0496]]],[[[33.1365,0.1667],[33.1433,0.1597],[33.1353,0.1583],[33.1365,0.1667]]],[[[28.6523,-16.572],[28.6689,-16.5674],[28.6595,-16.5738],[28.6523,-16.572]]],[[[30.5479,-7.4411],[30.5475,-7.4514],[30.5445,-7.4498],[30.5479,-7.4411]]],[[[33.5041,0.1135],[33.5019,0.1003],[33.4991,0.1007],[33.5041,0.1135]]],[[[34.5387,-0.1855],[34.5371,-0.1782],[34.5463,-0.1839],[34.5387,-0.1855]]],[[[33.0893,0.0757],[33.0959,0.0681],[33.0939,0.0661],[33.0893,0.0757]]],[[[33.8317,-1.5028],[33.8393,-1.4936],[33.8405,-1.497],[33.8317,-1.5028]]],[[[33.5013,-2.1916],[33.4951,-2.1925],[33.4947,-2.1831],[33.5013,-2.1916]]],[[[33.0779,-1.935],[33.0745,-1.9309],[33.0823,-1.9261],[33.0779,-1.935]]],[[[32.1719,-0.4162],[32.1665,-0.4198],[32.1645,-0.4153],[32.1719,-0.4162]]],[[[33.4025,-1.6629],[33.4063,-1.665],[33.4021,-1.6712],[33.4025,-1.6629]]],[[[32.0481,-2.3667],[32.0533,-2.3577],[32.0547,-2.3625],[32.0481,-2.3667]]],[[[28.9819,-2.3103],[28.9881,-2.3029],[28.9893,-2.3064],[28.9819,-2.3103]]],[[[35.1423,-14.2538],[35.1471,-14.2419],[35.1487,-14.2444],[35.1423,-14.2538]]],[[[32.3035,-0.18],[32.2977,-0.1758],[32.3067,-0.1719],[32.3035,-0.18]]],[[[32.9877,0.0557],[32.9935,0.0501],[32.9893,0.0483],[32.9877,0.0557]]],[[[36.6209,2.6441],[36.6285,2.6377],[36.6251,2.6327],[36.6209,2.6441]]],[[[42.2285,-0.7996],[42.214,-0.816],[42.2054,-0.8221],[42.2285,-0.7996]]],[[[33.9377,-0.1628],[33.9425,-0.1768],[33.9375,-0.1736],[33.9377,-0.1628]]],[[[30.9419,-8.1562],[30.9493,-8.1535],[30.9501,-8.1556],[30.9419,-8.1562]]],[[[33.0057,0.0603],[33.0025,0.0611],[33.0087,0.0687],[33.0057,0.0603]]],[[[33.3277,-2.2903],[33.3263,-2.2839],[33.3369,-2.286],[33.3277,-2.2903]]],[[[32.9855,-2.1335],[32.9823,-2.1252],[32.9873,-2.1264],[32.9855,-2.1335]]],[[[32.3613,-0.3192],[32.3681,-0.3254],[32.3661,-0.3286],[32.3613,-0.3192]]],[[[33.9191,-0.5634],[33.9249,-0.5562],[33.9259,-0.5608],[33.9191,-0.5634]]],[[[32.4415,-0.2464],[32.4459,-0.2511],[32.4375,-0.2529],[32.4415,-0.2464]]],[[[27.5529,-17.425],[27.5581,-17.4298],[27.5569,-17.4325],[27.5529,-17.425]]],[[[32.6475,-0.1035],[32.6451,-0.1021],[32.6531,-0.0946],[32.6475,-0.1035]]],[[[28.8811,-2.4438],[28.8865,-2.4387],[28.8875,-2.44],[28.8811,-2.4438]]],[[[31.7967,-1.8311],[31.8007,-1.8221],[31.8027,-1.8228],[31.7967,-1.8311]]],[[[32.9551,-2.1717],[32.9649,-2.1676],[32.9647,-2.1719],[32.9551,-2.1717]]],[[[32.7383,0.0793],[32.7455,0.0717],[32.7423,0.0713],[32.7383,0.0793]]],[[[28.1475,-16.7896],[28.1455,-16.7882],[28.1563,-16.7835],[28.1475,-16.7896]]],[[[31.7877,-0.9519],[31.7857,-0.9411],[31.7909,-0.9427],[31.7877,-0.9519]]],[[[33.0381,0.0477],[33.0491,0.0539],[33.0457,0.0465],[33.0381,0.0477]]],[[[33.7675,0.1811],[33.7707,0.1723],[33.7631,0.1759],[33.7675,0.1811]]],[[[32.4311,-0.3199],[32.4431,-0.3261],[32.4301,-0.3241],[32.4311,-0.3199]]],[[[32.1913,-0.58],[32.1929,-0.5786],[32.1959,-0.591],[32.1913,-0.58]]],[[[32.3151,-0.4616],[32.3239,-0.462],[32.3189,-0.4666],[32.3151,-0.4616]]],[[[47.2493,11.2296],[47.241,11.2196],[47.234,11.2165],[47.2493,11.2296]]],[[[32.1725,-2.2456],[32.1661,-2.2416],[32.1697,-2.2389],[32.1725,-2.2456]]],[[[32.4697,-0.3234],[32.4675,-0.3218],[32.4807,-0.3195],[32.4697,-0.3234]]],[[[27.9199,-16.8196],[27.9169,-16.8173],[27.9287,-16.8122],[27.9199,-16.8196]]],[[[33.7759,-1.3962],[33.7767,-1.3975],[33.7709,-1.4065],[33.7759,-1.3962]]],[[[33.1499,-0.057],[33.1603,-0.0554],[33.1551,-0.0595],[33.1499,-0.057]]],[[[32.6443,-0.0815],[32.6509,-0.0801],[32.6471,-0.0854],[32.6443,-0.0815]]],[[[51.1829,10.5599],[51.1882,10.5482],[51.1912,10.5371],[51.1829,10.5599]]],[[[31.8651,-1.2793],[31.8653,-1.2922],[31.8629,-1.2901],[31.8651,-1.2793]]],[[[42.0229,-1.0365],[42.0187,-1.041],[42.0179,-1.0321],[42.0229,-1.0365]]],[[[29.1273,-2.2876],[29.1263,-2.2839],[29.1341,-2.2857],[29.1273,-2.2876]]],[[[42.1085,-0.9443],[42.0999,-0.9526],[42.1007,-0.9496],[42.1085,-0.9443]]],[[[42.5118,-0.4363],[42.5088,-0.441],[42.5062,-0.4368],[42.5118,-0.4363]]],[[[42.4313,-0.5224],[42.4382,-0.5168],[42.436,-0.521],[42.4313,-0.5224]]],[[[42.2418,-0.7815],[42.2326,-0.7935],[42.2354,-0.786],[42.2418,-0.7815]]],[[[42.3599,-0.6065],[42.3529,-0.611],[42.3551,-0.6063],[42.3599,-0.6065]]],[[[42.2551,-0.7668],[42.2521,-0.7707],[42.2465,-0.7699],[42.2551,-0.7668]]],[[[43.4987,11.3757],[43.506,11.3746],[43.4935,11.3726],[43.4987,11.3757]]],[[[42.4304,-0.5332],[42.4218,-0.5404],[42.426,-0.5343],[42.4304,-0.5332]]],[[[43.3646,11.4657],[43.3654,11.4626],[43.3593,11.4635],[43.3646,11.4657]]],[[[42.4101,-0.5524],[42.4018,-0.5579],[42.4026,-0.5551],[42.4101,-0.5524]]],[[[42.381,-0.5837],[42.3851,-0.5804],[42.3846,-0.5824],[42.381,-0.5837]]],[[[42.3999,-0.5657],[42.3949,-0.5682],[42.399,-0.5624],[42.3999,-0.5657]]],[[[42.0793,-0.974],[42.0846,-0.971],[42.0815,-0.976],[42.0793,-0.974]]],[[[44.0407,1.1068],[44.0351,1.1015],[44.0365,1.1057],[44.0407,1.1068]]],[[[42.1201,-0.9207],[42.116,-0.9254],[42.1154,-0.9235],[42.1201,-0.9207]]],[[[43.3368,11.4485],[43.3349,11.4438],[43.3329,11.4479],[43.3368,11.4485]]],[[[42.3124,-0.6949],[42.319,-0.6887],[42.3182,-0.691],[42.3124,-0.6949]]],[[[41.6135,-1.6126],[41.6096,-1.6135],[41.6104,-1.611],[41.6135,-1.6126]]],[[[41.7896,-1.341],[41.784,-1.3474],[41.7874,-1.3424],[41.7896,-1.341]]],[[[42.4087,-0.5571],[42.4035,-0.5618],[42.4051,-0.5576],[42.4087,-0.5571]]],[[[42.0593,-0.9824],[42.0601,-0.9804],[42.0649,-0.9762],[42.0593,-0.9824]]],[[[41.9437,-1.146],[41.9465,-1.1418],[41.949,-1.1404],[41.9437,-1.146]]],[[[41.6307,-1.5876],[41.6282,-1.5899],[41.6279,-1.589],[41.6307,-1.5876]]],[[[42.366,-0.6038],[42.3626,-0.6065],[42.3626,-0.6054],[42.366,-0.6038]]],[[[41.9151,-1.1835],[41.9121,-1.1857],[41.9118,-1.184],[41.9151,-1.1835]]],[[[41.7746,-1.359],[41.7762,-1.3582],[41.776,-1.3604],[41.7746,-1.359]]],[[[42.089,-0.9246],[42.0865,-0.9274],[42.0863,-0.9265],[42.089,-0.9246]]],[[[42.4412,-0.5401],[42.4435,-0.5387],[42.4435,-0.5404],[42.4412,-0.5401]]],[[[42.0032,-1.0546],[42.0043,-1.0543],[42.0049,-1.0562],[42.0032,-1.0546]]],[[[42.4779,-0.4774],[42.4796,-0.4776],[42.4779,-0.4796],[42.4779,-0.4774]]],[[[43.4515,11.4324],[43.4468,11.4329],[43.4468,11.4343],[43.4515,11.4324]]],[[[41.7576,-1.3796],[41.7582,-1.3813],[41.7557,-1.3824],[41.7576,-1.3796]]],[[[46.9287,10.919],[46.929,10.9174],[46.9268,10.9171],[46.9287,10.919]]],[[[42.0935,-0.9438],[42.0943,-0.9424],[42.096,-0.9415],[42.0935,-0.9438]]],[[[42.0007,-1.0668],[42.0026,-1.0657],[42.0024,-1.0674],[42.0007,-1.0668]]],[[[42.006,-1.0501],[42.0079,-1.0479],[42.0079,-1.0501],[42.006,-1.0501]]],[[[42.0993,-0.9162],[42.0971,-0.919],[42.0968,-0.9179],[42.0993,-0.9162]]],[[[42.4137,-0.551],[42.414,-0.5488],[42.4162,-0.5482],[42.4137,-0.551]]],[[[42.3099,-0.6974],[42.311,-0.6971],[42.3107,-0.6993],[42.3099,-0.6974]]]]}},{"type":"Feature","properties":{"birdlifeId":"22705001","scientificName":"Lanius collurio","rangeType":"breeding","speciesId":"avibase-F2CEFD1A","speciesName":"Red-backed Shrike","speciesLatin":"Lanius collurio"},"geometry":{"type":"MultiPolygon","coordinates":[[[[6.8767,58.1961],[6.8013,58.0555],[6.5577,58.1143],[6.9149,58.2811],[6.4261,58.2661],[5.9833,58.4667],[5.7909,58.4951],[6.3097,58.5975],[6.8085,58.9649],[7.1189,58.5361],[7.2541,58.5361],[7.2975,58.9139],[7.8659,58.6793],[7.7003,59.4123],[8.5223,59.6959],[8.6297,59.8779],[8.3235,60.4015],[9.9103,61.0123],[9.5863,61.4703],[10.1155,61.4703],[10.8215,60.7925],[10.5089,61.4903],[10.7907,61.6985],[12.5243,61.5101],[12.6217,61.0521],[15.3083,61.5299],[16.2419,61.9855],[17.2101,63.1443],[20.6679,64.4141],[20.9029,65.1237],[21.4621,65.7425],[22.7959,66.0549],[24.3141,66.1021],[25.6205,65.6475],[25.7705,65.2765],[26.0209,65.1907],[28.2277,65.0951],[29.0645,64.2889],[29.5841,64.9995],[30.0587,65.1907],[31.9277,64.5297],[33.8829,62.8021],[35.1201,62.3209],[36.2359,62.4587],[38.3359,63.7475],[40.9009,64.4527],[43.0327,64.1057],[47.7685,62.4587],[48.9017,62.2027],[50.8987,62.1731],[52.5885,62.2323],[56.3277,62.8021],[60.3977,64.0263],[62.9789,64.5179],[69.1245,64.6409],[78.7453,64.2247],[82.2597,64.5211],[84.4651,64.4717],[85.2883,64.8391],[85.6807,64.7811],[86.1279,64.2207],[85.7109,61.7315],[85.6653,58.3661],[87.4514,49.4636],[86.6823,47.9591],[85.3658,46.8362],[83.2242,46.9314],[81.9869,48.2163],[81.8917,49.3584],[82.32,50.6433],[82.2725,51.262],[79.6075,51.9283],[77.1804,51.0241],[66.1873,50.8813],[61.3332,51.3096],[59.7152,51.0717],[53.4334,49.4536],[48.1984,49.1168],[46.2611,49.2619],[45.8329,48.7035],[45.7187,48.1667],[46.7971,47.6163],[47.3877,46.9619],[47.2443,45.5975],[46.8563,45.1855],[46.8933,44.7351],[46.6855,44.4581],[46.7777,44.3559],[47.2271,44.2251],[47.5217,43.7769],[47.7389,43.9147],[47.4655,43.0053],[48.3569,41.9497],[48.9365,41.5199],[49.5435,40.6315],[50.0627,40.5931],[50.3573,40.3557],[50.3635,40.1957],[50.2255,40.3497],[49.8529,40.3721],[49.4163,40.0865],[49.2779,39.4961],[49.4393,39.2739],[49.2569,39.3175],[49.1961,39.0229],[49.1005,38.9389],[49.2083,39.0891],[49.0141,39.2167],[48.8215,38.8679],[48.9809,37.7821],[49.3237,37.5151],[50.1995,37.3855],[50.3175,37.1371],[51.0289,36.7557],[52.2021,36.6219],[52.5575,36.3835],[52.2101,35.9515],[51.8419,35.8397],[50.9677,36.0035],[47.8697,37.8669],[47.9441,38.1673],[48.4789,38.5517],[48.0179,38.8453],[48.3667,39.0059],[48.2025,39.1709],[47.4775,38.7963],[46.4933,38.6021],[46.3185,38.8931],[45.4441,38.9919],[44.6235,39.7773],[44.4237,39.4099],[44.0853,39.4065],[44.3161,38.8341],[44.1503,38.6911],[44.4097,38.3883],[44.6475,37.3245],[42.9013,37.4467],[42.4153,37.2019],[41.0229,37.0718],[40.74,37.5157],[40.2169,37.7773],[39.8246,37.497],[39.5903,36.5655],[38.2651,36.8055],[37.7249,36.6543],[36.7345,36.8107],[36.8343,36.2767],[35.9781,35.6247],[35.7745,35.6629],[35.9901,36.0109],[35.7891,36.3097],[36.1987,36.5987],[36.3494,37.142],[36.2747,37.3475],[35.7889,37.4596],[33.0798,36.4694],[32.949,36.2639],[31.8841,36.787],[31.7757,36.6184],[30.7027,36.8885],[30.4175,36.2083],[30.1875,36.3051],[29.6807,36.1213],[29.1193,36.3749],[29.0959,36.6821],[28.9291,36.7547],[28.8477,36.5903],[28.4611,36.8821],[28.2697,36.8561],[28.0347,36.5635],[28.1199,36.8077],[27.6783,36.6595],[27.3633,36.6881],[28.0345,36.7893],[28.3315,37.0505],[27.4249,37.0361],[27.2653,36.9681],[27.2545,37.1269],[27.4707,37.0839],[27.5777,37.1379],[27.6133,37.2745],[27.1907,37.3551],[27.2169,37.5887],[27.1615,37.6225],[27.0069,37.6661],[27.2399,37.7329],[27.2721,37.9663],[26.2343,38.2759],[26.2861,38.3791],[26.3827,38.3161],[26.5125,38.4199],[26.4157,38.6823],[26.6793,38.3161],[27.1685,38.4543],[26.7229,38.6533],[27.0655,38.8811],[26.6107,39.2815],[26.6719,39.2859],[26.8575,39.4451],[26.8587,39.4797],[26.9403,39.4941],[26.9525,39.5581],[26.0757,39.4753],[26.1645,39.9637],[26.7581,40.4095],[27.7693,40.3183],[27.7821,40.5361],[28.0381,40.4893],[27.9609,40.3613],[29.0599,40.3707],[29.1553,40.4453],[28.7857,40.5447],[29.9381,40.7289],[29.2659,40.8117],[29.0151,41.0287],[29.1009,41.1245],[29.0865,41.1709],[29.1577,41.2249],[31.2333,41.1041],[32.5843,41.8327],[33.3395,42.0255],[34.7169,41.9469],[34.9459,42.1019],[35.2217,42.0157],[35.0921,41.9179],[35.2943,41.7095],[35.9815,41.7361],[36.4031,41.2501],[36.8123,41.3587],[37.5155,41.0253],[37.6875,41.1349],[38.3549,40.9089],[39.4259,41.1055],[40.1825,40.9125],[41.4165,41.3889],[41.7767,41.8667],[41.4333,42.7391],[40.2949,43.1709],[38.7799,44.2821],[36.5997,45.1893],[36.9879,45.2805],[36.6247,45.3025],[36.7901,45.4361],[37.5301,45.3759],[37.9481,46.0127],[38.1463,45.9979],[38.2897,46.2643],[37.7041,46.7001],[38.5931,46.6593],[38.3945,46.7215],[38.4989,46.8751],[39.3005,47.0199],[39.2015,47.2847],[38.0963,47.0245],[37.5905,47.0963],[36.1159,46.4863],[36.2453,46.6395],[35.9217,46.6567],[35.4545,46.4343],[35.1831,46.1423],[34.9913,46.0819],[35.2225,46.1895],[35.3581,46.3533],[35.1689,46.4961],[34.8091,46.1655],[35.3353,45.3821],[36.6481,45.3761],[36.4775,45.3517],[36.3735,45.0577],[35.5351,45.1239],[33.9657,44.3949],[33.7401,44.3917],[33.3819,44.5889],[33.5453,44.6259],[33.5851,45.0543],[32.9941,45.3259],[33.0281,45.3169],[33.0651,45.3771],[33.1373,45.3937],[33.2607,45.4733],[33.2575,45.4959],[32.9465,45.3593],[32.9873,45.3289],[32.4837,45.3893],[33.1771,45.8071],[33.6865,45.8493],[33.5945,46.1637],[33.5121,46.0349],[33.2279,46.2221],[32.5313,46.0745],[31.7801,46.2733],[32.0659,46.3947],[31.7089,46.4371],[31.5387,46.5485],[31.5149,46.5785],[32.0109,46.4915],[32.3441,46.4641],[32.4241,46.4903],[31.9973,46.6465],[31.9751,46.8789],[31.8049,46.6135],[31.4303,46.6329],[31.5045,46.6631],[31.6075,46.8139],[31.5915,46.8515],[31.4125,46.6255],[30.7709,46.5525],[30.2475,45.8861],[29.7277,45.5873],[29.8807,45.6781],[29.7401,45.6157],[29.6389,45.8317],[29.7681,45.3337],[29.6147,44.8629],[29.0967,44.7571],[28.6561,44.3397],[28.5903,43.4923],[28.0973,43.3753],[27.9071,43.1937],[27.9071,42.7093],[27.4551,42.4815],[27.7365,42.4123],[28.2247,41.5321],[29.1133,41.2449],[28.9985,41.0193],[27.5225,40.9829],[26.1953,40.0447],[26.2191,40.3245],[26.8201,40.6537],[26.1193,40.6041],[25.9525,40.8507],[25.1413,41.0119],[24.8033,40.8527],[24.4335,40.9463],[23.7037,40.6991],[24.4049,40.1455],[23.9437,40.3641],[23.7421,40.3601],[23.7033,40.2955],[23.7841,40.1999],[24.0031,40.1149],[23.9363,39.9391],[23.6639,40.2313],[23.3469,40.2323],[23.7095,39.9095],[23.3605,39.9563],[23.3195,40.2317],[22.8995,40.3831],[22.9545,40.6377],[22.6445,40.5493],[22.5979,40.0233],[23.3533,39.1897],[23.2055,39.1003],[23.0603,39.0961],[23.0781,39.1503],[23.1027,39.1019],[23.2145,39.1529],[23.2203,39.1923],[22.9389,39.3617],[22.8229,39.2223],[23.0583,39.0207],[22.5245,38.8605],[23.1139,38.6253],[23.3147,38.6451],[23.3377,38.5005],[23.5633,38.5063],[23.7389,38.0093],[22.4167,38.4431],[21.5431,38.3151],[20.3789,39.9569],[19.3879,40.3235],[19.3039,40.4261],[19.4953,40.3575],[19.3217,40.6559],[19.5361,40.9129],[19.4009,41.4135],[19.6013,41.8139],[19.1769,41.9371],[19.0681,42.1325],[18.6847,42.3867],[18.5455,42.4183],[18.7061,42.3947],[18.7585,42.4905],[18.5123,42.4585],[18.5227,42.3945],[17.8927,42.7883],[17.0949,42.9825],[17.2789,43.0065],[17.4755,42.9107],[17.6899,42.8555],[17.7145,42.8773],[16.8851,43.3997],[15.9609,43.5027],[15.9559,43.6865],[15.8449,43.7761],[15.9999,43.8055],[15.9791,43.9053],[15.6957,43.7687],[15.2025,44.1319],[15.1079,44.2619],[15.2917,44.2457],[15.3029,44.2859],[15.2589,44.3199],[15.2723,44.3327],[15.6265,44.1461],[14.9873,44.5769],[14.8447,45.1133],[14.5435,45.3037],[14.3243,45.3507],[13.9051,44.7701],[13.4933,45.4861],[13.8091,45.6131],[13.5481,45.7973],[13.4481,45.7795],[13.5035,45.7355],[13.5479,45.7277],[13.5511,45.7233],[13.3977,45.6753],[13.3795,45.6827],[13.3667,45.7387],[13.1327,45.7709],[13.0993,45.6339],[12.4251,45.4289],[12.5983,45.5265],[12.5541,45.5719],[12.4649,45.5553],[12.1463,45.3855],[12.1613,45.2591],[12.3065,45.2307],[12.3597,45.0063],[12.5425,44.9617],[12.2667,44.8289],[12.2429,44.7227],[12.3879,44.2271],[13.6271,43.5519],[13.9515,42.7245],[14.7287,42.0937],[15.5071,41.9091],[15.3053,41.8821],[15.3411,41.8659],[16.1813,41.8917],[15.6115,41.4461],[16.8585,40.7387],[16.5605,40.4903],[16.6351,39.9579],[16.4881,39.7787],[17.1583,39.4007],[17.2137,39.0259],[16.6173,38.8139],[16.5765,38.4241],[16.0663,37.9233],[15.6381,38.0167],[15.8477,38.6553],[16.2241,38.8557],[15.6627,40.0391],[15.3323,40.0001],[14.9017,40.2461],[14.9881,40.4129],[14.7921,40.6637],[14.3253,40.5759],[14.4567,40.7439],[14.0289,40.7929],[13.7105,41.2505],[13.0479,41.2255],[11.6461,42.2879],[11.0999,42.3931],[11.0859,42.6387],[10.4933,42.9383],[10.5197,43.2691],[9.9835,44.0931],[8.7427,44.4279],[8.0741,43.8941],[7.2435,43.7025],[6.7187,43.3641],[5.8636,43.3253],[5.5591,43.4395],[5.0261,44.2009],[4.8167,45.2669],[4.6263,45.2288],[4.3694,44.3887],[2.5801,43.3627],[2.8195,42.8859],[2.7594,41.8112],[1.7214,41.7781],[0.2349,42.2087],[-0.8403,42.2151],[-1.6886,42.6486],[-1.766,42.3247],[-2.2463,42.3561],[-1.3006,41.3779],[-1.2204,41.0249],[-1.6055,41.0088],[-0.9957,39.9497],[-1.5895,39.7411],[-2.0869,39.9658],[-2.3451,40.6036],[-2.5683,40.6879],[-3.1942,40.8163],[-3.8521,40.6076],[-4.157,40.2707],[-4.3978,40.383],[-3.9163,41.1212],[-3.8842,41.4903],[-3.5312,41.6186],[-3.5312,42.1963],[-3.2905,42.4371],[-4.3657,42.7259],[-4.9273,42.5815],[-5.9383,42.6617],[-6.2111,42.2284],[-5.9223,41.9556],[-6.6765,42.0198],[-7.4628,41.7791],[-7.7196,41.5063],[-7.6875,41.2495],[-8.1528,41.1372],[-8.217,41.747],[-8.5219,42.3247],[-8.8735,42.2504],[-8.6518,42.4276],[-8.839,42.3838],[-8.9451,42.4635],[-8.8713,42.501],[-8.8685,42.4471],[-8.821,42.4524],[-8.7257,42.6757],[-8.8424,42.6862],[-8.8568,42.6063],[-8.9004,42.6435],[-8.9201,42.5865],[-9.0063,42.5135],[-9.0485,42.5171],[-8.8696,42.8285],[-9.0913,42.7368],[-9.174,42.944],[-9.2743,42.8804],[-9.214,43.1646],[-8.8393,43.346],[-8.2154,43.2915],[-8.1346,43.4243],[-8.3168,43.4449],[-8.2004,43.4604],[-8.1535,43.5129],[-8.3407,43.4582],[-8.3224,43.5651],[-7.8474,43.6688],[-7.6896,43.7915],[-7.7087,43.7079],[-7.0526,43.4738],[-5.919,43.5588],[-5.8399,43.6615],[-4.5682,43.3932],[-4.1963,43.4018],[-3.9838,43.4301],[-3.9454,43.4712],[-3.782,43.4921],[-3.8296,43.4351],[-3.8043,43.4293],[-3.806,43.4215],[-3.8143,43.4149],[-3.8201,43.4137],[-3.8226,43.4113],[-3.8099,43.3951],[-3.7625,43.4599],[-3.732,43.4601],[-3.5854,43.5149],[-3.4667,43.3817],[-3.4518,43.4338],[-3.3235,43.4201],[-3.0832,43.3779],[-3.016,43.329],[-1.6612,43.3915],[-1.4244,43.6615],[-1.2539,44.5511],[-1.0201,44.6553],[-1.1644,44.7733],[-1.2632,44.6285],[-1.1327,45.5155],[-1.0609,45.5679],[-0.6775,45.0775],[-0.5992,45.0151],[-0.5575,45.0423],[-0.8241,45.4897],[-1.2346,45.6889],[-0.9894,45.9597],[-1.2394,46.1657],[-1.1179,46.2947],[-1.7976,46.5123],[-1.5717,46.6789],[-0.708,46.7241],[-0.1706,47.8525],[0.4509,48.1219],[0.7453,48.1219],[1.1369,47.7513],[1.6921,47.6725],[2.3269,47.2557],[2.5725,47.3799],[3.2987,48.2899],[3.3333,48.5137],[2.9587,48.7593],[3.0607,49.2269],[2.6351,49.3603],[3.2119,49.6263],[3.1343,50.1459],[3.8761,50.3003],[4.0207,49.9803],[4.3195,50.2231],[5.3903,50.3223],[5.8717,50.5755],[6.1929,51.0581],[6.9409,51.3533],[6.9473,51.6697],[7.2985,51.8765],[7.2359,52.0395],[6.1523,51.5607],[5.8975,51.1347],[5.6399,51.5281],[5.7263,51.7569],[5.9889,51.6589],[6.6093,52.1371],[6.3521,52.5271],[6.8373,52.7755],[6.8515,53.4565],[6.9033,53.3535],[7.2157,53.2383],[7.0017,53.3611],[7.0665,53.5215],[8.1547,53.5669],[8.2363,53.4009],[8.3387,53.6159],[8.5569,53.5425],[8.4881,53.4797],[8.4985,53.3637],[8.5761,53.5389],[8.4865,53.6673],[9.1133,53.8655],[9.2819,53.8579],[9.5725,53.5993],[9.6917,53.5505],[9.8291,53.5343],[9.3319,53.8587],[8.8441,54.0267],[9.0117,54.0291],[8.8113,54.1769],[8.9645,54.3147],[8.7451,54.4123],[9.0501,54.4767],[8.8127,54.4747],[8.9763,54.5347],[8.6823,54.6755],[8.6417,55.3941],[8.7827,55.4415],[8.5883,55.6625],[9.0795,55.8727],[8.1347,56.1189],[8.1615,55.8621],[8.1071,56.0503],[8.1375,56.5833],[8.1717,56.6585],[8.2277,56.7037],[8.5553,56.5551],[8.2271,56.7579],[8.5895,57.1043],[9.3967,57.1551],[9.9535,57.5889],[10.6613,57.7399],[10.4357,57.5935],[10.5597,57.2243],[10.1897,56.7011],[10.9621,56.4339],[10.7041,56.1345],[10.3523,56.1905],[10.4587,56.2899],[10.2567,56.1813],[10.1971,55.8409],[10.0807,55.8875],[9.8577,55.8551],[10.0345,55.7001],[9.5445,55.7079],[9.8621,55.6277],[9.5017,55.4957],[9.6951,55.4651],[9.5157,55.2523],[9.7167,55.2389],[9.5007,55.1579],[9.4281,55.0273],[9.7825,54.9109],[9.7443,54.8403],[9.6307,54.9363],[9.4233,54.8323],[9.9601,54.7821],[10.0287,54.5529],[9.8419,54.4725],[10.1997,54.4581],[10.1317,54.3163],[11.1357,54.3903],[10.7759,53.8909],[11.4611,53.8989],[11.6913,54.1537],[12.0867,54.1839],[12.0899,54.1113],[12.1119,54.0953],[12.1521,54.0933],[12.0965,54.1779],[12.5283,54.4853],[12.9283,54.4293],[12.6965,54.4331],[12.4381,54.3805],[12.3665,54.2681],[13.0269,54.4397],[13.1065,54.2841],[13.4603,54.0881],[13.4965,54.1255],[13.7243,54.1637],[13.8227,53.8407],[14.5807,53.5823],[14.5381,53.7023],[14.7609,53.9269],[14.8017,54.0321],[14.7311,54.0247],[16.1563,54.2865],[17.3633,54.7521],[18.3319,54.8361],[18.7315,54.6837],[18.8295,54.6117],[18.4183,54.7761],[18.5841,54.4331],[18.9405,54.3417],[19.8929,54.6287],[19.2319,54.3395],[19.3731,54.2231],[20.4121,54.6809],[19.9045,54.6343],[19.9465,54.9251],[20.7037,55.0785],[21.0427,55.3987],[21.0829,55.7245],[21.0629,55.3313],[20.8551,55.1531],[20.5299,54.9607],[21.2155,54.9239],[21.3219,55.2987],[21.0655,55.7961],[21.0039,56.5593],[21.6959,57.5621],[22.6089,57.7617],[23.2643,57.0923],[23.6363,56.9661],[24.4089,57.2541],[24.3363,57.8281],[24.5763,58.3329],[23.7361,58.3515],[23.5025,58.5725],[23.7627,58.7625],[23.4629,58.7737],[23.5385,58.8153],[23.4377,58.9415],[23.6659,58.9763],[23.4173,59.0259],[23.5155,59.2305],[24.8011,59.4475],[24.8011,59.5703],[25.4371,59.4917],[25.6979,59.6763],[27.9095,59.4037],[28.1103,59.7953],[28.3541,59.6575],[29.1305,59.9875],[30.1667,59.8571],[30.2521,59.9713],[28.6209,60.3523],[28.4475,60.5473],[28.6719,60.4347],[28.7183,60.4401],[28.6889,60.5531],[28.5547,60.6015],[28.7077,60.5931],[28.6487,60.6545],[28.7543,60.6641],[28.7659,60.7261],[28.7123,60.7723],[28.3073,60.6203],[28.2421,60.5117],[27.7679,60.5825],[26.4457,60.4937],[26.4121,60.4081],[26.5421,60.3513],[26.0723,60.4361],[26.1177,60.3231],[25.9373,60.3609],[25.7903,60.2371],[25.6423,60.3093],[25.7221,60.3361],[25.6769,60.3811],[24.8469,60.2113],[24.8457,60.1675],[24.6587,60.1361],[24.4167,59.9627],[24.3127,60.0873],[23.3947,59.9231],[23.4861,59.9987],[23.4699,60.0247],[23.2325,59.8917],[23.2485,59.8437],[22.9233,59.8089],[23.1651,59.8921],[23.2335,60.0339],[23.0341,59.9093],[22.8853,59.9237],[22.8191,59.9803],[22.8197,60.0201],[22.9843,59.9703],[23.2645,60.0619],[22.8751,60.1639],[23.0403,60.3257],[22.9825,60.3317],[22.5363,60.2121],[22.6493,60.4079],[21.9007,60.5561],[21.8961,60.4819],[21.8313,60.5017],[21.7463,60.4817],[21.8299,60.5421],[21.8555,60.6503],[21.6727,60.5997],[21.6599,60.5201],[21.5849,60.4937],[21.6139,60.5213],[21.5765,60.5655],[21.4299,60.6041],[21.4475,60.7879],[21.3433,60.8863],[21.2171,60.9083],[21.4455,60.9107],[21.3017,61.0817],[21.6173,61.2273],[21.4937,61.5829],[21.7235,61.5513],[21.4269,61.9525],[21.2839,61.9937],[21.4529,62.2135],[21.0815,62.6239],[21.1767,62.7453],[21.1231,62.7945],[21.4183,62.8779],[21.4731,63.0567],[21.6921,63.0511],[21.5449,63.2647],[22.0027,63.1575],[22.3665,63.2853],[22.3755,63.3547],[22.2023,63.4537],[22.4053,63.4371],[22.2967,63.4987],[22.3243,63.5731],[22.4123,63.4719],[22.6149,63.7229],[22.8121,63.6453],[22.9371,63.7147],[22.8777,63.8019],[22.6997,63.8389],[23.4229,63.9399],[23.4073,64.0797],[23.6201,64.0449],[24.3769,64.5469],[24.5443,64.8167],[25.4905,64.9689],[25.3765,65.1033],[25.2275,65.1263],[25.3547,65.4535],[25.0499,65.6219],[24.2311,65.8251],[23.0677,65.8823],[23.2337,65.7741],[23.1287,65.7549],[23.1005,65.6997],[22.6353,65.9139],[22.6919,65.7573],[22.6197,65.8105],[22.5075,65.7845],[22.4591,65.8655],[22.3435,65.8735],[22.1993,65.7609],[22.1471,65.6127],[22.3037,65.6627],[22.4021,65.5383],[22.0791,65.6153],[22.0203,65.5977],[21.7445,65.7565],[21.8233,65.6711],[22.1505,65.5451],[22.1895,65.5505],[22.0809,65.5289],[22.0715,65.5049],[21.8569,65.5477],[21.8231,65.5319],[21.9989,65.4105],[21.5457,65.4281],[21.6431,65.3453],[21.5013,65.4031],[21.4239,65.3599],[21.7455,65.1931],[21.3087,65.3769],[21.2399,65.3343],[21.5923,65.1387],[21.0039,64.8453],[21.6147,64.4379],[21.0751,64.2285],[20.6755,63.7947],[20.5047,63.8377],[20.4051,63.6727],[20.3193,63.7853],[19.6695,63.4341],[19.4473,63.5735],[19.0447,63.1943],[18.8889,63.2981],[18.7253,63.2911],[18.7201,63.2663],[18.9077,63.2339],[18.2149,63.0143],[18.4903,63.0035],[18.5595,62.9651],[18.2123,62.8865],[18.2861,62.8271],[18.1299,62.7691],[17.9615,62.7995],[17.9123,62.9651],[17.7981,62.9859],[17.8369,63.0129],[17.7767,63.1099],[17.6959,63.1517],[17.6379,63.1717],[17.6089,63.1725],[17.9997,62.6633],[17.8657,62.6733],[17.7227,62.4335],[17.4383,62.5499],[17.3399,62.4759],[17.3957,62.3069],[17.6697,62.2315],[17.3117,61.8565],[17.4921,61.6187],[17.1249,61.7225],[17.2613,61.6575],[17.1269,61.6503],[17.1083,61.6203],[17.2481,61.6043],[17.0749,61.6123],[17.0497,61.5751],[17.2267,61.5485],[17.0569,61.5473],[17.2823,61.2809],[17.1197,61.3075],[17.1461,61.0073],[17.2477,61.0099],[17.0847,60.9005],[17.3585,60.7571],[17.1541,60.6841],[17.7415,60.4965],[18.0187,60.5907],[18.2361,60.3367],[18.6121,60.2505],[18.3151,60.3105],[18.5919,60.0505],[18.8169,59.9801],[18.8225,60.1185],[19.0919,59.8803],[18.8499,59.9469],[18.9529,59.8517],[18.7301,59.7571],[19.0943,59.7553],[18.7233,59.6819],[18.2383,59.4371],[18.3365,59.3853],[17.9675,59.4377],[18.4759,59.1705],[18.1985,59.1089],[18.0543,59.0267],[18.0185,59.0469],[17.9037,58.8517],[17.6763,59.1783],[17.5821,58.9495],[17.6341,58.8943],[17.4673,58.8889],[17.5143,58.7799],[17.0967,58.7733],[16.9441,58.6109],[16.3579,58.6637],[16.1993,58.6363],[16.9559,58.4809],[16.3133,58.4933],[16.8011,58.3613],[16.6367,58.3455],[16.8373,58.1289],[16.6199,58.2015],[16.7889,58.0787],[16.6327,57.9827],[16.8099,57.8713],[16.5943,57.9267],[16.4815,57.8915],[16.5401,57.8743],[16.6719,57.7613],[16.4175,57.9251],[16.7419,57.7005],[16.5403,57.7287],[16.6645,57.6081],[16.5815,57.6507],[16.5207,57.5635],[16.7151,57.4887],[16.4715,57.2603],[16.4721,57.1489],[16.5857,57.0459],[16.4577,57.0315],[16.3957,56.6773],[15.8595,56.0709],[15.8347,56.1653],[15.5993,56.2035],[14.6971,56.1589],[14.7665,56.0085],[14.2401,55.8577],[14.3627,55.5541],[14.1875,55.3803],[12.8137,55.3787],[13.0673,55.6731],[12.4483,56.2935],[12.7815,56.2127],[12.6195,56.4177],[12.9385,56.5755],[12.3633,56.9173],[12.1229,57.4299],[11.9545,57.3589],[11.9713,57.3897],[11.9123,57.4375],[11.9319,57.6235],[11.7139,57.7179],[11.8317,57.7809],[11.6823,57.8535],[11.7917,57.9071],[11.7585,57.9489],[11.8213,57.9981],[11.8289,58.0269],[11.8163,58.0693],[11.8177,58.0729],[11.8053,58.0813],[11.9285,58.2227],[11.8251,58.3123],[11.9167,58.3329],[11.9201,58.3519],[11.7049,58.3405],[11.5245,58.2479],[11.7183,58.4321],[11.5831,58.4785],[11.4715,58.2745],[11.4633,58.4551],[11.2439,58.3535],[11.3507,58.4849],[11.2579,58.5217],[11.3107,58.5809],[11.2551,58.6911],[11.1635,58.7503],[11.2593,58.7231],[11.2399,58.8351],[11.1935,58.9311],[11.1187,58.9701],[11.2267,59.1343],[11.1859,59.1957],[10.8307,59.1525],[10.8127,59.3195],[10.5921,59.4295],[10.6957,59.5261],[10.5885,59.7631],[10.6663,59.8715],[10.7467,59.7115],[10.7919,59.8469],[10.7609,59.9083],[10.5379,59.8907],[10.4839,59.8381],[10.5359,59.6869],[10.6317,59.5953],[10.5143,59.5165],[10.4377,59.6827],[10.2881,59.7525],[10.2165,59.7415],[10.3877,59.6743],[10.3901,59.5281],[10.2397,59.5683],[10.5291,59.3095],[10.4257,59.2597],[10.4383,59.1627],[10.3665,59.1741],[10.4029,59.2637],[10.3749,59.2723],[10.2769,59.0401],[10.2327,59.1233],[9.8487,58.9595],[9.8527,59.0171],[9.7939,59.0913],[9.5179,59.1285],[9.7223,59.0335],[9.7531,58.9911],[9.3019,58.8877],[9.2891,58.8381],[9.4657,58.8319],[9.3539,58.7521],[9.0715,58.7559],[9.2465,58.7243],[8.9857,58.6731],[9.2311,58.6847],[8.9401,58.6171],[8.2051,58.1865],[8.2427,58.1207],[8.1953,58.1645],[8.0665,58.1145],[8.1585,58.2523],[7.6671,58.0133],[7.0123,58.0641],[6.8767,58.1961]],[[-3.1038,43.3649],[-3.104,43.3649],[-3.104,43.3648],[-3.1038,43.3649]],[[-3.4449,43.3834],[-3.4449,43.3835],[-3.445,43.3835],[-3.4449,43.3834]],[[-3.4515,43.3873],[-3.4515,43.3874],[-3.4517,43.3874],[-3.4515,43.3873]],[[-3.4443,43.3831],[-3.4443,43.3832],[-3.4445,43.3832],[-3.4443,43.3831]],[[-3.5832,43.5024],[-3.5832,43.5026],[-3.5834,43.5024],[-3.5832,43.5024]],[[-3.9308,43.4707],[-3.9313,43.4707],[-3.9313,43.4705],[-3.9308,43.4707]],[[-3.0421,43.3383],[-3.0379,43.3374],[-3.0421,43.3393],[-3.0421,43.3383]],[[-3.7385,43.4329],[-3.7357,43.4349],[-3.7346,43.4376],[-3.7385,43.4329]],[[-3.7965,43.3993],[-3.8001,43.4001],[-3.8037,43.397],[-3.7965,43.3993]],[[-3.5865,43.4876],[-3.5857,43.499],[-3.5868,43.4935],[-3.5865,43.4876]],[[-3.4282,43.3685],[-3.4351,43.3715],[-3.4343,43.3779],[-3.4405,43.3807],[-3.4346,43.3699],[-3.4282,43.3685]],[[-3.7389,43.4326],[-3.7513,43.4351],[-3.7486,43.4321],[-3.7389,43.4326]],[[47.4225,39.4637],[47.3849,39.4577],[47.3659,39.4319],[47.4225,39.4637]],[[13.4401,45.6893],[13.4659,45.7073],[13.4007,45.7253],[13.3901,45.6857],[13.4401,45.6893]],[[48.1737,39.2995],[48.3747,39.3709],[47.9909,39.6963],[48.1737,39.2995]],[[0.8383,47.0231],[0.7569,47.3835],[0.4963,47.3361],[0.4959,47.1275],[0.8383,47.0231]],[[1.2075,46.8045],[1.1931,46.5665],[1.5765,46.6047],[1.6321,46.8425],[1.2075,46.8045]],[[-0.0924,43.5415],[0.3423,43.7069],[0.3425,43.9595],[-0.4325,43.9595],[-0.0924,43.5415]],[[7.6457,46.3043],[8.0207,46.3269],[8.6645,46.7355],[8.3895,46.8375],[7.6019,46.5767],[7.6457,46.3043]],[[32.7248,38.2257],[32.8556,37.7399],[33.0611,37.5157],[33.7337,37.4783],[34.1635,38.1883],[33.2106,39.2159],[32.7248,38.2257]]],[[[15.6567,38.2661],[15.0843,37.4826],[15.0993,37.3165],[15.3368,37.0074],[15.1535,36.9149],[15.0943,36.8001],[15.1374,36.6743],[15.0779,36.6437],[13.1649,37.4938],[12.6729,37.5596],[12.424,37.8018],[12.484,37.8579],[12.4935,37.9813],[12.5379,37.9932],[12.5293,38.0085],[12.4913,38.0107],[12.4901,38.0182],[12.7312,38.1899],[12.9029,38.024],[13.3182,38.2251],[13.3843,38.1085],[13.7482,37.9701],[15.6567,38.2661]]],[[[9.5677,41.1233],[9.6627,40.9991],[9.5037,40.9161],[9.7249,40.8495],[9.8269,40.5403],[9.6257,40.2477],[9.6317,39.3043],[9.5245,39.1037],[9.0881,39.2301],[9.0145,38.9909],[8.6395,38.8695],[8.3467,39.0847],[8.4813,39.0885],[8.3805,39.4619],[8.5501,39.8609],[8.3911,39.9125],[8.4851,40.3001],[8.1531,40.5761],[8.1781,40.9385],[8.5801,40.8423],[9.2029,41.2527],[9.5677,41.1233]],[[8.5607,40.5149],[8.5849,40.3701],[9.1315,40.4687],[8.8821,40.0141],[9.2637,39.4189],[9.4277,40.5345],[9.1313,40.9223],[8.5607,40.5149]]],[[[36.4437,33.5295],[36.7905,33.7033],[36.9441,33.2673],[36.7351,33.0613],[36.4861,33.1001],[36.4059,33.4049],[36.0595,33.3007],[36.3049,33.2145],[35.8133,32.7917],[35.8671,32.3229],[35.3719,32.2609],[34.9075,32.5381],[35.2965,33.4021],[36.1531,33.6683],[36.4437,33.5295]]],[[[22.4385,37.8889],[22.5727,36.8997],[22.1813,36.8929],[21.4299,37.8529],[21.8465,38.3373],[22.4385,37.8889]]],[[[-1.724,47.9647],[-1.2989,47.9647],[-0.9538,47.2557],[-1.0675,47.0751],[-2.1391,46.8387],[-1.9844,47.0325],[-2.2432,47.1345],[-2.0089,47.3161],[-2.5515,47.3743],[-1.724,47.9647]]],[[[9.5613,42.1895],[9.1803,41.3723],[8.6601,41.7509],[8.7993,41.9035],[8.6093,41.9045],[8.7399,42.0613],[8.5437,42.3777],[8.7197,42.5897],[9.2957,42.6813],[9.3677,43.0099],[9.5613,42.1895]]],[[[2.1021,47.9535],[2.0069,48.4913],[1.4849,49.0157],[1.7973,49.1825],[2.7131,48.8039],[2.8403,48.2787],[2.6095,48.0209],[2.1021,47.9535]]],[[[12.6349,56.0327],[12.6031,55.7077],[12.2359,55.5371],[12.4587,55.2913],[12.0327,55.1657],[12.1855,55.1123],[12.0505,54.9597],[11.6233,55.0815],[11.8351,55.0449],[11.7253,55.1107],[11.8191,55.1313],[11.7185,55.2095],[11.2487,55.2109],[11.1539,55.5923],[10.9365,55.6729],[11.1115,55.6713],[10.8803,55.7457],[11.2683,55.7329],[11.5321,55.8743],[11.5203,55.9307],[11.3035,55.9747],[11.2889,55.9995],[11.7781,55.9771],[11.6583,55.7219],[11.8151,55.6677],[11.9407,55.9343],[12.0699,55.7679],[11.9943,55.7407],[11.9349,55.6543],[12.0845,55.6529],[12.1231,55.7297],[12.0453,55.9295],[11.8477,55.9653],[12.6349,56.0327]]],[[[0.1567,48.7593],[-0.7773,48.7481],[-1.0896,49.0935],[-1.0664,49.3953],[0.0817,49.3685],[0.1567,48.7593]]],[[[-0.8578,48.1555],[-0.4329,48.5025],[0.8279,48.5025],[0.6475,48.2899],[-0.8578,48.1555]]],[[[19.0223,57.9179],[19.1091,57.8181],[19.0491,57.8339],[18.9637,57.7897],[18.9569,57.7243],[18.8143,57.7399],[18.7779,57.4703],[18.9451,57.4203],[18.1371,56.9061],[18.3085,57.0971],[18.1021,57.2563],[18.1117,57.5321],[19.0223,57.9179]]],[[[10.4271,55.5889],[10.5663,55.5223],[10.4945,55.5509],[10.4281,55.4409],[10.7117,55.5425],[10.5465,55.4461],[10.8597,55.2945],[10.7463,55.0693],[10.0789,55.0763],[10.1747,55.1297],[9.6807,55.5165],[10.4271,55.5889]]],[[[22.9589,58.6153],[23.3317,58.4603],[22.2995,58.2051],[22.0431,57.9035],[22.2187,58.1379],[21.8439,58.2885],[22.0001,58.3493],[21.8439,58.4977],[22.1027,58.4187],[22.9589,58.6153]]],[[[-5.7297,40.1583],[-5.9383,40.4632],[-5.3766,40.6397],[-5.2001,40.4472],[-5.2804,40.2386],[-5.7297,40.1583]]],[[[23.5917,38.7673],[24.1501,38.6475],[23.6527,38.4027],[23.6009,38.5713],[23.2021,38.8365],[22.8333,38.8331],[23.3241,39.0395],[23.5917,38.7673]]],[[[36.0851,35.2067],[36.1079,35.5275],[36.5197,35.5561],[36.5343,35.1717],[36.0851,35.2067]]],[[[-4.1511,48.6141],[-3.8562,48.6031],[-3.6411,48.3795],[-3.9344,48.2451],[-4.3631,48.2863],[-4.1894,48.3001],[-4.4162,48.3291],[-4.1511,48.6141]]],[[[26.6095,39.0151],[25.8323,39.1925],[25.9135,39.2965],[26.3393,39.3907],[26.6095,39.0151]]],[[[17.0825,57.1737],[16.4103,56.1929],[16.3809,56.5265],[17.0803,57.3555],[17.0825,57.1737]]],[[[11.6091,54.8153],[11.7467,54.8743],[11.8641,54.6867],[11.4993,54.5973],[10.9637,54.8031],[11.1541,54.8089],[11.0201,54.8921],[11.6091,54.8153]]],[[[23.0747,58.8389],[22.7393,58.8063],[22.5643,58.6883],[22.0443,58.9249],[22.5833,59.0685],[23.0747,58.8389]]],[[[13.6809,54.5635],[13.5729,54.4697],[13.7673,54.3427],[13.7289,54.2763],[13.6593,54.3657],[13.1423,54.2827],[13.2731,54.4811],[13.1423,54.5471],[13.5071,54.4847],[13.1621,54.5611],[13.6809,54.5635]]],[[[29.7043,66.0391],[29.5351,66.2467],[29.9247,66.3741],[30.1105,66.0711],[29.7043,66.0391]]],[[[5.2399,51.2769],[5.3843,51.0143],[4.9403,51.1019],[4.8929,51.2441],[5.2399,51.2769]]],[[[-1.8576,48.5359],[-2.1845,48.4465],[-2.4214,48.6443],[-1.8519,48.7033],[-1.8576,48.5359]]],[[[19.9263,60.4203],[19.9465,60.3557],[20.2881,60.2817],[19.9345,60.2391],[20.2427,60.0017],[19.9971,60.1081],[19.7593,60.0949],[19.6493,60.2913],[19.8391,60.2011],[19.9317,60.3195],[19.8063,60.3963],[19.9263,60.4203]]],[[[10.7283,62.3721],[10.7097,62.5545],[11.1371,62.6355],[11.0821,62.3873],[10.7283,62.3721]]],[[[13.8077,54.1721],[14.2441,53.9211],[14.7629,54.0153],[14.6931,53.9981],[14.5859,53.8037],[14.4033,53.8921],[13.8835,53.8385],[14.0483,53.9941],[13.8077,54.1721]]],[[[0.4363,49.5599],[0.4527,49.6707],[0.8307,49.7039],[0.7645,49.5045],[0.4363,49.5599]]],[[[15.1581,55.1317],[15.1213,55.0151],[14.6847,55.0965],[14.8793,55.2355],[15.1581,55.1317]]],[[[22.8619,60.2159],[22.7667,60.0065],[22.6837,60.0445],[22.3791,60.0157],[22.6241,60.1511],[22.4211,60.1581],[22.4747,60.2365],[22.5463,60.2005],[22.9681,60.2823],[22.8619,60.2159]]],[[[4.7795,52.5811],[4.4761,52.1805],[4.2233,52.0703],[4.7795,52.5811]]],[[[12.1701,54.8335],[11.9767,54.5627],[11.7063,54.9315],[12.1701,54.8335]]],[[[11.1811,62.0267],[11.1467,62.2503],[11.4321,62.3213],[11.4475,62.0725],[11.1811,62.0267]]],[[[25.3503,39.7827],[25.2549,39.9161],[25.0457,39.8367],[25.0379,39.9943],[25.4355,40.0181],[25.3503,39.7827]]],[[[2.5607,50.4325],[2.5287,50.5645],[2.8253,50.5975],[2.8075,50.4215],[2.5607,50.4325]]],[[[1.9479,49.7593],[1.8995,49.8919],[2.2119,49.9363],[2.2109,49.7703],[1.9479,49.7593]]],[[[14.5929,45.2375],[14.8219,44.9755],[14.4331,45.0737],[14.5929,45.2375]]],[[[14.4823,44.9643],[14.4939,44.6069],[14.3135,45.1733],[14.4823,44.9643]]],[[[16.8153,43.3533],[16.8969,43.3017],[16.5327,43.2693],[16.4389,43.3917],[16.8153,43.3533]]],[[[24.7895,40.7413],[24.6487,40.5785],[24.5153,40.6649],[24.7895,40.7413]]],[[[7.9497,62.1385],[7.8819,62.2249],[8.2549,62.3011],[8.2143,62.1385],[7.9497,62.1385]]],[[[5.5403,61.6239],[5.6159,61.4653],[5.3601,61.4295],[5.4737,61.4901],[5.2685,61.4953],[5.1859,61.5547],[5.4509,61.5693],[5.2301,61.6103],[5.5403,61.6239]]],[[[-1.3846,49.0489],[-1.4005,48.9377],[-1.5793,48.8661],[-1.5981,49.1705],[-1.3846,49.0489]]],[[[11.8397,58.2395],[11.8339,58.1247],[11.4187,58.1295],[11.6855,58.2413],[11.8397,58.2395]]],[[[5.6089,58.6149],[5.4889,58.7529],[5.8729,58.7247],[5.6089,58.6149]]],[[[9.9687,55.0069],[10.0723,54.8759],[9.7877,54.9069],[9.7055,55.0789],[9.9687,55.0069]]],[[[5.9435,52.8403],[5.9617,52.9265],[6.2437,52.9373],[5.9435,52.8403]]],[[[5.1927,51.4407],[5.1129,51.6261],[5.2787,51.6589],[5.1927,51.4407]]],[[[16.6985,43.1633],[17.1945,43.1247],[16.6871,43.1209],[16.3733,43.1951],[16.6985,43.1633]]],[[[5.4981,51.9525],[5.4345,52.1155],[5.7145,52.0395],[5.4981,51.9525]]],[[[14.9543,44.5821],[15.2527,44.3275],[15.1041,44.3193],[14.7335,44.7043],[14.9543,44.5821]]],[[[26.0157,40.1543],[25.6685,40.1299],[25.7873,40.2167],[26.0157,40.1543]]],[[[10.7227,54.7313],[10.5927,54.8453],[10.9509,55.1629],[10.7227,54.7313]]],[[[5.4185,59.5371],[5.4549,59.2951],[5.3775,59.4211],[5.3543,59.2697],[5.2693,59.5037],[5.4185,59.5371]]],[[[12.5235,55.0083],[12.5565,54.9587],[12.1061,54.9029],[12.3565,54.9843],[12.2367,55.0463],[12.5235,55.0083]]],[[[3.8341,51.7389],[4.0597,51.6809],[3.6815,51.6927],[3.8341,51.7389]]],[[[23.3583,58.6509],[23.4103,58.5477],[23.0739,58.6033],[23.3583,58.6509]]],[[[18.7159,59.3765],[18.7571,59.3331],[18.2377,59.3041],[18.4735,59.3207],[18.5035,59.3855],[18.7159,59.3765]]],[[[24.8311,65.0939],[25.0609,65.0423],[24.5575,65.0389],[24.8311,65.0939]]],[[[5.3323,59.2705],[5.2941,59.1411],[5.1727,59.1791],[5.2493,59.4101],[5.3323,59.2705]]],[[[11.2289,54.5061],[11.3155,54.4031],[11.0135,54.4423],[11.2289,54.5061]]],[[[25.6645,40.5001],[25.6961,40.4313],[25.5537,40.4121],[25.6645,40.5001]]],[[[-1.2397,45.9861],[-1.2011,45.8241],[-1.3834,45.9511],[-1.2397,45.9861]]],[[[21.2777,63.2969],[21.1979,63.2541],[21.1943,63.2335],[21.3205,63.2219],[21.3907,63.2795],[21.4577,63.2059],[21.1683,63.1835],[21.1975,63.3037],[21.2777,63.2969]]],[[[11.0167,57.1911],[10.8695,57.2581],[11.2099,57.3169],[11.0167,57.1911]]],[[[11.6013,57.9355],[11.5123,58.0429],[11.5659,58.0655],[11.5765,58.0527],[11.6013,57.9355]]],[[[8.0771,55.5617],[8.1565,55.7005],[8.2637,55.5949],[8.0771,55.5617]]],[[[4.0807,51.7067],[4.0025,51.7987],[3.9693,51.8021],[3.9523,51.8019],[3.9161,51.7951],[3.8699,51.7725],[3.8697,51.8185],[4.0121,51.8401],[4.0807,51.7067]]],[[[27.6419,40.6773],[27.7471,40.6411],[27.5357,40.6089],[27.6419,40.6773]]],[[[15.0063,44.0881],[15.0577,44.0081],[15.2161,43.9139],[15.2243,43.8821],[14.8155,44.1497],[15.0063,44.0881]]],[[[19.3623,57.9529],[19.0517,57.9031],[19.0965,57.9617],[19.3623,57.9529]]],[[[47.6717,44.0021],[47.8755,43.9855],[47.7647,43.9249],[47.6717,44.0021]]],[[[10.6955,55.8965],[10.6255,55.7685],[10.5357,55.7911],[10.5465,55.9923],[10.6955,55.8965]]],[[[21.9515,60.3805],[22.0515,60.3557],[21.7963,60.3927],[21.9515,60.3805]]],[[[4.1425,51.9525],[4.1551,51.8209],[4.0595,51.8395],[4.1425,51.9525]]],[[[12.6705,55.5871],[12.5193,55.5901],[12.6161,55.6989],[12.6705,55.5871]]],[[[23.3413,59.0361],[23.3881,58.9745],[23.1695,58.9663],[23.3413,59.0361]]],[[[19.6793,60.1685],[19.5945,60.2195],[19.5471,60.1489],[19.6183,60.2841],[19.6793,60.1685]]],[[[-1.5133,46.2265],[-1.2553,46.1649],[-1.3219,46.1457],[-1.563,46.2441],[-1.5133,46.2265]]],[[[14.7609,44.8439],[14.8661,44.7079],[14.6557,44.7897],[14.7609,44.8439]]],[[[10.3729,54.8845],[10.5383,54.8465],[10.4179,54.8183],[10.2073,54.9643],[10.3729,54.8845]]],[[[18.4847,60.3639],[18.5865,60.3005],[18.4091,60.3705],[18.4847,60.3639]]],[[[8.5941,55.1909],[8.5697,55.0821],[8.4689,55.0965],[8.5941,55.1909]]],[[[5.1841,53.3451],[5.1559,53.3641],[5.5779,53.4479],[5.1841,53.3451]]],[[[22.3411,60.3211],[22.3625,60.2911],[22.0909,60.2923],[22.3411,60.3211]]],[[[14.3951,44.6879],[14.5323,44.4847],[14.4209,44.5687],[14.3685,44.5637],[14.3951,44.6879]]],[[[10.6241,54.9469],[10.5165,55.0079],[10.6255,55.0567],[10.6241,54.9469]]],[[[5.4491,59.7561],[5.4077,59.8759],[5.5175,59.8901],[5.4491,59.7561]]],[[[21.8275,60.2139],[21.9509,60.1917],[21.7049,60.1339],[21.8275,60.2139]]],[[[17.5019,62.4601],[17.5393,62.3629],[17.4209,62.3651],[17.5019,62.4601]]],[[[15.2615,44.0229],[15.3725,43.9715],[15.4525,43.8923],[15.2615,44.0229]]],[[[16.3373,43.3975],[16.4001,43.3395],[16.4007,43.3287],[16.2063,43.4145],[16.3373,43.3975]]],[[[21.6057,60.1853],[21.6955,60.1689],[21.5237,60.1127],[21.6057,60.1853]]],[[[18.5057,59.2885],[18.5277,59.2745],[18.6161,59.2497],[18.3441,59.2849],[18.5057,59.2885]]],[[[18.1581,62.7529],[18.1751,62.7271],[18.0165,62.6785],[18.1581,62.7529]]],[[[32.8663,46.0689],[33.0621,46.0247],[32.9343,46.0165],[32.5537,46.0733],[32.8663,46.0689]]],[[[21.4269,60.5579],[21.5385,60.5281],[21.4801,60.5353],[21.4403,60.4905],[21.4269,60.5579]]],[[[8.3113,39.1841],[8.2923,39.1001],[8.2187,39.1503],[8.3113,39.1841]]],[[[8.4641,55.4219],[8.4803,55.3415],[8.3547,55.4627],[8.4641,55.4219]]],[[[8.3345,41.0569],[8.2157,40.9923],[8.2763,41.1095],[8.3345,41.0569]]],[[[15.1795,44.0985],[15.2577,44.0223],[15.0581,44.1585],[15.1795,44.0985]]],[[[-2.2206,47.0135],[-2.1541,46.8977],[-2.2945,46.9871],[-2.2206,47.0135]]],[[[28.6049,60.3429],[28.7313,60.2859],[28.6201,60.2703],[28.6049,60.3429]]],[[[17.7217,59.0119],[17.7099,58.9013],[17.6337,58.9919],[17.6721,59.0155],[17.7217,59.0119]]],[[[22.4629,60.3431],[22.5245,60.3445],[22.3081,60.3313],[22.4629,60.3431]]],[[[18.5013,59.0963],[18.3653,59.0199],[18.3717,59.0791],[18.5013,59.0963]]],[[[22.2351,63.3163],[22.2499,63.3055],[22.2165,63.2749],[22.1499,63.2933],[22.1013,63.2819],[22.1567,63.2525],[22.0581,63.2811],[22.2351,63.3163]]],[[[21.3991,63.3195],[21.2371,63.3335],[21.2421,63.3577],[21.3991,63.3195]]],[[[6.1581,59.1407],[5.8917,59.0863],[5.9615,59.1195],[6.1581,59.1407]]],[[[18.6497,59.5573],[18.7633,59.5433],[18.6013,59.4947],[18.6053,59.4563],[18.5913,59.5043],[18.5495,59.5057],[18.6497,59.5573]]],[[[17.9933,62.5625],[17.9485,62.5537],[17.9659,62.6421],[17.9933,62.5625]]],[[[6.1667,59.1511],[6.0275,59.1459],[6.1007,59.2027],[6.1667,59.1511]]],[[[26.0523,39.8501],[26.0789,39.8013],[25.9639,39.8403],[26.0523,39.8501]]],[[[22.1931,60.2073],[22.3075,60.2717],[22.3251,60.2355],[22.1931,60.2073]]],[[[5.4575,59.2229],[5.4765,59.1877],[5.3911,59.1639],[5.4575,59.2229]]],[[[22.0457,60.1883],[22.0269,60.1491],[21.9481,60.1693],[22.0669,60.2183],[22.0457,60.1883]]],[[[8.4667,55.4941],[8.4837,55.4601],[8.4325,55.4643],[8.2957,55.5721],[8.4667,55.4941]]],[[[11.4575,53.9573],[11.3787,53.9851],[11.4493,54.0219],[11.4575,53.9573]]],[[[5.7679,59.8909],[5.8439,59.8343],[5.7555,59.8649],[5.6977,59.8365],[5.6645,59.8529],[5.7679,59.8909]]],[[[15.2629,43.8725],[15.4583,43.7371],[15.3301,43.7897],[15.2629,43.8725]]],[[[4.8547,53.2225],[5.0375,53.3011],[5.1015,53.3017],[4.8547,53.2225]]],[[[25.6797,60.2401],[25.6239,60.2043],[25.5777,60.3023],[25.6797,60.2401]]],[[[22.4651,60.3065],[22.4709,60.2963],[22.3183,60.2525],[22.4651,60.3065]]],[[[31.6985,46.2307],[31.9637,46.1901],[31.7225,46.2211],[31.5941,46.2561],[31.5481,46.2833],[31.5143,46.3223],[31.5225,46.3761],[31.6985,46.2307]]],[[[19.2291,58.3379],[19.1849,58.3901],[19.3277,58.3661],[19.2291,58.3379]]],[[[22.8311,63.7741],[22.6755,63.7591],[22.7151,63.7787],[22.8311,63.7741]]],[[[10.4443,59.1559],[10.4541,59.0579],[10.4007,59.0515],[10.4443,59.1559]]],[[[18.1719,59.0345],[18.2343,59.0309],[18.0581,58.9639],[18.1719,59.0345]]],[[[21.3221,60.2347],[21.3803,60.2377],[21.3389,60.2271],[21.3849,60.2043],[21.4707,60.2079],[21.4015,60.1779],[21.3171,60.1959],[21.3419,60.2067],[21.2517,60.2135],[21.2907,60.2191],[21.3221,60.2347]]],[[[20.3087,60.1111],[20.2665,60.0621],[20.2173,60.0925],[20.3087,60.1111]]],[[[19.0129,59.8001],[18.8897,59.7911],[18.9779,59.8649],[19.0129,59.8001]]],[[[18.1229,59.3939],[18.2703,59.3749],[18.1837,59.3419],[18.1229,59.3939]]],[[[21.3031,60.5627],[21.3585,60.5027],[21.2421,60.5141],[21.3031,60.5627]]],[[[21.3135,60.6699],[21.3615,60.6269],[21.3241,60.6307],[21.3235,60.5819],[21.2919,60.5849],[21.3135,60.6699]]],[[[23.6235,59.9351],[23.6597,59.9307],[23.4035,59.9035],[23.6235,59.9351]]],[[[20.4389,60.2389],[20.3809,60.1933],[20.3339,60.2795],[20.4389,60.2389]]],[[[22.0755,60.4433],[21.9965,60.4239],[21.9285,60.4861],[22.0755,60.4433]]],[[[11.0833,59.0689],[10.9973,59.0267],[11.0043,59.0591],[10.9869,59.0809],[11.0833,59.0689]]],[[[25.9401,60.2697],[25.9261,60.3485],[26.0387,60.2877],[25.9977,60.2805],[25.9401,60.2697]]],[[[8.8343,58.4303],[8.7899,58.4543],[8.9479,58.5059],[8.8343,58.4303]]],[[[22.3665,65.5315],[22.3891,65.5139],[22.2775,65.4761],[22.3665,65.5315]]],[[[22.0369,60.3175],[21.8801,60.2917],[21.9693,60.3157],[22.0369,60.3175]]],[[[14.8083,44.4025],[14.8165,44.3455],[14.7471,44.3681],[14.8083,44.4025]]],[[[5.8761,59.1877],[5.8767,59.1663],[5.7821,59.1437],[5.8761,59.1877]]],[[[26.6993,38.4791],[26.7029,38.5471],[26.7249,38.5375],[26.6993,38.4791]]],[[[21.7365,60.4943],[21.7305,60.4645],[21.6987,60.4717],[21.7573,60.5551],[21.7365,60.4943]]],[[[-2.3252,46.7203],[-2.2813,46.6857],[-2.3758,46.6947],[-2.3252,46.7203]]],[[[16.8359,58.3585],[16.9085,58.3213],[16.8511,58.3193],[16.7939,58.3821],[16.8359,58.3585]]],[[[26.6683,39.3907],[26.6891,39.3387],[26.6227,39.3349],[26.6683,39.3907]]],[[[18.7169,59.2921],[18.5489,59.2787],[18.5577,59.2863],[18.7169,59.2921]]],[[[17.1393,42.9593],[17.2015,42.9179],[17.1255,42.9099],[17.1393,42.9593]]],[[[20.8129,60.2859],[20.8515,60.2469],[20.7783,60.2287],[20.8129,60.2859]]],[[[26.9817,60.0259],[26.9453,60.1001],[26.9833,60.0969],[26.9817,60.0259]]],[[[18.2693,58.9169],[18.2311,58.9431],[18.3703,58.9805],[18.2693,58.9169]]],[[[22.9637,65.7375],[22.9875,65.6939],[22.9527,65.6661],[22.9637,65.7375]]],[[[27.6549,40.5039],[27.6691,40.4541],[27.5877,40.4697],[27.6549,40.5039]]],[[[20.9091,63.8159],[20.9541,63.7933],[20.8755,63.7439],[20.9091,63.8159]]],[[[17.8807,58.8137],[17.7973,58.8013],[17.8351,58.8881],[17.8807,58.8137]]],[[[26.5403,60.3773],[26.5057,60.4091],[26.5979,60.4471],[26.5403,60.3773]]],[[[20.8955,63.6843],[20.8655,63.6843],[20.9519,63.7793],[20.8955,63.6843]]],[[[18.7683,60.2041],[18.8143,60.1603],[18.7337,60.1549],[18.7683,60.2041]]],[[[11.5569,56.6851],[11.5155,56.7177],[11.5259,56.7257],[11.5569,56.6851]]],[[[14.8023,44.2641],[14.9097,44.2109],[14.8301,44.1991],[14.8023,44.2641]]],[[[22.9533,60.0853],[22.8441,60.0835],[22.9045,60.1215],[22.9533,60.0853]]],[[[27.5193,40.5459],[27.5525,40.5313],[27.5421,40.4991],[27.5193,40.5459]]],[[[21.2111,62.9859],[21.2219,62.9481],[21.1551,62.9411],[21.2111,62.9859]]],[[[15.0967,44.3093],[15.1321,44.2895],[15.0451,44.2849],[15.0967,44.3093]]],[[[20.5949,60.0553],[20.6175,60.0333],[20.5331,60.0029],[20.5949,60.0553]]],[[[13.2249,54.4671],[13.1209,54.4487],[13.1565,54.4891],[13.2249,54.4671]]],[[[19.0027,59.6309],[18.8601,59.5897],[18.8963,59.6227],[19.0027,59.6309]]],[[[23.7477,65.7397],[23.8107,65.7457],[23.6933,65.7123],[23.7477,65.7397]]],[[[28.4863,60.3655],[28.5319,60.3083],[28.4567,60.3329],[28.4863,60.3655]]],[[[24.4971,59.5543],[24.4885,59.5849],[24.5177,59.6065],[24.4971,59.5543]]],[[[22.2563,60.4139],[22.2693,60.4019],[22.1507,60.4051],[22.2563,60.4139]]],[[[22.0225,63.3793],[22.0959,63.3763],[22.0167,63.3717],[21.9751,63.3319],[21.9421,63.3345],[22.0225,63.3793]]],[[[9.4367,41.2229],[9.3747,41.2223],[9.4011,41.2659],[9.4367,41.2229]]],[[[11.5095,58.2533],[11.4679,58.2037],[11.4089,58.1991],[11.5095,58.2533]]],[[[6.5775,58.2405],[6.6413,58.2175],[6.6271,58.1957],[6.5775,58.2405]]],[[[50.3383,40.4801],[50.3525,40.3875],[50.3415,40.4251],[50.3383,40.4801]]],[[[5.9805,58.4589],[5.9963,58.4163],[5.8841,58.4233],[5.9805,58.4589]]],[[[22.3391,60.1489],[22.2899,60.1475],[22.3885,60.2077],[22.3391,60.1489]]],[[[23.9061,59.9885],[23.9901,59.9849],[23.8451,59.9457],[23.9061,59.9885]]],[[[22.2117,60.3429],[22.1447,60.3539],[22.2953,60.3755],[22.2117,60.3429]]],[[[15.6461,43.7969],[15.6637,43.7669],[15.5651,43.8337],[15.6461,43.7969]]],[[[18.5837,59.4725],[18.5985,59.4357],[18.5189,59.4961],[18.5837,59.4725]]],[[[22.8247,65.7065],[22.7277,65.7271],[22.7441,65.7767],[22.8247,65.7065]]],[[[6.0703,59.2329],[6.1027,59.2281],[6.0125,59.1745],[6.0703,59.2329]]],[[[13.1409,54.6063],[13.1545,54.5837],[13.1085,54.5837],[13.0701,54.4615],[13.0985,54.5911],[13.1409,54.6063]]],[[[50.5861,40.3475],[50.6079,40.3169],[50.5407,40.2863],[50.5861,40.3475]]],[[[15.6713,56.1191],[15.7415,56.1109],[15.7103,56.0709],[15.6713,56.1191]]],[[[28.5225,60.4135],[28.5363,60.3503],[28.4477,60.4641],[28.5225,60.4135]]],[[[10.9135,59.1139],[10.9229,59.0995],[10.8545,59.0669],[10.9135,59.1139]]],[[[20.3559,60.0191],[20.4637,60.0017],[20.3027,59.9939],[20.3559,60.0191]]],[[[12.7745,55.6735],[12.7875,55.6097],[12.7355,55.6357],[12.7745,55.6735]]],[[[22.3425,60.3661],[22.3111,60.3775],[22.4807,60.4041],[22.3425,60.3661]]],[[[23.9509,58.1217],[24.0159,58.1537],[24.0181,58.1411],[23.9509,58.1217]]],[[[17.8605,42.7513],[17.9301,42.7171],[17.9039,42.7009],[17.8605,42.7513]]],[[[15.6573,43.6681],[15.7321,43.6327],[15.6867,43.6315],[15.6573,43.6681]]],[[[15.1533,44.0273],[15.1661,44.0031],[15.0777,44.0545],[15.1533,44.0273]]],[[[18.6911,63.0807],[18.7183,63.0623],[18.6349,63.0145],[18.6911,63.0807]]],[[[9.4807,41.1901],[9.4361,41.1889],[9.4561,41.2079],[9.4807,41.1901]]],[[[11.4477,54.9645],[11.4721,54.9475],[11.4019,54.9199],[11.3641,54.9503],[11.4477,54.9645]]],[[[18.7607,59.5749],[18.9597,59.6679],[18.8681,59.6067],[18.7607,59.5749]]],[[[22.3197,65.7245],[22.3727,65.6731],[22.3297,65.6615],[22.3197,65.7245]]],[[[15.3167,43.8865],[15.3705,43.8213],[15.2899,43.8703],[15.3167,43.8865]]],[[[15.0353,44.1323],[14.9979,44.1377],[14.9391,44.1997],[15.0353,44.1323]]],[[[29.7277,60.0231],[29.8097,59.9883],[29.7911,59.9761],[29.7277,60.0231]]],[[[26.2297,38.5397],[26.2693,38.5201],[26.2461,38.5047],[26.2297,38.5397]]],[[[21.4303,63.0137],[21.3439,63.0415],[21.4161,63.0387],[21.4355,63.0851],[21.4303,63.0137]]],[[[14.2755,44.6067],[14.2359,44.6191],[14.2623,44.6869],[14.2755,44.6067]]],[[[28.6697,60.4749],[28.6969,60.4697],[28.6269,60.4761],[28.5709,60.5083],[28.6697,60.4749]]],[[[11.8507,55.7837],[11.8175,55.7527],[11.7791,55.7845],[11.8507,55.7837]]],[[[22.2321,65.4601],[22.2465,65.4125],[22.1575,65.4319],[22.2321,65.4601]]],[[[21.6373,60.2537],[21.5557,60.2205],[21.5841,60.2731],[21.6135,60.2665],[21.6373,60.2537]]],[[[21.7795,65.3873],[21.8305,65.3517],[21.6585,65.4009],[21.7795,65.3873]]],[[[22.0191,63.3297],[22.0639,63.3003],[22.0477,63.2745],[22.0191,63.3297]]],[[[5.5449,59.8625],[5.5771,59.8815],[5.6135,59.8583],[5.5449,59.8625]]],[[[27.0681,37.7175],[27.0121,37.7081],[27.0287,37.7587],[27.0681,37.7175]]],[[[14.6969,44.3561],[14.6661,44.4095],[14.7031,44.3975],[14.6969,44.3561]]],[[[22.9213,60.0491],[22.8819,60.0049],[22.8547,60.0563],[22.9213,60.0491]]],[[[23.9947,59.3571],[24.0107,59.3199],[23.9759,59.3213],[23.9947,59.3571]]],[[[27.8427,59.9869],[27.7965,59.9977],[27.8351,60.0377],[27.8427,59.9869]]],[[[12.0677,54.9379],[12.0907,54.9227],[12.0793,54.9067],[12.0677,54.9379]]],[[[11.2155,55.8681],[11.2229,55.8561],[11.0857,55.9183],[11.2155,55.8681]]],[[[8.4021,55.0539],[8.4657,55.0455],[8.4243,55.0113],[8.4021,55.0539]]],[[[20.5247,60.0621],[20.5455,60.0605],[20.4619,60.0129],[20.5247,60.0621]]],[[[21.7001,63.3061],[21.6727,63.2511],[21.6365,63.2955],[21.7001,63.3061]]],[[[22.6593,65.5837],[22.6019,65.5543],[22.5315,65.5787],[22.6593,65.5837]]],[[[10.3237,55.7489],[10.2373,55.7551],[10.3047,55.7673],[10.3237,55.7489]]],[[[18.7961,59.3051],[18.8243,59.2927],[18.7759,59.2579],[18.7433,59.2711],[18.7961,59.3051]]],[[[16.1657,43.4581],[16.1807,43.4395],[16.1079,43.4327],[16.1657,43.4581]]],[[[23.9269,59.3459],[23.9523,59.3135],[23.9205,59.3081],[23.9269,59.3459]]],[[[5.7125,59.8211],[5.7367,59.7993],[5.6599,59.7859],[5.6221,59.8165],[5.7125,59.8211]]],[[[18.3301,59.1087],[18.3525,59.0977],[18.2413,59.0771],[18.3301,59.1087]]],[[[22.4297,65.4475],[22.3121,65.4305],[22.2893,65.4589],[22.4297,65.4475]]],[[[21.1699,62.8643],[21.2307,62.8587],[21.1709,62.8285],[21.1699,62.8643]]],[[[20.7501,60.3459],[20.7921,60.3647],[20.8031,60.3467],[20.7501,60.3459]]],[[[18.8665,59.4333],[18.9315,59.4489],[18.9383,59.4415],[18.8665,59.4333]]],[[[20.4441,60.0219],[20.3835,60.0213],[20.4571,60.0671],[20.4441,60.0219]]],[[[14.8293,44.9097],[14.8321,44.8913],[14.7651,44.9247],[14.8293,44.9097]]],[[[17.7455,62.4177],[17.7541,62.3905],[17.6631,62.4163],[17.7455,62.4177]]],[[[23.2549,57.8115],[23.2711,57.7851],[23.2123,57.7871],[23.2549,57.8115]]],[[[11.0415,58.8963],[11.0593,58.8705],[10.9869,58.9031],[11.0415,58.8963]]],[[[11.5493,54.9879],[11.5701,54.9719],[11.5417,54.9451],[11.5493,54.9879]]],[[[21.0049,59.9563],[21.0095,59.9237],[20.9799,59.9247],[20.9841,59.9315],[21.0049,59.9563]]],[[[8.9077,58.5209],[8.9811,58.5843],[8.9959,58.5501],[8.9077,58.5209]]],[[[21.7953,65.2855],[21.8717,65.2483],[21.7633,65.2639],[21.7953,65.2855]]],[[[14.2579,40.5679],[14.2649,40.5585],[14.1937,40.5463],[14.2579,40.5679]]],[[[21.7341,63.3125],[21.7913,63.2787],[21.7389,63.2745],[21.6901,63.3247],[21.7341,63.3125]]],[[[22.5843,59.9647],[22.5057,59.9651],[22.5069,59.9819],[22.5843,59.9647]]],[[[26.8955,60.4231],[26.8401,60.4375],[26.8811,60.4693],[26.8955,60.4231]]],[[[22.1333,60.3785],[22.2265,60.3809],[22.0993,60.3525],[22.1333,60.3785]]],[[[16.7385,57.6201],[16.7139,57.5837],[16.6607,57.5783],[16.7385,57.6201]]],[[[22.5015,59.8647],[22.4179,59.8479],[22.4179,59.8617],[22.5015,59.8647]]],[[[17.7055,62.1877],[17.6959,62.2165],[17.7415,62.2275],[17.7055,62.1877]]],[[[21.9163,58.3865],[21.8069,58.3845],[21.8787,58.3889],[21.9163,58.3865]]],[[[5.8951,59.1143],[5.8765,59.1277],[5.9185,59.1587],[5.8951,59.1143]]],[[[10.9517,59.0255],[10.9211,59.0469],[10.9445,59.0745],[10.9409,59.0809],[10.9631,59.0507],[10.9517,59.0255]]],[[[18.0869,62.6723],[18.1161,62.6581],[18.0125,62.6583],[18.0869,62.6723]]],[[[17.4563,61.5513],[17.4711,61.5409],[17.3777,61.5351],[17.4563,61.5513]]],[[[20.9355,59.9089],[20.8573,59.9333],[20.9109,59.9497],[20.9355,59.9089]]],[[[16.7605,57.9921],[16.8301,57.9957],[16.8195,57.9751],[16.7605,57.9921]]],[[[16.4851,56.7923],[16.4837,56.7673],[16.4301,56.7745],[16.4851,56.7923]]],[[[14.7719,44.2865],[14.7989,44.2713],[14.7633,44.2551],[14.7719,44.2865]]],[[[22.4813,58.1437],[22.4923,58.1779],[22.5353,58.1513],[22.4813,58.1437]]],[[[16.7763,57.8381],[16.7977,57.8059],[16.7025,57.8411],[16.7763,57.8381]]],[[[25.8731,60.2335],[25.8945,60.2249],[25.8055,60.1995],[25.8731,60.2335]]],[[[26.1155,60.2733],[26.0389,60.2933],[26.1111,60.2881],[26.1155,60.2733]]],[[[14.9659,44.4029],[14.8827,44.4521],[14.9057,44.4501],[14.9659,44.4029]]],[[[21.9527,60.1125],[21.9271,60.1287],[21.9683,60.1395],[21.9527,60.1125]]],[[[20.6883,60.2319],[20.7235,60.2001],[20.6869,60.1859],[20.6883,60.2319]]],[[[18.0203,62.7867],[18.0447,62.7709],[18.0041,62.7513],[18.0203,62.7867]]],[[[22.6489,59.9657],[22.6519,59.9379],[22.5931,59.9545],[22.6489,59.9657]]],[[[27.4537,36.9725],[27.4247,37.0013],[27.4781,36.9831],[27.4537,36.9725]]],[[[11.2117,58.8411],[11.1853,58.8263],[11.1377,58.8483],[11.2117,58.8411]]],[[[14.7509,53.9505],[14.7021,53.9533],[14.7169,53.9793],[14.7509,53.9505]]],[[[24.5823,65.6585],[24.5123,65.6763],[24.6065,65.7039],[24.5823,65.6585]]],[[[28.5261,40.5729],[28.5627,40.5735],[28.5431,40.5593],[28.5261,40.5729]]],[[[19.5185,63.4387],[19.5243,63.4173],[19.4595,63.4335],[19.5185,63.4387]]],[[[18.5797,63.0643],[18.5533,63.0523],[18.5287,63.0259],[18.4981,63.0349],[18.5797,63.0643]]],[[[22.5339,65.4751],[22.5097,65.5039],[22.5675,65.4973],[22.5339,65.4751]]],[[[14.5203,44.9913],[14.5535,44.9599],[14.5177,44.9637],[14.5203,44.9913]]],[[[23.4271,59.8663],[23.3613,59.8733],[23.4419,59.8941],[23.4271,59.8663]]],[[[20.6661,60.1497],[20.7015,60.1219],[20.6713,60.1103],[20.6661,60.1497]]],[[[12.3531,45.3993],[12.3889,45.4333],[12.4037,45.4299],[12.3531,45.3993]]],[[[22.4615,60.3487],[22.4399,60.3587],[22.5351,60.3761],[22.4615,60.3487]]],[[[21.4295,61.1695],[21.3401,61.1871],[21.3921,61.2123],[21.4295,61.1695]]],[[[16.8549,58.2755],[16.8417,58.3063],[16.8923,58.2969],[16.8549,58.2755]]],[[[18.7093,59.2169],[18.7609,59.2073],[18.6689,59.1775],[18.7093,59.2169]]],[[[21.2043,60.8923],[21.2825,60.8871],[21.2467,60.8607],[21.2043,60.8923]]],[[[29.5697,36.1411],[29.5959,36.1571],[29.6009,36.1335],[29.5697,36.1411]]],[[[26.2043,60.3493],[26.2493,60.3241],[26.2037,60.3181],[26.2043,60.3493]]],[[[8.5609,55.2967],[8.5951,55.2925],[8.5615,55.2653],[8.5609,55.2967]]],[[[5.6569,53.4675],[5.6465,53.4299],[5.6177,53.4457],[5.6569,53.4675]]],[[[22.9311,60.0387],[22.9799,60.0393],[22.9615,60.0201],[22.9311,60.0387]]],[[[18.5521,60.2121],[18.5591,60.1885],[18.5005,60.2069],[18.5521,60.2121]]],[[[11.5201,58.2093],[11.4865,58.2117],[11.5253,58.2385],[11.5621,58.2335],[11.5201,58.2093]]],[[[5.3121,61.6545],[5.4033,61.6423],[5.3321,61.6403],[5.3121,61.6545]]],[[[11.7031,58.0967],[11.7193,58.0865],[11.6535,58.0657],[11.7031,58.0967]]],[[[29.1169,40.8713],[29.1423,40.8843],[29.1495,40.8761],[29.1169,40.8713]]],[[[16.6935,43.0999],[16.7367,43.0903],[16.7073,43.0803],[16.6935,43.0999]]],[[[22.1151,60.4107],[22.0887,60.4245],[22.1641,60.4393],[22.1151,60.4107]]],[[[21.3681,60.3665],[21.3707,60.3531],[21.3097,60.3633],[21.3681,60.3665]]],[[[23.9547,40.3163],[23.8883,40.3341],[23.9211,40.3505],[23.9547,40.3163]]],[[[21.4061,60.7587],[21.4271,60.7245],[21.3711,60.7245],[21.3965,60.7351],[21.4061,60.7587]]],[[[15.8665,43.6851],[15.8717,43.6669],[15.8179,43.7011],[15.8665,43.6851]]],[[[21.0569,62.5721],[21.0801,62.5755],[21.0959,62.5643],[21.0569,62.5721]]],[[[22.3971,59.9497],[22.4329,59.9781],[22.4405,59.9679],[22.3971,59.9497]]],[[[21.2109,63.3621],[21.1819,63.3697],[21.2589,63.3905],[21.2109,63.3621]]],[[[21.4857,61.2457],[21.5215,61.2353],[21.5097,61.2181],[21.4857,61.2457]]],[[[27.0335,60.4151],[26.9961,60.4353],[27.0419,60.4641],[27.0335,60.4151]]],[[[21.2609,62.3415],[21.2199,62.3381],[21.2213,62.3887],[21.2609,62.3415]]],[[[12.7015,55.8899],[12.6713,55.9197],[12.7291,55.9091],[12.7015,55.8899]]],[[[21.8315,65.2271],[21.8563,65.1979],[21.8279,65.2035],[21.8315,65.2271]]],[[[27.8199,60.5055],[27.8535,60.4777],[27.8151,60.4721],[27.8199,60.5055]]],[[[16.6757,57.8131],[16.7305,57.7995],[16.7115,57.7825],[16.6757,57.8131]]],[[[21.3985,60.4033],[21.4253,60.3801],[21.4095,60.3709],[21.3985,60.4033]]],[[[27.0747,60.4037],[27.0745,60.3783],[27.0431,60.3779],[27.0747,60.4037]]],[[[10.7041,55.0567],[10.7205,55.0363],[10.6747,55.0311],[10.7041,55.0567]]],[[[11.1769,55.2013],[11.1755,55.2361],[11.1983,55.2207],[11.1769,55.2013]]],[[[14.6629,44.3055],[14.5837,44.3499],[14.5921,44.3561],[14.6629,44.3055]]],[[[15.5433,56.1229],[15.5801,56.1133],[15.5731,56.0959],[15.5433,56.1229]]],[[[10.0637,55.8721],[10.1221,55.8649],[10.0445,55.8459],[10.0637,55.8721]]],[[[21.2091,62.9053],[21.2293,62.8731],[21.2019,62.8783],[21.2091,62.9053]]],[[[25.1007,60.1663],[25.0163,60.1677],[25.0351,60.1805],[25.1007,60.1663]]],[[[25.0295,59.6373],[25.0441,59.6133],[24.9923,59.6133],[25.0295,59.6373]]],[[[8.3703,58.1895],[8.3393,58.2077],[8.3995,58.2147],[8.3703,58.1895]]],[[[8.7735,58.4207],[8.7305,58.4319],[8.7753,58.4509],[8.7735,58.4207]]],[[[16.6323,57.5961],[16.6707,57.5587],[16.6473,57.5557],[16.6323,57.5961]]],[[[21.6481,60.4277],[21.6033,60.4053],[21.6307,60.4585],[21.6481,60.4277]]],[[[20.3311,60.2057],[20.2587,60.1787],[20.3083,60.2217],[20.3311,60.2057]]],[[[9.5185,58.8719],[9.5353,58.8621],[9.5157,58.8435],[9.4485,58.8587],[9.5185,58.8719]]],[[[18.6339,63.0085],[18.6725,63.0233],[18.6609,62.9895],[18.6339,63.0085]]],[[[21.4643,60.2369],[21.4743,60.2311],[21.4071,60.2183],[21.4643,60.2369]]],[[[18.9167,59.3933],[18.9139,59.4105],[18.9419,59.4103],[18.9167,59.3933]]],[[[21.0743,62.7343],[21.0773,62.7101],[21.0411,62.7099],[21.0743,62.7343]]],[[[18.6529,59.4449],[18.6907,59.4647],[18.7483,59.4613],[18.6529,59.4449]]],[[[17.6323,58.8545],[17.7185,58.8011],[17.6687,58.8109],[17.6323,58.8545]]],[[[11.5109,58.0773],[11.5211,58.0963],[11.5549,58.0829],[11.5109,58.0773]]],[[[15.6913,43.7209],[15.7261,43.6937],[15.7217,43.6765],[15.6913,43.7209]]],[[[5.4907,59.2357],[5.4953,59.2145],[5.4661,59.2231],[5.4907,59.2357]]],[[[11.4607,55.1895],[11.4905,55.1967],[11.4687,55.1871],[11.3893,55.1873],[11.4607,55.1895]]],[[[49.6223,39.9733],[49.6247,40.0001],[49.6473,40.0001],[49.6223,39.9733]]],[[[10.8983,59.0625],[10.9513,59.0993],[10.9489,59.0897],[10.9403,59.0841],[10.9353,59.0707],[10.8983,59.0625]]],[[[10.3365,55.0187],[10.3507,55.0051],[10.2637,55.0187],[10.3365,55.0187]]],[[[21.4471,60.2897],[21.4519,60.2741],[21.3893,60.2719],[21.4471,60.2897]]],[[[23.2857,65.7445],[23.3159,65.7173],[23.2599,65.7151],[23.2857,65.7445]]],[[[46.8843,44.3767],[46.8857,44.3877],[46.9195,44.3813],[46.8843,44.3767]]],[[[10.1799,55.0477],[10.1807,55.0425],[10.1447,55.0331],[10.1799,55.0477]]],[[[23.1459,59.8943],[23.0613,59.9015],[23.1191,59.9311],[23.1459,59.8943]]],[[[7.5207,58.0045],[7.5547,57.9881],[7.5277,57.9731],[7.5207,58.0045]]],[[[8.0037,58.0915],[8.0281,58.0809],[7.9633,58.0659],[8.0037,58.0915]]],[[[-8.856,42.5657],[-8.8643,42.5251],[-8.8924,42.5679],[-8.856,42.5657]]],[[[15.4587,56.0927],[15.4521,56.1067],[15.4959,56.1161],[15.4587,56.0927]]],[[[26.3525,38.4313],[26.3287,38.4335],[26.3579,38.4581],[26.3525,38.4313]]],[[[12.2899,45.2407],[12.3047,45.2921],[12.3313,45.3331],[12.2899,45.2407]]],[[[18.3311,59.4447],[18.3647,59.4325],[18.3399,59.4229],[18.3311,59.4447]]],[[[21.1513,63.3219],[21.1789,63.3163],[21.1629,63.2941],[21.1189,63.2969],[21.1513,63.3219]]],[[[14.7497,44.8853],[14.7797,44.8605],[14.7489,44.8625],[14.7497,44.8853]]],[[[18.0357,58.9391],[18.0033,58.9371],[18.0457,58.9749],[18.0357,58.9391]]],[[[16.5703,57.1743],[16.5783,57.1599],[16.5327,57.1513],[16.5703,57.1743]]],[[[19.8139,60.2945],[19.8443,60.3161],[19.8597,60.3021],[19.8139,60.2945]]],[[[9.8245,55.3261],[9.8319,55.3069],[9.8007,55.2969],[9.8245,55.3261]]],[[[21.5721,60.5211],[21.5691,60.4997],[21.5197,60.4997],[21.5721,60.5211]]],[[[16.3509,43.1779],[16.4087,43.1589],[16.3763,43.1565],[16.3509,43.1779]]],[[[21.4853,61.8105],[21.4983,61.7949],[21.4639,61.7835],[21.4853,61.8105]]],[[[31.7661,46.3915],[31.7681,46.3729],[31.7419,46.3835],[31.7661,46.3915]]],[[[9.7569,55.2765],[9.7769,55.2661],[9.7435,55.2497],[9.7569,55.2765]]],[[[22.5539,65.6021],[22.5523,65.6063],[22.5859,65.6211],[22.5539,65.6021]]],[[[21.9903,65.3661],[21.9811,65.4001],[22.0231,65.3847],[21.9903,65.3661]]],[[[20.8271,63.6423],[20.8153,63.6367],[20.8859,63.6727],[20.8271,63.6423]]],[[[22.3089,60.2131],[22.3771,60.2275],[22.3711,60.2209],[22.3089,60.2131]]],[[[21.7207,60.3475],[21.6429,60.3659],[21.6919,60.3601],[21.7207,60.3475]]],[[[11.6237,57.7045],[11.6719,57.7019],[11.6775,57.6837],[11.6237,57.7045]]],[[[22.5563,65.5233],[22.5491,65.5425],[22.6223,65.5223],[22.5563,65.5233]]],[[[29.8763,36.1621],[29.8423,36.1609],[29.9105,36.1873],[29.8763,36.1621]]],[[[13.7795,44.9219],[13.7831,44.9129],[13.7529,44.8937],[13.7795,44.9219]]],[[[27.5287,37.1459],[27.4927,37.1437],[27.4965,37.1581],[27.5287,37.1459]]],[[[15.7825,56.1253],[15.7837,56.1177],[15.7623,56.1045],[15.7825,56.1253]]],[[[21.8319,60.1429],[21.9123,60.1543],[21.9117,60.1483],[21.8929,60.1493],[21.8319,60.1429]]],[[[25.4795,60.2513],[25.4923,60.2463],[25.4159,60.2465],[25.4795,60.2513]]],[[[22.1217,60.2683],[22.1897,60.2617],[22.1187,60.2501],[22.1217,60.2683]]],[[[9.6987,40.8953],[9.6759,40.8973],[9.7357,40.9303],[9.6987,40.8953]]],[[[17.2121,61.0265],[17.2093,61.0297],[17.2617,61.0413],[17.2121,61.0265]]],[[[21.8807,60.3665],[21.9087,60.3597],[21.8837,60.3511],[21.8807,60.3665]]],[[[18.1549,58.8905],[18.1427,58.8693],[18.1107,58.8583],[18.1549,58.8905]]],[[[16.9007,58.2661],[16.9263,58.2791],[16.8905,58.2439],[16.9007,58.2661]]],[[[11.6007,57.8583],[11.5711,57.8675],[11.5963,57.8829],[11.6007,57.8583]]],[[[19.2925,40.4831],[19.2769,40.5155],[19.3043,40.5027],[19.2925,40.4831]]],[[[17.3177,60.8885],[17.3427,60.8789],[17.2859,60.8675],[17.2709,60.8825],[17.3177,60.8885]]],[[[11.7213,55.1739],[11.6937,55.1727],[11.7069,55.2029],[11.7213,55.1739]]],[[[15.6097,56.1039],[15.6425,56.1283],[15.6459,56.1017],[15.6097,56.1039]]],[[[16.8081,58.0459],[16.7815,58.0527],[16.7941,58.0773],[16.8081,58.0459]]],[[[17.9521,42.6971],[17.9757,42.6787],[17.9417,42.6751],[17.9521,42.6971]]],[[[21.2351,60.6027],[21.2321,60.5865],[21.1661,60.6139],[21.2351,60.6027]]],[[[12.2163,55.0591],[12.2379,55.0563],[12.2225,55.0351],[12.2163,55.0591]]],[[[18.7803,59.4869],[18.8155,59.4787],[18.7197,59.4729],[18.7803,59.4869]]],[[[17.4731,58.7505],[17.4693,58.7183],[17.4529,58.7247],[17.4731,58.7505]]],[[[16.8525,58.0955],[16.8069,58.0923],[16.7987,58.1101],[16.8525,58.0955]]],[[[11.3541,58.1441],[11.4075,58.1829],[11.3917,58.1477],[11.3541,58.1441]]],[[[23.8301,59.9519],[23.8241,59.9521],[23.8605,59.9949],[23.8891,59.9899],[23.8301,59.9519]]],[[[5.9453,59.1877],[5.9215,59.2037],[5.9489,59.2111],[5.9453,59.1877]]],[[[10.6087,54.8903],[10.5923,54.9109],[10.6213,54.9175],[10.6087,54.8903]]],[[[-0.6522,45.0793],[-0.5978,45.0205],[-0.6155,45.0303],[-0.6522,45.0793]]],[[[9.4929,58.8893],[9.5575,58.9041],[9.4999,58.8743],[9.4929,58.8893]]],[[[11.7091,57.7413],[11.6947,57.7159],[11.6757,57.7281],[11.7091,57.7413]]],[[[21.2501,64.8937],[21.2493,64.9117],[21.2831,64.9029],[21.2501,64.8937]]],[[[17.9427,58.8469],[17.9363,58.8109],[17.8947,58.8483],[17.9427,58.8469]]],[[[22.3355,59.9493],[22.3747,59.9629],[22.3739,59.9459],[22.3355,59.9493]]],[[[11.6253,57.9033],[11.6425,57.8859],[11.6133,57.8821],[11.6253,57.9033]]],[[[21.4107,60.2453],[21.4349,60.2503],[21.3951,60.2393],[21.3129,60.2519],[21.4107,60.2453]]],[[[18.5997,60.2141],[18.6337,60.2011],[18.6143,60.1909],[18.5997,60.2141]]],[[[11.1769,58.8885],[11.1841,58.8739],[11.1421,58.8749],[11.1769,58.8885]]],[[[22.6595,59.9969],[22.6809,60.0353],[22.6909,59.9971],[22.6595,59.9969]]],[[[10.5775,59.6871],[10.5595,59.7195],[10.5807,59.7193],[10.5775,59.6871]]],[[[19.1175,59.8349],[19.0971,59.8413],[19.1495,59.8669],[19.1175,59.8349]]],[[[9.5033,58.9117],[9.5561,58.9081],[9.4857,58.8911],[9.5033,58.9117]]],[[[19.0259,57.7407],[19.0209,57.7841],[19.0491,57.7657],[19.0259,57.7407]]],[[[18.3825,60.5117],[18.3683,60.5213],[18.4139,60.5293],[18.3825,60.5117]]],[[[23.3987,59.2997],[23.4279,59.2791],[23.3751,59.2897],[23.3987,59.2997]]],[[[20.3135,60.3293],[20.3045,60.3435],[20.3401,60.3609],[20.3135,60.3293]]],[[[5.6033,59.8783],[5.5723,59.8945],[5.6209,59.9033],[5.6033,59.8783]]],[[[20.9279,60.3115],[20.9131,60.3441],[20.9469,60.3307],[20.9279,60.3115]]],[[[-8.9201,42.3949],[-8.9362,42.3565],[-8.9454,42.3549],[-8.9201,42.3949]]],[[[21.1939,63.3485],[21.2205,63.3475],[21.1553,63.3247],[21.1939,63.3485]]],[[[18.2041,58.9095],[18.1965,58.9175],[18.2299,58.9349],[18.2041,58.9095]]],[[[22.2671,60.1315],[22.2363,60.1315],[22.2843,60.1625],[22.2671,60.1315]]],[[[26.9063,38.4443],[26.9081,38.4731],[26.9169,38.4491],[26.9063,38.4443]]],[[[21.0877,60.4807],[21.1199,60.4763],[21.1041,60.4515],[21.0877,60.4807]]],[[[11.1691,58.9041],[11.1117,58.9193],[11.1483,58.9183],[11.1691,58.9041]]],[[[14.5407,44.4619],[14.5737,44.4431],[14.5341,44.4447],[14.5407,44.4619]]],[[[17.3527,60.7897],[17.3073,60.7905],[17.3179,60.8071],[17.3527,60.7897]]],[[[28.3947,60.0399],[28.4075,60.0159],[28.3871,60.0119],[28.3947,60.0399]]],[[[9.5527,58.8353],[9.6177,58.8833],[9.6151,58.8705],[9.5527,58.8353]]],[[[11.1099,59.0243],[11.1147,59.0177],[11.0709,58.9981],[11.1099,59.0243]]],[[[21.8335,63.4467],[21.8281,63.4291],[21.7859,63.4561],[21.8335,63.4467]]],[[[11.1417,55.1609],[11.1823,55.1767],[11.1575,55.1407],[11.1417,55.1609]]],[[[22.3547,63.6093],[22.3611,63.6237],[22.4007,63.6029],[22.3547,63.6093]]],[[[21.5013,61.6429],[21.5279,61.6309],[21.4875,61.6219],[21.5013,61.6429]]],[[[20.3931,60.3489],[20.3897,60.3339],[20.3541,60.3365],[20.3931,60.3489]]],[[[10.4401,54.9691],[10.3633,54.9761],[10.4223,54.9733],[10.4401,54.9691]]],[[[28.7119,60.7213],[28.7119,60.7493],[28.7605,60.7245],[28.7119,60.7213]]],[[[22.2115,60.1783],[22.2681,60.1749],[22.2119,60.1625],[22.2115,60.1783]]],[[[20.5129,60.1111],[20.5773,60.1005],[20.5541,60.0907],[20.5129,60.1111]]],[[[6.6537,58.2251],[6.6793,58.2315],[6.6841,58.2149],[6.6537,58.2251]]],[[[7.3909,57.9891],[7.3263,58.0019],[7.3433,58.0197],[7.3909,57.9891]]],[[[31.7001,46.2783],[31.7617,46.3255],[31.8185,46.3411],[31.7001,46.2783]]],[[[16.0887,43.4591],[16.1001,43.4475],[16.0847,43.4379],[16.0887,43.4591]]],[[[21.0937,60.5351],[21.1077,60.5193],[21.0683,60.5203],[21.0937,60.5351]]],[[[16.7149,57.7661],[16.7267,57.7323],[16.7129,57.7339],[16.7149,57.7661]]],[[[32.1665,46.1547],[32.1917,46.1453],[32.0451,46.1759],[32.1665,46.1547]]],[[[22.0651,60.2289],[22.0463,60.2423],[22.0841,60.2505],[22.0651,60.2289]]],[[[22.6119,63.7817],[22.6469,63.7679],[22.6085,63.7531],[22.6119,63.7817]]],[[[15.7449,43.7115],[15.7735,43.6893],[15.7505,43.6871],[15.7449,43.7115]]],[[[18.0037,58.9763],[18.0505,58.9969],[18.0493,58.9887],[18.0037,58.9763]]],[[[21.6271,60.2039],[21.6687,60.1917],[21.6463,60.1869],[21.6271,60.2039]]],[[[14.0329,40.7685],[14.0143,40.7439],[14.0003,40.7577],[14.0329,40.7685]]],[[[21.4641,61.6549],[21.4303,61.6779],[21.4769,61.6699],[21.4641,61.6549]]],[[[23.0215,58.9105],[23.0129,58.9313],[23.0519,58.9123],[23.0215,58.9105]]],[[[5.4661,59.3479],[5.4817,59.2765],[5.4679,59.2875],[5.4661,59.3479]]],[[[20.9357,60.4437],[20.9345,60.4751],[20.9647,60.4529],[20.9357,60.4437]]],[[[16.6695,57.8205],[16.6677,57.8389],[16.6991,57.8285],[16.6695,57.8205]]],[[[11.3197,58.3265],[11.3163,58.3547],[11.3407,58.3539],[11.3197,58.3265]]],[[[20.3931,60.2723],[20.3795,60.3043],[20.4073,60.2995],[20.3931,60.2723]]],[[[18.2191,58.9387],[18.1563,58.9103],[18.1999,58.9319],[18.2191,58.9387]]],[[[22.6103,65.6567],[22.6009,65.6629],[22.6279,65.6887],[22.6103,65.6567]]],[[[11.1733,58.7917],[11.1593,58.8027],[11.1835,58.8175],[11.1733,58.7917]]],[[[21.2745,60.8531],[21.2839,60.8285],[21.2673,60.8223],[21.2745,60.8531]]],[[[23.8129,65.7811],[23.8425,65.7837],[23.8253,65.7725],[23.7573,65.7925],[23.8129,65.7811]]],[[[17.5857,62.4045],[17.6103,62.3953],[17.6029,62.3807],[17.5857,62.4045]]],[[[9.3423,41.2575],[9.3581,41.2433],[9.3423,41.2325],[9.3423,41.2575]]],[[[23.6443,64.2181],[23.6511,64.2053],[23.6459,64.1893],[23.5933,64.1871],[23.6443,64.2181]]],[[[3.8401,51.6061],[3.8641,51.5997],[3.8077,51.5935],[3.8401,51.6061]]],[[[27.1805,37.5681],[27.1839,37.5599],[27.1539,37.5823],[27.1805,37.5681]]],[[[18.4227,59.4053],[18.4485,59.3977],[18.3887,59.3979],[18.4227,59.4053]]],[[[19.5871,60.3533],[19.6255,60.3671],[19.6285,60.3643],[19.5871,60.3533]]],[[[16.7855,58.3893],[16.7847,58.3981],[16.8279,58.4107],[16.7855,58.3893]]],[[[28.5409,60.6189],[28.5159,60.6479],[28.5303,60.6507],[28.5409,60.6189]]],[[[21.0001,60.3339],[21.0001,60.2981],[20.9781,60.3053],[21.0001,60.3339]]],[[[19.8785,60.2857],[19.8571,60.3101],[19.8889,60.3213],[19.8785,60.2857]]],[[[18.3971,59.3893],[18.4413,59.3663],[18.3627,59.3885],[18.3971,59.3893]]],[[[10.3469,59.1635],[10.3665,59.1577],[10.3625,59.1335],[10.3469,59.1635]]],[[[-0.6865,45.1451],[-0.6917,45.1791],[-0.6756,45.1485],[-0.6865,45.1451]]],[[[9.6917,55.4783],[9.6801,55.5023],[9.7155,55.4883],[9.6917,55.4783]]],[[[5.8533,59.1155],[5.8595,59.1079],[5.8405,59.1015],[5.8533,59.1155]]],[[[14.3865,53.8347],[14.3823,53.8349],[14.4109,53.8611],[14.3865,53.8347]]],[[[36.5539,45.2559],[36.5173,45.2865],[36.5441,45.2761],[36.5539,45.2559]]],[[[16.9447,58.1993],[16.9585,58.1853],[16.9301,58.1795],[16.9447,58.1993]]],[[[23.7797,40.2129],[23.7783,40.2307],[23.7917,40.2347],[23.7797,40.2129]]],[[[11.5057,58.0375],[11.5249,58.0093],[11.4899,58.0051],[11.5057,58.0375]]],[[[23.3659,59.9109],[23.4017,59.8943],[23.3615,59.8921],[23.3659,59.9109]]],[[[18.6653,59.4017],[18.7091,59.4001],[18.6395,59.3951],[18.6653,59.4017]]],[[[18.8937,59.6807],[18.9181,59.6689],[18.8997,59.6625],[18.8937,59.6807]]],[[[18.7799,59.5403],[18.7689,59.5441],[18.8417,59.5551],[18.7799,59.5403]]],[[[22.0967,60.1701],[22.1559,60.1927],[22.1425,60.1747],[22.0967,60.1701]]],[[[21.0689,60.4193],[21.0691,60.4015],[21.0417,60.4055],[21.0689,60.4193]]],[[[21.7697,65.3371],[21.8233,65.3193],[21.7807,65.3193],[21.7697,65.3371]]],[[[19.5349,60.2611],[19.5437,60.2343],[19.5035,60.2309],[19.5349,60.2611]]],[[[21.2045,62.4217],[21.2127,62.4111],[21.1793,62.3713],[21.2045,62.4217]]],[[[14.9203,44.1643],[14.9463,44.1475],[14.9193,44.1533],[14.9203,44.1643]]],[[[22.3599,59.9643],[22.3399,59.9651],[22.3853,59.9963],[22.3599,59.9643]]],[[[14.8069,44.7235],[14.8373,44.6913],[14.8267,44.6921],[14.8069,44.7235]]],[[[21.2187,60.8643],[21.2391,60.8521],[21.2117,60.8415],[21.2187,60.8643]]],[[[14.8335,44.8511],[14.8381,44.8435],[14.8255,44.8287],[14.8335,44.8511]]],[[[21.4357,60.2637],[21.3659,60.2555],[21.3853,60.2657],[21.4357,60.2637]]],[[[13.0609,54.4545],[13.0401,54.4415],[12.9771,54.4353],[13.0609,54.4545]]],[[[21.7545,63.4313],[21.7149,63.4383],[21.7237,63.4515],[21.7545,63.4313]]],[[[24.1285,58.2073],[24.0975,58.2057],[24.1461,58.2347],[24.1285,58.2073]]],[[[-0.6996,45.2057],[-0.7016,45.1787],[-0.7129,45.1915],[-0.6996,45.2057]]],[[[17.4989,58.7635],[17.5161,58.7445],[17.4967,58.7397],[17.4989,58.7635]]],[[[11.6799,55.1805],[11.7151,55.1455],[11.6651,55.1631],[11.6799,55.1805]]],[[[12.4059,45.4571],[12.4291,45.4733],[12.4189,45.4555],[12.3855,45.4535],[12.4059,45.4571]]],[[[27.0623,37.7853],[27.0691,37.7823],[27.0289,37.7593],[27.0623,37.7853]]],[[[18.9655,59.4247],[18.9889,59.4121],[18.9617,59.3985],[18.9655,59.4247]]],[[[26.7699,60.3493],[26.7463,60.3605],[26.7637,60.3707],[26.7699,60.3493]]],[[[9.0515,58.5785],[9.0309,58.5835],[9.0801,58.5971],[9.0515,58.5785]]],[[[46.9869,44.4765],[47.0137,44.4545],[46.9853,44.4623],[46.9869,44.4765]]],[[[19.1933,59.7929],[19.2069,59.7907],[19.1919,59.7685],[19.1933,59.7929]]],[[[28.9197,36.6843],[28.9397,36.6737],[28.9199,36.6567],[28.9197,36.6843]]],[[[12.5235,45.4911],[12.4851,45.4901],[12.4905,45.5021],[12.5235,45.4911]]],[[[21.3583,60.5879],[21.3285,60.6193],[21.3563,60.6181],[21.3583,60.5879]]],[[[14.7093,44.2889],[14.7239,44.2755],[14.7015,44.2747],[14.7093,44.2889]]],[[[20.7901,63.6201],[20.7983,63.6105],[20.7593,63.5923],[20.7901,63.6201]]],[[[15.4591,56.1543],[15.4719,56.1251],[15.4287,56.1469],[15.4591,56.1543]]],[[[21.3537,60.7671],[21.3807,60.7519],[21.3589,60.7447],[21.3537,60.7671]]],[[[10.4201,55.9515],[10.4087,55.9609],[10.4629,55.9533],[10.4201,55.9515]]],[[[17.2703,61.5707],[17.3107,61.5587],[17.3059,61.5557],[17.2703,61.5707]]],[[[22.6753,65.5655],[22.7039,65.5457],[22.6719,65.5449],[22.6753,65.5655]]],[[[11.2337,58.6717],[11.2449,58.6613],[11.2247,58.6457],[11.2337,58.6717]]],[[[21.6475,60.3019],[21.6921,60.2843],[21.6297,60.2889],[21.6475,60.3019]]],[[[27.4049,60.4501],[27.3785,60.4725],[27.4255,60.4597],[27.4049,60.4501]]],[[[11.2485,58.5627],[11.2667,58.5339],[11.2437,58.5313],[11.2485,58.5627]]],[[[22.1415,60.2449],[22.1753,60.2441],[22.1583,60.2299],[22.1415,60.2449]]],[[[20.4049,60.1521],[20.4001,60.1627],[20.4293,60.1765],[20.4049,60.1521]]],[[[24.8975,60.1659],[24.8997,60.1525],[24.8793,60.1453],[24.8975,60.1659]]],[[[12.5631,56.4493],[12.5843,56.4337],[12.5609,56.4231],[12.5631,56.4493]]],[[[10.0729,55.8217],[10.0615,55.8351],[10.1043,55.8287],[10.0729,55.8217]]],[[[19.7903,60.3833],[19.7709,60.3985],[19.8133,60.4175],[19.7903,60.3833]]],[[[16.6499,57.0993],[16.6513,57.0945],[16.5895,57.1005],[16.6499,57.0993]]],[[[22.1811,60.2193],[22.1759,60.2237],[22.2113,60.2371],[22.1811,60.2193]]],[[[24.7601,59.5743],[24.7407,59.5861],[24.7885,59.5927],[24.7601,59.5743]]],[[[25.0687,60.1393],[25.0371,60.1405],[25.0607,60.1561],[25.0877,60.1501],[25.0687,60.1393]]],[[[22.5079,59.9209],[22.4927,59.9341],[22.5059,59.9507],[22.5079,59.9209]]],[[[3.9345,51.7901],[3.9691,51.7751],[3.9515,51.7771],[3.9345,51.7901]]],[[[27.1793,59.8455],[27.1795,59.8595],[27.2027,59.8561],[27.1793,59.8455]]],[[[18.5099,60.1747],[18.4879,60.1835],[18.5263,60.1897],[18.5099,60.1747]]],[[[17.0045,58.4991],[17.0079,58.4967],[16.9679,58.4849],[17.0045,58.4991]]],[[[22.0501,60.4181],[22.0783,60.4169],[22.0563,60.3991],[22.0501,60.4181]]],[[[20.1035,60.3799],[20.0865,60.3881],[20.1285,60.3999],[20.1035,60.3799]]],[[[21.1567,60.8079],[21.1865,60.7845],[21.1549,60.7875],[21.1567,60.8079]]],[[[9.7177,40.8817],[9.7443,40.8781],[9.7343,40.8653],[9.7177,40.8817]]],[[[19.0557,59.5709],[19.0339,59.5789],[19.0865,59.5807],[19.0557,59.5709]]],[[[16.9139,58.5313],[16.9455,58.5121],[16.9259,58.5105],[16.9139,58.5313]]],[[[15.7757,56.0711],[15.7535,56.0697],[15.7875,56.0935],[15.7757,56.0711]]],[[[21.2013,62.9935],[21.1793,63.0145],[21.1975,63.0237],[21.2013,62.9935]]],[[[15.0719,44.0283],[15.0837,44.0109],[15.0503,44.0277],[15.0719,44.0283]]],[[[16.6581,57.8519],[16.6469,57.8813],[16.6775,57.8675],[16.6581,57.8519]]],[[[22.0943,65.4941],[22.0817,65.5167],[22.1303,65.5065],[22.0943,65.4941]]],[[[25.9253,60.2335],[25.9555,60.2289],[25.9371,60.2177],[25.9253,60.2335]]],[[[11.6463,57.7057],[11.6359,57.7227],[11.6577,57.7237],[11.6463,57.7057]]],[[[17.8347,42.7293],[17.7933,42.7549],[17.8373,42.7417],[17.8347,42.7293]]],[[[21.8795,65.2035],[21.9573,65.1827],[21.9111,65.1813],[21.8795,65.2035]]],[[[19.7957,60.3357],[19.8043,60.3595],[19.8203,60.3549],[19.7957,60.3357]]],[[[12.6985,54.4307],[12.7345,54.4199],[12.6849,54.4175],[12.6985,54.4307]]],[[[25.3309,65.0823],[25.2979,65.0931],[25.3601,65.1019],[25.3309,65.0823]]],[[[22.8075,65.5683],[22.8201,65.5539],[22.7921,65.5527],[22.8075,65.5683]]],[[[21.7195,60.3305],[21.7255,60.3277],[21.6525,60.3357],[21.7195,60.3305]]],[[[9.7715,53.5607],[9.7879,53.5547],[9.7599,53.5549],[9.7715,53.5607]]],[[[14.3055,44.5107],[14.3131,44.5099],[14.2897,44.5053],[14.3055,44.5107]]],[[[11.7807,57.5989],[11.7589,57.6165],[11.7947,57.6175],[11.7807,57.5989]]],[[[10.1825,55.6081],[10.1647,55.6495],[10.1953,55.6425],[10.1825,55.6081]]],[[[18.5415,59.0597],[18.5465,59.0401],[18.5213,59.0369],[18.5415,59.0597]]],[[[11.6407,57.9081],[11.6695,57.9053],[11.6559,57.8865],[11.6407,57.9081]]],[[[20.9291,59.9351],[20.9725,59.9291],[20.9367,59.9173],[20.9291,59.9351]]],[[[18.8877,63.2433],[18.8683,63.2545],[18.8923,63.2687],[18.8877,63.2433]]],[[[26.5927,39.3735],[26.5895,39.3733],[26.5777,39.3959],[26.5927,39.3735]]],[[[20.4939,60.0929],[20.5191,60.0827],[20.4545,60.0825],[20.4939,60.0929]]],[[[18.2277,62.7815],[18.2535,62.7847],[18.2289,62.7687],[18.2277,62.7815]]],[[[15.6791,43.6813],[15.6467,43.7055],[15.6759,43.6953],[15.6791,43.6813]]],[[[10.7685,59.2225],[10.7929,59.1991],[10.7841,59.1901],[10.7685,59.2225]]],[[[19.7265,60.3659],[19.7185,60.3777],[19.7253,60.3913],[19.7265,60.3659]]],[[[4.0165,51.7353],[4.0173,51.7273],[3.9847,51.7539],[4.0165,51.7353]]],[[[21.5121,65.3551],[21.5315,65.3385],[21.5009,65.3361],[21.5121,65.3551]]],[[[23.1921,65.7545],[23.2459,65.7553],[23.2275,65.7513],[23.1921,65.7545]]],[[[17.3423,60.6755],[17.3025,60.6771],[17.3255,60.6951],[17.3423,60.6755]]],[[[21.0871,60.3385],[21.0649,60.3655],[21.0859,60.3649],[21.0871,60.3385]]],[[[9.0031,58.5811],[9.0373,58.5947],[9.0215,58.5807],[9.0031,58.5811]]],[[[20.0281,60.0213],[20.0381,60.0141],[19.9967,60.0109],[20.0281,60.0213]]],[[[19.1213,59.7655],[19.1625,59.7551],[19.1289,59.7457],[19.1213,59.7655]]],[[[17.3287,61.1473],[17.3111,61.1643],[17.3297,61.1749],[17.3287,61.1473]]],[[[9.0593,58.6063],[9.1259,58.6231],[9.0993,58.6117],[9.0593,58.6063]]],[[[15.7593,43.7341],[15.7807,43.7161],[15.7703,43.7095],[15.7593,43.7341]]],[[[21.7611,60.3681],[21.7317,60.3785],[21.7961,60.3827],[21.7611,60.3681]]],[[[11.4953,54.9009],[11.5209,54.8885],[11.4811,54.8841],[11.4953,54.9009]]],[[[26.5813,39.2819],[26.5793,39.2841],[26.5955,39.3079],[26.5813,39.2819]]],[[[21.4917,61.3571],[21.5107,61.3451],[21.4629,61.3437],[21.4917,61.3571]]],[[[18.6931,63.1327],[18.6601,63.1525],[18.6889,63.1503],[18.6931,63.1327]]],[[[21.4269,61.2105],[21.4645,61.1973],[21.4319,61.1949],[21.4269,61.2105]]],[[[18.7893,60.1439],[18.7917,60.1283],[18.7663,60.1283],[18.7893,60.1439]]],[[[21.6031,59.8365],[21.6561,59.8399],[21.5793,59.8267],[21.6031,59.8365]]],[[[21.4927,63.1599],[21.5421,63.1381],[21.4889,63.1467],[21.4927,63.1599]]],[[[12.4551,45.4753],[12.4479,45.4789],[12.4815,45.5005],[12.4551,45.4753]]],[[[29.1061,40.8913],[29.1111,40.8803],[29.0865,40.8729],[29.1061,40.8913]]],[[[21.4953,60.1193],[21.5163,60.1115],[21.5041,60.1053],[21.4953,60.1193]]],[[[29.5485,44.7941],[29.5409,44.7977],[29.5939,44.8155],[29.5485,44.7941]]],[[[-8.9987,42.469],[-9.001,42.4665],[-9.0185,42.4665],[-8.9987,42.469]]],[[[10.6907,59.2421],[10.7073,59.2491],[10.7061,59.2275],[10.6907,59.2421]]],[[[21.5699,65.1027],[21.6093,65.0959],[21.6057,65.0911],[21.5699,65.1027]]],[[[21.6673,65.1355],[21.6591,65.1517],[21.6803,65.1505],[21.6673,65.1355]]],[[[21.7549,60.2473],[21.7485,60.2509],[21.7917,60.2569],[21.7549,60.2473]]],[[[23.0903,39.1737],[23.0955,39.1701],[23.0687,39.1553],[23.0903,39.1737]]],[[[23.7607,59.9271],[23.7545,59.9291],[23.7621,59.9441],[23.7607,59.9271]]],[[[23.7529,65.5821],[23.7799,65.5681],[23.7613,65.5605],[23.7529,65.5821]]],[[[21.6937,60.4221],[21.7143,60.4433],[21.7257,60.4259],[21.6937,60.4221]]],[[[17.4811,58.7275],[17.4993,58.7181],[17.4927,58.7073],[17.4811,58.7275]]],[[[25.1951,65.0943],[25.1885,65.0975],[25.2307,65.1035],[25.1951,65.0943]]],[[[17.5401,61.7115],[17.5225,61.7253],[17.5581,61.7317],[17.5401,61.7115]]],[[[-8.8951,42.2274],[-8.9013,42.2184],[-8.9174,42.214],[-8.8951,42.2274]]],[[[22.4685,59.9753],[22.4699,59.9631],[22.4465,59.9639],[22.4685,59.9753]]],[[[18.6757,60.2753],[18.6791,60.2557],[18.6693,60.2493],[18.6757,60.2753]]],[[[11.7709,57.6349],[11.7621,57.6473],[11.7805,57.6563],[11.7709,57.6349]]],[[[9.8877,43.4273],[9.8943,43.4387],[9.9091,43.4403],[9.8877,43.4273]]],[[[15.2003,43.9481],[15.2283,43.9219],[15.2091,43.9279],[15.2003,43.9481]]],[[[21.5567,60.2881],[21.5507,60.3017],[21.5773,60.3017],[21.5567,60.2881]]],[[[22.3265,59.8257],[22.3417,59.8053],[22.3071,59.8027],[22.3265,59.8257]]],[[[38.3451,46.7507],[38.3211,46.7555],[38.3331,46.7683],[38.3451,46.7507]]],[[[20.7413,60.2511],[20.7563,60.2267],[20.7339,60.2199],[20.7413,60.2511]]],[[[27.8395,60.5241],[27.8465,60.5185],[27.8323,60.5039],[27.8395,60.5241]]],[[[15.0269,44.1673],[15.0543,44.1435],[15.0393,44.1469],[15.0269,44.1673]]],[[[21.6841,60.1075],[21.6867,60.0979],[21.6359,60.0981],[21.6841,60.1075]]],[[[28.6019,60.5257],[28.5937,60.5549],[28.6095,60.5529],[28.6019,60.5257]]],[[[12.2227,57.1261],[12.2331,57.1105],[12.2025,57.1119],[12.2227,57.1261]]],[[[25.6713,60.2325],[25.6919,60.2157],[25.6837,60.2095],[25.6713,60.2325]]],[[[-1.1892,44.6941],[-1.1935,44.7033],[-1.171,44.7053],[-1.1892,44.6941]]],[[[21.9445,63.2759],[21.9301,63.2879],[21.9573,63.2957],[21.9445,63.2759]]],[[[23.3791,58.5283],[23.3967,58.5135],[23.3745,58.5095],[23.3791,58.5283]]],[[[21.4717,60.3881],[21.4983,60.3885],[21.4989,60.3741],[21.4717,60.3881]]],[[[17.9657,57.2761],[17.9631,57.2841],[17.9997,57.2811],[17.9657,57.2761]]],[[[11.7769,58.0847],[11.7705,58.1097],[11.7991,58.0939],[11.7769,58.0847]]],[[[9.5311,53.6893],[9.5321,53.6699],[9.5287,53.6691],[9.5311,53.6893]]],[[[22.6049,63.8183],[22.6303,63.8063],[22.6071,63.7889],[22.6049,63.8183]]],[[[21.3805,60.4429],[21.3893,60.4403],[21.3885,60.4213],[21.3805,60.4429]]],[[[49.4933,39.9437],[49.4507,39.9339],[49.4569,39.9399],[49.4933,39.9437]]],[[[20.7513,60.3027],[20.7707,60.2957],[20.7407,60.2791],[20.7513,60.3027]]],[[[23.0305,58.6495],[23.0467,58.6289],[23.0337,58.6289],[23.0305,58.6495]]],[[[22.4029,59.8405],[22.3655,59.8491],[22.4041,59.8629],[22.4029,59.8405]]],[[[23.3683,59.9143],[23.3609,59.9249],[23.3755,59.9323],[23.3683,59.9143]]],[[[17.3873,61.6361],[17.3949,61.6219],[17.3659,61.6307],[17.3873,61.6361]]],[[[23.7863,65.6589],[23.8101,65.6375],[23.7851,65.6355],[23.7863,65.6589]]],[[[23.4865,65.7251],[23.4937,65.7427],[23.5245,65.7201],[23.4865,65.7251]]],[[[46.8191,44.5105],[46.8369,44.5029],[46.8119,44.4927],[46.8191,44.5105]]],[[[21.0719,63.4323],[21.0979,63.4243],[21.0795,63.4127],[21.0719,63.4323]]],[[[21.5449,60.5333],[21.5317,60.5515],[21.5517,60.5521],[21.5449,60.5333]]],[[[22.4189,65.3771],[22.4511,65.3735],[22.4245,65.3657],[22.4189,65.3771]]],[[[22.1113,60.1373],[22.1083,60.1461],[22.1295,60.1573],[22.1113,60.1373]]],[[[26.7419,60.4381],[26.7597,60.4285],[26.7369,60.4089],[26.7419,60.4381]]],[[[14.8565,44.4861],[14.8717,44.4689],[14.8485,44.4765],[14.8565,44.4861]]],[[[15.3251,43.7797],[15.3555,43.7643],[15.3473,43.7629],[15.3251,43.7797]]],[[[21.9181,60.1687],[21.9477,60.1809],[21.9371,60.1701],[21.9181,60.1687]]],[[[22.4551,63.5437],[22.4201,63.5763],[22.4281,63.5797],[22.4551,63.5437]]],[[[26.1517,38.5221],[26.1485,38.5581],[26.1573,38.5551],[26.1517,38.5221]]],[[[16.6771,58.4291],[16.6929,58.4163],[16.6529,58.4221],[16.6771,58.4291]]],[[[12.4396,37.8832],[12.446,37.8888],[12.4401,37.8943],[12.4485,37.896],[12.4518,37.8718],[12.4385,37.8793],[12.4418,37.8604],[12.4312,37.8957],[12.4396,37.8832]]],[[[21.7561,59.9503],[21.7603,59.9677],[21.7817,59.9691],[21.7561,59.9503]]],[[[23.4725,58.8265],[23.4823,58.8153],[23.4625,58.8163],[23.4725,58.8265]]],[[[25.5211,60.2397],[25.5405,60.2611],[25.5449,60.2461],[25.5211,60.2397]]],[[[19.0583,57.7877],[19.0365,57.7993],[19.0441,57.8061],[19.0583,57.7877]]],[[[22.0209,60.1315],[21.9837,60.1381],[22.0305,60.1399],[22.0209,60.1315]]],[[[22.0821,38.3721],[22.0895,38.3597],[22.0719,38.3607],[22.0821,38.3721]]],[[[9.5561,55.1323],[9.5765,55.1175],[9.5575,55.1125],[9.5561,55.1323]]],[[[22.4329,65.7021],[22.3947,65.7137],[22.4273,65.7205],[22.4329,65.7021]]],[[[26.2685,60.3605],[26.3089,60.3385],[26.3051,60.3353],[26.2685,60.3605]]],[[[22.6385,65.6487],[22.6599,65.6347],[22.6197,65.6369],[22.6385,65.6487]]],[[[21.6607,60.4615],[21.6453,60.4675],[21.6507,60.4811],[21.6607,60.4615]]],[[[18.6335,63.0813],[18.6419,63.0765],[18.6295,63.0571],[18.6335,63.0813]]],[[[10.4921,55.0061],[10.4633,54.9977],[10.4687,55.0143],[10.4921,55.0061]]],[[[21.6955,60.3733],[21.7015,60.3655],[21.6545,60.3753],[21.6955,60.3733]]],[[[11.1275,59.1005],[11.1147,59.1103],[11.1449,59.1175],[11.1275,59.1005]]],[[[13.2075,45.7203],[13.2465,45.7187],[13.1907,45.7087],[13.2075,45.7203]]],[[[18.6185,60.2841],[18.6397,60.2673],[18.6101,60.2689],[18.6185,60.2841]]],[[[-1.7994,46.4861],[-1.8163,46.4985],[-1.8004,46.5101],[-1.7994,46.4861]]],[[[18.9279,63.2319],[18.9491,63.2249],[18.9407,63.2131],[18.9279,63.2319]]],[[[21.6485,63.3927],[21.6933,63.3905],[21.6659,63.3787],[21.6485,63.3927]]],[[[26.2801,38.4997],[26.2755,38.5229],[26.2947,38.5047],[26.2801,38.4997]]],[[[20.3609,60.0831],[20.3587,60.0685],[20.3379,60.0653],[20.3609,60.0831]]],[[[9.4141,41.1937],[9.3967,41.1993],[9.4103,41.2113],[9.4141,41.1937]]],[[[21.4765,61.5947],[21.5283,61.5967],[21.5197,61.5915],[21.4765,61.5947]]],[[[23.9913,65.6961],[24.0007,65.6873],[23.9833,65.6819],[23.9913,65.6961]]],[[[25.8947,60.2189],[25.9163,60.2085],[25.8775,60.2071],[25.8947,60.2189]]],[[[16.4803,56.9809],[16.4939,56.9675],[16.4809,56.9595],[16.4803,56.9809]]],[[[18.1703,59.0617],[18.1951,59.0497],[18.1683,59.0453],[18.1703,59.0617]]],[[[11.3071,55.7809],[11.3079,55.7695],[11.2875,55.7975],[11.3071,55.7809]]],[[[24.9551,65.5937],[24.9361,65.6225],[24.9499,65.6207],[24.9551,65.5937]]],[[[18.9137,59.3585],[18.9317,59.3525],[18.8895,59.3437],[18.9137,59.3585]]],[[[21.4417,60.4207],[21.4125,60.4123],[21.4199,60.4289],[21.4417,60.4207]]],[[[24.5181,65.7301],[24.5349,65.7265],[24.5353,65.7175],[24.5181,65.7301]]],[[[23.1931,63.9395],[23.1851,63.9503],[23.2005,63.9559],[23.1931,63.9395]]],[[[28.0285,60.0299],[28.0611,60.0215],[28.0075,60.0271],[28.0285,60.0299]]],[[[21.7637,59.9251],[21.7817,59.9157],[21.7565,59.9089],[21.7637,59.9251]]],[[[25.5299,60.1937],[25.5293,60.2155],[25.5521,60.2089],[25.5299,60.1937]]],[[[11.1469,58.7753],[11.1609,58.7685],[11.1349,58.7621],[11.1469,58.7753]]],[[[15.7935,43.7395],[15.8045,43.7253],[15.7949,43.7211],[15.7935,43.7395]]],[[[8.8125,54.5613],[8.8409,54.5577],[8.8283,54.5483],[8.8125,54.5613]]],[[[21.5815,60.5405],[21.5993,60.5277],[21.5731,60.5271],[21.5815,60.5405]]],[[[22.5717,63.7621],[22.5551,63.7493],[22.5575,63.7653],[22.5717,63.7621]]],[[[12.4963,45.5369],[12.4795,45.5159],[12.4697,45.5243],[12.4963,45.5369]]],[[[10.5527,59.8731],[10.5253,59.8611],[10.5247,59.8767],[10.5527,59.8731]]],[[[21.3683,60.4993],[21.3499,60.5131],[21.3781,60.5195],[21.3683,60.4993]]],[[[26.1255,60.3897],[26.1275,60.3733],[26.1177,60.3711],[26.1255,60.3897]]],[[[11.7937,57.5887],[11.7997,57.5677],[11.7847,57.5653],[11.7937,57.5887]]],[[[10.5423,59.3801],[10.5363,59.3643],[10.5163,59.3757],[10.5423,59.3801]]],[[[21.9871,60.2809],[21.9771,60.2839],[22.0129,60.2963],[21.9871,60.2809]]],[[[15.3049,43.9309],[15.3159,43.9207],[15.3083,43.9187],[15.3049,43.9309]]],[[[22.4643,59.9241],[22.4591,59.9411],[22.4825,59.9359],[22.4643,59.9241]]],[[[22.7201,65.5293],[22.7373,65.5171],[22.7213,65.5153],[22.7201,65.5293]]],[[[18.6625,60.2085],[18.6271,60.2275],[18.6345,60.2347],[18.6625,60.2085]]],[[[21.3747,62.9319],[21.3615,62.9433],[21.3993,62.9559],[21.3747,62.9319]]],[[[21.5355,60.2335],[21.5007,60.2367],[21.5111,60.2543],[21.5355,60.2335]]],[[[28.4429,60.5955],[28.4401,60.6075],[28.4593,60.6015],[28.4429,60.5955]]],[[[17.2015,61.6449],[17.2437,61.6439],[17.2085,61.6307],[17.2015,61.6449]]],[[[22.7131,65.4719],[22.7125,65.4757],[22.7499,65.4929],[22.7131,65.4719]]],[[[11.4217,58.1741],[11.4589,58.1715],[11.4245,58.1549],[11.4217,58.1741]]],[[[20.6067,60.0839],[20.5787,60.0907],[20.5973,60.1007],[20.6067,60.0839]]],[[[29.7597,36.1333],[29.7679,36.1265],[29.7573,36.1251],[29.7597,36.1333]]],[[[20.4579,60.2993],[20.4267,60.2955],[20.4313,60.3071],[20.4579,60.2993]]],[[[15.5027,43.8665],[15.5179,43.8519],[15.4861,43.8599],[15.5027,43.8665]]],[[[20.8859,60.3653],[20.8863,60.3417],[20.8829,60.3423],[20.8859,60.3653]]],[[[21.8417,60.2947],[21.8593,60.2947],[21.8451,60.2837],[21.8417,60.2947]]],[[[19.7393,60.3543],[19.7757,60.3689],[19.7705,60.3633],[19.7393,60.3543]]],[[[21.4645,60.1451],[21.4855,60.1421],[21.4755,60.1315],[21.4645,60.1451]]],[[[22.8247,63.7299],[22.8493,63.7269],[22.8297,63.7149],[22.8247,63.7299]]],[[[11.7235,56.1817],[11.7143,56.1867],[11.7511,56.1873],[11.7235,56.1817]]],[[[5.4029,59.2899],[5.4219,59.2731],[5.4069,59.2715],[5.4029,59.2899]]],[[[20.5175,60.2981],[20.5319,60.2849],[20.5203,60.2757],[20.5175,60.2981]]],[[[23.2875,59.8871],[23.2855,59.8891],[23.3387,59.8881],[23.2875,59.8871]]],[[[21.0843,62.6933],[21.1161,62.6881],[21.0985,62.6757],[21.0843,62.6933]]],[[[21.2391,60.2023],[21.2639,60.1967],[21.2497,60.1925],[21.2391,60.2023]]],[[[22.0595,65.3969],[22.0369,65.4039],[22.0779,65.4073],[22.0595,65.3969]]],[[[18.8193,63.1503],[18.8309,63.1425],[18.7981,63.1349],[18.8193,63.1503]]],[[[11.5879,58.3857],[11.5997,58.3921],[11.5981,58.3767],[11.5879,58.3857]]],[[[18.8583,59.3943],[18.8617,59.4087],[18.8811,59.4083],[18.8583,59.3943]]],[[[8.7275,54.6325],[8.7135,54.6377],[8.7381,54.6479],[8.7275,54.6325]]],[[[11.6113,57.7951],[11.6315,57.7745],[11.6075,57.7741],[11.6113,57.7951]]],[[[11.2157,58.8283],[11.2213,58.8127],[11.2121,58.8107],[11.2157,58.8283]]],[[[18.0099,42.6801],[18.0167,42.6625],[17.9903,42.6731],[18.0099,42.6801]]],[[[22.6921,65.5091],[22.7203,65.4945],[22.7009,65.4941],[22.6921,65.5091]]],[[[19.4803,60.2437],[19.4965,60.2653],[19.5005,60.2553],[19.4803,60.2437]]],[[[27.4733,40.5489],[27.4781,40.5583],[27.5099,40.5613],[27.4733,40.5489]]],[[[11.2479,58.6459],[11.2511,58.6397],[11.2431,58.6211],[11.2479,58.6459]]],[[[21.5355,61.7067],[21.5121,61.7255],[21.5539,61.7111],[21.5355,61.7067]]],[[[21.2773,60.8043],[21.2499,60.8063],[21.2805,60.8185],[21.2773,60.8043]]],[[[22.3513,59.9271],[22.3843,59.9371],[22.3629,59.9239],[22.3513,59.9271]]],[[[22.5199,65.4155],[22.5419,65.4015],[22.5161,65.3983],[22.5199,65.4155]]],[[[17.5535,62.4257],[17.5373,62.4355],[17.5505,62.4397],[17.5535,62.4257]]],[[[12.1761,57.1675],[12.1961,57.1643],[12.1833,57.1523],[12.1761,57.1675]]],[[[20.8553,60.2505],[20.8627,60.2615],[20.8727,60.2525],[20.8553,60.2505]]],[[[20.6259,60.4147],[20.6419,60.4007],[20.6339,60.3959],[20.6259,60.4147]]],[[[21.0421,60.5601],[21.0773,60.5571],[21.0497,60.5489],[21.0421,60.5601]]],[[[15.3791,43.7609],[15.3811,43.7587],[15.3673,43.7477],[15.3791,43.7609]]],[[[18.8983,59.3427],[18.9133,59.3395],[18.9051,59.3311],[18.8983,59.3427]]],[[[26.7593,38.4443],[26.7641,38.4553],[26.7771,38.4439],[26.7593,38.4443]]],[[[11.1307,58.7867],[11.1333,58.7951],[11.1583,58.7913],[11.1307,58.7867]]],[[[18.9931,57.4463],[19.0017,57.4353],[18.9941,57.4301],[18.9931,57.4463]]],[[[16.5271,57.0189],[16.5253,57.0289],[16.5525,57.0229],[16.5271,57.0189]]],[[[23.0765,65.6643],[23.0645,65.6727],[23.0967,65.6737],[23.0765,65.6643]]],[[[18.2171,59.0677],[18.2035,59.0705],[18.2291,59.0805],[18.2171,59.0677]]],[[[22.8101,65.5439],[22.8165,65.5215],[22.8077,65.5207],[22.8101,65.5439]]],[[[10.5739,59.8599],[10.5669,59.8721],[10.5849,59.8753],[10.5739,59.8599]]],[[[17.9755,58.9027],[17.9923,58.9067],[17.9905,58.8973],[17.9755,58.9027]]],[[[20.9833,60.4233],[21.0001,60.4323],[21.0001,60.4061],[20.9833,60.4233]]],[[[20.6011,60.1697],[20.6173,60.1633],[20.5725,60.1573],[20.6011,60.1697]]],[[[9.7051,55.3667],[9.7237,55.3585],[9.7029,55.3535],[9.7051,55.3667]]],[[[23.1221,58.8283],[23.1197,58.8405],[23.1495,58.8317],[23.1221,58.8283]]],[[[27.8879,60.0113],[27.8949,60.0159],[27.9053,60.0093],[27.8879,60.0113]]],[[[21.7339,60.5539],[21.7299,60.5647],[21.7473,60.5737],[21.7339,60.5539]]],[[[19.1063,59.7925],[19.1093,59.7897],[19.1037,59.7775],[19.1063,59.7925]]],[[[21.9927,65.5081],[22.0285,65.5075],[22.0205,65.4939],[21.9927,65.5081]]],[[[26.8265,38.9235],[26.8231,38.9141],[26.8085,38.9193],[26.8265,38.9235]]],[[[17.5097,61.9561],[17.5041,61.9645],[17.5385,61.9589],[17.5097,61.9561]]],[[[21.0595,60.3111],[21.0753,60.2981],[21.0617,60.2919],[21.0537,60.2933],[21.0595,60.3111]]],[[[15.6425,56.1543],[15.6385,56.1659],[15.6523,56.1715],[15.6425,56.1543]]],[[[22.3553,59.9099],[22.3885,59.9217],[22.3759,59.9089],[22.3553,59.9099]]],[[[20.0605,60.4369],[20.0827,60.4363],[20.0791,60.4201],[20.0605,60.4369]]],[[[21.4373,61.6259],[21.4525,61.6153],[21.4401,61.6121],[21.4373,61.6259]]],[[[22.4247,59.9969],[22.4331,59.9971],[22.4369,59.9883],[22.4247,59.9969]]],[[[24.6019,60.0603],[24.6243,60.0541],[24.5981,60.0475],[24.6019,60.0603]]],[[[21.0429,60.4295],[21.0273,60.4373],[21.0679,60.4387],[21.0429,60.4295]]],[[[18.5751,59.4221],[18.5969,59.4087],[18.5691,59.4089],[18.5751,59.4221]]],[[[22.3115,60.1427],[22.3403,60.1425],[22.3231,60.1281],[22.3115,60.1427]]],[[[3.7119,51.6307],[3.6889,51.6265],[3.7135,51.6439],[3.7119,51.6307]]],[[[12.0781,54.9455],[12.0663,54.9499],[12.1063,54.9583],[12.0781,54.9455]]],[[[19.7667,60.4267],[19.7833,60.4257],[19.7761,60.4089],[19.7667,60.4267]]],[[[22.3961,59.8237],[22.4163,59.8185],[22.4039,59.8059],[22.3961,59.8237]]],[[[15.4697,43.7143],[15.5167,43.6911],[15.4907,43.6963],[15.4697,43.7143]]],[[[21.0841,60.4987],[21.1079,60.4905],[21.0919,60.4869],[21.0841,60.4987]]],[[[17.7207,58.8607],[17.7329,58.8409],[17.7201,58.8395],[17.7207,58.8607]]],[[[21.9585,60.2325],[21.9531,60.2451],[21.9623,60.2481],[21.9585,60.2325]]],[[[11.3475,55.0237],[11.3447,55.0271],[11.3697,55.0407],[11.3475,55.0237]]],[[[18.9325,59.2907],[18.9441,59.2801],[18.9333,59.2781],[18.9325,59.2907]]],[[[20.4037,60.3439],[20.4309,60.3397],[20.4001,60.3283],[20.4037,60.3439]]],[[[21.9023,60.3375],[21.9135,60.3329],[21.8933,60.3327],[21.9023,60.3375]]],[[[21.0099,60.7229],[21.0411,60.7333],[21.0255,60.7245],[21.0099,60.7229]]],[[[19.7015,60.3623],[19.7049,60.3791],[19.7177,60.3697],[19.7015,60.3623]]],[[[18.7813,59.6399],[18.7739,59.6489],[18.7923,59.6579],[18.7813,59.6399]]],[[[13.3207,45.7149],[13.3261,45.7009],[13.3187,45.6985],[13.3207,45.7149]]],[[[10.4611,55.4653],[10.4579,55.4735],[10.4825,55.4849],[10.4611,55.4653]]],[[[16.5769,57.8739],[16.5911,57.8653],[16.5831,57.8585],[16.5769,57.8739]]],[[[20.0043,60.3755],[19.9847,60.3933],[20.0023,60.4017],[20.0043,60.3755]]],[[[21.0357,60.8477],[21.0509,60.8367],[21.0447,60.8351],[21.0357,60.8477]]],[[[16.6183,57.8603],[16.5981,57.8723],[16.6163,57.8779],[16.6183,57.8603]]],[[[21.5375,60.3021],[21.5487,60.2895],[21.5301,60.2841],[21.5375,60.3021]]],[[[25.2347,59.5785],[25.2441,59.5647],[25.2181,59.5707],[25.2347,59.5785]]],[[[23.0359,65.6753],[23.0363,65.6659],[23.0317,65.6615],[23.0359,65.6753]]],[[[20.0483,60.4365],[20.0537,60.4225],[20.0455,60.4183],[20.0483,60.4365]]],[[[23.6737,59.9213],[23.6379,59.9175],[23.6669,59.9333],[23.6737,59.9213]]],[[[23.0895,38.6699],[23.0995,38.6873],[23.1057,38.6837],[23.0895,38.6699]]],[[[16.7003,57.5239],[16.7239,57.5063],[16.7063,57.5085],[16.7003,57.5239]]],[[[22.0133,63.3437],[22.0203,63.3583],[22.0401,63.3435],[22.0133,63.3437]]],[[[15.2613,43.8253],[15.2637,43.8221],[15.2505,43.8193],[15.2613,43.8253]]],[[[22.9985,58.8189],[23.0183,58.7977],[23.0149,58.7943],[22.9985,58.8189]]],[[[20.7917,60.3949],[20.7973,60.3843],[20.7713,60.4031],[20.7917,60.3949]]],[[[20.3069,60.1603],[20.3287,60.1489],[20.3133,60.1423],[20.3069,60.1603]]],[[[21.1633,60.5667],[21.1657,60.5801],[21.1851,60.5725],[21.1633,60.5667]]],[[[16.9117,58.2487],[16.9433,58.2605],[16.9335,58.2521],[16.9117,58.2487]]],[[[23.4423,58.6273],[23.4177,58.6357],[23.4251,58.6423],[23.4423,58.6273]]],[[[11.1235,58.8643],[11.1169,58.8807],[11.1373,58.8747],[11.1235,58.8643]]],[[[20.0551,60.3907],[20.0689,60.3813],[20.0635,60.3769],[20.0551,60.3907]]],[[[18.8367,59.3039],[18.8239,59.3049],[18.8373,59.3101],[18.8697,59.3009],[18.8367,59.3039]]],[[[23.2717,58.5409],[23.2817,58.5343],[23.2617,58.5223],[23.2717,58.5409]]],[[[11.7187,57.9303],[11.7281,57.9265],[11.6937,57.9223],[11.7187,57.9303]]],[[[21.9399,60.2003],[21.9155,60.2049],[21.9543,60.2049],[21.9399,60.2003]]],[[[12.5573,45.5419],[12.5583,45.5287],[12.5327,45.5325],[12.5573,45.5419]]],[[[22.3755,59.9019],[22.4045,59.8993],[22.3813,59.8911],[22.3755,59.9019]]],[[[20.3523,60.1539],[20.3299,60.1603],[20.3613,60.1711],[20.3523,60.1539]]],[[[10.8843,59.0509],[10.9029,59.0375],[10.8911,59.0319],[10.8843,59.0509]]],[[[22.7499,63.8653],[22.7507,63.8735],[22.7703,63.8753],[22.7499,63.8653]]],[[[14.3159,44.7901],[14.3057,44.7633],[14.2999,44.7673],[14.3159,44.7901]]],[[[19.9689,60.0359],[19.9631,60.0381],[19.9941,60.0509],[19.9689,60.0359]]],[[[6.8611,58.0785],[6.8941,58.0731],[6.8765,58.0583],[6.8611,58.0785]]],[[[21.1953,62.3725],[21.2141,62.3957],[21.2183,62.3937],[21.1953,62.3725]]],[[[22.8437,65.7433],[22.8481,65.7255],[22.8171,65.7385],[22.8437,65.7433]]],[[[18.7263,59.4405],[18.7395,59.4351],[18.7123,59.4299],[18.7263,59.4405]]],[[[16.6105,57.5597],[16.6071,57.5635],[16.6355,57.5617],[16.6105,57.5597]]],[[[21.3069,60.7091],[21.2899,60.7127],[21.3115,60.7195],[21.3069,60.7091]]],[[[11.7531,58.1037],[11.7603,58.0963],[11.7541,58.0831],[11.7531,58.1037]]],[[[22.6369,65.7889],[22.6379,65.7839],[22.6101,65.7731],[22.6369,65.7889]]],[[[18.6519,60.2903],[18.6589,60.2827],[18.6343,60.2851],[18.6519,60.2903]]],[[[19.1275,59.8135],[19.1555,59.8165],[19.1329,59.8025],[19.1275,59.8135]]],[[[12.0855,55.7453],[12.1021,55.7285],[12.0759,55.7297],[12.0855,55.7453]]],[[[11.8925,54.9949],[11.9017,54.9757],[11.8903,54.9797],[11.8925,54.9949]]],[[[5.4649,59.2599],[5.4623,59.2723],[5.4823,59.2649],[5.4649,59.2599]]],[[[27.5803,40.5241],[27.5893,40.5281],[27.5897,40.5077],[27.5803,40.5241]]],[[[25.3529,60.2293],[25.3355,60.2405],[25.3701,60.2369],[25.3529,60.2293]]],[[[25.1237,60.1629],[25.1459,60.1587],[25.1231,60.1541],[25.1237,60.1629]]],[[[9.8289,59.0251],[9.8307,59.0121],[9.8255,59.0085],[9.8289,59.0251]]],[[[21.3213,60.5565],[21.2931,60.5789],[21.2993,60.5801],[21.3213,60.5565]]],[[[18.8835,63.1863],[18.9069,63.1825],[18.8937,63.1803],[18.8835,63.1863]]],[[[25.2387,60.2239],[25.2225,60.2275],[25.2543,60.2339],[25.2387,60.2239]]],[[[17.6551,58.9435],[17.6689,58.9203],[17.6655,58.9197],[17.6551,58.9435]]],[[[29.6281,36.1013],[29.6457,36.1157],[29.6455,36.1093],[29.6281,36.1013]]],[[[23.5605,65.7203],[23.5391,65.7411],[23.5525,65.7409],[23.5605,65.7203]]],[[[21.6235,60.0879],[21.5927,60.0895],[21.6011,60.0997],[21.6235,60.0879]]],[[[21.7533,60.1103],[21.7137,60.1131],[21.7395,60.1205],[21.7533,60.1103]]],[[[16.7965,58.2887],[16.8105,58.2761],[16.7925,58.2749],[16.7965,58.2887]]],[[[24.0003,60.0101],[23.9745,60.0147],[24.0049,60.0197],[24.0003,60.0101]]],[[[7.0553,43.5203],[7.0305,43.5283],[7.0383,43.5307],[7.0553,43.5203]]],[[[16.8887,58.3589],[16.9027,58.3561],[16.8849,58.3445],[16.8887,58.3589]]],[[[22.0837,60.1811],[22.1117,60.1831],[22.0819,60.1723],[22.0837,60.1811]]],[[[17.8855,62.8915],[17.8777,62.8987],[17.8857,62.9055],[17.8855,62.8915]]],[[[21.2945,60.7615],[21.2779,60.7703],[21.3035,60.7757],[21.2945,60.7615]]],[[[13.5525,45.7323],[13.5517,45.7303],[13.5207,45.7377],[13.5137,45.7501],[13.5525,45.7323]]],[[[24.8213,65.3881],[24.8601,65.3865],[24.8337,65.3791],[24.8213,65.3881]]],[[[18.8413,63.1531],[18.8387,63.1547],[18.8599,63.1639],[18.8413,63.1531]]],[[[26.4295,60.3445],[26.4175,60.3533],[26.4355,60.3615],[26.4295,60.3445]]],[[[21.4041,63.0141],[21.4131,63.0043],[21.3935,63.0023],[21.4041,63.0141]]],[[[21.4683,60.1205],[21.5085,60.1379],[21.4885,60.1227],[21.4683,60.1205]]],[[[27.2121,36.9977],[27.2057,37.0013],[27.2191,37.0141],[27.2121,36.9977]]],[[[17.8719,58.7541],[17.8705,58.7729],[17.8769,58.7697],[17.8719,58.7541]]],[[[18.8371,59.6609],[18.8609,59.6553],[18.8437,59.6501],[18.8371,59.6609]]],[[[20.8149,63.1097],[20.7917,63.1103],[20.8079,63.1259],[20.8149,63.1097]]],[[[9.3749,41.3149],[9.3837,41.3009],[9.3673,41.2943],[9.3613,41.3005],[9.3749,41.3149]]],[[[17.5783,58.8755],[17.5667,58.8873],[17.5951,58.8821],[17.5783,58.8755]]],[[[23.2273,65.7883],[23.2101,65.7957],[23.2513,65.7935],[23.2273,65.7883]]],[[[22.4297,65.6255],[22.4701,65.6043],[22.4529,65.6039],[22.4297,65.6255]]],[[[22.7733,65.5411],[22.7425,65.5535],[22.7595,65.5555],[22.7733,65.5411]]],[[[17.1963,61.5801],[17.2233,61.5737],[17.2211,61.5721],[17.1963,61.5801]]],[[[22.7905,65.6687],[22.7989,65.6525],[22.7745,65.6565],[22.7905,65.6687]]],[[[25.1437,65.0991],[25.1395,65.1021],[25.1929,65.1101],[25.1437,65.0991]]],[[[49.9017,40.2979],[49.9305,40.2943],[49.9073,40.2899],[49.9017,40.2979]]],[[[23.1199,38.6501],[23.1257,38.6477],[23.1119,38.6369],[23.1199,38.6501]]],[[[21.2325,60.6097],[21.2207,60.6277],[21.2395,60.6261],[21.2325,60.6097]]],[[[18.8915,59.3173],[18.9119,59.3143],[18.8893,59.3075],[18.8915,59.3173]]],[[[22.7251,59.9971],[22.7281,60.0103],[22.7483,60.0065],[22.7251,59.9971]]],[[[22.8233,60.0459],[22.8225,60.0327],[22.8097,60.0381],[22.8233,60.0459]]],[[[21.3093,60.8389],[21.3193,60.8337],[21.3071,60.8213],[21.3093,60.8389]]],[[[18.6579,59.1903],[18.6733,59.1887],[18.6461,59.1733],[18.6579,59.1903]]],[[[21.4939,61.3929],[21.4991,61.3895],[21.4757,61.3903],[21.4939,61.3929]]],[[[16.9359,58.2267],[16.9527,58.2239],[16.9183,58.2145],[16.9359,58.2267]]],[[[9.3503,41.2921],[9.3589,41.2875],[9.3533,41.2829],[9.3503,41.2921]]],[[[18.7185,59.6011],[18.7127,59.6073],[18.7325,59.6171],[18.7185,59.6011]]],[[[21.4833,60.2991],[21.5027,60.2965],[21.4899,60.2915],[21.4833,60.2991]]],[[[20.5903,63.7281],[20.5681,63.7379],[20.5839,63.7483],[20.5903,63.7281]]],[[[10.7041,54.9547],[10.7055,54.9483],[10.6931,54.9481],[10.7041,54.9547]]],[[[21.3091,60.1683],[21.3277,60.1661],[21.3257,60.1637],[21.3091,60.1683]]],[[[21.4249,63.2929],[21.4365,63.2887],[21.4197,63.2829],[21.4249,63.2929]]],[[[22.7469,63.7041],[22.7415,63.7131],[22.7705,63.7117],[22.7469,63.7041]]],[[[22.1189,65.4399],[22.1377,65.4303],[22.1309,65.4175],[22.1189,65.4399]]],[[[11.8159,57.5957],[11.7943,57.5977],[11.8001,57.6061],[11.8197,57.6071],[11.8159,57.5957]]],[[[21.4021,63.1625],[21.4049,63.1581],[21.3827,63.1587],[21.4021,63.1625]]],[[[27.4175,60.4073],[27.4315,60.4187],[27.4351,60.4121],[27.4175,60.4073]]],[[[27.3763,60.4967],[27.3877,60.4901],[27.3571,60.4855],[27.3763,60.4967]]],[[[21.2403,60.8167],[21.2367,60.8347],[21.2567,60.8235],[21.2403,60.8167]]],[[[21.2211,60.2463],[21.2457,60.2491],[21.2449,60.2465],[21.2211,60.2463]]],[[[18.7823,59.4423],[18.7805,59.4441],[18.8153,59.4565],[18.7823,59.4423]]],[[[18.0667,57.3009],[18.0625,57.3117],[18.0805,57.3113],[18.0667,57.3009]]],[[[14.8367,56.0001],[14.8307,56.0029],[14.8419,56.0131],[14.8367,56.0001]]],[[[22.2709,60.3891],[22.2795,60.3831],[22.2587,60.3785],[22.2709,60.3891]]],[[[12.2071,45.3333],[12.1951,45.3127],[12.1977,45.3251],[12.2071,45.3333]]],[[[18.5089,59.1047],[18.4997,59.1097],[18.5287,59.1217],[18.5089,59.1047]]],[[[13.5189,54.3163],[13.5467,54.3333],[13.5489,54.3249],[13.5189,54.3163]]],[[[21.4905,60.1753],[21.5089,60.1697],[21.5045,60.1641],[21.4905,60.1753]]],[[[16.7115,57.4497],[16.7321,57.4481],[16.7207,57.4407],[16.7115,57.4497]]],[[[24.6335,60.0885],[24.6197,60.0937],[24.6539,60.1001],[24.6335,60.0885]]],[[[19.7273,60.3287],[19.7347,60.3157],[19.7023,60.3151],[19.7273,60.3287]]],[[[22.4401,63.5395],[22.4425,63.5179],[22.4291,63.5265],[22.4401,63.5395]]],[[[28.6775,60.4627],[28.6957,60.4487],[28.6905,60.4433],[28.6775,60.4627]]],[[[21.3823,62.8851],[21.3749,62.8897],[21.3809,62.9053],[21.3823,62.8851]]],[[[28.9535,36.7263],[28.9443,36.7187],[28.9355,36.7255],[28.9535,36.7263]]],[[[24.3567,59.9993],[24.3883,59.9955],[24.3465,59.9909],[24.3567,59.9993]]],[[[25.1355,40.0223],[25.1285,40.0257],[25.1477,40.0311],[25.1355,40.0223]]],[[[13.4175,54.1597],[13.3981,54.1797],[13.4153,54.1757],[13.4175,54.1597]]],[[[21.6597,65.3539],[21.6909,65.3409],[21.6661,65.3429],[21.6597,65.3539]]],[[[5.1281,53.2977],[5.1521,53.3087],[5.1525,53.3035],[5.1281,53.2977]]],[[[16.7389,58.3947],[16.7345,58.4087],[16.7505,58.4071],[16.7389,58.3947]]],[[[28.0157,36.7191],[28.0345,36.7275],[28.0337,36.7209],[28.0157,36.7191]]],[[[18.4665,60.3145],[18.4977,60.3043],[18.4797,60.3045],[18.4665,60.3145]]],[[[26.5343,60.3727],[26.5389,60.3665],[26.5227,60.3613],[26.5343,60.3727]]],[[[11.4799,58.0711],[11.4801,58.0591],[11.4699,58.0599],[11.4799,58.0711]]],[[[22.0021,63.2213],[22.0203,63.2153],[22.0099,63.2105],[22.0021,63.2213]]],[[[19.0505,59.6581],[19.0615,59.6451],[19.0337,59.6465],[19.0505,59.6581]]],[[[22.1869,59.8665],[22.1799,59.8679],[22.1845,59.8749],[22.1869,59.8665]]],[[[21.5471,60.2565],[21.5527,60.2529],[21.5455,60.2447],[21.5471,60.2565]]],[[[26.1133,60.3581],[26.1329,60.3593],[26.1211,60.3395],[26.1133,60.3581]]],[[[22.3575,60.0291],[22.3707,60.0231],[22.3611,60.0113],[22.3575,60.0291]]],[[[17.3271,61.5519],[17.3221,61.5651],[17.3355,61.5669],[17.3271,61.5519]]],[[[12.2225,45.3143],[12.2097,45.3201],[12.2333,45.3289],[12.2225,45.3143]]],[[[25.4579,60.1855],[25.4761,60.1837],[25.4591,60.1753],[25.4579,60.1855]]],[[[16.6873,57.8563],[16.6879,57.8691],[16.7077,57.8605],[16.6873,57.8563]]],[[[18.8609,59.5143],[18.8765,59.5119],[18.8633,59.5055],[18.8609,59.5143]]],[[[22.6379,63.8111],[22.6423,63.8319],[22.6573,63.8197],[22.6379,63.8111]]],[[[18.9089,63.1945],[18.8873,63.1929],[18.9177,63.2041],[18.9089,63.1945]]],[[[22.4785,65.3747],[22.4593,65.3901],[22.4833,65.3845],[22.4785,65.3747]]],[[[16.9017,58.1995],[16.9059,58.1897],[16.8937,58.1821],[16.9017,58.1995]]],[[[10.5037,54.9397],[10.5261,54.9243],[10.4983,54.9269],[10.5037,54.9397]]],[[[21.2079,60.5187],[21.2357,60.5103],[21.2151,60.5071],[21.2079,60.5187]]],[[[20.7431,60.1773],[20.7493,60.1667],[20.7341,60.1607],[20.7431,60.1773]]],[[[29.0461,36.6523],[29.0433,36.6587],[29.0559,36.6645],[29.0461,36.6523]]],[[[10.1061,55.1367],[10.1147,55.1341],[10.1071,55.1307],[10.1061,55.1367]]],[[[24.6227,65.6867],[24.6071,65.6979],[24.6241,65.7029],[24.6227,65.6867]]],[[[9.8469,44.0405],[9.8423,44.0503],[9.8557,44.0555],[9.8469,44.0405]]],[[[10.2483,55.0703],[10.2703,55.0549],[10.2499,55.0617],[10.2483,55.0703]]],[[[20.8167,60.0613],[20.7967,60.0671],[20.8209,60.0753],[20.8167,60.0613]]],[[[20.3143,60.0881],[20.3275,60.0823],[20.3147,60.0749],[20.3143,60.0881]]],[[[20.8511,62.9639],[20.8439,62.9679],[20.8565,62.9805],[20.8511,62.9639]]],[[[15.7861,56.0151],[15.8101,56.0299],[15.8121,56.0241],[15.7861,56.0151]]],[[[12.2201,45.3705],[12.2289,45.3489],[12.2231,45.3605],[12.2201,45.3705]]],[[[21.1669,60.8221],[21.1797,60.8111],[21.1783,60.8073],[21.1669,60.8221]]],[[[21.1033,62.8387],[21.1339,62.8321],[21.1301,62.8301],[21.1033,62.8387]]],[[[11.8163,58.0693],[11.8075,58.0555],[11.8013,58.0749],[11.8163,58.0693]]],[[[20.1175,60.3771],[20.1423,60.3877],[20.1409,60.3791],[20.1175,60.3771]]],[[[22.8155,60.0605],[22.7993,60.0675],[22.8231,60.0727],[22.8155,60.0605]]],[[[21.7261,60.2923],[21.7067,60.2985],[21.7177,60.3043],[21.7261,60.2923]]],[[[10.7289,59.3045],[10.7489,59.3175],[10.7507,59.3069],[10.7289,59.3045]]],[[[14.9821,56.1065],[14.9625,56.1141],[14.9703,56.1187],[14.9821,56.1065]]],[[[9.5953,53.5995],[9.6099,53.5895],[9.5937,53.5917],[9.5953,53.5995]]],[[[26.0765,39.9417],[26.0797,39.9379],[26.0727,39.9361],[26.0765,39.9417]]],[[[21.3499,61.4731],[21.3447,61.4799],[21.3637,61.4837],[21.3499,61.4731]]],[[[18.3511,59.4101],[18.3659,59.4071],[18.3355,59.4045],[18.3511,59.4101]]],[[[21.4947,60.5167],[21.4861,60.5205],[21.5121,60.5241],[21.4947,60.5167]]],[[[21.4171,60.6427],[21.4221,60.6275],[21.4161,60.6275],[21.4171,60.6427]]],[[[20.4001,60.1711],[20.4217,60.1871],[20.4251,60.1823],[20.4001,60.1711]]],[[[24.9717,65.6119],[24.9919,65.5927],[24.9867,65.5901],[24.9717,65.6119]]],[[[11.7155,55.1383],[11.7229,55.1469],[11.7305,55.1367],[11.7155,55.1383]]],[[[23.7163,59.9367],[23.7243,59.9253],[23.6979,59.9271],[23.7163,59.9367]]],[[[22.6585,63.7817],[22.6341,63.7975],[22.6457,63.8043],[22.6585,63.7817]]],[[[34.9477,46.2405],[34.9419,46.2421],[34.9875,46.2515],[34.9947,46.2491],[34.9477,46.2405]]],[[[21.5563,63.0831],[21.5539,63.0855],[21.5749,63.1009],[21.5563,63.0831]]],[[[18.8573,57.7013],[18.8537,57.7137],[18.8677,57.7129],[18.8573,57.7013]]],[[[20.5681,60.0873],[20.5711,60.0821],[20.5651,60.0771],[20.5681,60.0873]]],[[[27.8611,60.4627],[27.8607,60.4711],[27.8871,60.4661],[27.8611,60.4627]]],[[[23.0653,58.8097],[23.0693,58.8287],[23.0821,58.8235],[23.0653,58.8097]]],[[[22.7165,65.6689],[22.6915,65.6755],[22.7153,65.6815],[22.7165,65.6689]]],[[[21.3171,60.1959],[21.2647,60.2025],[21.2701,60.2039],[21.3171,60.1959]]],[[[21.2693,60.7657],[21.2851,60.7599],[21.2583,60.7571],[21.2693,60.7657]]],[[[11.0515,58.9883],[11.0355,58.9945],[11.0475,59.0061],[11.0515,58.9883]]],[[[25.8301,39.2213],[25.8421,39.2317],[25.8453,39.2287],[25.8301,39.2213]]],[[[12.1205,54.9695],[12.1067,54.9673],[12.1327,54.9837],[12.1205,54.9695]]],[[[17.0183,43.0489],[17.0369,43.0413],[17.0125,43.0439],[17.0183,43.0489]]],[[[-0.7109,45.2501],[-0.711,45.2299],[-0.7129,45.2323],[-0.7109,45.2501]]],[[[19.0273,59.6269],[19.0245,59.6365],[19.0393,59.6431],[19.0273,59.6269]]],[[[16.7069,57.9935],[16.7217,57.9863],[16.7177,57.9803],[16.7069,57.9935]]],[[[16.8063,58.0057],[16.7917,58.0163],[16.8231,58.0083],[16.8063,58.0057]]],[[[21.4883,61.2999],[21.5057,61.2907],[21.4985,61.2885],[21.4883,61.2999]]],[[[11.7493,57.6527],[11.7587,57.6491],[11.7365,57.6401],[11.7493,57.6527]]],[[[28.0637,36.7357],[28.0661,36.7313],[28.0487,36.7255],[28.0637,36.7357]]],[[[29.4933,36.1619],[29.5133,36.1571],[29.5031,36.1547],[29.4933,36.1619]]],[[[22.4749,65.8191],[22.4895,65.7951],[22.4699,65.8027],[22.4749,65.8191]]],[[[12.449,37.8685],[12.4463,37.8446],[12.4432,37.8521],[12.449,37.8685]]],[[[3.9413,51.7411],[3.9371,51.7449],[3.9669,51.7491],[3.9413,51.7411]]],[[[22.7655,63.9271],[22.7753,63.9171],[22.7737,63.9145],[22.7655,63.9271]]],[[[9.3613,41.3005],[9.3395,41.3017],[9.3483,41.3115],[9.3613,41.3005]]],[[[12.1337,57.3039],[12.1377,57.2963],[12.1229,57.2919],[12.1337,57.3039]]],[[[19.6981,60.3273],[19.6877,60.3401],[19.7055,60.3407],[19.6981,60.3273]]],[[[22.6021,59.9091],[22.6227,59.9037],[22.5947,59.9019],[22.6021,59.9091]]],[[[23.4269,58.5437],[23.4385,58.5537],[23.4565,58.5477],[23.4269,58.5437]]],[[[21.4143,61.6361],[21.4073,61.6469],[21.4407,61.6375],[21.4143,61.6361]]],[[[20.2341,60.4479],[20.2261,60.4571],[20.2453,60.4623],[20.2341,60.4479]]],[[[22.9517,59.7677],[22.9397,59.7747],[22.9529,59.7797],[22.9517,59.7677]]],[[[18.6309,59.1569],[18.6291,59.1593],[18.6609,59.1719],[18.6309,59.1569]]],[[[21.3273,60.0715],[21.3197,60.0773],[21.3399,60.0803],[21.3273,60.0715]]],[[[11.5765,58.0901],[11.5911,58.1043],[11.5925,58.0923],[11.5765,58.0901]]],[[[22.6595,63.7755],[22.6777,63.7815],[22.6815,63.7725],[22.6595,63.7755]]],[[[19.9043,63.4937],[19.9141,63.4867],[19.8943,63.4775],[19.9043,63.4937]]],[[[27.7897,60.4575],[27.8075,60.4487],[27.7945,60.4427],[27.7897,60.4575]]],[[[16.5791,57.8489],[16.5961,57.8595],[16.5995,57.8559],[16.5791,57.8489]]],[[[19.1537,59.7841],[19.1561,59.7775],[19.1317,59.7781],[19.1537,59.7841]]],[[[24.9883,65.4099],[24.9953,65.4213],[25.0155,65.4083],[24.9883,65.4099]]],[[[22.8081,63.9123],[22.7913,63.9137],[22.8019,63.9233],[22.8081,63.9123]]],[[[21.2903,60.3213],[21.2891,60.3305],[21.3131,60.3243],[21.2903,60.3213]]],[[[25.0297,65.6067],[25.0277,65.6141],[25.0455,65.6167],[25.0297,65.6067]]],[[[22.5631,59.9435],[22.5555,59.9469],[22.5791,59.9553],[22.5631,59.9435]]],[[[18.6629,60.1921],[18.6697,60.1829],[18.6597,60.1815],[18.6629,60.1921]]],[[[25.9977,60.2805],[26.0053,60.2675],[25.9919,60.2651],[25.9977,60.2805]]],[[[21.8403,65.3829],[21.8411,65.3797],[21.8059,65.3831],[21.8403,65.3829]]],[[[20.3717,60.0361],[20.3881,60.0471],[20.4047,60.0439],[20.3717,60.0361]]],[[[11.7253,57.9409],[11.7225,57.9521],[11.7431,57.9443],[11.7253,57.9409]]],[[[18.6875,60.2447],[18.6797,60.2491],[18.6921,60.2627],[18.6875,60.2447]]],[[[18.8113,59.5727],[18.8201,59.5693],[18.8095,59.5629],[18.7903,59.5657],[18.8113,59.5727]]],[[[23.4295,65.7629],[23.4385,65.7495],[23.4249,65.7463],[23.4295,65.7629]]],[[[26.9781,60.4161],[26.9859,60.4277],[26.9957,60.4155],[26.9781,60.4161]]],[[[23.5623,59.8233],[23.5557,59.8255],[23.5857,59.8307],[23.5623,59.8233]]],[[[21.7185,60.4055],[21.7099,60.4059],[21.7247,60.4195],[21.7185,60.4055]]],[[[21.0517,60.4963],[21.0461,60.5029],[21.0705,60.5021],[21.0517,60.4963]]],[[[21.9651,65.5135],[21.9663,65.5089],[21.9515,65.5083],[21.9651,65.5135]]],[[[20.9455,60.4793],[20.9471,60.4889],[20.9673,60.4813],[20.9455,60.4793]]],[[[-8.841,42.4921],[-8.8518,42.4821],[-8.8529,42.4899],[-8.841,42.4921]]],[[[22.7763,63.8803],[22.7757,63.8835],[22.7947,63.8901],[22.7763,63.8803]]],[[[16.9639,58.4255],[16.9845,58.4277],[16.9789,58.4255],[16.9639,58.4255]]],[[[14.3123,44.5829],[14.3195,44.5739],[14.3147,44.5733],[14.3123,44.5829]]],[[[21.6847,60.5027],[21.6725,60.5079],[21.6813,60.5173],[21.6847,60.5027]]],[[[27.8927,60.4851],[27.8971,60.4809],[27.8797,60.4713],[27.8927,60.4851]]],[[[24.9911,60.1807],[25.0209,60.1851],[25.0167,60.1819],[24.9911,60.1807]]],[[[18.8321,59.4033],[18.8409,59.3933],[18.8239,59.3917],[18.8321,59.4033]]],[[[16.6799,57.5637],[16.6717,57.5699],[16.6987,57.5755],[16.6799,57.5637]]],[[[16.7367,57.6813],[16.7491,57.6739],[16.7369,57.6727],[16.7367,57.6813]]],[[[16.3329,58.6493],[16.3539,58.6455],[16.3435,58.6407],[16.3329,58.6493]]],[[[14.5557,44.5047],[14.5555,44.4951],[14.5491,44.4959],[14.5557,44.5047]]],[[[25.7981,59.6873],[25.8235,59.6773],[25.8011,59.6773],[25.7981,59.6873]]],[[[17.1843,61.5959],[17.2163,61.5897],[17.1887,61.5843],[17.1843,61.5959]]],[[[21.2883,63.2583],[21.3055,63.2513],[21.2895,63.2479],[21.2883,63.2583]]],[[[23.8337,65.6677],[23.8407,65.6523],[23.8259,65.6557],[23.8337,65.6677]]],[[[21.9047,65.3517],[21.9147,65.3431],[21.8879,65.3443],[21.9047,65.3517]]],[[[22.6725,63.8025],[22.6641,63.7879],[22.6585,63.7939],[22.6725,63.8025]]],[[[10.4609,59.2317],[10.4633,59.2249],[10.4573,59.2235],[10.4609,59.2317]]],[[[49.9911,40.3137],[50.0183,40.3091],[49.9925,40.3083],[49.9911,40.3137]]],[[[23.8143,59.9339],[23.8121,59.9365],[23.8351,59.9461],[23.8143,59.9339]]],[[[22.2757,65.5621],[22.3129,65.5483],[22.3019,65.5439],[22.2757,65.5621]]],[[[22.6141,65.4489],[22.6153,65.4633],[22.6307,65.4601],[22.6141,65.4489]]],[[[21.3417,60.7219],[21.3289,60.7283],[21.3461,60.7341],[21.3417,60.7219]]],[[[20.9719,60.4355],[20.9739,60.4251],[20.9633,60.4225],[20.9719,60.4355]]],[[[32.2991,46.5085],[32.2961,46.5119],[32.2995,46.5151],[32.2991,46.5085]]],[[[21.7841,59.9255],[21.7997,59.9357],[21.8019,59.9253],[21.7841,59.9255]]],[[[12.9475,54.4443],[12.9637,54.4399],[12.9303,54.4347],[12.9475,54.4443]]],[[[21.1661,60.8739],[21.1763,60.8655],[21.1675,60.8591],[21.1661,60.8739]]],[[[24.0999,65.8005],[24.1315,65.8089],[24.1281,65.8063],[24.0999,65.8005]]],[[[18.3441,59.0543],[18.3555,59.0453],[18.3381,59.0391],[18.3441,59.0543]]],[[[-1.1686,46.0259],[-1.1591,46.0211],[-1.1762,46.0097],[-1.1686,46.0259]]],[[[17.3443,60.7127],[17.3755,60.7161],[17.3755,60.7143],[17.3443,60.7127]]],[[[26.3757,38.4331],[26.3871,38.4383],[26.3871,38.4255],[26.3757,38.4331]]],[[[23.7423,65.5923],[23.7673,65.6061],[23.7643,65.6025],[23.7423,65.5923]]],[[[12.2047,45.3651],[12.1947,45.3731],[12.2085,45.3783],[12.2047,45.3651]]],[[[21.9813,60.2283],[21.9951,60.2223],[21.9763,60.2187],[21.9813,60.2283]]],[[[32.0275,46.1805],[32.0347,46.1775],[32.0083,46.1793],[32.0275,46.1805]]],[[[21.4057,60.4457],[21.4145,60.4333],[21.3997,60.4341],[21.4057,60.4457]]],[[[10.7913,55.5215],[10.8069,55.5155],[10.7903,55.5113],[10.7913,55.5215]]],[[[21.4847,61.7803],[21.4989,61.7715],[21.4935,61.7687],[21.4847,61.7803]]],[[[11.3591,54.9671],[11.3713,54.9587],[11.3579,54.9557],[11.3591,54.9671]]],[[[22.9745,65.6427],[22.9653,65.6531],[22.9759,65.6557],[22.9745,65.6427]]],[[[28.5817,60.6669],[28.6145,60.6721],[28.6047,60.6635],[28.5817,60.6669]]],[[[18.6775,59.5683],[18.6899,59.5665],[18.6709,59.5591],[18.6775,59.5683]]],[[[23.2723,65.7653],[23.2797,65.7527],[23.2703,65.7523],[23.2723,65.7653]]],[[[24.2083,60.0057],[24.1997,60.0087],[24.2367,60.0181],[24.2083,60.0057]]],[[[10.0945,59.0079],[10.0941,59.0111],[10.1115,59.0173],[10.0945,59.0079]]],[[[11.6833,57.8617],[11.6807,57.8635],[11.6909,57.8771],[11.6833,57.8617]]],[[[12.2057,45.3415],[12.2273,45.3345],[12.2155,45.3277],[12.2057,45.3415]]],[[[23.7303,40.0717],[23.7427,40.0651],[23.7279,40.0623],[23.7303,40.0717]]],[[[22.4875,65.6377],[22.5047,65.6265],[22.4875,65.6263],[22.4875,65.6377]]],[[[22.3889,60.1131],[22.3797,60.1239],[22.3917,60.1253],[22.3889,60.1131]]],[[[20.8595,60.4141],[20.8679,60.4015],[20.8551,60.3995],[20.8595,60.4141]]],[[[11.0181,54.8407],[11.0193,54.8515],[11.0273,54.8481],[11.0181,54.8407]]],[[[11.4911,58.2051],[11.5063,58.1989],[11.4897,58.1921],[11.4911,58.2051]]],[[[10.4679,59.0621],[10.4613,59.0815],[10.4745,59.0795],[10.4679,59.0621]]],[[[21.1629,60.3339],[21.1731,60.3181],[21.1691,60.3159],[21.1629,60.3339]]],[[[22.5883,58.2069],[22.6003,58.2007],[22.5863,58.1923],[22.5883,58.2069]]],[[[30.4089,36.1675],[30.4061,36.1653],[30.4089,36.1833],[30.4089,36.1675]]],[[[28.9079,36.6627],[28.9083,36.6555],[28.9045,36.6559],[28.9079,36.6627]]],[[[20.8283,60.2375],[20.8453,60.2293],[20.8309,60.2219],[20.8283,60.2375]]],[[[24.2875,65.6855],[24.2673,65.6969],[24.2829,65.6977],[24.2875,65.6855]]],[[[18.7445,59.2621],[18.7291,59.2577],[18.7275,59.2619],[18.7445,59.2621]]],[[[11.2477,58.5937],[11.2369,58.6033],[11.2571,58.6031],[11.2477,58.5937]]],[[[16.8721,58.4029],[16.9031,58.4061],[16.9003,58.4053],[16.8721,58.4029]]],[[[10.6847,55.9247],[10.6961,55.9015],[10.6825,55.9101],[10.6847,55.9247]]],[[[17.6733,60.6177],[17.6483,60.6279],[17.6625,60.6309],[17.6733,60.6177]]],[[[21.7039,60.1273],[21.7307,60.1241],[21.7253,60.1211],[21.7039,60.1273]]],[[[11.7389,57.7871],[11.7305,57.7905],[11.7417,57.7975],[11.7389,57.7871]]],[[[24.8867,65.6195],[24.8733,65.6235],[24.8861,65.6375],[24.8867,65.6195]]],[[[17.0627,58.6699],[17.0781,58.6647],[17.0631,58.6563],[17.0627,58.6699]]],[[[22.5411,59.9037],[22.5663,59.9071],[22.5629,59.9033],[22.5411,59.9037]]],[[[20.0429,60.0083],[20.0435,60.0175],[20.0585,60.0197],[20.0429,60.0083]]],[[[23.8567,65.7651],[23.8397,65.7693],[23.8479,65.7787],[23.8567,65.7651]]],[[[6.5135,58.2219],[6.5021,58.2267],[6.5295,58.2291],[6.5135,58.2219]]],[[[17.6579,59.0413],[17.6555,59.0201],[17.6423,59.0275],[17.6579,59.0413]]],[[[21.0851,60.1347],[21.0799,60.1459],[21.0899,60.1501],[21.0851,60.1347]]],[[[21.1871,62.3311],[21.2051,62.3481],[21.2095,62.3461],[21.1871,62.3311]]],[[[17.3221,58.7431],[17.3301,58.7335],[17.3211,58.7323],[17.3221,58.7431]]],[[[21.2029,60.4029],[21.2103,60.4129],[21.2195,60.4087],[21.2029,60.4029]]],[[[17.4955,61.9601],[17.4975,61.9531],[17.4859,61.9469],[17.4955,61.9601]]],[[[16.6847,57.6773],[16.7009,57.6721],[16.6883,57.6677],[16.6847,57.6773]]],[[[21.8393,60.1193],[21.8711,60.1291],[21.8687,60.1257],[21.8393,60.1193]]],[[[22.9807,59.8871],[22.9589,59.8937],[22.9709,59.8977],[22.9807,59.8871]]],[[[7.7377,58.0077],[7.7195,58.0143],[7.7405,58.0193],[7.7377,58.0077]]],[[[11.1855,55.2371],[11.1749,55.2495],[11.1949,55.2415],[11.1855,55.2371]]],[[[24.1331,65.7157],[24.1631,65.7161],[24.1633,65.7099],[24.1331,65.7157]]],[[[8.2221,40.9693],[8.2203,40.9857],[8.2271,40.9793],[8.2221,40.9693]]],[[[18.6833,59.2673],[18.6801,59.2689],[18.7101,59.2811],[18.6833,59.2673]]],[[[26.7083,38.7015],[26.7251,38.6919],[26.7223,38.6881],[26.7083,38.7015]]],[[[18.4453,60.2361],[18.4683,60.2275],[18.4631,60.2227],[18.4453,60.2361]]],[[[21.6829,60.4455],[21.7073,60.4481],[21.6949,60.4407],[21.6829,60.4455]]],[[[21.7419,60.5873],[21.7633,60.5867],[21.7561,60.5753],[21.7419,60.5873]]],[[[25.2979,65.3513],[25.2937,65.3631],[25.3035,65.3625],[25.2979,65.3513]]],[[[8.3149,55.5227],[8.3327,55.5077],[8.3121,55.5151],[8.3149,55.5227]]],[[[7.0223,58.0259],[7.0257,58.0189],[7.0081,58.0187],[7.0223,58.0259]]],[[[21.4933,60.1847],[21.5159,60.1853],[21.5069,60.1777],[21.4933,60.1847]]],[[[18.8243,63.2695],[18.8407,63.2601],[18.8199,63.2587],[18.8243,63.2695]]],[[[16.6785,57.4229],[16.7063,57.4269],[16.7037,57.4247],[16.6785,57.4229]]],[[[21.7807,58.3431],[21.8015,58.3347],[21.7999,58.3311],[21.7807,58.3431]]],[[[21.8505,60.1345],[21.8255,60.1227],[21.8261,60.1331],[21.8505,60.1345]]],[[[21.7817,60.3461],[21.8077,60.3425],[21.8073,60.3399],[21.7817,60.3461]]],[[[19.6867,60.1689],[19.6931,60.1775],[19.6999,60.1695],[19.6867,60.1689]]],[[[16.4883,57.1747],[16.4825,57.1847],[16.5009,57.1889],[16.4883,57.1747]]],[[[9.7391,59.0575],[9.7451,59.0487],[9.7323,59.0487],[9.7391,59.0575]]],[[[15.4497,43.7315],[15.4599,43.7187],[15.4537,43.7193],[15.4497,43.7315]]],[[[22.1919,59.8491],[22.2207,59.8631],[22.2119,59.8527],[22.1919,59.8491]]],[[[21.8193,63.4227],[21.7919,63.4085],[21.8065,63.4225],[21.8193,63.4227]]],[[[22.3281,59.8561],[22.3171,59.8633],[22.3285,59.8649],[22.3281,59.8561]]],[[[21.7803,60.0361],[21.7859,60.0267],[21.7677,60.0273],[21.7803,60.0361]]],[[[16.3503,58.6191],[16.3429,58.6307],[16.3711,58.6259],[16.3503,58.6191]]],[[[24.1511,65.8027],[24.1589,65.7925],[24.1355,65.7907],[24.1511,65.8027]]],[[[16.6917,57.5407],[16.7037,57.5465],[16.7071,57.5433],[16.6917,57.5407]]],[[[20.5207,60.0719],[20.5547,60.0717],[20.5527,60.0665],[20.5207,60.0719]]],[[[28.7013,60.7371],[28.7105,60.7345],[28.7001,60.7247],[28.7013,60.7371]]],[[[24.1173,65.6997],[24.0785,65.7103],[24.1139,65.7095],[24.1173,65.6997]]],[[[25.3821,59.5221],[25.3893,59.5133],[25.3773,59.5085],[25.3821,59.5221]]],[[[6.9137,58.0661],[6.9283,58.0593],[6.9095,58.0565],[6.9137,58.0661]]],[[[21.3043,60.2965],[21.3091,60.2865],[21.3025,60.2863],[21.3043,60.2965]]],[[[5.8719,58.4263],[5.8667,58.4285],[5.8875,58.4433],[5.8719,58.4263]]],[[[25.9561,60.2439],[25.9365,60.2471],[25.9659,60.2521],[25.9561,60.2439]]],[[[19.0119,59.7863],[19.0071,59.7911],[19.0291,59.7975],[19.0119,59.7863]]],[[[21.2393,62.9927],[21.2511,62.9865],[21.2415,62.9827],[21.2393,62.9927]]],[[[23.3831,58.9401],[23.3945,58.9545],[23.3973,58.9527],[23.3831,58.9401]]],[[[18.5593,59.0333],[18.5769,59.0235],[18.5617,59.0237],[18.5593,59.0333]]],[[[18.6339,59.4707],[18.6301,59.4721],[18.6711,59.4757],[18.6339,59.4707]]],[[[26.5991,60.3617],[26.5909,60.3619],[26.5997,60.3743],[26.5991,60.3617]]],[[[16.8633,58.2511],[16.8761,58.2385],[16.8601,58.2367],[16.8633,58.2511]]],[[[5.2479,61.5685],[5.2535,61.5641],[5.2479,61.5629],[5.2479,61.5685]]],[[[22.0843,59.8539],[22.0753,59.8575],[22.1059,59.8639],[22.0843,59.8539]]],[[[23.8311,59.9297],[23.8445,59.9251],[23.8327,59.9227],[23.8311,59.9297]]],[[[8.7339,58.4067],[8.7291,58.4121],[8.7367,58.4181],[8.7339,58.4067]]],[[[18.5471,59.0935],[18.5455,59.0963],[18.5685,59.1059],[18.5471,59.0935]]],[[[7.1869,58.0417],[7.1909,58.0329],[7.1741,58.0287],[7.1869,58.0417]]],[[[18.7291,59.4267],[18.7495,59.4189],[18.7279,59.4175],[18.7291,59.4267]]],[[[16.8711,58.4107],[16.8657,58.4127],[16.8793,58.4203],[16.8711,58.4107]]],[[[17.5049,58.8385],[17.5061,58.8475],[17.5215,58.8427],[17.5049,58.8385]]],[[[22.2917,59.9581],[22.3053,59.9551],[22.2889,59.9493],[22.2917,59.9581]]],[[[23.6611,64.1951],[23.6817,64.1735],[23.6679,64.1789],[23.6611,64.1951]]],[[[22.1575,60.1501],[22.1923,60.1529],[22.1577,60.1429],[22.1575,60.1501]]],[[[22.2701,63.4059],[22.2679,63.4007],[22.2621,63.4011],[22.2701,63.4059]]],[[[-8.8324,43.3613],[-8.8324,43.3526],[-8.8468,43.356],[-8.8324,43.3613]]],[[[27.3777,36.9975],[27.3829,37.0055],[27.3883,37.0037],[27.3777,36.9975]]],[[[9.4683,58.8503],[9.4953,58.8415],[9.4925,58.8391],[9.4683,58.8503]]],[[[18.9895,57.7587],[18.9971,57.7601],[18.9883,57.7437],[18.9895,57.7587]]],[[[29.3565,36.2173],[29.3711,36.2177],[29.3531,36.2079],[29.3565,36.2173]]],[[[5.9425,59.1739],[5.9507,59.1617],[5.9395,59.1615],[5.9425,59.1739]]],[[[22.3863,60.2317],[22.3713,60.2353],[22.3939,60.2413],[22.3863,60.2317]]],[[[26.4753,38.3999],[26.4715,38.3909],[26.4685,38.3911],[26.4753,38.3999]]],[[[11.1051,58.9679],[11.1143,58.9511],[11.1047,58.9549],[11.1051,58.9679]]],[[[18.5191,60.2849],[18.5325,60.2829],[18.5263,60.2753],[18.5191,60.2849]]],[[[21.8817,63.2931],[21.8967,63.2889],[21.8939,63.2817],[21.8817,63.2931]]],[[[12.2425,45.3789],[12.2375,45.3763],[12.2291,45.3827],[12.2425,45.3789]]],[[[8.2807,56.0001],[8.2909,56.0001],[8.2799,55.9817],[8.2807,56.0001]]],[[[14.3815,53.8539],[14.3761,53.8575],[14.4001,53.8641],[14.3815,53.8539]]],[[[21.6849,60.4143],[21.6973,60.4045],[21.6895,60.3995],[21.6849,60.4143]]],[[[10.5389,59.8551],[10.5367,59.8577],[10.5573,59.8679],[10.5389,59.8551]]],[[[18.4029,59.2453],[18.4067,59.2507],[18.4219,59.2415],[18.4029,59.2453]]],[[[20.9223,60.3681],[20.9167,60.3735],[20.9247,60.3809],[20.9223,60.3681]]],[[[18.4135,59.4187],[18.4211,59.4141],[18.4175,59.4129],[18.4135,59.4187]]],[[[21.5467,60.4455],[21.5731,60.4373],[21.5719,60.4331],[21.5467,60.4455]]],[[[26.6551,60.3803],[26.6593,60.3777],[26.6271,60.3697],[26.6551,60.3803]]],[[[21.3245,60.8165],[21.3355,60.8291],[21.3397,60.8255],[21.3245,60.8165]]],[[[25.2347,60.2549],[25.2409,60.2505],[25.2387,60.2463],[25.2347,60.2549]]],[[[22.0027,63.2643],[21.9971,63.2697],[22.0169,63.2737],[22.0027,63.2643]]],[[[9.8043,59.0057],[9.8179,58.9997],[9.8031,58.9941],[9.8043,59.0057]]],[[[31.7403,46.2819],[31.7273,46.2815],[31.7269,46.2887],[31.7403,46.2819]]],[[[49.4379,39.8245],[49.4401,39.8181],[49.4277,39.8229],[49.4379,39.8245]]],[[[21.9867,60.2067],[21.9813,60.2125],[22.0047,60.2133],[21.9867,60.2067]]],[[[22.3755,65.6121],[22.3851,65.5987],[22.3819,65.5959],[22.3755,65.6121]]],[[[26.6931,60.3919],[26.6815,60.4001],[26.6909,60.4065],[26.6931,60.3919]]],[[[22.4971,59.8521],[22.4915,59.8575],[22.5179,59.8575],[22.4971,59.8521]]],[[[27.6023,36.9713],[27.5877,36.9827],[27.5983,36.9831],[27.6023,36.9713]]],[[[12.7257,54.4061],[12.7209,54.4081],[12.7417,54.4131],[12.7257,54.4061]]],[[[21.4409,61.8417],[21.4359,61.8483],[21.4485,61.8511],[21.4409,61.8417]]],[[[20.2751,60.2657],[20.2857,60.2555],[20.2733,60.2537],[20.2751,60.2657]]],[[[21.6721,60.5037],[21.6821,60.4939],[21.6779,60.4903],[21.6721,60.5037]]],[[[20.3059,60.2577],[20.3077,60.2409],[20.2951,60.2453],[20.3059,60.2577]]],[[[11.9589,57.3453],[11.9761,57.3407],[11.9683,57.3359],[11.9589,57.3453]]],[[[28.2607,36.8127],[28.2603,36.8005],[28.2527,36.8075],[28.2607,36.8127]]],[[[21.5543,65.0357],[21.5281,65.0431],[21.5377,65.0475],[21.5543,65.0357]]],[[[29.6087,44.8293],[29.6209,44.8481],[29.6205,44.8395],[29.6087,44.8293]]],[[[21.2129,60.9367],[21.2059,60.9451],[21.2249,60.9451],[21.2129,60.9367]]],[[[28.6433,60.5379],[28.6487,60.5287],[28.6485,60.5247],[28.6433,60.5379]]],[[[20.8985,60.5341],[20.9019,60.5317],[20.8901,60.5249],[20.8985,60.5341]]],[[[19.3233,60.2169],[19.3399,60.2131],[19.3281,60.2125],[19.3233,60.2169]]],[[[18.5579,60.2685],[18.5457,60.2757],[18.5473,60.2807],[18.5579,60.2685]]],[[[10.8005,56.1229],[10.7977,56.1255],[10.8197,56.1293],[10.8005,56.1229]]],[[[21.8861,60.3289],[21.9103,60.3231],[21.8803,60.3225],[21.8861,60.3289]]],[[[23.2929,63.9479],[23.3101,63.9453],[23.2985,63.9349],[23.2929,63.9479]]],[[[22.9599,38.1833],[22.9735,38.1833],[22.9565,38.1765],[22.9599,38.1833]]],[[[18.8523,42.2675],[18.8587,42.2589],[18.8511,42.2579],[18.8523,42.2675]]],[[[9.2561,41.3781],[9.2679,41.3771],[9.2619,41.3679],[9.2561,41.3781]]],[[[21.8903,60.2867],[21.9129,60.2759],[21.8905,60.2771],[21.8903,60.2867]]],[[[19.9693,60.3811],[19.9891,60.3773],[19.9747,60.3723],[19.9693,60.3811]]],[[[10.4835,54.9569],[10.4723,54.9641],[10.4971,54.9671],[10.4835,54.9569]]],[[[11.1615,58.9219],[11.1805,58.9135],[11.1593,58.9119],[11.1615,58.9219]]],[[[23.2833,58.4303],[23.2967,58.4327],[23.2841,58.4247],[23.2833,58.4303]]],[[[27.5109,36.6633],[27.5173,36.6639],[27.5155,36.6509],[27.5109,36.6633]]],[[[18.7407,63.0889],[18.7411,63.0665],[18.7335,63.0723],[18.7407,63.0889]]],[[[21.5395,60.0937],[21.5329,60.0991],[21.5457,60.1035],[21.5395,60.0937]]],[[[23.0489,58.7831],[23.0615,58.7815],[23.0571,58.7739],[23.0489,58.7831]]],[[[26.8311,38.5647],[26.8293,38.5791],[26.8363,38.5879],[26.8311,38.5647]]],[[[11.9999,54.9539],[11.9999,54.9413],[11.9855,54.9497],[11.9999,54.9539]]],[[[11.7903,58.2859],[11.7827,58.2923],[11.7991,58.2959],[11.7903,58.2859]]],[[[22.4039,65.7909],[22.3887,65.8039],[22.4089,65.7979],[22.4039,65.7909]]],[[[25.3075,60.2485],[25.3317,60.2463],[25.3179,60.2401],[25.3075,60.2485]]],[[[20.5205,60.0939],[20.5443,60.0865],[20.5287,60.0867],[20.5205,60.0939]]],[[[22.0739,65.4967],[22.0951,65.4829],[22.0911,65.4819],[22.0739,65.4967]]],[[[22.3353,59.8443],[22.3231,59.8489],[22.3309,59.8533],[22.3353,59.8443]]],[[[26.6255,60.2907],[26.6525,60.3009],[26.6367,60.2903],[26.6255,60.2907]]],[[[25.3113,65.0035],[25.3223,64.9985],[25.2853,65.0023],[25.3113,65.0035]]],[[[20.4767,60.1267],[20.5041,60.1269],[20.4789,60.1185],[20.4767,60.1267]]],[[[27.5681,60.4305],[27.5489,60.4335],[27.5641,60.4401],[27.5681,60.4305]]],[[[11.4757,54.9123],[11.5077,54.9115],[11.4827,54.9047],[11.4757,54.9123]]],[[[11.2297,58.3713],[11.2391,58.3597],[11.2313,58.3559],[11.2297,58.3713]]],[[[27.3733,37.1625],[27.3653,37.1725],[27.3765,37.1693],[27.3733,37.1625]]],[[[25.4467,60.1709],[25.4575,60.1627],[25.4391,60.1647],[25.4467,60.1709]]],[[[21.0759,60.2671],[21.0627,60.2797],[21.0745,60.2803],[21.0759,60.2671]]],[[[21.8297,60.3203],[21.8059,60.3253],[21.8173,60.3277],[21.8297,60.3203]]],[[[25.8923,60.2385],[25.9271,60.2433],[25.9129,60.2393],[25.8923,60.2385]]],[[[23.4547,65.7885],[23.4381,65.7927],[23.4507,65.8027],[23.4547,65.7885]]],[[[22.9743,59.9135],[22.9831,59.9119],[22.9739,59.9043],[22.9743,59.9135]]],[[[16.7449,57.9753],[16.7387,57.9767],[16.7539,57.9887],[16.7449,57.9753]]],[[[25.8511,60.2627],[25.8619,60.2493],[25.8491,60.2491],[25.8511,60.2627]]],[[[11.2087,58.6827],[11.2131,58.6749],[11.2029,58.6667],[11.2087,58.6827]]],[[[19.5305,63.4541],[19.5387,63.4485],[19.5291,63.4397],[19.5305,63.4541]]],[[[11.9353,57.3699],[11.9303,57.3711],[11.9445,57.3807],[11.9353,57.3699]]],[[[16.5699,57.1271],[16.5849,57.1179],[16.5767,57.1161],[16.5699,57.1271]]],[[[19.7731,60.3579],[19.7879,60.3559],[19.7805,60.3503],[19.7731,60.3579]]],[[[11.6115,58.2423],[11.6085,58.2447],[11.6165,58.2567],[11.6115,58.2423]]],[[[18.7719,63.1333],[18.7823,63.1291],[18.7749,63.1199],[18.7719,63.1333]]],[[[25.2261,60.2127],[25.2227,60.2189],[25.2535,60.2183],[25.2261,60.2127]]],[[[21.0723,60.3843],[21.0863,60.3957],[21.0879,60.3929],[21.0723,60.3843]]],[[[24.6071,60.0655],[24.6321,60.0685],[24.6183,60.0625],[24.6071,60.0655]]],[[[13.1127,54.3099],[13.1143,54.3137],[13.1297,54.3091],[13.1127,54.3099]]],[[[28.4565,60.6193],[28.4629,60.6147],[28.4517,60.6113],[28.4565,60.6193]]],[[[21.5735,60.0919],[21.5605,60.0921],[21.5805,60.1009],[21.5735,60.0919]]],[[[22.2149,60.1335],[22.2111,60.1347],[22.2427,60.1415],[22.2149,60.1335]]],[[[16.8821,58.3643],[16.8919,58.3757],[16.8943,58.3671],[16.8821,58.3643]]],[[[25.3481,60.1761],[25.3595,60.1709],[25.3399,60.1701],[25.3481,60.1761]]],[[[27.0911,60.4981],[27.0831,60.4985],[27.0959,60.5085],[27.0911,60.4981]]],[[[21.2291,60.3037],[21.2255,60.3155],[21.2413,60.3097],[21.2291,60.3037]]],[[[18.9131,59.6923],[18.9261,59.6859],[18.8949,59.6881],[18.9131,59.6923]]],[[[10.3545,59.1149],[10.3647,59.1235],[10.3685,59.1167],[10.3545,59.1149]]],[[[31.6791,46.2607],[31.6761,46.2631],[31.6949,46.2729],[31.6791,46.2607]]],[[[20.7167,60.2527],[20.7273,60.2429],[20.7141,60.2379],[20.7167,60.2527]]],[[[23.1799,58.7593],[23.1915,58.7549],[23.1909,58.7525],[23.1799,58.7593]]],[[[18.1851,59.0427],[18.2031,59.0367],[18.1867,59.0351],[18.1851,59.0427]]],[[[21.1761,60.9453],[21.1665,60.9545],[21.1799,60.9541],[21.1761,60.9453]]],[[[11.3837,58.2337],[11.3799,58.2405],[11.3911,58.2433],[11.3837,58.2337]]],[[[23.0685,39.0113],[23.0617,39.0135],[23.0779,39.0187],[23.0685,39.0113]]],[[[28.4299,36.7765],[28.4387,36.7823],[28.4427,36.7765],[28.4299,36.7765]]],[[[21.2797,60.2285],[21.3029,60.2275],[21.2907,60.2191],[21.2797,60.2285]]],[[[15.7741,56.0461],[15.7713,56.0525],[15.7835,56.0589],[15.7741,56.0461]]],[[[17.9763,58.9529],[17.9753,58.9567],[17.9937,58.9621],[17.9763,58.9529]]],[[[24.6633,60.0967],[24.6609,60.0985],[24.6841,60.1065],[24.6633,60.0967]]],[[[22.1387,63.4671],[22.1423,63.4617],[22.1355,63.4557],[22.1387,63.4671]]],[[[19.9521,60.0555],[19.9771,60.0523],[19.9599,60.0487],[19.9521,60.0555]]],[[[10.3257,59.5157],[10.3171,59.5331],[10.3257,59.5311],[10.3257,59.5157]]],[[[25.1371,41.0081],[25.1515,41.0031],[25.1495,40.9999],[25.1371,41.0081]]],[[[24.5953,65.6393],[24.6039,65.6277],[24.6005,65.6271],[24.5953,65.6393]]],[[[22.7315,65.8143],[22.7603,65.7985],[22.7491,65.7997],[22.7315,65.8143]]],[[[27.7377,60.4547],[27.7239,60.4647],[27.7445,60.4669],[27.7377,60.4547]]],[[[9.5817,58.8961],[9.5995,58.9019],[9.5873,58.8911],[9.5817,58.8961]]],[[[28.0703,40.4723],[28.0811,40.4681],[28.0759,40.4625],[28.0703,40.4723]]],[[[18.7007,59.1493],[18.7137,59.1455],[18.6933,59.1361],[18.7007,59.1493]]],[[[15.5471,43.8627],[15.5473,43.8557],[15.5437,43.8555],[15.5471,43.8627]]],[[[9.7503,59.0417],[9.7605,59.0321],[9.7543,59.0275],[9.7503,59.0417]]],[[[28.4447,60.5601],[28.4297,60.5691],[28.4547,60.5667],[28.4447,60.5601]]],[[[25.0853,59.6025],[25.0879,59.6089],[25.1083,59.5967],[25.0853,59.6025]]],[[[22.1255,60.3823],[22.1179,60.3853],[22.1509,60.3895],[22.1255,60.3823]]],[[[21.3583,60.1729],[21.3385,60.1771],[21.3589,60.1813],[21.3583,60.1729]]],[[[27.5395,60.4553],[27.5553,60.4499],[27.5405,60.4473],[27.5395,60.4553]]],[[[16.7529,57.8613],[16.7579,57.8579],[16.7383,57.8575],[16.7529,57.8613]]],[[[10.3799,59.4995],[10.4017,59.4847],[10.3967,59.4843],[10.3799,59.4995]]],[[[21.9437,60.1383],[21.9377,60.1405],[21.9539,60.1489],[21.9437,60.1383]]],[[[23.7803,58.3467],[23.7891,58.3311],[23.7831,58.3335],[23.7803,58.3467]]],[[[22.7797,63.9055],[22.7841,63.8963],[22.7797,63.8955],[22.7797,63.9055]]],[[[16.0691,56.2699],[16.0747,56.2595],[16.0719,56.2563],[16.0691,56.2699]]],[[[18.2769,62.8977],[18.2787,62.8861],[18.2697,62.8821],[18.2769,62.8977]]],[[[21.3591,60.7989],[21.3643,60.7893],[21.3583,60.7903],[21.3591,60.7989]]],[[[21.8007,60.4663],[21.8153,60.4769],[21.8185,60.4745],[21.8007,60.4663]]],[[[18.9627,59.3755],[18.9675,59.3729],[18.9561,59.3609],[18.9627,59.3755]]],[[[11.3877,58.2995],[11.3911,58.2917],[11.3879,58.2885],[11.3877,58.2995]]],[[[18.9759,59.2913],[18.9871,59.2877],[18.9591,59.2853],[18.9759,59.2913]]],[[[21.2429,64.8895],[21.2605,64.8821],[21.2553,64.8783],[21.2429,64.8895]]],[[[21.8235,63.2973],[21.8341,63.2885],[21.8311,63.2845],[21.8235,63.2973]]],[[[16.8315,58.4217],[16.8475,58.4189],[16.8401,58.4111],[16.8315,58.4217]]],[[[22.9047,59.8935],[22.8967,59.8979],[22.9117,59.9017],[22.9047,59.8935]]],[[[-1.1169,45.9543],[-1.1197,45.9613],[-1.1081,45.9595],[-1.1169,45.9543]]],[[[21.7727,60.1197],[21.7893,60.1159],[21.7685,60.1135],[21.7727,60.1197]]],[[[23.4023,58.8417],[23.4163,58.8383],[23.4143,58.8317],[23.4023,58.8417]]],[[[12.3479,45.4531],[12.3467,45.4621],[12.3605,45.4581],[12.3479,45.4531]]],[[[21.3681,63.0509],[21.3619,63.0577],[21.3867,63.0579],[21.3681,63.0509]]],[[[22.3917,59.9687],[22.3885,59.9797],[22.4037,59.9745],[22.3917,59.9687]]],[[[22.4989,60.2405],[22.4979,60.2447],[22.5153,60.2459],[22.4989,60.2405]]],[[[21.8319,60.3759],[21.8569,60.3713],[21.8401,60.3697],[21.8319,60.3759]]],[[[11.3065,54.9615],[11.3047,54.9691],[11.3201,54.9661],[11.3065,54.9615]]],[[[3.9215,51.7411],[3.9349,51.7345],[3.9231,51.7337],[3.9215,51.7411]]],[[[11.1293,59.1345],[11.1209,59.1399],[11.1325,59.1477],[11.1293,59.1345]]],[[[20.5845,60.0837],[20.6085,60.0753],[20.5887,60.0755],[20.5845,60.0837]]],[[[21.7915,60.0971],[21.7839,60.1001],[21.8105,60.0997],[21.7915,60.0971]]],[[[11.3719,55.1843],[11.3575,55.1913],[11.3813,55.1883],[11.3719,55.1843]]],[[[18.4897,59.0635],[18.4965,59.0745],[18.5013,59.0675],[18.4897,59.0635]]],[[[49.0289,39.1961],[49.0303,39.1849],[49.0271,39.1857],[49.0289,39.1961]]],[[[21.3745,60.0709],[21.3619,60.0777],[21.3769,60.0795],[21.3745,60.0709]]],[[[15.1721,56.1423],[15.1847,56.1383],[15.1757,56.1343],[15.1721,56.1423]]],[[[27.0743,60.4243],[27.0893,60.4165],[27.0815,60.4133],[27.0743,60.4243]]],[[[20.8315,60.0429],[20.8417,60.0351],[20.8343,60.0317],[20.8315,60.0429]]],[[[22.0967,63.4397],[22.1015,63.4379],[22.0941,63.4263],[22.0967,63.4397]]],[[[10.9615,59.1333],[10.9527,59.1239],[10.9481,59.1289],[10.9615,59.1333]]],[[[22.9257,60.0643],[22.9095,60.0701],[22.9311,60.0705],[22.9257,60.0643]]],[[[15.4207,56.1235],[15.4147,56.1293],[15.4293,56.1305],[15.4207,56.1235]]],[[[21.3925,63.0751],[21.3861,63.0809],[21.3943,63.0871],[21.4079,63.0825],[21.3925,63.0751]]],[[[21.6941,60.2713],[21.6903,60.2739],[21.6969,60.2789],[21.6941,60.2713]]],[[[21.4807,60.3027],[21.4679,60.3055],[21.4837,60.3121],[21.4807,60.3027]]],[[[22.8613,65.7099],[22.8463,65.7199],[22.8547,65.7219],[22.8613,65.7099]]],[[[12.2137,45.2905],[12.2141,45.2817],[12.2055,45.2849],[12.2137,45.2905]]],[[[21.4301,60.3193],[21.4391,60.3163],[21.4355,60.3045],[21.4301,60.3193]]],[[[24.7061,40.8351],[24.7053,40.8373],[24.7173,40.8373],[24.7061,40.8351]]],[[[21.8871,60.1431],[21.9033,60.1435],[21.8791,60.1341],[21.8871,60.1431]]],[[[15.4729,43.7359],[15.4779,43.7267],[15.4697,43.7251],[15.4729,43.7359]]],[[[11.6921,57.8223],[11.6811,57.8249],[11.7045,57.8253],[11.6921,57.8223]]],[[[25.2855,60.2383],[25.3061,60.2319],[25.2935,60.2263],[25.2855,60.2383]]],[[[21.5157,61.3837],[21.5087,61.3897],[21.5219,61.3931],[21.5157,61.3837]]],[[[21.4817,60.2657],[21.4845,60.2735],[21.4931,60.2753],[21.4817,60.2657]]],[[[21.7307,60.2069],[21.7253,60.2141],[21.7431,60.2143],[21.7307,60.2069]]],[[[18.1161,42.6211],[18.1125,42.6323],[18.1159,42.6331],[18.1161,42.6211]]],[[[14.2609,53.7085],[14.2709,53.7055],[14.2533,53.7001],[14.2609,53.7085]]],[[[12.3447,45.4297],[12.3467,45.4271],[12.3347,45.4213],[12.3447,45.4297]]],[[[18.6921,59.5909],[18.7085,59.6009],[18.7063,59.5913],[18.6921,59.5909]]],[[[19.6073,60.4203],[19.6127,60.4203],[19.6129,60.4119],[19.6073,60.4203]]],[[[21.1515,60.3441],[21.1487,60.3463],[21.1597,60.3543],[21.1515,60.3441]]],[[[20.5075,60.1421],[20.5279,60.1519],[20.5175,60.1439],[20.5075,60.1421]]],[[[11.6171,57.9351],[11.6295,57.9333],[11.6175,57.9267],[11.6171,57.9351]]],[[[23.5273,64.0881],[23.5353,64.0809],[23.5239,64.0787],[23.5273,64.0881]]],[[[10.4961,54.8895],[10.5127,54.8847],[10.4797,54.8873],[10.4961,54.8895]]],[[[22.9945,60.1013],[22.9911,60.1025],[23.0023,60.1111],[22.9945,60.1013]]],[[[7.0015,58.0567],[6.9901,58.0577],[6.9953,58.0643],[7.0015,58.0567]]],[[[13.2789,45.7281],[13.2811,45.7379],[13.2891,45.7303],[13.2789,45.7281]]],[[[19.0295,59.6801],[19.0233,59.6855],[19.0445,59.6897],[19.0295,59.6801]]],[[[9.8823,55.2441],[9.8695,55.2543],[9.8915,55.2507],[9.8823,55.2441]]],[[[20.9495,60.3553],[20.9507,60.3527],[20.9419,60.3471],[20.9495,60.3553]]],[[[17.4573,62.5209],[17.4533,62.5377],[17.4579,62.5361],[17.4573,62.5209]]],[[[23.8639,59.9291],[23.8741,59.9261],[23.8555,59.9203],[23.8639,59.9291]]],[[[18.6443,63.1185],[18.6437,63.1375],[18.6517,63.1237],[18.6443,63.1185]]],[[[17.4553,60.7515],[17.4617,60.7455],[17.4477,60.7407],[17.4553,60.7515]]],[[[21.6245,60.4809],[21.6187,60.4849],[21.6275,60.4931],[21.6245,60.4809]]],[[[25.1995,65.2571],[25.2001,65.2623],[25.2217,65.2633],[25.1995,65.2571]]],[[[12.1875,45.3121],[12.1919,45.3009],[12.1861,45.3017],[12.1875,45.3121]]],[[[27.0739,60.4407],[27.0829,60.4273],[27.0727,60.4279],[27.0739,60.4407]]],[[[21.9147,60.2273],[21.9245,60.2347],[21.9335,60.2279],[21.9147,60.2273]]],[[[21.2425,60.0709],[21.2621,60.0797],[21.2503,60.0689],[21.2425,60.0709]]],[[[22.7267,65.8529],[22.7445,65.8583],[22.7607,65.8529],[22.7267,65.8529]]],[[[17.3827,61.6107],[17.3727,61.6193],[17.3907,61.6175],[17.3827,61.6107]]],[[[21.4117,62.9927],[21.3973,62.9969],[21.4241,62.9973],[21.4117,62.9927]]],[[[21.1283,60.1707],[21.1337,60.1651],[21.1209,60.1655],[21.1283,60.1707]]],[[[20.3639,60.1935],[20.3759,60.1885],[20.3613,60.1797],[20.3639,60.1935]]],[[[21.0971,63.2705],[21.1097,63.2639],[21.0909,63.2629],[21.0971,63.2705]]],[[[20.3201,60.2503],[20.3227,60.2565],[20.3283,60.2677],[20.3201,60.2503]]],[[[23.8841,59.9361],[23.8931,59.9301],[23.8877,59.9247],[23.8841,59.9361]]],[[[13.4313,45.6975],[13.4285,45.7117],[13.4379,45.7083],[13.4313,45.6975]]],[[[11.6369,57.9443],[11.6635,57.9405],[11.6485,57.9383],[11.6369,57.9443]]],[[[17.4769,58.7713],[17.4825,58.7773],[17.4917,58.7753],[17.4769,58.7713]]],[[[23.6347,64.1589],[23.6519,64.1455],[23.6323,64.1527],[23.6347,64.1589]]],[[[22.4189,59.8411],[22.4301,59.8375],[22.4277,59.8325],[22.4189,59.8411]]],[[[18.7799,59.5623],[18.7679,59.5655],[18.7705,59.5685],[18.7799,59.5623]]],[[[26.2809,38.4959],[26.2933,38.4925],[26.2915,38.4893],[26.2809,38.4959]]],[[[11.8059,57.6227],[11.7991,57.6271],[11.8107,57.6357],[11.8059,57.6227]]],[[[16.9779,58.2703],[16.9733,58.2735],[16.9855,58.2811],[16.9779,58.2703]]],[[[16.7031,57.5529],[16.7015,57.5557],[16.7117,57.5613],[16.7031,57.5529]]],[[[12.5485,45.5545],[12.5605,45.5509],[12.5607,45.5489],[12.5485,45.5545]]],[[[21.9135,60.1159],[21.9081,60.1183],[21.9167,60.1253],[21.9135,60.1159]]],[[[21.2955,62.1167],[21.2945,62.1317],[21.2987,62.1327],[21.2955,62.1167]]],[[[13.7453,44.9447],[13.7499,44.9371],[13.7487,44.9353],[13.7453,44.9447]]],[[[26.3637,60.3659],[26.3443,60.3697],[26.3515,60.3751],[26.3637,60.3659]]],[[[22.0415,63.3239],[22.0361,63.3295],[22.0533,63.3343],[22.0415,63.3239]]],[[[29.7765,45.4469],[29.7809,45.4513],[29.7837,45.4453],[29.7765,45.4469]]],[[[22.8413,60.0465],[22.8467,60.0441],[22.8445,60.0345],[22.8413,60.0465]]],[[[16.5721,57.3167],[16.5865,57.3077],[16.5781,57.3059],[16.5721,57.3167]]],[[[21.4361,61.2193],[21.4517,61.2095],[21.4381,61.2113],[21.4361,61.2193]]],[[[27.4891,40.6463],[27.4841,40.6531],[27.4929,40.6571],[27.4891,40.6463]]],[[[18.8651,59.2123],[18.8677,59.2025],[18.8539,59.2067],[18.8651,59.2123]]],[[[27.8505,60.5061],[27.8563,60.5023],[27.8517,60.4957],[27.8505,60.5061]]],[[[29.1507,40.8525],[29.1475,40.8585],[29.1571,40.8579],[29.1507,40.8525]]],[[[11.7711,58.0685],[11.7877,58.0633],[11.7803,58.0571],[11.7711,58.0685]]],[[[5.9859,59.1671],[5.9891,59.1637],[5.9771,59.1581],[5.9859,59.1671]]],[[[20.3015,60.1795],[20.3103,60.1675],[20.3045,60.1667],[20.3015,60.1795]]],[[[10.5089,59.1991],[10.5197,59.1919],[10.5095,59.1867],[10.5089,59.1991]]],[[[21.7295,60.1003],[21.7199,60.1037],[21.7389,60.1051],[21.7295,60.1003]]],[[[10.7423,59.2665],[10.7327,59.2663],[10.7403,59.2785],[10.7423,59.2665]]],[[[19.7187,60.2973],[19.7155,60.2907],[19.7071,60.2955],[19.7187,60.2973]]],[[[25.2087,39.8679],[25.2195,39.8729],[25.2195,39.8691],[25.2087,39.8679]]],[[[22.1749,60.1291],[22.2029,60.1333],[22.1855,60.1299],[22.1749,60.1291]]],[[[21.7345,65.1373],[21.7401,65.1299],[21.7255,65.1275],[21.7345,65.1373]]],[[[20.2625,60.4175],[20.2759,60.4257],[20.2779,60.4227],[20.2625,60.4175]]],[[[21.8811,60.0065],[21.8729,60.0101],[21.8869,60.0163],[21.8811,60.0065]]],[[[6.9991,58.0221],[6.9987,58.0135],[6.9831,58.0147],[6.9991,58.0221]]],[[[21.4667,61.6333],[21.4695,61.6299],[21.4587,61.6275],[21.4667,61.6333]]],[[[15.4701,43.7003],[15.4771,43.6921],[15.4717,43.6899],[15.4701,43.7003]]],[[[8.2097,58.1117],[8.2069,58.1133],[8.2181,58.1201],[8.2097,58.1117]]],[[[21.3331,61.8573],[21.3449,61.8509],[21.3309,61.8453],[21.3331,61.8573]]],[[[21.4223,60.6083],[21.4067,60.6157],[21.4255,60.6151],[21.4223,60.6083]]],[[[21.4105,60.3371],[21.4361,60.3335],[21.4305,60.3297],[21.4105,60.3371]]],[[[15.4221,43.8785],[15.4157,43.8871],[15.4301,43.8875],[15.4221,43.8785]]],[[[18.7011,59.1727],[18.6963,59.1757],[18.7167,59.1829],[18.7011,59.1727]]],[[[13.3543,45.6949],[13.3699,45.6827],[13.3671,45.6809],[13.3543,45.6949]]],[[[21.4895,60.1517],[21.4903,60.1547],[21.5041,60.1589],[21.4895,60.1517]]],[[[20.9871,60.3747],[20.9977,60.3663],[20.9921,60.3619],[20.9871,60.3747]]],[[[27.1451,60.2833],[27.1359,60.2855],[27.1581,60.2933],[27.1451,60.2833]]],[[[12.2295,45.4001],[12.2465,45.3929],[12.2303,45.3937],[12.2295,45.4001]]],[[[10.7687,55.9491],[10.7729,55.9455],[10.7625,55.9433],[10.7687,55.9491]]],[[[21.5887,60.3309],[21.5759,60.3401],[21.5881,60.3403],[21.5887,60.3309]]],[[[11.5851,57.8899],[11.5899,57.8859],[11.5795,57.8857],[11.5851,57.8899]]],[[[17.3681,62.4855],[17.3987,62.4895],[17.3815,62.4839],[17.3681,62.4855]]],[[[22.2927,60.3275],[22.2861,60.3273],[22.2833,60.3385],[22.2927,60.3275]]],[[[20.4335,60.3213],[20.4297,60.3257],[20.4423,60.3359],[20.4335,60.3213]]],[[[18.4261,59.1147],[18.4135,59.1179],[18.4279,59.1271],[18.4261,59.1147]]],[[[17.5611,60.6635],[17.5699,60.6607],[17.5571,60.6551],[17.5611,60.6635]]],[[[22.4481,60.3831],[22.4675,60.3933],[22.4693,60.3893],[22.4481,60.3831]]],[[[20.9919,60.6529],[21.0001,60.6567],[21.0001,60.6475],[20.9919,60.6529]]],[[[18.9849,59.3783],[18.9935,59.3743],[18.9875,59.3681],[18.9849,59.3783]]],[[[21.4471,60.2679],[21.4561,60.2639],[21.4469,60.2575],[21.4471,60.2679]]],[[[19.4813,60.2833],[19.4853,60.2701],[19.4785,60.2729],[19.4813,60.2833]]],[[[21.5239,61.7561],[21.5031,61.7671],[21.5139,61.7657],[21.5239,61.7561]]],[[[11.9189,57.5959],[11.9225,57.5905],[11.9073,57.5875],[11.9189,57.5959]]],[[[17.0287,58.2571],[17.0143,58.2493],[17.0249,58.2653],[17.0287,58.2571]]],[[[21.9615,60.0925],[21.9823,60.0879],[21.9621,60.0873],[21.9615,60.0925]]],[[[9.2535,53.8707],[9.2555,53.8683],[9.2489,53.8667],[9.2535,53.8707]]],[[[16.4995,56.9299],[16.4897,56.9347],[16.4975,56.9409],[16.4995,56.9299]]],[[[49.9803,40.2833],[49.9703,40.2899],[49.9801,40.2947],[49.9803,40.2833]]],[[[9.5395,58.8755],[9.5709,58.8821],[9.5661,58.8785],[9.5395,58.8755]]],[[[11.5675,57.9423],[11.5849,57.9341],[11.5715,57.9335],[11.5675,57.9423]]],[[[20.3035,59.9849],[20.3063,59.9783],[20.2973,59.9731],[20.3035,59.9849]]],[[[18.0757,59.0333],[18.0935,59.0367],[18.0845,59.0253],[18.0757,59.0333]]],[[[17.5955,58.8683],[17.6173,58.8639],[17.6073,58.8609],[17.5955,58.8683]]],[[[21.1635,60.3867],[21.1683,60.3767],[21.1599,60.3765],[21.1635,60.3867]]],[[[12.2361,45.3667],[12.2407,45.3545],[12.2303,45.3605],[12.2361,45.3667]]],[[[21.5585,65.3691],[21.5627,65.3639],[21.5495,65.3645],[21.5585,65.3691]]],[[[21.4101,62.9323],[21.4071,62.9421],[21.4159,62.9417],[21.4101,62.9323]]],[[[21.5687,61.6223],[21.5563,61.6243],[21.5757,61.6283],[21.5687,61.6223]]],[[[21.8321,65.2945],[21.8133,65.3021],[21.8209,65.3053],[21.8321,65.2945]]],[[[21.1789,60.3757],[21.1769,60.3845],[21.1823,60.3865],[21.1789,60.3757]]],[[[16.1747,43.4005],[16.1665,43.4013],[16.1731,43.4089],[16.1747,43.4005]]],[[[10.4917,54.9155],[10.4751,54.9169],[10.4785,54.9239],[10.4917,54.9155]]],[[[20.7427,60.2153],[20.7613,60.2135],[20.7395,60.2089],[20.7427,60.2153]]],[[[18.6903,59.4145],[18.6863,59.4209],[18.7067,59.4175],[18.6903,59.4145]]],[[[27.4529,60.4093],[27.4663,60.4087],[27.4615,60.4069],[27.4529,60.4093]]],[[[11.8013,58.2697],[11.7905,58.2761],[11.7985,58.2803],[11.8013,58.2697]]],[[[22.0987,60.1363],[22.1047,60.1335],[22.0801,60.1337],[22.0987,60.1363]]],[[[21.4047,60.1101],[21.4087,60.1173],[21.4187,60.1115],[21.4047,60.1101]]],[[[30.4807,36.2231],[30.4753,36.2351],[30.4835,36.2303],[30.4807,36.2231]]],[[[16.6437,57.8207],[16.6523,57.8277],[16.6545,57.8183],[16.6437,57.8207]]],[[[22.4629,59.8469],[22.4737,59.8561],[22.4765,59.8517],[22.4629,59.8469]]],[[[12.5255,45.5577],[12.5339,45.5479],[12.5281,45.5479],[12.5255,45.5577]]],[[[21.0931,60.3815],[21.0983,60.3665],[21.0957,60.3651],[21.0931,60.3815]]],[[[19.1811,63.2739],[19.1691,63.2785],[19.1799,63.2847],[19.1811,63.2739]]],[[[21.5101,60.2201],[21.5093,60.2233],[21.5185,60.2275],[21.5101,60.2201]]],[[[21.1915,60.3449],[21.1995,60.3359],[21.1833,60.3331],[21.1915,60.3449]]],[[[21.8157,60.2745],[21.8111,60.2771],[21.8213,60.2835],[21.8157,60.2745]]],[[[27.3433,60.4723],[27.3547,60.4651],[27.3505,60.4609],[27.3433,60.4723]]],[[[21.5721,60.4119],[21.5767,60.4071],[21.5671,60.4039],[21.5721,60.4119]]],[[[20.3015,60.4039],[20.2923,60.4077],[20.2993,60.4159],[20.3015,60.4039]]],[[[21.8973,60.1247],[21.9021,60.1217],[21.8983,60.1179],[21.8973,60.1247]]],[[[26.7661,60.4581],[26.7573,60.4701],[26.7759,60.4629],[26.7661,60.4581]]],[[[12.2257,45.3053],[12.2275,45.3031],[12.2195,45.2961],[12.2257,45.3053]]],[[[19.6249,60.1659],[19.6349,60.1601],[19.6251,60.1559],[19.6249,60.1659]]],[[[20.7433,60.2597],[20.7433,60.2677],[20.7557,60.2687],[20.7433,60.2597]]],[[[21.5443,61.7499],[21.5489,61.7473],[21.5269,61.7447],[21.5443,61.7499]]],[[[27.1443,37.6171],[27.1495,37.6053],[27.1429,37.6069],[27.1443,37.6171]]],[[[12.3735,45.4395],[12.3847,45.4467],[12.3855,45.4433],[12.3735,45.4395]]],[[[18.7537,63.1755],[18.7635,63.1685],[18.7603,63.1615],[18.7537,63.1755]]],[[[18.6009,60.3185],[18.6163,60.3127],[18.6097,60.3089],[18.6009,60.3185]]],[[[18.8281,59.3839],[18.8315,59.3757],[18.8245,59.3743],[18.8281,59.3839]]],[[[21.6507,60.2557],[21.6501,60.2585],[21.6683,60.2585],[21.6507,60.2557]]],[[[26.2051,60.3911],[26.2191,60.3949],[26.2215,60.3887],[26.2051,60.3911]]],[[[21.3991,60.3269],[21.3915,60.3327],[21.4079,60.3323],[21.3991,60.3269]]],[[[26.7619,39.3775],[26.7605,39.3805],[26.7669,39.3855],[26.7619,39.3775]]],[[[16.7023,57.4397],[16.7151,57.4371],[16.6983,57.4325],[16.7023,57.4397]]],[[[19.1927,59.6759],[19.2071,59.6679],[19.1901,59.6653],[19.1927,59.6759]]],[[[18.9261,59.6677],[18.9477,59.6711],[18.9251,59.6619],[18.9261,59.6677]]],[[[30.2279,59.9585],[30.2195,59.9599],[30.2359,59.9655],[30.2279,59.9585]]],[[[16.4189,43.1571],[16.4291,43.1641],[16.4327,43.1581],[16.4189,43.1571]]],[[[8.4475,58.2585],[8.4725,58.2489],[8.4667,58.2465],[8.4475,58.2585]]],[[[21.0235,60.3855],[21.0209,60.3889],[21.0313,60.3959],[21.0235,60.3855]]],[[[21.6907,59.9161],[21.6931,59.9091],[21.6813,59.9069],[21.6907,59.9161]]],[[[21.2443,60.3729],[21.2501,60.3647],[21.2411,60.3627],[21.2443,60.3729]]],[[[-8.7776,42.6185],[-8.791,42.6162],[-8.7887,42.6204],[-8.7776,42.6185]]],[[[8.0063,58.1161],[8.0145,58.1115],[7.9931,58.1145],[8.0063,58.1161]]],[[[22.0795,60.1445],[22.0999,60.1433],[22.0905,60.1381],[22.0795,60.1445]]],[[[20.2767,63.6583],[20.2815,63.6489],[20.2709,63.6499],[20.2767,63.6583]]],[[[10.4621,59.2007],[10.4637,59.2055],[10.4753,59.2021],[10.4621,59.2007]]],[[[21.8671,60.3503],[21.8837,60.3461],[21.8723,60.3439],[21.8671,60.3503]]],[[[19.1753,59.7509],[19.1843,59.7433],[19.1705,59.7425],[19.1753,59.7509]]],[[[11.3517,58.1163],[11.3545,58.1271],[11.3601,58.1275],[11.3517,58.1163]]],[[[22.8903,65.6815],[22.9023,65.6715],[22.8929,65.6721],[22.8903,65.6815]]],[[[21.9667,60.2037],[21.9615,60.2121],[21.9705,60.2141],[21.9667,60.2037]]],[[[20.5875,63.7961],[20.5919,63.7951],[20.5937,63.7843],[20.5875,63.7961]]],[[[10.3465,59.5209],[10.3479,59.5231],[10.3591,59.5213],[10.3465,59.5209]]],[[[21.7969,59.9737],[21.8087,59.9817],[21.8101,59.9801],[21.7969,59.9737]]],[[[21.1871,60.4533],[21.1925,60.4503],[21.1705,60.4471],[21.1871,60.4533]]],[[[18.7611,57.2753],[18.7605,57.2785],[18.7729,57.2785],[18.7611,57.2753]]],[[[8.9093,58.4683],[8.9247,58.4819],[8.9255,58.4741],[8.9093,58.4683]]],[[[18.8937,59.3751],[18.8901,59.3779],[18.9009,59.3857],[18.8937,59.3751]]],[[[25.4761,60.1735],[25.4713,60.1747],[25.4803,60.1813],[25.4761,60.1735]]],[[[19.5463,63.4875],[19.5573,63.5007],[19.5591,63.4891],[19.5463,63.4875]]],[[[27.3177,60.2871],[27.3239,60.2829],[27.3129,60.2781],[27.3177,60.2871]]],[[[4.1101,51.9913],[4.1187,51.9811],[4.0985,51.9867],[4.1101,51.9913]]],[[[21.2531,60.4015],[21.2695,60.4029],[21.2643,60.4005],[21.2531,60.4015]]],[[[20.6335,60.0295],[20.6319,60.0317],[20.6475,60.0395],[20.6335,60.0295]]],[[[29.0671,40.8921],[29.0721,40.8851],[29.0703,40.8817],[29.0671,40.8921]]],[[[11.6523,57.7389],[11.6663,57.7349],[11.6603,57.7297],[11.6523,57.7389]]],[[[16.6429,57.6389],[16.6391,57.6415],[16.6553,57.6471],[16.6429,57.6389]]],[[[19.5123,63.4529],[19.5043,63.4679],[19.5113,63.4655],[19.5123,63.4529]]],[[[9.3793,58.8515],[9.3717,58.8523],[9.4011,58.8565],[9.3793,58.8515]]],[[[21.2387,60.1711],[21.2311,60.1735],[21.2455,60.1763],[21.2387,60.1711]]],[[[24.4305,64.6951],[24.4243,64.6989],[24.4493,64.7049],[24.4305,64.6951]]],[[[20.7665,60.4183],[20.7761,60.4255],[20.7713,60.4109],[20.7665,60.4183]]],[[[18.6159,59.0977],[18.6221,59.0953],[18.6209,59.0875],[18.6159,59.0977]]],[[[8.3783,58.2311],[8.3885,58.2391],[8.3951,58.2311],[8.3783,58.2311]]],[[[25.5005,60.2063],[25.4957,60.2089],[25.5161,60.2125],[25.5005,60.2063]]],[[[9.6459,58.8955],[9.6425,58.9007],[9.6595,58.9041],[9.6459,58.8955]]],[[[21.3441,63.0901],[21.3307,63.0939],[21.3403,63.0981],[21.3441,63.0901]]],[[[27.4637,60.4327],[27.4775,60.4235],[27.4737,60.4215],[27.4637,60.4327]]],[[[8.3195,58.1907],[8.3245,58.1829],[8.3145,58.1775],[8.3195,58.1907]]],[[[20.8785,60.2007],[20.8907,60.1841],[20.8821,60.1883],[20.8785,60.2007]]],[[[8.2159,55.9005],[8.2263,55.8989],[8.2099,55.8895],[8.2159,55.9005]]],[[[15.4413,43.8701],[15.4449,43.8627],[15.4287,43.8707],[15.4413,43.8701]]],[[[10.7613,59.8635],[10.7505,59.8659],[10.7685,59.8745],[10.7613,59.8635]]],[[[18.8517,59.6863],[18.8609,59.6847],[18.8525,59.6801],[18.8517,59.6863]]],[[[22.6339,63.7897],[22.6407,63.7811],[22.6393,63.7783],[22.6339,63.7897]]],[[[16.9553,58.5035],[16.9525,58.5103],[16.9555,58.5129],[16.9553,58.5035]]],[[[14.8599,44.3815],[14.8663,44.3727],[14.8551,44.3765],[14.8599,44.3815]]],[[[21.6805,60.2427],[21.6747,60.2477],[21.6927,60.2477],[21.6805,60.2427]]],[[[21.3119,60.3139],[21.3135,60.3069],[21.3099,60.3041],[21.3119,60.3139]]],[[[25.6819,60.3727],[25.6869,60.3697],[25.6753,60.3635],[25.6819,60.3727]]],[[[16.6661,57.6349],[16.6601,57.6433],[16.6739,57.6427],[16.6661,57.6349]]],[[[10.7671,59.1113],[10.7809,59.1045],[10.7689,59.1003],[10.7671,59.1113]]],[[[21.2841,60.8463],[21.3003,60.8391],[21.2955,60.8353],[21.2841,60.8463]]],[[[27.1169,60.4133],[27.1201,60.4229],[27.1271,60.4229],[27.1169,60.4133]]],[[[22.6619,63.7523],[22.6649,63.7443],[22.6613,63.7411],[22.6619,63.7523]]],[[[22.4779,65.6783],[22.4791,65.6697],[22.4725,65.6703],[22.4779,65.6783]]],[[[21.0731,60.2853],[21.0703,60.2867],[21.0939,60.2895],[21.0731,60.2853]]],[[[25.8621,60.1987],[25.8879,60.2029],[25.8709,60.1967],[25.8621,60.1987]]],[[[13.7751,54.1927],[13.7725,54.1911],[13.7741,54.2107],[13.7751,54.1927]]],[[[10.9897,59.0653],[10.9981,59.0581],[10.9879,59.0527],[10.9897,59.0653]]],[[[22.2271,63.2751],[22.2317,63.2603],[22.2237,63.2627],[22.2271,63.2751]]],[[[11.2267,58.5353],[11.2349,58.5427],[11.2383,58.5363],[11.2267,58.5353]]],[[[19.8639,60.2799],[19.8489,60.2641],[19.8419,60.2691],[19.8639,60.2799]]],[[[20.4687,60.1779],[20.4785,60.1733],[20.4707,60.1673],[20.4687,60.1779]]],[[[24.0977,60.0143],[24.0917,60.0173],[24.1125,60.0219],[24.0977,60.0143]]],[[[16.7949,58.0947],[16.8025,58.0883],[16.7951,58.0885],[16.7949,58.0947]]],[[[10.4893,59.1991],[10.4967,59.2077],[10.5017,59.2025],[10.4893,59.1991]]],[[[11.1755,58.8577],[11.1711,58.8587],[11.1733,58.8651],[11.1755,58.8577]]],[[[11.0887,58.9615],[11.0949,58.9567],[11.0923,58.9515],[11.0887,58.9615]]],[[[26.6043,39.3467],[26.6099,39.3391],[26.6067,39.3373],[26.6043,39.3467]]],[[[13.7885,44.8993],[13.7861,44.9007],[13.8015,44.9075],[13.7885,44.8993]]],[[[21.4313,60.5765],[21.4497,60.5693],[21.4443,60.5649],[21.4313,60.5765]]],[[[21.3375,60.4155],[21.3473,60.4123],[21.3353,60.4079],[21.3375,60.4155]]],[[[11.4001,58.2415],[11.4179,58.2387],[11.4093,58.2317],[11.4001,58.2415]]],[[[18.5661,63.0523],[18.5793,63.0443],[18.5689,63.0391],[18.5661,63.0523]]],[[[21.1061,60.5063],[21.1193,60.5003],[21.1169,60.4979],[21.1061,60.5063]]],[[[15.3979,43.9577],[15.3971,43.9643],[15.4095,43.9569],[15.3979,43.9577]]],[[[21.3371,60.6719],[21.3459,60.6605],[21.3395,60.6605],[21.3371,60.6719]]],[[[11.6739,58.2737],[11.6769,58.2695],[11.6725,58.2601],[11.6739,58.2737]]],[[[11.1429,58.7469],[11.1627,58.7563],[11.1509,58.7475],[11.1429,58.7469]]],[[[25.9633,60.2185],[25.9603,60.2213],[25.9853,60.2257],[25.9633,60.2185]]],[[[10.5447,59.2127],[10.5657,59.2079],[10.5505,59.2071],[10.5447,59.2127]]],[[[16.5601,57.5901],[16.5749,57.5837],[16.5675,57.5823],[16.5601,57.5901]]],[[[9.7799,59.0217],[9.7783,59.0163],[9.7715,59.0199],[9.7799,59.0217]]],[[[17.2755,61.2361],[17.2725,61.2373],[17.2817,61.2437],[17.2953,61.2399],[17.2755,61.2361]]],[[[18.4807,59.4335],[18.4963,59.4287],[18.4925,59.4271],[18.4807,59.4335]]],[[[18.6531,59.1019],[18.6569,59.0973],[18.6451,59.0907],[18.6531,59.1019]]],[[[5.9451,59.2267],[5.9399,59.2275],[5.9847,59.2315],[5.9451,59.2267]]],[[[12.1861,45.2909],[12.1973,45.2953],[12.1991,45.2927],[12.1861,45.2909]]],[[[49.5801,40.0435],[49.5829,40.0453],[49.5869,40.0355],[49.5801,40.0435]]],[[[18.5819,59.1261],[18.5971,59.1341],[18.5977,59.1285],[18.5819,59.1261]]],[[[20.6673,63.2437],[20.6577,63.2457],[20.6851,63.2501],[20.6673,63.2437]]],[[[15.4037,56.1505],[15.4125,56.1491],[15.4071,56.1401],[15.4037,56.1505]]],[[[11.8043,57.6511],[11.8105,57.6455],[11.7973,57.6405],[11.8043,57.6511]]],[[[28.6669,60.5243],[28.6781,60.5181],[28.6639,60.5161],[28.6669,60.5243]]],[[[18.5941,63.0411],[18.6027,63.0369],[18.5913,63.0301],[18.5941,63.0411]]],[[[49.4451,39.8125],[49.4501,39.8047],[49.4455,39.8031],[49.4451,39.8125]]],[[[50.0461,40.3095],[50.0561,40.3071],[50.0523,40.3047],[50.0461,40.3095]]],[[[23.6071,59.9143],[23.6211,59.9047],[23.6109,59.9049],[23.6071,59.9143]]],[[[10.5235,59.0699],[10.5311,59.0637],[10.5301,59.0561],[10.5235,59.0699]]],[[[19.4113,63.4475],[19.4121,63.4579],[19.4249,63.4579],[19.4113,63.4475]]],[[[15.2967,43.7857],[15.3109,43.7835],[15.3057,43.7791],[15.2967,43.7857]]],[[[21.6061,63.2673],[21.6121,63.2625],[21.6063,63.2553],[21.6061,63.2673]]],[[[12.2435,45.3737],[12.2557,45.3625],[12.2459,45.3637],[12.2435,45.3737]]],[[[15.5137,43.8381],[15.5255,43.8313],[15.5223,43.8305],[15.5137,43.8381]]],[[[21.3777,61.6851],[21.3879,61.6753],[21.3819,61.6755],[21.3777,61.6851]]],[[[22.6569,65.4731],[22.6613,65.4665],[22.6587,65.4651],[22.6569,65.4731]]],[[[18.5577,59.1107],[18.5525,59.1119],[18.5735,59.1239],[18.5577,59.1107]]],[[[29.6257,44.8557],[29.6291,44.8719],[29.6329,44.8691],[29.6257,44.8557]]],[[[13.1587,54.5071],[13.1579,54.5123],[13.1697,54.5085],[13.1587,54.5071]]],[[[21.6959,60.5723],[21.6995,60.5577],[21.6913,60.5635],[21.6959,60.5723]]],[[[27.0301,60.5055],[27.0331,60.4993],[27.0307,60.4931],[27.0301,60.5055]]],[[[19.6405,60.3093],[19.6411,60.3005],[19.6351,60.2991],[19.6405,60.3093]]],[[[19.1753,59.6909],[19.1769,59.6885],[19.1701,59.6861],[19.1753,59.6909]]],[[[7.6139,57.9757],[7.6277,57.9749],[7.6169,57.9667],[7.6139,57.9757]]],[[[18.2873,59.0765],[18.2775,59.0771],[18.3063,59.0797],[18.2873,59.0765]]],[[[18.7973,59.3895],[18.8003,59.3867],[18.7987,59.3835],[18.7973,59.3895]]],[[[13.9169,54.2413],[13.9131,54.2419],[13.9283,54.2507],[13.9169,54.2413]]],[[[18.6893,59.4819],[18.6937,59.4799],[18.6779,59.4701],[18.6893,59.4819]]],[[[15.3935,43.8951],[15.4087,43.8867],[15.3997,43.8853],[15.3935,43.8951]]],[[[21.7021,60.3967],[21.7083,60.3883],[21.6993,60.3885],[21.7021,60.3967]]],[[[11.6923,57.7007],[11.6989,57.6907],[11.6925,57.6895],[11.6923,57.7007]]],[[[22.8141,63.8691],[22.8361,63.8643],[22.8245,63.8605],[22.8141,63.8691]]],[[[21.4029,62.9201],[21.3951,62.9279],[21.4007,62.9305],[21.4029,62.9201]]],[[[22.6049,59.9455],[22.6223,59.9385],[22.6193,59.9369],[22.6049,59.9455]]],[[[11.2235,58.3421],[11.2255,58.3381],[11.2173,58.3275],[11.2235,58.3421]]],[[[29.0517,40.9205],[29.0543,40.9093],[29.0461,40.9185],[29.0517,40.9205]]],[[[7.5881,57.9929],[7.6019,57.9883],[7.5887,57.9871],[7.5881,57.9929]]],[[[21.2405,59.9945],[21.2429,59.9989],[21.2539,59.9941],[21.2405,59.9945]]],[[[-9.0424,42.5118],[-9.0557,42.5068],[-9.0551,42.5093],[-9.0424,42.5118]]],[[[24.3669,60.0133],[24.3731,60.0147],[24.3669,60.0017],[24.3669,60.0133]]],[[[22.5137,60.0033],[22.5089,60.0055],[22.5123,60.0089],[22.5137,60.0033]]],[[[15.2273,43.8613],[15.2359,43.8555],[15.2277,43.8541],[15.2273,43.8613]]],[[[26.9617,60.3791],[26.9649,60.3743],[26.9621,60.3699],[26.9617,60.3791]]],[[[16.8491,58.1355],[16.8569,58.1329],[16.8457,58.1249],[16.8491,58.1355]]],[[[20.5127,60.2585],[20.5111,60.2661],[20.5225,60.2699],[20.5127,60.2585]]],[[[10.5473,59.7087],[10.5497,59.6973],[10.5463,59.6965],[10.5473,59.7087]]],[[[20.6133,60.3989],[20.6295,60.3919],[20.6127,60.3917],[20.6133,60.3989]]],[[[12.1935,45.3423],[12.2023,45.3497],[12.2019,45.3461],[12.1935,45.3423]]],[[[23.1769,65.7275],[23.1705,65.7341],[23.1767,65.7371],[23.1769,65.7275]]],[[[21.3143,60.7683],[21.3131,60.7751],[21.3235,60.7739],[21.3143,60.7683]]],[[[22.6483,60.0141],[22.6527,60.0121],[22.6401,60.0085],[22.6483,60.0141]]],[[[7.5907,57.9761],[7.5791,57.9807],[7.5823,57.9835],[7.5907,57.9761]]],[[[21.5041,60.5735],[21.5231,60.5693],[21.5201,60.5675],[21.5041,60.5735]]],[[[24.0179,60.0145],[24.0433,60.0191],[24.0267,60.0145],[24.0179,60.0145]]],[[[22.8633,60.0771],[22.8837,60.0755],[22.8719,60.0715],[22.8633,60.0771]]],[[[16.6301,57.8845],[16.6191,57.8909],[16.6283,57.8917],[16.6301,57.8845]]],[[[21.0245,60.5359],[21.0359,60.5273],[21.0247,60.5257],[21.0245,60.5359]]],[[[10.9533,58.9883],[10.9653,58.9817],[10.9617,58.9763],[10.9533,58.9883]]],[[[20.2775,60.3469],[20.2729,60.3503],[20.2803,60.3583],[20.2775,60.3469]]],[[[21.2891,62.0843],[21.2979,62.0821],[21.2963,62.0711],[21.2891,62.0843]]],[[[15.9091,43.6817],[15.9189,43.6745],[15.9061,43.6755],[15.9091,43.6817]]],[[[9.2521,41.3483],[9.2607,41.3425],[9.2585,41.3389],[9.2521,41.3483]]],[[[18.6179,60.1789],[18.6353,60.1703],[18.6265,60.1699],[18.6179,60.1789]]],[[[17.5209,58.8179],[17.5279,58.8081],[17.5195,58.8061],[17.5209,58.8179]]],[[[18.6091,59.4391],[18.6209,59.4309],[18.6117,59.4303],[18.6091,59.4391]]],[[[21.7527,60.4277],[21.7613,60.4207],[21.7525,60.4203],[21.7527,60.4277]]],[[[24.1281,65.6661],[24.1097,65.6751],[24.1327,65.6711],[24.1281,65.6661]]],[[[25.1241,65.1317],[25.1283,65.1427],[25.1371,65.1371],[25.1241,65.1317]]],[[[18.4761,59.2987],[18.4835,59.2939],[18.4647,59.2965],[18.4761,59.2987]]],[[[28.5317,60.6607],[28.5415,60.6539],[28.5363,60.6501],[28.5317,60.6607]]],[[[22.3891,60.1301],[22.3879,60.1321],[22.4063,60.1383],[22.3891,60.1301]]],[[[12.8227,55.8539],[12.8163,55.8637],[12.8283,55.8605],[12.8227,55.8539]]],[[[12.2209,45.2825],[12.2193,45.2843],[12.2327,45.2889],[12.2209,45.2825]]],[[[15.1432,36.6824],[15.1538,36.6896],[15.1529,36.6849],[15.1432,36.6824]]],[[[22.0785,60.1505],[22.0729,60.1519],[22.0955,60.1559],[22.0785,60.1505]]],[[[15.2727,43.9261],[15.2757,43.9235],[15.2745,43.9217],[15.2727,43.9261]]],[[[23.0125,38.1865],[23.0169,38.1845],[23.0111,38.1827],[23.0125,38.1865]]],[[[18.7319,59.4905],[18.7291,59.4925],[18.7543,59.4935],[18.7319,59.4905]]],[[[21.2135,60.8383],[21.2231,60.8265],[21.2171,60.8265],[21.2135,60.8383]]],[[[22.4693,58.1361],[22.4657,58.1375],[22.4755,58.1509],[22.4693,58.1361]]],[[[21.7411,60.3353],[21.7433,60.3333],[21.7161,60.3357],[21.7411,60.3353]]],[[[22.9867,60.3283],[22.9727,60.3185],[22.9655,60.3207],[22.9867,60.3283]]],[[[19.3533,60.1989],[19.3487,60.1895],[19.3401,60.1979],[19.3533,60.1989]]],[[[10.9573,55.3293],[10.9563,55.3311],[10.9815,55.3343],[10.9573,55.3293]]],[[[10.4855,59.4477],[10.4889,59.4453],[10.4839,59.4365],[10.4855,59.4477]]],[[[18.5291,59.0721],[18.5223,59.0803],[18.5325,59.0839],[18.5291,59.0721]]],[[[11.1385,58.7381],[11.1433,58.7317],[11.1399,58.7297],[11.1385,58.7381]]],[[[23.2035,39.1611],[23.2119,39.1751],[23.2101,39.1653],[23.2035,39.1611]]],[[[21.3581,60.6635],[21.3717,60.6525],[21.3697,60.6491],[21.3581,60.6635]]],[[[18.7281,59.4521],[18.7285,59.4481],[18.7115,59.4461],[18.7281,59.4521]]],[[[20.2437,63.6803],[20.2499,63.6899],[20.2535,63.6899],[20.2437,63.6803]]],[[[11.4973,54.0321],[11.5025,54.0301],[11.4981,54.0231],[11.4973,54.0321]]],[[[21.2151,62.9113],[21.2339,62.9053],[21.2209,62.9033],[21.2151,62.9113]]],[[[17.1823,61.4457],[17.1831,61.4399],[17.1805,61.4367],[17.1823,61.4457]]],[[[33.5391,45.8831],[33.5429,45.8817],[33.5299,45.8737],[33.5391,45.8831]]],[[[12.2103,45.3841],[12.2203,45.3843],[12.2165,45.3751],[12.2103,45.3841]]],[[[22.0387,63.2661],[22.0439,63.2565],[22.0405,63.2561],[22.0387,63.2661]]],[[[20.9195,60.0231],[20.9309,60.0323],[20.9321,60.0287],[20.9195,60.0231]]],[[[18.7499,63.0697],[18.7499,63.0809],[18.7567,63.0803],[18.7499,63.0697]]],[[[12.2147,45.3113],[12.2177,45.3095],[12.2025,45.3009],[12.2147,45.3113]]],[[[18.6311,63.1343],[18.6363,63.1245],[18.6269,63.1255],[18.6311,63.1343]]],[[[19.7853,60.3793],[19.7843,60.3647],[19.7803,60.3727],[19.7853,60.3793]]],[[[37.6763,47.0835],[37.6845,47.0775],[37.6703,47.0813],[37.6763,47.0835]]],[[[9.6093,39.1517],[9.6123,39.1493],[9.6067,39.1399],[9.6093,39.1517]]],[[[16.7845,58.3807],[16.7895,58.3731],[16.7779,58.3697],[16.7845,58.3807]]],[[[21.5071,63.1323],[21.5063,63.1381],[21.5249,63.1313],[21.5071,63.1323]]],[[[25.0657,60.1061],[25.0737,60.1051],[25.0533,60.0987],[25.0657,60.1061]]],[[[16.9565,58.3135],[16.9485,58.3201],[16.9543,58.3213],[16.9565,58.3135]]],[[[18.3031,59.1113],[18.3017,59.1133],[18.3247,59.1181],[18.3031,59.1113]]],[[[18.4891,62.8857],[18.4985,62.8769],[18.4911,62.8731],[18.4891,62.8857]]],[[[12.4724,37.8693],[12.4688,37.8635],[12.4649,37.864],[12.4724,37.8693]]],[[[20.7343,60.2683],[20.7319,60.2557],[20.7229,60.2611],[20.7343,60.2683]]],[[[14.4259,44.5433],[14.4233,44.5551],[14.4267,44.5569],[14.4259,44.5433]]],[[[17.1639,61.6041],[17.1667,61.6011],[17.1637,61.5989],[17.1639,61.6041]]],[[[21.9487,65.2799],[21.9515,65.2763],[21.9423,65.2735],[21.9487,65.2799]]],[[[24.7869,40.6735],[24.7901,40.6753],[24.7851,40.6639],[24.7869,40.6735]]],[[[17.6317,63.1681],[17.6551,63.1617],[17.6397,63.1629],[17.6317,63.1681]]],[[[50.4567,40.4059],[50.4625,40.3977],[50.4537,40.3973],[50.4567,40.4059]]],[[[28.6469,60.6165],[28.6571,60.6045],[28.6521,60.6043],[28.6469,60.6165]]],[[[17.4813,58.6927],[17.4893,58.6815],[17.4779,58.6861],[17.4813,58.6927]]],[[[22.2443,63.3237],[22.2513,63.3103],[22.2417,63.3147],[22.2443,63.3237]]],[[[10.4627,59.1685],[10.4575,59.1583],[10.4555,59.1693],[10.4627,59.1685]]],[[[18.8631,59.3267],[18.8689,59.3209],[18.8501,59.3213],[18.8631,59.3267]]],[[[11.2289,58.6003],[11.2411,58.5895],[11.2347,58.5915],[11.2289,58.6003]]],[[[18.5125,57.1215],[18.5287,57.1277],[18.5269,57.1257],[18.5125,57.1215]]],[[[-9.1821,42.8807],[-9.1824,42.876],[-9.1882,42.8787],[-9.1821,42.8807]]],[[[29.1227,40.8297],[29.1175,40.8325],[29.1273,40.8351],[29.1227,40.8297]]],[[[10.3285,55.0365],[10.3423,55.0465],[10.3371,55.0399],[10.3285,55.0365]]],[[[18.6355,59.0909],[18.6303,59.0859],[18.6271,59.0951],[18.6355,59.0909]]],[[[18.7743,59.6681],[18.7917,59.6707],[18.7819,59.6637],[18.7743,59.6681]]],[[[21.2565,62.2997],[21.2719,62.3111],[21.2613,62.2975],[21.2565,62.2997]]],[[[15.2757,43.8057],[15.2775,43.8035],[15.2745,43.8009],[15.2757,43.8057]]],[[[22.4163,60.1347],[22.4279,60.1377],[22.4283,60.1349],[22.4163,60.1347]]],[[[9.2603,58.7185],[9.2655,58.7281],[9.2745,58.7239],[9.2603,58.7185]]],[[[3.9617,51.7973],[3.9621,51.8015],[3.9747,51.7987],[3.9617,51.7973]]],[[[11.0591,54.8585],[11.0641,54.8517],[11.0555,54.8475],[11.0591,54.8585]]],[[[21.6691,60.4895],[21.6733,60.4831],[21.6639,60.4829],[21.6691,60.4895]]],[[[19.5349,60.2757],[19.5381,60.2809],[19.5431,60.2747],[19.5349,60.2757]]],[[[12.454,37.8976],[12.4399,37.8963],[12.4479,37.8988],[12.454,37.8976]]],[[[18.7309,59.2275],[18.7225,59.2343],[18.7283,59.2397],[18.7309,59.2275]]],[[[-9.1668,42.866],[-9.1676,42.8601],[-9.1718,42.8599],[-9.1668,42.866]]],[[[16.9289,58.2313],[16.9405,58.2287],[16.9253,58.2279],[16.9289,58.2313]]],[[[23.3943,39.1663],[23.3989,39.1495],[23.3945,39.1527],[23.3943,39.1663]]],[[[22.6911,65.4917],[22.6987,65.4849],[22.6767,65.4913],[22.6911,65.4917]]],[[[14.5733,44.6747],[14.5843,44.6657],[14.5761,44.6679],[14.5733,44.6747]]],[[[10.6975,55.9269],[10.6945,55.9285],[10.7145,55.9341],[10.6975,55.9269]]],[[[13.1253,54.5495],[13.1257,54.5445],[13.1177,54.5415],[13.1253,54.5495]]],[[[11.6327,54.9031],[11.6401,54.9095],[11.6509,54.9079],[11.6327,54.9031]]],[[[21.3235,60.5709],[21.3229,60.5737],[21.3365,60.5743],[21.3235,60.5709]]],[[[11.2161,58.3563],[11.2261,58.3515],[11.2179,58.3467],[11.2161,58.3563]]],[[[-8.9318,42.3451],[-8.9382,42.341],[-8.9379,42.3485],[-8.9318,42.3451]]],[[[12.2451,45.3881],[12.2545,45.3867],[12.2489,45.3807],[12.2451,45.3881]]],[[[21.5475,60.3283],[21.5529,60.3251],[21.5493,60.3221],[21.5475,60.3283]]],[[[5.6385,59.9015],[5.6355,59.9039],[5.6359,59.9053],[5.6385,59.9015]]],[[[10.9573,59.0947],[10.9633,59.1025],[10.9669,59.0993],[10.9573,59.0947]]],[[[28.6039,60.6599],[28.6115,60.6587],[28.5993,60.6517],[28.6039,60.6599]]],[[[22.6633,59.9455],[22.6701,59.9403],[22.6659,59.9381],[22.6633,59.9455]]],[[[23.4291,59.8641],[23.4363,59.8603],[23.4289,59.8565],[23.4291,59.8641]]],[[[3.7267,51.6569],[3.7323,51.6541],[3.7253,51.6507],[3.7267,51.6569]]],[[[21.1913,60.3101],[21.1911,60.3173],[21.1963,60.3175],[21.1913,60.3101]]],[[[28.6673,60.5095],[28.6645,60.5115],[28.6759,60.5151],[28.6673,60.5095]]],[[[13.4005,45.6949],[13.4099,45.7019],[13.4099,45.7003],[13.4005,45.6949]]],[[[10.5783,59.2019],[10.5781,59.1939],[10.5757,59.1985],[10.5783,59.2019]]],[[[8.7355,54.4729],[8.7491,54.4725],[8.7317,54.4683],[8.7355,54.4729]]],[[[18.8089,59.1561],[18.8183,59.1543],[18.8105,59.1499],[18.8089,59.1561]]],[[[24.0277,65.6029],[24.0389,65.6153],[24.0381,65.6105],[24.0277,65.6029]]],[[[18.5385,59.0259],[18.5485,59.0273],[18.5389,59.0191],[18.5385,59.0259]]],[[[19.5057,40.9613],[19.5043,40.9561],[19.5001,40.9569],[19.5057,40.9613]]],[[[-9.1685,42.8015],[-9.1668,42.7976],[-9.174,42.7979],[-9.1685,42.8015]]],[[[-7.6287,43.7612],[-7.6293,43.7565],[-7.6346,43.7582],[-7.6287,43.7612]]],[[[15.2329,37.1954],[15.2324,37.1879],[15.2182,37.1763],[15.2165,37.1771],[15.2329,37.1954]]],[[[12.3185,44.8027],[12.3401,44.7999],[12.3187,44.8015],[12.3185,44.8027]]],[[[-8.7057,42.4118],[-8.7076,42.4076],[-8.7124,42.4107],[-8.7057,42.4118]]],[[[-9.1429,42.8138],[-9.1482,42.8096],[-9.1485,42.8129],[-9.1429,42.8138]]],[[[-9.0029,42.4968],[-9.0063,42.4943],[-9.0099,42.4993],[-9.0029,42.4968]]],[[[12.4571,37.8871],[12.4654,37.8782],[12.4571,37.8818],[12.4571,37.8871]]],[[[-9.1446,42.7407],[-9.1432,42.7371],[-9.1488,42.7368],[-9.1446,42.7407]]],[[[21.3935,60.7709],[21.3931,60.7677],[21.3821,60.7707],[21.3935,60.7709]]],[[[13.2385,38.2113],[13.2376,38.2074],[13.2335,38.2096],[13.2385,38.2113]]],[[[19.5165,40.9603],[19.5175,40.9571],[19.5145,40.9561],[19.5165,40.9603]]],[[[-8.454,43.3776],[-8.4451,43.3826],[-8.4476,43.3785],[-8.454,43.3776]]],[[[12.5007,37.9863],[12.4982,37.9876],[12.5007,37.9907],[12.5007,37.9863]]],[[[-3.7282,43.471],[-3.7313,43.4701],[-3.7315,43.4751],[-3.7282,43.471]]],[[[-8.8988,42.5426],[-8.901,42.5371],[-8.9038,42.5393],[-8.8988,42.5426]]],[[[-8.9626,42.7762],[-8.9624,42.7729],[-8.9657,42.7735],[-8.9626,42.7762]]],[[[-7.8343,43.7113],[-7.8313,43.7099],[-7.8365,43.7085],[-7.8343,43.7113]]],[[[-8.8335,42.4971],[-8.8337,42.4896],[-8.8363,42.4899],[-8.8335,42.4971]]],[[[-6.9876,43.5624],[-6.9846,43.5615],[-6.9871,43.5576],[-6.9876,43.5624]]],[[[21.0001,60.2519],[21.0001,60.2447],[20.9985,60.2461],[21.0001,60.2519]]],[[[-7.4357,43.7004],[-7.4354,43.6976],[-7.4404,43.6985],[-7.4357,43.7004]]],[[[-9.0904,42.6382],[-9.0885,42.636],[-9.0932,42.636],[-9.0904,42.6382]]],[[[-8.9168,42.5474],[-8.914,42.5462],[-8.9121,42.544],[-8.9168,42.5474]]],[[[12.5085,38.0065],[12.5107,38.004],[12.5101,38.001],[12.5085,38.0065]]],[[[-8.8601,42.4663],[-8.8568,42.4646],[-8.8557,42.4615],[-8.8601,42.4663]]],[[[15.1068,36.7924],[15.106,36.7896],[15.1038,36.7907],[15.1068,36.7924]]],[[[-2.6865,43.4274],[-2.6821,43.4257],[-2.6815,43.4238],[-2.6865,43.4274]]],[[[-2.4946,43.3682],[-2.4935,43.3668],[-2.4974,43.3651],[-2.4946,43.3682]]],[[[-8.8546,42.4579],[-8.851,42.4585],[-8.8512,42.4571],[-8.8546,42.4579]]],[[[-4.0265,43.4535],[-4.0207,43.4529],[-4.0215,43.4518],[-4.0265,43.4535]]],[[[-6.0307,43.591],[-6.0304,43.5896],[-6.0332,43.5885],[-6.0307,43.591]]],[[[-8.6468,42.2907],[-8.6437,42.2904],[-8.6507,42.2879],[-8.6468,42.2907]]],[[[12.4804,37.864],[12.481,37.8615],[12.4785,37.8621],[12.4804,37.864]]],[[[-4.5743,43.3996],[-4.5743,43.3971],[-4.5771,43.3979],[-4.5743,43.3996]]],[[[-6.9504,43.5754],[-6.949,43.5782],[-6.9476,43.5782],[-6.9504,43.5754]]],[[[-7.4371,43.7157],[-7.4368,43.7146],[-7.4421,43.7154],[-7.4371,43.7157]]],[[[-9.0013,42.4921],[-9.0021,42.4893],[-9.0035,42.4899],[-9.0013,42.4921]]],[[[15.1654,37.5624],[15.1668,37.5626],[15.1674,37.5601],[15.1654,37.5624]]],[[[13.9443,37.0851],[13.9429,37.0846],[13.9446,37.089],[13.9443,37.0851]]],[[[-7.4379,43.7182],[-7.4424,43.7163],[-7.4421,43.7171],[-7.4379,43.7182]]],[[[-9.0043,42.494],[-9.0037,42.4926],[-9.0065,42.4918],[-9.0043,42.494]]],[[[-7.4429,43.7021],[-7.4407,43.7001],[-7.4421,43.6999],[-7.4429,43.7021]]],[[[-7.8674,43.781],[-7.8662,43.7799],[-7.8685,43.7788],[-7.8674,43.781]]],[[[-8.8776,42.6032],[-8.8763,42.6029],[-8.8771,42.6001],[-8.8776,42.6032]]],[[[-9.0835,42.7329],[-9.0799,42.736],[-9.0799,42.7351],[-9.0835,42.7329]]],[[[-9.0799,42.5196],[-9.0782,42.5185],[-9.0779,42.5165],[-9.0799,42.5196]]],[[[13.376,38.1371],[13.3768,38.1362],[13.3765,38.1343],[13.376,38.1371]]],[[[12.439,37.8937],[12.441,37.891],[12.4404,37.8907],[12.439,37.8937]]],[[[12.4379,37.8963],[12.4382,37.8954],[12.4368,37.8946],[12.4379,37.8963]]],[[[-8.3376,43.5115],[-8.3365,43.5104],[-8.3385,43.5101],[-8.3376,43.5115]]],[[[-8.3801,43.3679],[-8.3774,43.3662],[-8.3785,43.366],[-8.3801,43.3679]]],[[[-8.8515,42.4674],[-8.8493,42.4674],[-8.8479,42.4654],[-8.8515,42.4674]]],[[[-8.654,42.2885],[-8.6508,42.2879],[-8.6529,42.2873],[-8.654,42.2885]]],[[[8.7111,54.5595],[8.7103,54.5575],[8.7095,54.5613],[8.7111,54.5595]]],[[[21.0001,63.8077],[21.0001,63.8033],[20.9989,63.8043],[21.0001,63.8077]]],[[[5.5569,59.8951],[5.5541,59.8943],[5.5527,59.8945],[5.5569,59.8951]]],[[[5.6811,59.9109],[5.6805,59.9099],[5.6795,59.9107],[5.6811,59.9109]]],[[[5.9935,59.2323],[5.9969,59.2327],[5.9965,59.2325],[5.9935,59.2323]]],[[[-8.6613,42.2851],[-8.6605,42.2851],[-8.6613,42.2849],[-8.6613,42.2851]]]]}}]}