{"type":"FeatureCollection","features":[{"type":"Feature","properties":{"birdlifeId":"22716910","scientificName":"Curruca communis","rangeType":"breeding","speciesId":"avibase-14AFBA82","speciesName":"Common Whitethroat","speciesLatin":"Curruca communis"},"geometry":{"type":"MultiPolygon","coordinates":[[[[5.3835,53.0597],[6.0347,53.4079],[6.8149,53.4671],[6.9033,53.3535],[7.2157,53.2383],[7.0197,53.4443],[7.3397,53.6899],[8.0191,53.7115],[8.2055,53.4059],[8.2765,53.6127],[8.5569,53.5425],[8.4881,53.4797],[8.4985,53.3637],[8.5761,53.5389],[8.4853,53.6831],[8.6651,53.8935],[9.2819,53.8579],[9.5725,53.5993],[9.6917,53.5505],[9.8291,53.5343],[9.3319,53.8587],[8.9197,53.9299],[9.0215,54.0897],[8.8113,54.1769],[8.9645,54.3147],[8.5785,54.3069],[9.0501,54.4767],[8.8127,54.4747],[8.9763,54.5347],[8.7267,54.7247],[8.7115,54.6773],[8.6505,54.6439],[8.5345,54.6303],[8.7127,54.6967],[8.6123,54.8845],[8.2819,54.7473],[8.3003,54.9209],[8.4021,55.0539],[8.3727,54.8993],[8.6451,54.8963],[8.6773,55.3357],[8.3073,55.5943],[8.2395,55.5625],[8.3135,55.4683],[8.0757,55.5663],[8.1625,56.6431],[8.5591,56.5611],[8.2393,56.7099],[8.3083,56.8903],[8.6233,57.1203],[9.4871,57.1915],[9.9535,57.5889],[10.6613,57.7399],[10.4357,57.5935],[10.5597,57.2243],[10.1897,56.7011],[10.9621,56.4339],[10.7041,56.1345],[10.3523,56.1905],[10.4587,56.2899],[10.2567,56.1813],[10.1971,55.8409],[10.0807,55.8875],[9.8577,55.8551],[10.0345,55.7001],[9.5445,55.7079],[9.8621,55.6277],[9.5017,55.4957],[9.6951,55.4651],[9.5157,55.2523],[9.7167,55.2389],[9.5007,55.1579],[9.4281,55.0273],[9.7825,54.9109],[9.6209,54.9341],[9.4233,54.8323],[9.4375,54.7963],[9.9601,54.7821],[10.0287,54.5529],[9.8419,54.4725],[10.1997,54.4581],[10.1317,54.3163],[11.1357,54.3903],[10.7759,53.8909],[11.4611,53.8989],[11.6913,54.1537],[12.0867,54.1839],[12.0899,54.1113],[12.1119,54.0953],[12.1521,54.0933],[12.0965,54.1779],[12.5283,54.4853],[12.9283,54.4293],[12.6965,54.4331],[12.4381,54.3805],[12.3665,54.2681],[13.0269,54.4397],[13.1065,54.2841],[13.4603,54.0881],[13.4965,54.1255],[13.7243,54.1637],[13.8227,53.8407],[14.5807,53.5823],[14.5381,53.7023],[14.7609,53.9269],[14.8017,54.0321],[14.7311,54.0247],[16.1563,54.2865],[17.2789,54.7405],[18.3319,54.8361],[18.7315,54.6837],[18.8295,54.6117],[18.4183,54.7761],[18.5841,54.4331],[18.9405,54.3417],[19.8983,54.6261],[19.2319,54.3395],[19.3731,54.2231],[20.3983,54.6737],[19.8727,54.6407],[19.9695,54.9575],[20.5487,54.9965],[21.0395,55.4009],[21.0583,56.8129],[21.4097,57.0363],[21.6959,57.5621],[22.6089,57.7617],[23.2643,57.0923],[23.6363,56.9661],[24.4089,57.2541],[24.3151,57.8719],[24.5595,58.3207],[23.7361,58.3515],[23.5011,58.5771],[23.7627,58.7625],[23.4629,58.7737],[23.4311,58.9395],[23.6379,58.9705],[23.4073,59.0187],[23.4997,59.2253],[24.0273,59.2879],[24.3633,59.4751],[24.7287,59.4577],[24.8011,59.5703],[25.4017,59.4891],[25.4765,59.6631],[27.8807,59.4079],[28.0803,59.7965],[28.3741,59.6611],[28.5005,59.8575],[28.8387,59.7847],[29.1873,60.0071],[30.1971,59.8787],[30.2467,59.9669],[30.2123,59.9775],[30.2367,59.9823],[29.8243,60.1683],[28.6209,60.3523],[28.4297,60.5691],[28.4991,60.5587],[28.5821,60.4903],[28.6671,60.4585],[28.7021,60.4551],[28.6969,60.5019],[28.6913,60.5015],[28.6789,60.5195],[28.6615,60.5281],[28.6509,60.5897],[28.5531,60.6045],[28.6829,60.6139],[28.6819,60.7365],[28.4065,60.6599],[28.2421,60.5117],[27.7679,60.5825],[26.4457,60.4937],[26.4121,60.4081],[26.5421,60.3513],[26.0723,60.4361],[26.1177,60.3231],[25.9373,60.3609],[25.7903,60.2371],[25.6423,60.3093],[25.7221,60.3361],[25.6769,60.3811],[24.8467,60.2113],[24.8457,60.1675],[24.6587,60.1361],[24.4167,59.9627],[24.3127,60.0873],[23.3947,59.9231],[23.4861,59.9987],[23.4699,60.0247],[23.2325,59.8917],[23.2485,59.8437],[22.8979,59.8111],[23.1651,59.8921],[23.2335,60.0339],[23.0341,59.9093],[22.8853,59.9237],[22.8191,59.9803],[22.8197,60.0201],[22.9843,59.9703],[23.2645,60.0619],[22.8751,60.1639],[23.0403,60.3257],[22.9825,60.3317],[22.5239,60.2145],[22.6553,60.4041],[21.9007,60.5561],[21.8961,60.4819],[21.8313,60.5017],[21.7463,60.4817],[21.8299,60.5421],[21.8555,60.6503],[21.6727,60.5997],[21.6599,60.5201],[21.5849,60.4937],[21.6139,60.5213],[21.5765,60.5655],[21.3523,60.6803],[21.4737,60.7455],[21.3565,60.8791],[21.2171,60.9083],[21.4455,60.9107],[21.3017,61.0817],[21.6173,61.2273],[21.4913,61.2715],[21.5801,61.3353],[21.5381,61.4029],[21.4557,61.4309],[21.6003,61.4421],[21.4535,61.5053],[21.7235,61.5513],[21.4269,61.9525],[21.2839,61.9937],[21.4529,62.2135],[21.0815,62.6239],[21.1767,62.7453],[21.1231,62.7945],[21.4183,62.8779],[21.4731,63.0567],[21.6921,63.0511],[21.5449,63.2647],[22.0027,63.1575],[22.3665,63.2853],[22.3755,63.3547],[22.2023,63.4537],[22.4053,63.4371],[22.2967,63.4987],[22.3243,63.5731],[22.4123,63.4719],[22.6149,63.7229],[22.8121,63.6453],[22.9371,63.7147],[22.8777,63.8019],[22.6997,63.8389],[23.4229,63.9399],[23.4073,64.0797],[23.6201,64.0449],[24.3769,64.5469],[24.5443,64.8167],[25.4841,64.9547],[25.3765,65.1033],[25.2275,65.1263],[25.3437,65.1847],[25.3321,65.4789],[25.2063,65.5607],[25.1159,65.5499],[25.0499,65.6219],[24.8965,65.6669],[24.6589,65.6393],[24.6599,65.6933],[24.4903,65.7829],[24.2217,65.7689],[24.0357,65.9799],[23.9293,66.2137],[24.6501,66.4769],[25.8195,66.2137],[27.3565,65.2857],[27.9331,65.2753],[29.8953,66.3251],[30.5127,66.0411],[30.7685,65.7151],[30.8261,65.1625],[31.0943,64.9363],[32.7239,64.7407],[34.5355,65.2369],[34.9569,64.8323],[34.7363,64.7429],[34.9715,64.6163],[34.7813,64.5125],[35.3329,64.2971],[35.7337,64.3531],[36.2871,63.9795],[37.3593,63.8051],[37.9967,63.9561],[37.8869,64.3501],[38.7495,64.6677],[40.5059,64.5353],[40.4109,64.7319],[44.1251,65.2685],[48.7185,65.2187],[53.1793,64.6719],[63.5735,62.7623],[66.8921,62.4945],[68.0683,61.6889],[69.0735,61.3307],[69.7453,60.7095],[68.9953,59.5067],[84.5599,56.5781],[88.1347,56.2271],[92.6175,56.1497],[94.5581,55.8173],[98.7475,54.6931],[103.0783,52.8655],[104.1989,51.6151],[103.9619,51.0657],[104.1601,50.4387],[103.7385,49.3029],[103.1805,48.8915],[101.1649,48.3073],[99.5959,48.0593],[98.3983,48.1289],[93.1649,47.6991],[90.4749,47.2795],[88.6025,47.5509],[87.5189,47.4165],[84.7053,45.9923],[84.0209,44.9855],[85.1291,44.3393],[87.8093,43.5691],[88.1871,43.0499],[87.5763,42.2109],[86.6995,41.9099],[82.5105,41.8747],[80.7937,41.3659],[78.1833,40.2957],[77.1375,40.0871],[75.6843,39.3377],[75.4593,39.1549],[74.9529,37.7485],[74.5591,37.2985],[72.0839,36.2859],[70.0589,35.7233],[67.0773,35.2171],[62.5771,35.1609],[61.9583,35.4421],[60.5601,36.6465],[59.5485,36.7763],[57.8627,36.7535],[56.3359,36.3899],[53.9559,35.1889],[52.5907,35.2589],[51.5123,35.4897],[49.4901,36.4703],[49.2431,36.8801],[49.2679,37.4117],[49.9434,37.4673],[50.9607,36.7824],[51.9773,36.5757],[54.0161,36.9475],[53.5767,36.812],[54.0241,36.8066],[54.0367,36.9565],[57.5239,37.9279],[57.2391,38.2739],[56.4427,38.2601],[56.3331,38.0857],[55.1409,37.9561],[54.6755,37.4411],[53.9057,37.3509],[53.8305,38.5248],[53.9928,38.9394],[53.5793,39.3189],[53.1216,39.3953],[53.1759,39.5293],[53.2904,39.6635],[53.2119,39.5187],[53.7339,39.5123],[53.4133,39.7679],[53.5759,39.9661],[52.9462,40.0],[53.5943,40.8943],[53.7465,40.6153],[54.4179,40.7037],[54.3175,40.9267],[54.7111,40.8783],[54.7305,41.1065],[54.0727,41.4757],[55.3821,41.8733],[58.1601,40.9997],[59.8301,39.9991],[62.3513,39.5195],[64.7001,40.0363],[66.4609,41.2313],[68.2063,42.7729],[69.6887,43.2039],[73.7099,43.3909],[75.4031,43.8241],[76.6969,44.4427],[80.7351,47.9515],[80.9159,48.2681],[80.8069,49.0939],[79.1951,50.0979],[76.1905,50.7995],[73.3779,50.7995],[65.1305,50.0543],[59.3121,49.9825],[56.7131,49.3813],[52.4103,47.3595],[51.8005,46.8507],[51.1901,47.1147],[49.8123,46.5319],[49.3243,46.5651],[49.3556,46.3904],[49.1273,46.4477],[49.2029,46.2697],[48.6277,46.0829],[48.7133,45.8303],[48.5659,45.9659],[47.8307,45.6559],[47.5523,45.7695],[47.6373,45.5531],[47.4911,45.7245],[47.3803,45.7447],[47.5693,45.5575],[47.0863,44.8035],[46.8841,44.8267],[46.6797,44.5107],[47.3503,44.0267],[47.5021,43.7687],[47.4073,43.5011],[47.6275,43.8908],[47.6983,43.8689],[47.4645,43.0143],[48.372,41.911],[48.9799,41.4712],[49.5434,40.6315],[50.0627,40.5929],[50.3572,40.3555],[50.3635,40.1957],[50.2255,40.3497],[49.8528,40.3721],[49.4711,40.1732],[49.2779,39.496],[49.4392,39.2739],[49.2569,39.3175],[49.196,39.0227],[49.1005,38.9389],[49.2063,39.0942],[49.0194,39.2157],[48.9454,39.1573],[48.8794,38.4371],[48.6303,38.3925],[48.2625,38.6523],[47.4117,37.9305],[46.4483,37.8529],[46.1037,38.0013],[45.8527,38.3885],[45.7589,38.9205],[45.1461,39.2143],[44.6147,39.7763],[44.4237,39.4099],[44.2071,39.4083],[44.1675,39.0843],[44.5055,38.3487],[44.3781,38.0869],[44.8139,37.3149],[44.0605,36.9769],[43.9645,37.2757],[43.3345,37.3405],[42.6391,37.0159],[42.3677,37.2757],[41.7999,37.2303],[39.6231,36.5025],[38.7717,36.7619],[37.9175,36.6153],[37.0317,36.7845],[36.8961,36.4241],[37.0105,36.1661],[36.4345,36.0237],[36.2923,35.7165],[36.5437,35.3135],[35.9015,35.0299],[35.9243,35.4237],[35.7273,35.5843],[35.9901,36.0109],[35.7943,36.3273],[36.2187,36.6517],[36.0297,36.9331],[35.3491,36.5429],[34.6563,36.8061],[33.9587,36.2123],[32.8083,36.0191],[32.0263,36.5441],[31.0429,36.8575],[30.6213,36.8479],[30.4049,36.2001],[30.1877,36.3051],[29.6811,36.1215],[29.1197,36.3749],[29.0959,36.6821],[28.9291,36.7547],[28.8477,36.5903],[28.4611,36.8821],[28.2697,36.8561],[28.0347,36.5635],[28.1199,36.8077],[27.6783,36.6595],[27.6047,36.6833],[27.4053,36.6655],[28.0345,36.7893],[28.3315,37.0505],[27.4249,37.0361],[27.2653,36.9681],[27.2545,37.1269],[27.4707,37.0839],[27.5777,37.1379],[27.6133,37.2745],[27.1907,37.3551],[27.2169,37.5887],[27.1615,37.6225],[27.0069,37.6661],[27.2399,37.7329],[27.2721,37.9663],[26.2343,38.2759],[26.2861,38.3791],[26.3827,38.3161],[26.5125,38.4199],[26.4157,38.6823],[26.6793,38.3161],[27.1685,38.4543],[26.7229,38.6533],[27.0655,38.8811],[26.6107,39.2815],[26.6719,39.2859],[26.8575,39.4451],[26.8587,39.4797],[26.9403,39.4941],[26.9525,39.5581],[26.0757,39.4753],[26.1487,39.9129],[26.7581,40.4095],[27.7693,40.3183],[27.7821,40.5361],[28.0381,40.4893],[27.9609,40.3613],[29.0599,40.3707],[29.1553,40.4453],[28.7857,40.5447],[29.9381,40.7289],[29.2659,40.8117],[29.0151,41.0287],[29.1009,41.1245],[29.0865,41.1709],[29.1725,41.2293],[31.2333,41.1041],[32.2769,41.7229],[33.3395,42.0255],[34.7169,41.9469],[35.0185,42.0961],[35.2943,41.7095],[36.0679,41.6843],[36.4031,41.2501],[36.8123,41.3587],[37.5155,41.0253],[37.6875,41.1349],[38.3549,40.9089],[39.4259,41.1055],[40.1825,40.9125],[41.4015,41.3779],[41.7759,41.8517],[41.4387,42.7317],[40.2949,43.1709],[38.7603,44.2703],[38.1809,44.3973],[37.7881,44.7251],[37.4883,44.6695],[37.2003,44.9817],[36.5753,45.1847],[36.9607,45.2751],[36.6247,45.3025],[36.7901,45.4361],[37.5301,45.3759],[37.9403,46.0259],[38.0955,45.9451],[38.2729,46.2669],[37.7041,46.7001],[38.5913,46.6591],[38.4109,46.8281],[39.2805,47.0171],[39.2259,47.2671],[38.0963,47.0245],[37.5657,47.0885],[36.1159,46.4863],[36.2487,46.6355],[35.9073,46.6511],[35.1745,46.1361],[34.9853,46.0759],[35.3371,46.3251],[35.3481,46.3531],[35.1981,46.4433],[34.8091,46.1655],[35.3353,45.3821],[36.3419,45.4767],[36.6367,45.3459],[36.4329,45.2753],[36.4397,45.0657],[35.5153,45.1161],[33.9557,44.3811],[33.3669,44.5793],[33.5453,44.6259],[33.5419,45.1119],[32.4805,45.3959],[33.1771,45.8071],[33.2461,45.7565],[33.4831,45.8569],[33.7641,45.9265],[33.6025,46.1545],[32.5095,46.0751],[31.7927,46.3313],[31.7023,46.2771],[31.7767,46.3321],[32.0609,46.3907],[31.7089,46.4371],[31.5079,46.5797],[32.3253,46.4645],[32.4237,46.4923],[31.9973,46.6465],[31.9751,46.8789],[31.8597,46.6283],[31.4303,46.6329],[31.5045,46.6631],[31.5497,46.7657],[30.8329,46.5483],[30.2517,45.8767],[29.7277,45.5873],[29.8807,45.6781],[29.7401,45.6157],[29.6973,45.7817],[29.6409,45.8221],[29.7681,45.3337],[29.6147,44.8629],[29.0967,44.7571],[28.6561,44.3397],[28.5903,43.4923],[28.0973,43.3753],[27.9071,43.1937],[27.9071,42.7093],[27.4577,42.4895],[27.7365,42.4123],[28.2247,41.5321],[29.1133,41.2449],[28.9985,41.0193],[27.5225,40.9829],[26.1953,40.0447],[26.2191,40.3245],[26.8201,40.6537],[26.1193,40.6041],[25.9525,40.8507],[25.1413,41.0119],[24.8033,40.8527],[24.4335,40.9463],[23.7037,40.6991],[24.4049,40.1455],[23.9437,40.3641],[23.7421,40.3601],[23.7033,40.2955],[23.7841,40.1999],[24.0031,40.1149],[23.9363,39.9391],[23.6639,40.2313],[23.3469,40.2323],[23.7095,39.9095],[23.3605,39.9563],[23.3195,40.2317],[22.8995,40.3831],[22.9545,40.6377],[22.6445,40.5493],[22.5979,40.0233],[23.3531,39.1897],[23.2055,39.1003],[23.0603,39.0961],[23.0781,39.1503],[23.1027,39.1019],[23.2145,39.1529],[23.2203,39.1923],[22.9389,39.3617],[22.8229,39.2223],[23.0583,39.0207],[22.5245,38.8605],[24.0755,38.2041],[23.7377,38.0269],[22.4167,38.4431],[21.4909,38.3011],[21.3183,38.4973],[21.3367,38.3859],[21.2601,38.3693],[21.2371,38.3215],[21.1411,38.3057],[21.1011,38.5523],[21.0303,38.5031],[20.9889,38.6673],[20.8741,38.7915],[20.7333,38.8133],[20.7713,38.9571],[21.1737,38.8689],[21.1185,39.0413],[20.7307,38.9525],[19.9845,39.6899],[19.8727,40.0411],[19.4821,40.2199],[19.3027,40.4285],[19.4953,40.3575],[19.3217,40.6559],[19.5361,40.9129],[19.4009,41.4135],[19.6013,41.8139],[19.1769,41.9371],[19.0681,42.1325],[18.6847,42.3867],[18.5455,42.4183],[18.7061,42.3947],[18.7585,42.4905],[18.5123,42.4585],[18.5227,42.3945],[17.8927,42.7883],[17.0037,43.0079],[17.2789,43.0065],[17.4755,42.9107],[17.6899,42.8555],[17.7145,42.8773],[16.8851,43.3997],[15.9609,43.5027],[15.9559,43.6865],[15.8449,43.7761],[15.9999,43.8055],[15.9791,43.9053],[15.6957,43.7687],[15.2025,44.1319],[15.1079,44.2619],[15.2917,44.2457],[15.3029,44.2859],[15.2589,44.3199],[15.2723,44.3327],[15.6265,44.1461],[14.9873,44.5769],[14.8447,45.1133],[14.5435,45.3037],[14.3243,45.3507],[13.9051,44.7701],[13.4933,45.4861],[13.8091,45.6131],[13.5481,45.7973],[13.4481,45.7795],[13.5035,45.7355],[13.5517,45.7251],[13.4349,45.6779],[13.3815,45.6787],[13.3667,45.7387],[13.1327,45.7709],[13.0993,45.6339],[12.3663,45.5499],[11.7315,45.1525],[9.9185,45.0163],[10.0337,44.8693],[12.2489,44.7469],[12.3879,44.2271],[13.6271,43.5519],[13.9515,42.7245],[14.7287,42.0937],[15.5071,41.9091],[15.3053,41.8821],[15.3411,41.8659],[16.1487,41.9111],[15.9565,41.4631],[17.9327,40.6831],[18.4235,40.2901],[18.3493,39.7895],[17.8539,40.2819],[17.1297,40.5193],[16.8979,40.4343],[16.4881,39.7787],[16.9727,39.3527],[16.9649,39.1217],[16.6481,38.9161],[16.5763,38.5835],[16.2721,38.4657],[16.0663,37.9233],[15.7999,37.9191],[16.2225,38.9039],[15.6627,40.0391],[15.3323,40.0001],[14.9017,40.2461],[14.9881,40.4129],[14.7921,40.6637],[14.3253,40.5759],[14.4567,40.7439],[14.0289,40.7929],[13.7105,41.2505],[13.0479,41.2255],[11.6461,42.2879],[11.0999,42.3931],[11.0859,42.6387],[10.4933,42.9383],[10.5197,43.2691],[10.1879,43.9413],[8.8273,44.4273],[8.0741,43.8941],[7.2435,43.7025],[6.9245,43.4759],[5.0893,43.5757],[4.2093,44.3093],[4.0667,43.9741],[2.8277,43.5009],[2.6671,42.8257],[3.0321,42.7099],[3.3151,42.3275],[3.0391,42.1749],[3.2007,41.8983],[2.1185,41.2973],[0.9925,41.0457],[0.7075,40.8033],[0.8561,40.7237],[0.7933,40.7023],[0.6843,40.7293],[0.5919,40.7181],[0.7837,40.6995],[0.8927,40.7219],[0.5421,40.5745],[-0.3263,39.4681],[-0.1479,38.9895],[0.2305,38.7331],[-0.5033,38.3305],[-0.8589,37.7193],[-0.7162,37.6101],[-1.6554,37.3537],[-2.2762,37.8977],[-2.122,38.0269],[-1.726,37.8847],[-1.0393,38.2853],[-0.9364,38.4657],[-1.3847,38.7877],[-1.3507,39.0061],[-1.0238,39.1345],[-0.8183,39.9285],[-2.322,40.4003],[-2.4095,40.6167],[-2.0135,40.9849],[-2.5868,41.4409],[-2.9486,41.1751],[-2.4464,41.0865],[-2.4457,40.9341],[-3.0147,40.6803],[-2.3893,40.0305],[-3.3219,40.0945],[-3.7322,39.5577],[-4.1303,39.7495],[-4.184,39.9667],[-6.4834,40.2601],[-8.9928,39.8277],[-8.6083,40.7261],[-8.6562,40.8585],[-8.7224,40.6675],[-8.7514,40.6463],[-8.643,41.1453],[-8.8938,42.1085],[-8.6062,42.2881],[-8.6073,42.3471],[-8.8645,42.2543],[-8.6602,42.4199],[-8.9353,42.4627],[-8.8169,42.4565],[-8.7406,42.6511],[-9.0789,42.5751],[-8.8759,42.8243],[-9.2654,42.8823],[-9.1641,43.1873],[-8.324,43.4023],[-7.7781,43.3261],[-7.4976,43.1887],[-7.6444,42.6251],[-7.2276,42.6127],[-7.0039,42.7381],[-6.8918,43.5747],[-6.102,43.4855],[-5.8366,43.6609],[-4.5085,43.3833],[-3.5872,43.5141],[-2.9782,43.3105],[-2.7501,43.4539],[-1.7885,43.3555],[-1.4244,43.6615],[-1.2539,44.5511],[-1.0201,44.6553],[-1.1644,44.7733],[-1.2632,44.6285],[-1.1327,45.5155],[-1.0609,45.5679],[-0.6775,45.0775],[-0.5992,45.0151],[-0.5586,45.0355],[-0.8241,45.4897],[-1.2346,45.6889],[-0.9894,45.9597],[-1.2394,46.1657],[-1.1179,46.2947],[-1.8046,46.4871],[-2.139,46.8171],[-1.9844,47.0325],[-2.2432,47.1345],[-2.0089,47.3161],[-2.4915,47.2699],[-2.4778,47.5127],[-2.8105,47.4861],[-2.9107,47.5415],[-2.7337,47.5397],[-2.6566,47.6099],[-2.706,47.6385],[-2.9738,47.6567],[-3.1096,47.4701],[-3.1365,47.7393],[-3.8514,47.7845],[-4.1016,47.9707],[-4.3661,47.7897],[-4.7385,48.0423],[-4.2941,48.1057],[-4.5577,48.1707],[-4.6331,48.2831],[-4.5561,48.3431],[-4.5182,48.2839],[-4.1894,48.3001],[-4.4616,48.3305],[-4.2869,48.4409],[-4.7747,48.3335],[-4.7537,48.5471],[-3.6014,48.6725],[-3.5437,48.8283],[-3.4002,48.8057],[-3.0781,48.8875],[-2.6922,48.4981],[-2.3252,48.6913],[-2.2271,48.5639],[-1.3589,48.6375],[-1.5722,48.7513],[-1.5476,49.2249],[-1.9425,49.7327],[-1.2685,49.7043],[-1.1415,49.3173],[-0.2292,49.2691],[0.1311,49.4043],[0.3435,49.4325],[0.4815,49.4763],[0.0691,49.5173],[0.2109,49.7175],[1.6723,50.1855],[1.5881,50.8753],[3.5115,51.4101],[3.7693,51.3431],[4.2389,51.3523],[3.4369,51.5369],[4.2975,51.4555],[3.9885,51.5909],[4.1837,51.6049],[4.1075,51.6427],[4.2855,51.6333],[4.3779,51.6567],[4.4031,51.6935],[4.2699,51.6563],[4.0025,51.7987],[3.9693,51.8021],[3.9523,51.8019],[3.9161,51.7951],[3.8699,51.7725],[3.9799,51.8445],[4.3411,51.7051],[4.5003,51.6843],[4.6405,51.7113],[4.0595,51.8395],[4.0145,51.9641],[4.6451,52.4677],[4.7367,52.9653],[5.3031,52.7095],[5.0251,52.6303],[5.0135,52.3755],[4.8423,52.4271],[4.7705,52.4307],[4.7779,52.4057],[5.1387,52.3293],[5.6615,52.6127],[5.7175,52.8401],[5.3735,52.8691],[5.3835,53.0597]],[[33.4307,45.8343],[33.4279,45.8329],[33.4325,45.8345],[33.4307,45.8343]],[[31.5661,46.7805],[31.5685,46.7811],[31.5707,46.7847],[31.5661,46.7805]],[[32.2355,46.1761],[32.2373,46.1725],[32.2433,46.1731],[32.2355,46.1761]],[[31.5933,46.8051],[31.5761,46.7897],[31.5949,46.8003],[31.5933,46.8051]],[[13.3901,45.6857],[13.4401,45.6893],[13.4659,45.7073],[13.4007,45.7253],[13.3901,45.6857]],[[48.2491,39.1247],[48.1295,38.9655],[48.3279,39.0517],[48.2491,39.1247]],[[8.1973,55.8679],[8.3829,55.9353],[8.1347,56.1189],[8.1973,55.8679]],[[47.9123,39.6599],[47.3849,39.4577],[47.0603,39.2249],[47.3245,39.2847],[47.9123,39.6599]],[[20.5311,54.9611],[21.2467,54.9503],[21.2893,55.2917],[21.1837,55.3409],[21.2473,55.4633],[21.1403,55.6823],[21.0987,55.7219],[21.0629,55.3313],[20.5311,54.9611]],[[-0.4863,43.4129],[-1.1004,43.2683],[-0.6369,43.0509],[-0.737,42.7171],[-0.4955,42.6445],[-0.1939,42.8697],[-0.4863,43.4129]],[[-0.0429,42.2879],[-0.4646,41.8647],[-0.6156,42.2149],[-1.5692,41.9597],[-1.5566,41.1909],[-0.9254,41.3743],[-0.524,41.2055],[-1.4353,40.8529],[-1.6649,40.6173],[-1.5942,40.4183],[-1.0535,40.3371],[-0.9142,40.7941],[0.0675,41.0293],[0.8099,41.5501],[0.4789,41.6891],[0.4695,42.1347],[-0.0429,42.2879]],[[31.7975,40.2321],[30.1361,40.0129],[29.7541,39.7413],[29.5741,38.8053],[30.8979,38.9231],[31.9695,38.5503],[32.3451,38.7587],[32.9213,38.7621],[33.2987,38.0041],[33.5017,38.1405],[33.4017,38.5263],[32.4673,39.7715],[31.7975,40.2321]],[[13.4667,46.4969],[12.1519,46.8181],[12.1343,47.2107],[13.3825,47.0867],[13.5539,47.3035],[14.7425,47.5815],[10.6001,47.2725],[10.1503,47.1797],[10.0397,46.9319],[9.5215,47.0661],[9.3359,46.7871],[9.2183,46.8491],[9.5185,47.5609],[10.4129,47.5197],[10.4339,47.7459],[10.1973,47.8383],[9.4793,47.7871],[8.8745,46.7975],[7.9637,46.6835],[7.7063,46.4659],[7.4121,46.6525],[7.0795,46.3725],[7.7151,46.1543],[6.9073,45.8733],[6.8449,45.6855],[7.2129,45.4977],[7.1643,45.2571],[6.2565,45.0895],[6.2383,44.8589],[6.4103,44.4595],[6.8847,44.4909],[7.0555,44.0799],[7.5757,44.2065],[7.0917,44.4805],[7.1015,45.0581],[8.0635,45.7169],[8.8369,45.7585],[8.5677,46.3829],[9.2051,46.2789],[9.1349,45.8003],[9.5449,46.1751],[9.9971,45.8211],[10.6979,45.9149],[11.1071,46.2063],[10.9385,46.5695],[11.7345,46.8077],[11.8357,46.7043],[11.4309,46.0815],[13.0571,46.2583],[13.4667,46.4969]]],[[[7.0123,58.0641],[6.8767,58.1961],[6.8013,58.0555],[6.5577,58.1143],[6.9149,58.2811],[5.6827,58.5431],[5.4889,58.7529],[5.5721,59.0313],[5.7455,58.8549],[5.8897,58.9727],[5.9737,58.9065],[6.1755,58.8363],[6.1363,58.9513],[6.5985,59.0445],[6.4061,58.7139],[6.5107,58.5271],[6.9693,58.7139],[7.3475,58.5821],[7.4979,58.7799],[7.9301,58.6371],[7.9669,59.2943],[8.3353,59.4363],[8.5537,60.0125],[9.2183,60.2291],[9.0607,60.9727],[9.8983,60.8331],[10.0131,60.9621],[9.8773,61.2515],[9.3199,61.5615],[8.3383,61.8705],[9.1107,61.8811],[10.0707,61.5081],[10.2967,61.1873],[11.8965,60.8869],[11.8031,60.0125],[12.0581,60.0017],[12.5025,60.5315],[13.1257,59.8063],[13.4991,59.6105],[13.9045,59.6977],[14.5059,60.0343],[14.4045,60.5315],[13.9889,60.9727],[14.0587,61.2515],[14.6853,61.3051],[15.4861,60.8869],[16.2003,60.8869],[16.4081,61.2837],[16.3497,62.6755],[16.8547,63.0543],[16.6791,63.1909],[16.7011,63.5155],[19.3965,63.6721],[20.6087,64.4307],[21.2059,65.5005],[21.8895,65.6509],[22.0171,65.5927],[22.0637,65.5817],[22.1249,65.5799],[22.1505,65.5451],[22.1895,65.5505],[22.0809,65.5289],[22.0715,65.5049],[21.8569,65.5477],[21.8231,65.5319],[21.9989,65.4105],[21.5457,65.4281],[21.6431,65.3453],[21.5013,65.4031],[21.4239,65.3599],[21.7455,65.1931],[21.3087,65.3769],[21.2399,65.3343],[21.5923,65.1387],[21.0039,64.8453],[21.6147,64.4379],[21.0751,64.2285],[20.6755,63.7947],[20.5047,63.8377],[20.4051,63.6727],[20.3193,63.7853],[19.6695,63.4341],[19.4473,63.5735],[19.0447,63.1943],[18.8889,63.2981],[18.7253,63.2911],[18.7201,63.2663],[18.9077,63.2339],[18.2149,63.0143],[18.4903,63.0035],[18.5595,62.9651],[18.2123,62.8865],[18.2861,62.8271],[18.1297,62.7691],[17.9615,62.7995],[17.9123,62.9651],[17.7981,62.9859],[17.8369,63.0129],[17.7767,63.1099],[17.6959,63.1517],[17.6379,63.1717],[17.6089,63.1725],[17.9997,62.6633],[17.8657,62.6733],[17.7227,62.4335],[17.4383,62.5499],[17.3399,62.4759],[17.3957,62.3069],[17.6697,62.2315],[17.3117,61.8565],[17.4921,61.6187],[17.1249,61.7225],[17.2613,61.6575],[17.1269,61.6503],[17.1083,61.6203],[17.2481,61.6043],[17.0749,61.6123],[17.0497,61.5751],[17.2267,61.5485],[17.0569,61.5473],[17.2823,61.2809],[17.1197,61.3075],[17.1461,61.0073],[17.2477,61.0099],[17.0847,60.9005],[17.3585,60.7571],[17.1541,60.6841],[17.7415,60.4965],[18.0187,60.5907],[18.2361,60.3367],[18.6121,60.2505],[18.3151,60.3105],[18.5919,60.0505],[18.8169,59.9801],[18.8225,60.1185],[19.0919,59.8803],[18.8499,59.9469],[18.9529,59.8517],[18.7301,59.7571],[19.0943,59.7553],[18.7233,59.6819],[18.2383,59.4371],[18.3365,59.3853],[17.9675,59.4377],[18.4759,59.1705],[18.1985,59.1089],[18.0543,59.0267],[18.0185,59.0469],[17.9037,58.8517],[17.6763,59.1783],[17.5821,58.9495],[17.6341,58.8943],[17.4673,58.8889],[17.5143,58.7799],[17.0967,58.7733],[16.9441,58.6109],[16.3579,58.6637],[16.1993,58.6363],[16.9559,58.4809],[16.3133,58.4933],[16.8011,58.3613],[16.6367,58.3455],[16.8373,58.1289],[16.6199,58.2015],[16.7889,58.0787],[16.6327,57.9827],[16.8099,57.8713],[16.5943,57.9267],[16.4815,57.8915],[16.5401,57.8743],[16.6719,57.7613],[16.4175,57.9251],[16.7419,57.7005],[16.5403,57.7287],[16.6645,57.6081],[16.5815,57.6507],[16.5207,57.5635],[16.7151,57.4887],[16.4715,57.2603],[16.4721,57.1489],[16.5857,57.0459],[16.4577,57.0315],[16.3957,56.6773],[15.8595,56.0709],[15.8347,56.1653],[15.5993,56.2035],[14.6971,56.1589],[14.7665,56.0085],[14.2401,55.8577],[14.3627,55.5541],[14.1875,55.3803],[12.8137,55.3787],[13.0673,55.6731],[12.4483,56.2935],[12.7815,56.2127],[12.6195,56.4177],[12.9385,56.5755],[12.3633,56.9173],[12.1229,57.4299],[11.9545,57.3589],[11.9713,57.3897],[11.9123,57.4375],[11.9319,57.6235],[11.7139,57.7179],[11.8317,57.7809],[11.6823,57.8535],[11.7917,57.9071],[11.7585,57.9489],[11.8213,57.9981],[11.8289,58.0269],[11.8163,58.0693],[11.8177,58.0729],[11.8053,58.0813],[11.9285,58.2227],[11.8251,58.3123],[11.9167,58.3329],[11.9201,58.3519],[11.7049,58.3405],[11.5245,58.2479],[11.7183,58.4321],[11.5831,58.4785],[11.4715,58.2745],[11.4633,58.4551],[11.2439,58.3535],[11.3507,58.4849],[11.2579,58.5217],[11.3107,58.5809],[11.2551,58.6911],[11.1635,58.7503],[11.2593,58.7231],[11.2399,58.8351],[11.1935,58.9311],[11.1187,58.9701],[11.2267,59.1343],[11.1859,59.1957],[10.8307,59.1525],[10.8127,59.3195],[10.5921,59.4295],[10.6957,59.5261],[10.5885,59.7631],[10.6663,59.8715],[10.7467,59.7115],[10.7919,59.8469],[10.7609,59.9083],[10.5379,59.8907],[10.4839,59.8381],[10.5359,59.6869],[10.6317,59.5953],[10.5143,59.5165],[10.4377,59.6827],[10.2881,59.7525],[10.2165,59.7415],[10.3877,59.6743],[10.3901,59.5281],[10.2397,59.5683],[10.5291,59.3095],[10.4257,59.2597],[10.4383,59.1627],[10.3665,59.1741],[10.4029,59.2637],[10.3749,59.2723],[10.2769,59.0401],[10.2327,59.1233],[9.8487,58.9595],[9.8527,59.0171],[9.7939,59.0913],[9.5179,59.1285],[9.7223,59.0335],[9.7531,58.9911],[9.3019,58.8877],[9.2891,58.8381],[9.4657,58.8319],[9.3539,58.7521],[9.0715,58.7559],[9.2465,58.7243],[8.9857,58.6731],[9.2311,58.6847],[8.9401,58.6171],[8.2051,58.1865],[8.2427,58.1207],[8.1953,58.1645],[8.0665,58.1145],[8.1585,58.2523],[7.6671,58.0133],[7.0123,58.0641]]],[[[-3.615,58.1311],[-4.0915,57.9581],[-4.0212,57.8587],[-4.4084,57.9219],[-4.0534,57.8163],[-3.7788,57.8675],[-4.4673,57.4819],[-3.2896,57.7271],[-2.0097,57.7003],[-1.77,57.5023],[-2.5465,56.5711],[-3.3608,56.3809],[-2.8191,56.4501],[-2.601,56.2739],[-3.4015,56.0101],[-3.6791,56.0477],[-3.8001,56.1103],[-3.854,56.1241],[-3.8747,56.1097],[-3.7266,56.0241],[-3.0725,55.9463],[-2.6654,56.0613],[-1.645,55.5865],[-1.2459,54.5933],[-0.596,54.4915],[-0.0819,54.1211],[-0.2038,53.9763],[0.1189,53.6605],[0.1489,53.6001],[-0.2947,53.7439],[-0.6256,53.7347],[-0.7077,53.7069],[0.1615,53.4831],[0.3395,53.1031],[0.0,52.8951],[0.3673,52.7907],[0.5389,52.9787],[0.9711,52.9827],[1.6879,52.7323],[1.5731,52.0885],[1.3151,51.9349],[1.2723,51.9951],[1.1495,52.0463],[1.2719,51.9599],[1.0519,51.9543],[1.2825,51.9497],[1.1791,51.8745],[1.2291,51.8205],[0.9629,51.8525],[0.6865,51.7311],[0.7443,51.6909],[0.9293,51.7471],[0.9245,51.5959],[0.5477,51.5501],[0.3443,51.4487],[0.6975,51.4733],[0.5407,51.4117],[0.6217,51.3773],[0.6451,51.3981],[0.6701,51.3781],[0.7243,51.4255],[0.7139,51.4141],[0.7585,51.3637],[0.8903,51.3437],[1.4247,51.3943],[1.3731,51.1431],[0.2377,50.7375],[-0.7985,50.7265],[-0.8175,50.8355],[-1.4786,50.9217],[-1.3113,50.8185],[-2.4273,50.6427],[-2.4655,50.5185],[-2.7986,50.7217],[-3.4836,50.6941],[-3.6584,50.2215],[-4.2052,50.4289],[-5.0392,50.2113],[-5.2022,49.9615],[-5.7187,50.0643],[-4.5714,50.7833],[-4.5327,51.0243],[-4.0774,51.0815],[-4.2333,51.1927],[-3.0124,51.2203],[-2.351,51.8049],[-3.4018,51.3847],[-3.8371,51.6311],[-4.3135,51.5679],[-4.0815,51.6613],[-4.3474,51.8029],[-4.943,51.6013],[-5.3222,51.8655],[-4.2118,52.2655],[-3.948,52.5599],[-4.1338,52.6159],[-3.9392,52.7523],[-4.1552,52.8131],[-4.0603,52.9257],[-4.7712,52.7981],[-4.3609,53.0355],[-4.204,53.2145],[-3.3178,53.3591],[-3.2843,53.3265],[-3.0612,53.2267],[-3.2046,53.3903],[-3.0469,53.4413],[-2.9355,53.3099],[-2.789,53.2985],[-2.7441,53.3469],[-3.1081,53.5571],[-2.8395,53.7231],[-3.0613,53.8431],[-3.0145,53.9311],[-2.982,53.8645],[-2.9446,53.8519],[-2.9163,53.8619],[-2.805,54.2463],[-3.1533,54.0657],[-3.6426,54.5185],[-3.4036,54.8701],[-3.0511,54.9837],[-3.6025,55.0273],[-3.5998,54.8753],[-3.9865,54.7699],[-4.0536,54.8623],[-4.4579,54.9453],[-4.396,54.6799],[-4.851,54.8709],[-4.8743,54.6349],[-5.1828,54.9119],[-4.9944,54.9157],[-4.9972,55.1407],[-4.6256,55.4993],[-4.9073,55.7007],[-4.8584,55.7611],[-4.8806,55.9441],[-4.4934,55.9285],[-4.857,55.9921],[-4.7547,56.2107],[-4.9787,55.8627],[-5.1227,56.0139],[-5.0746,55.8999],[-5.1894,55.9841],[-5.2409,55.8979],[-5.2004,55.8337],[-5.3103,55.8545],[-5.3455,55.9747],[-4.9226,56.2745],[-5.4415,56.0349],[-5.3148,55.7845],[-5.6071,55.4283],[-5.5191,55.3677],[-5.8044,55.3033],[-5.4366,55.8579],[-5.6164,55.7629],[-5.5689,56.0433],[-5.7167,55.9503],[-5.5321,56.0787],[-5.485,56.2611],[-5.6674,56.2937],[-5.4469,56.3679],[-5.4349,56.5263],[-5.2875,56.3253],[-5.1279,56.4825],[-4.5149,56.4825],[-4.3016,56.6955],[-3.0581,56.8297],[-3.2405,57.0085],[-3.152,57.1759],[-2.719,57.2539],[-3.5685,57.2427],[-3.9992,57.0197],[-4.11,57.1871],[-5.1067,57.3429],[-5.1672,57.6985],[-5.007,57.8537],[-4.6081,57.8315],[-3.9613,58.2075],[-3.615,58.1311]],[[-0.2892,50.8379],[-0.2859,50.8341],[-0.2691,50.8361],[-0.2892,50.8379]],[[-2.0878,54.8545],[-2.2301,54.6835],[-2.1402,54.6379],[-2.0878,54.8545]],[[-4.1701,50.7373],[-4.1321,50.5129],[-3.991,50.5601],[-3.9934,50.7727],[-4.1701,50.7373]],[[-2.4325,55.3545],[-2.3224,55.0479],[-2.1612,55.0935],[-2.271,55.3771],[-2.4325,55.3545]],[[-2.3893,54.3979],[-2.7111,54.3407],[-2.3874,54.1461],[-2.3893,54.3979]],[[-3.7445,52.3319],[-3.8302,52.0403],[-3.6524,52.0403],[-3.5843,52.3203],[-3.7445,52.3319]],[[-3.2257,55.6263],[-3.8908,55.6149],[-3.9778,55.3885],[-4.2303,55.4679],[-4.4248,55.2411],[-3.0969,55.3319],[-3.2257,55.6263]]],[[[-10.398,51.8455],[-9.7517,52.1553],[-10.4496,52.0975],[-10.4708,52.1829],[-9.7233,52.2589],[-9.9511,52.4123],[-9.6495,52.5733],[-9.4793,52.5491],[-9.0533,52.6007],[-8.9532,52.6633],[-8.7901,52.6493],[-8.7502,52.6771],[-8.6921,52.6545],[-8.6422,52.6603],[-8.6228,52.6701],[-8.958,52.7993],[-9.1637,52.6205],[-9.5847,52.6705],[-9.9411,52.5611],[-9.4984,52.7543],[-9.2817,53.1459],[-9.1514,53.1205],[-8.9668,53.1795],[-8.9293,53.1417],[-8.8824,53.2301],[-9.6156,53.2341],[-9.5559,53.3869],[-9.8821,53.3149],[-9.7965,53.4191],[-9.8702,53.4387],[-9.8566,53.4327],[-9.9013,53.4285],[-9.9601,53.3715],[-10.1883,53.4117],[-10.0217,53.4727],[-10.0453,53.5131],[-10.1479,53.5451],[-10.2049,53.5479],[-9.6983,53.5973],[-9.9072,53.7643],[-9.5467,53.8033],[-9.6295,53.8241],[-9.5636,53.8537],[-9.6015,53.8869],[-9.5664,53.8933],[-9.5778,53.9073],[-9.9467,53.8743],[-9.7956,53.9157],[-9.8339,54.1301],[-9.9944,54.1055],[-9.9179,54.1345],[-9.7595,54.1345],[-9.8141,54.3449],[-9.2624,54.3145],[-9.1383,54.1429],[-9.0501,54.2995],[-8.6624,54.2757],[-8.5904,54.2143],[-8.5078,54.2229],[-8.5062,54.3271],[-8.6768,54.3675],[-8.1194,54.6545],[-8.804,54.7037],[-7.8612,54.7975],[-7.7428,55.0821],[-8.4432,54.9821],[-8.2878,55.1615],[-7.8557,55.1311],[-7.7896,55.2585],[-7.8167,55.2033],[-7.8075,55.1807],[-7.6953,55.1017],[-7.8003,55.2189],[-7.6302,55.2793],[-7.5193,55.1245],[-7.6856,54.9525],[-7.445,55.0523],[-7.5202,55.2883],[-7.2519,55.2827],[-7.398,55.3809],[-6.9232,55.2375],[-7.1587,55.1489],[-7.4005,54.9409],[-6.9596,55.1951],[-6.1443,55.2285],[-5.6916,54.8083],[-5.9295,54.5993],[-5.5862,54.6799],[-5.4345,54.4885],[-5.5055,54.3333],[-5.5593,54.5353],[-5.6868,54.5849],[-5.7039,54.3519],[-5.527,54.3149],[-6.0662,54.0247],[-6.3437,54.1689],[-6.1078,54.0013],[-6.4036,54.0153],[-6.0859,53.5567],[-6.2099,53.4677],[-6.0573,53.3649],[-6.1233,53.3915],[-6.2365,53.3623],[-6.0024,52.9673],[-6.3571,52.3473],[-6.469,52.3783],[-6.5145,52.3521],[-6.3658,52.1721],[-6.7589,52.2643],[-6.9287,52.1239],[-6.9013,52.2009],[-6.9947,52.2801],[-6.9885,52.1453],[-7.6396,52.1051],[-7.589,51.9919],[-8.0307,51.8213],[-8.2602,51.7955],[-8.1768,51.8631],[-8.214,51.8673],[-8.1764,51.8845],[-8.1803,51.9095],[-8.4363,51.9051],[-8.277,51.8005],[-8.6375,51.7411],[-8.5328,51.6097],[-9.2325,51.4833],[-9.3836,51.4729],[-9.3879,51.4839],[-9.3609,51.4905],[-9.3579,51.5163],[-9.3231,51.5395],[-9.3231,51.5503],[-9.4566,51.5663],[-9.824,51.4533],[-9.4509,51.6955],[-9.5429,51.7543],[-10.1662,51.5869],[-9.568,51.8759],[-9.9091,51.8377],[-10.0427,51.7779],[-9.6083,52.0171],[-9.1585,51.8183],[-8.8938,51.8885],[-8.8821,52.1221],[-7.5511,52.2503],[-7.7643,53.0055],[-7.9696,52.6459],[-9.2849,52.5413],[-9.5843,52.4251],[-9.3458,52.1687],[-10.398,51.8455]],[[-7.3846,52.7737],[-7.3256,52.5181],[-7.1651,52.5065],[-7.2054,52.7273],[-7.3846,52.7737]],[[-6.7556,52.5065],[-6.4515,52.4367],[-6.312,52.5879],[-6.6684,52.5995],[-6.7556,52.5065]],[[-8.3224,53.9165],[-8.2479,53.8017],[-7.9106,53.8935],[-7.9312,54.0085],[-8.3224,53.9165]],[[-7.8999,53.4561],[-7.5052,53.3755],[-7.3849,53.5829],[-7.8999,53.4561]],[[-6.7712,54.9683],[-6.7301,54.7291],[-6.4219,54.5579],[-6.4289,54.9001],[-6.7712,54.9683]],[[-7.7447,54.4323],[-7.2719,54.1231],[-7.1682,54.2835],[-7.4068,54.5351],[-6.8863,54.4893],[-6.9107,54.7861],[-7.1112,54.9341],[-7.7447,54.4323]]],[[[35.9637,34.5179],[36.4235,34.3949],[36.4157,34.0687],[35.7407,32.2725],[35.1755,31.3921],[35.4103,31.2417],[34.2773,31.3717],[34.7069,31.9357],[35.6645,34.2855],[35.9637,34.5179]]],[[[3.8797,36.9235],[4.7891,36.8961],[5.2691,36.6427],[5.7687,36.8315],[5.8441,36.3307],[5.1071,35.9027],[4.2269,35.9203],[2.5541,36.1695],[2.2771,36.4721],[2.2623,36.6283],[3.8797,36.9235]]],[[[-4.3073,32.9721],[-4.8557,32.8983],[-5.4308,33.0831],[-5.6729,33.4127],[-5.6183,33.6431],[-5.3586,34.0703],[-3.9899,34.5109],[-3.7044,34.4457],[-3.5096,34.0099],[-4.3073,32.9721]]],[[[-5.9235,35.7983],[-5.2768,35.9085],[-5.2345,35.5575],[-4.6945,35.2141],[-3.338,35.1957],[-2.9635,35.4539],[-2.9172,35.2299],[-3.1366,34.8771],[-4.0666,34.5261],[-6.2309,35.0365],[-5.9235,35.7983]]],[[[8.5039,36.9089],[9.8651,37.3351],[9.7635,37.2245],[9.8271,37.1433],[9.8829,37.2729],[10.2789,37.1881],[10.1323,37.1477],[10.3401,36.7373],[10.6123,36.8789],[10.4721,36.4939],[9.4227,36.0353],[8.4151,36.0849],[8.2107,36.5557],[8.5039,36.9089]]],[[[14.6273,67.4711],[15.1589,67.5523],[14.9443,67.4923],[15.7577,67.3635],[15.5303,67.0917],[14.7453,66.8705],[14.3365,65.7457],[13.7591,65.1419],[12.4273,64.9673],[11.3823,64.5529],[11.4045,64.4759],[11.0271,64.6015],[11.3653,64.5513],[11.4047,64.7137],[11.5685,64.7699],[11.7869,64.7777],[11.8477,64.7959],[11.6653,64.8575],[12.1531,64.9661],[11.6201,64.8669],[11.3821,64.7539],[11.1869,64.7395],[11.6665,64.8923],[11.2815,64.8591],[11.7867,64.9833],[11.5941,64.9795],[11.9189,65.1409],[12.4575,65.0753],[12.9515,65.3159],[12.4941,65.1317],[12.4351,65.2683],[12.2505,65.2331],[12.4385,65.3645],[12.2029,65.2429],[12.0337,65.2063],[11.9843,65.2267],[12.3461,65.4729],[12.2851,65.5887],[12.4899,65.4063],[12.7687,65.4649],[12.3605,65.6331],[12.7817,65.6373],[12.5425,65.7527],[12.7145,65.7785],[12.6649,65.9225],[13.2089,65.8273],[12.9047,65.9799],[13.0481,66.0793],[12.7021,66.0869],[13.8239,66.1415],[13.5989,66.2291],[13.7909,66.1943],[14.1711,66.3291],[13.0245,66.1819],[13.5647,66.3089],[13.0043,66.3339],[13.1437,66.4121],[13.0711,66.4657],[13.1607,66.4655],[13.0531,66.5461],[13.2507,66.4445],[13.7405,66.6089],[13.2011,66.5605],[13.5565,66.6509],[13.1991,66.7277],[13.9857,66.8031],[13.4917,66.9587],[14.2281,66.9995],[14.5043,67.2423],[15.4773,67.1053],[15.4323,67.2609],[15.0465,67.2723],[15.1747,67.3309],[14.3061,67.2661],[15.0571,67.4537],[14.6273,67.4711]]],[[[9.0297,63.4201],[8.9857,63.4313],[8.9971,63.4347],[8.9835,63.4439],[9.0563,63.4527],[9.1559,63.4099],[9.0979,63.2939],[9.5103,63.4013],[9.1531,63.4935],[9.5845,63.5331],[9.7479,63.6509],[9.9825,63.4425],[9.8305,63.3231],[10.2749,63.3297],[10.0657,63.3947],[10.8011,63.4225],[10.9183,63.5931],[10.7261,63.6235],[11.4789,63.7949],[10.7217,63.0229],[9.2037,62.4219],[7.9681,62.3797],[8.3309,62.2103],[8.1261,62.1361],[7.5217,62.2315],[7.0205,62.1025],[7.0409,62.2805],[7.4303,62.2563],[6.5715,62.5445],[6.2649,62.5327],[6.9983,62.6569],[7.5575,62.5001],[7.7873,62.5751],[7.5579,62.5543],[7.4027,62.6303],[8.1475,62.6881],[7.3523,62.6969],[7.6563,62.7957],[6.9877,62.7231],[7.2371,62.8127],[6.9007,62.9161],[7.2901,63.0169],[7.4435,62.9037],[8.0409,62.9657],[8.1583,62.8159],[8.5483,62.6699],[7.9803,63.0453],[7.8899,63.0305],[8.1029,63.1217],[8.3061,62.8569],[8.6857,62.8203],[8.4245,62.9477],[8.6487,62.9907],[8.3787,62.9701],[8.4933,63.0185],[8.2647,63.0215],[8.1751,63.1299],[8.6155,63.1011],[8.9693,63.2075],[8.4821,63.2841],[8.8423,63.3551],[8.6675,63.3885],[9.0297,63.4201]]],[[[-6.8142,32.2427],[-5.6665,32.9095],[-5.011,32.8495],[-5.0677,32.5237],[-5.8535,32.0317],[-6.5677,31.8271],[-6.8344,32.0127],[-6.8142,32.2427]]],[[[22.1307,38.1407],[23.1131,36.7769],[22.6067,37.1661],[22.6581,36.8481],[22.5245,36.6685],[22.3743,36.6797],[22.0477,37.3127],[21.9437,37.1417],[21.6257,37.2309],[21.6717,37.9949],[22.1307,38.1407]]],[[[-8.9276,31.7849],[-7.9807,31.8051],[-7.4491,32.0669],[-6.9161,31.7945],[-7.8863,31.1653],[-7.9245,31.3311],[-8.3484,31.1653],[-8.7238,31.3693],[-8.9276,31.7849]]],[[[13.6995,37.9951],[15.5465,38.1535],[15.1837,37.6337],[14.8897,37.7637],[14.6503,37.2883],[14.2339,37.4225],[14.2589,37.7515],[13.6949,37.8123],[13.6995,37.9951]]],[[[1.5459,35.5239],[0.9671,35.6253],[0.9025,35.8409],[1.1131,36.1717],[1.9909,36.3431],[2.1545,36.1847],[2.0665,35.9259],[1.5459,35.5239]]],[[[-1.4614,34.9775],[-0.1393,35.7619],[0.0883,35.6873],[-0.882,34.6473],[-1.3911,34.6181],[-1.4614,34.9775]]],[[[6.7819,60.4447],[6.8807,60.2615],[6.6151,59.8607],[6.6955,59.4145],[6.6005,59.0521],[6.2671,59.0131],[6.1111,58.9471],[6.0763,58.9079],[6.0809,59.0027],[5.8881,59.0719],[6.5559,59.3187],[6.0215,59.3403],[6.6099,59.5585],[6.2729,59.5213],[6.3469,59.6509],[6.2197,59.4751],[6.1205,59.4059],[5.9475,59.3603],[6.1949,59.4791],[5.8607,59.5479],[5.6699,59.3975],[5.8727,59.3365],[5.7469,59.3431],[5.6625,59.2915],[5.6575,59.2859],[5.6641,59.2615],[5.6457,59.2627],[5.6463,59.3249],[5.6841,59.3299],[5.6233,59.4085],[5.4881,59.2737],[5.3775,59.4211],[5.3543,59.2697],[5.3105,59.6229],[5.5235,59.7357],[5.5295,59.5743],[5.4475,59.5449],[5.4601,59.4829],[5.5471,59.5291],[5.5859,59.6873],[5.7905,59.6039],[6.3319,59.8467],[6.0105,59.7551],[5.6645,59.8529],[5.9875,59.9575],[6.0497,60.0761],[6.3095,60.1295],[6.0787,60.1949],[6.5835,60.4357],[6.6713,60.4037],[6.5511,60.1911],[6.5441,60.0761],[6.7819,60.4447]]],[[[11.8477,55.9653],[12.6349,56.0327],[12.6031,55.7077],[12.2359,55.5371],[12.4587,55.2913],[12.0327,55.1657],[12.1855,55.1123],[12.0505,54.9597],[11.6233,55.0815],[11.8351,55.0449],[11.7253,55.1107],[11.8191,55.1313],[11.7185,55.2095],[11.2487,55.2109],[11.1539,55.5923],[10.9365,55.6729],[11.1115,55.6713],[10.8803,55.7457],[11.2683,55.7329],[11.5321,55.8743],[11.5203,55.9307],[11.3035,55.9747],[11.2889,55.9995],[11.7781,55.9771],[11.6583,55.7219],[11.8151,55.6677],[11.9407,55.9343],[12.0699,55.7679],[11.9943,55.7407],[11.9349,55.6543],[12.0845,55.6529],[12.1231,55.7297],[12.0453,55.9295],[11.8477,55.9653]]],[[[23.7843,35.5529],[24.0055,35.5169],[24.1703,35.5957],[24.0729,35.4931],[24.3291,35.3539],[25.5957,35.3337],[25.5607,35.0001],[24.7385,34.9253],[24.7399,35.0821],[24.3913,35.1939],[23.5895,35.2343],[23.5957,35.6269],[23.7843,35.5529]]],[[[10.4605,64.4161],[11.1555,64.4449],[11.3391,64.4627],[11.2181,64.3177],[11.3893,64.3889],[11.4011,64.4495],[12.1515,64.3065],[11.4817,63.7985],[11.0723,63.8657],[11.4907,64.0093],[11.3123,64.1161],[10.6015,63.8131],[11.0481,63.8867],[10.9445,63.7421],[10.4277,63.5739],[9.9985,63.4889],[9.8129,63.6293],[10.1159,63.7879],[9.5471,63.6669],[9.8037,63.7679],[9.5619,63.7737],[9.6771,63.8485],[10.2241,63.9329],[9.9529,63.9115],[10.1235,63.9699],[9.9557,63.9525],[10.0027,64.0211],[10.0613,64.0161],[10.0371,64.1037],[10.2541,64.1061],[10.1177,64.1261],[10.3661,64.1797],[10.2791,64.2375],[10.4947,64.2973],[10.4423,64.3555],[10.6731,64.3611],[10.4605,64.4161]],[[10.0417,64.0001],[10.0575,63.9913],[10.0611,63.9939],[10.0417,64.0001]]],[[[-5.8277,37.6289],[-5.8216,38.0367],[-5.407,38.0127],[-5.3396,37.6609],[-6.39,36.6451],[-6.0852,37.0639],[-6.3499,36.8039],[-6.5362,36.9953],[-6.0982,37.1399],[-6.2105,37.6849],[-5.8277,37.6289]]],[[[36.8499,33.1631],[36.5063,32.7797],[36.1443,32.8987],[36.7989,34.2411],[36.9267,34.1297],[36.8499,33.1631]]],[[[5.1231,60.6515],[5.1343,60.6777],[5.2491,60.6221],[5.2705,60.6227],[5.1589,60.7341],[4.9519,60.8111],[5.4669,60.6351],[5.2727,60.7673],[5.5889,60.8741],[5.0833,60.8353],[5.0171,60.9667],[5.1247,60.8785],[5.3075,60.9911],[5.0359,60.9895],[5.1559,61.0871],[6.3621,61.0049],[6.6389,61.1795],[7.0089,61.0655],[7.0209,60.9837],[6.8783,60.9363],[6.8463,60.8829],[7.1273,60.8687],[7.0355,61.1081],[7.4685,61.1031],[7.7051,61.2323],[7.3827,61.2141],[7.4785,61.4227],[7.7491,61.2195],[6.9469,60.7039],[5.8153,60.8439],[5.7975,60.6579],[5.7135,60.7651],[5.2923,60.5425],[5.2087,60.6231],[5.1231,60.6515]]],[[[-3.054,37.1719],[-2.5462,37.4767],[-2.0006,36.8433],[-2.7557,36.6895],[-3.054,37.1719]]],[[[-5.8402,38.7537],[-6.1859,38.2919],[-7.0017,38.8729],[-6.9507,39.0317],[-5.8402,38.7537]]],[[[23.3319,39.0283],[23.5917,38.7673],[24.1509,38.6577],[24.2517,38.2353],[24.5873,38.1623],[24.5571,37.9805],[24.2037,38.0923],[24.1587,38.2813],[24.0245,38.3319],[24.0523,38.3919],[23.6527,38.4027],[23.2021,38.8365],[22.8333,38.8331],[23.3319,39.0283]]],[[[6.4049,62.3603],[7.0113,62.2927],[6.8807,62.0933],[7.1007,62.0971],[6.0043,61.9023],[6.5913,61.8837],[6.5047,61.8311],[5.7363,61.8943],[5.9341,61.9181],[5.1193,61.9199],[5.4305,62.0189],[5.2365,62.1019],[5.1141,62.1027],[5.1819,62.2145],[5.4635,62.0065],[5.6209,62.0555],[5.4959,62.2015],[5.7369,62.0929],[5.9135,62.2007],[5.8503,62.0121],[5.9937,62.1491],[6.0827,62.0591],[6.3111,62.0611],[5.9373,62.2253],[6.3323,62.3807],[6.5569,62.1091],[6.6589,62.1967],[6.4049,62.3603]]],[[[-4.4157,38.8889],[-4.9464,38.7459],[-5.0154,39.2619],[-4.6551,39.4677],[-4.4413,39.3885],[-4.4157,38.8889]]],[[[18.1117,57.5321],[19.0223,57.9179],[19.1091,57.8181],[19.0491,57.8339],[18.9637,57.7897],[18.9569,57.7243],[18.8143,57.7399],[18.7779,57.4703],[18.9451,57.4203],[18.1371,56.9061],[18.3085,57.0971],[18.1021,57.2563],[18.1117,57.5321]]],[[[9.6807,55.5165],[10.4271,55.5889],[10.5663,55.5223],[10.4945,55.5509],[10.4281,55.4409],[10.7117,55.5425],[10.5465,55.4461],[10.8597,55.2945],[10.7463,55.0693],[10.0789,55.0763],[10.1747,55.1297],[9.6807,55.5165]]],[[[22.5607,58.6423],[23.3329,58.4417],[22.7185,58.2141],[22.3675,58.2197],[22.0005,57.9169],[22.2015,58.1447],[21.8487,58.2789],[22.0001,58.3737],[21.8321,58.5051],[22.5607,58.6423]],[[23.2825,58.4307],[23.2833,58.4303],[23.2841,58.4309],[23.2825,58.4307]]],[[[15.9527,68.2653],[16.2169,67.8981],[16.4677,67.8217],[15.7761,67.3749],[15.5157,67.4509],[15.8853,67.5951],[15.2191,67.5583],[15.4613,67.5969],[15.1717,67.6355],[15.3061,67.7413],[15.6137,67.7685],[15.8309,67.6897],[15.8517,67.7095],[15.4373,67.8685],[15.1641,67.7161],[14.7457,67.6807],[15.1505,67.7703],[14.7519,67.8135],[15.1763,67.8703],[14.9067,67.8933],[15.8907,67.9171],[15.9927,68.0015],[15.8147,68.0567],[15.5841,68.0495],[15.5167,68.1023],[15.3955,68.0453],[15.4083,68.0043],[15.2745,68.0609],[15.6195,68.1935],[15.7989,68.1017],[15.9527,68.2653]]],[[[27.3981,66.5781],[26.2897,66.3961],[26.1221,66.7295],[27.0255,66.9109],[27.3981,66.5781]]],[[[4.9687,61.7247],[5.9821,61.8483],[5.9181,61.7437],[5.9079,61.7127],[5.9241,61.6897],[6.0323,61.8469],[6.6817,61.7853],[5.5555,61.5509],[5.5731,61.3699],[5.4163,61.3843],[5.1915,61.3573],[5.0839,61.3209],[5.1579,61.4273],[4.9815,61.4139],[5.4737,61.4901],[4.9687,61.7247]]],[[[5.7387,60.6423],[6.8149,60.5531],[6.8309,60.4821],[6.2209,60.4695],[6.2783,60.3791],[6.0215,60.2673],[5.9005,60.1559],[5.9267,60.0481],[5.8253,59.9865],[5.7675,60.1885],[5.5815,60.1675],[5.7623,60.3927],[5.4431,60.1373],[5.3611,60.2333],[5.2487,60.2125],[5.2779,60.5189],[5.4651,60.4219],[5.4621,60.4525],[5.5127,60.4251],[5.5613,60.4255],[5.7329,60.4555],[5.7387,60.6423]]],[[[-6.2602,36.4747],[-5.9947,36.4077],[-5.2003,36.3929],[-5.6054,36.0145],[-6.2602,36.4747]]],[[[-4.4817,58.4449],[-3.0266,58.6429],[-3.1099,58.3747],[-4.6354,58.3949],[-4.5049,58.5745],[-4.4817,58.4449]]],[[[-5.927,56.8935],[-5.6352,56.9721],[-5.0277,56.9527],[-4.9897,56.8409],[-5.1612,56.6887],[-5.0964,56.8339],[-5.2021,56.8575],[-5.336,56.8605],[-5.1239,56.8257],[-5.6862,56.5015],[-6.0119,56.6477],[-5.8335,56.6251],[-5.5395,56.6897],[-6.2356,56.7179],[-5.7547,56.7843],[-5.8711,56.8159],[-5.8542,56.8369],[-5.7312,56.8447],[-5.6749,56.8777],[-5.927,56.8935]]],[[[-4.1325,36.7271],[-4.4702,36.6513],[-5.0794,37.0917],[-4.8039,37.1157],[-4.1325,36.7271]]],[[[26.3437,39.3941],[26.6095,39.0151],[25.8323,39.1925],[25.9135,39.2965],[26.3437,39.3941]]],[[[-6.3182,57.4597],[-6.3044,57.7099],[-6.1435,57.5877],[-6.172,57.2995],[-5.6703,57.2115],[-5.8087,57.1773],[-6.0227,57.0223],[-5.8413,57.1907],[-6.3277,57.1635],[-6.3914,57.3663],[-6.7913,57.4233],[-6.586,57.4247],[-6.6369,57.6095],[-6.3182,57.4597]]],[[[17.0803,57.3555],[17.0825,57.1737],[16.4103,56.1929],[16.3809,56.5265],[17.0803,57.3555]]],[[[-7.9892,37.3243],[-8.3592,37.2361],[-8.3935,37.3965],[-8.0252,37.6047],[-7.9892,37.3243]]],[[[11.0201,54.8921],[11.6091,54.8153],[11.7467,54.8743],[11.8641,54.6867],[11.4993,54.5973],[10.9637,54.8031],[11.1541,54.8089],[11.0201,54.8921]]],[[[4.9797,61.2733],[5.5857,61.2409],[6.5519,61.2853],[6.5687,61.2159],[5.4047,61.0703],[4.9797,61.2733]]],[[[22.5833,59.0677],[23.0747,58.8389],[22.7457,58.8045],[22.5475,58.6873],[22.0443,58.9249],[22.5833,59.0677]]],[[[-3.318,38.6743],[-3.6156,38.6345],[-3.7444,38.7935],[-3.2344,38.8969],[-3.318,38.6743]]],[[[13.1621,54.5611],[13.6809,54.5635],[13.5729,54.4697],[13.7673,54.3427],[13.7271,54.2745],[13.6593,54.3657],[13.1423,54.2827],[13.2731,54.4811],[13.1423,54.5471],[13.5071,54.4847],[13.1621,54.5611]]],[[[27.8777,36.3215],[28.0887,36.0569],[27.7559,35.8815],[27.6869,36.1503],[27.8777,36.3215]]],[[[-3.0253,37.7329],[-2.6433,37.8129],[-2.6318,37.6047],[-2.8118,37.5247],[-3.0253,37.7329]]],[[[-6.2066,56.4623],[-6.2715,56.4813],[-6.2668,56.4847],[-6.2528,56.4985],[-6.2244,56.5037],[-6.1635,56.4819],[-6.1422,56.4951],[-6.3304,56.6093],[-6.1247,56.6589],[-5.9554,56.5243],[-5.801,56.5201],[-5.6499,56.4339],[-6.3285,56.2725],[-5.9837,56.3925],[-6.2138,56.3749],[-6.0013,56.4999],[-6.2066,56.4623]]],[[[5.4603,43.2151],[5.7875,43.2967],[6.1991,43.1205],[5.8369,43.0547],[5.6857,43.1831],[5.4603,43.2151]]],[[[7.3965,61.4045],[7.3247,61.1603],[6.5819,61.2305],[6.6825,61.3043],[7.3965,61.4045]]],[[[20.5417,38.4703],[20.8169,38.1201],[20.7925,38.0643],[20.4491,38.2817],[20.3395,38.1817],[20.5417,38.4703]]],[[[19.8063,60.3963],[19.9263,60.4203],[19.9465,60.3557],[20.2881,60.2817],[19.9345,60.2391],[20.2427,60.0017],[19.9971,60.1081],[19.7593,60.0949],[19.6493,60.2913],[19.8391,60.2011],[19.9317,60.3195],[19.8063,60.3963]]],[[[13.7751,54.1713],[14.2441,53.9211],[14.7629,54.0153],[14.6931,53.9981],[14.5859,53.8037],[14.4033,53.8921],[13.8835,53.8385],[14.0483,53.9941],[13.7725,54.0181],[13.7751,54.1713]]],[[[-4.5721,53.2699],[-4.4339,53.4337],[-4.047,53.3141],[-4.347,53.1317],[-4.5721,53.2699]]],[[[-5.5821,57.9157],[-5.2596,57.7983],[-5.8197,57.6397],[-5.674,57.7015],[-5.814,57.8605],[-5.6054,57.7673],[-5.5821,57.9157]]],[[[11.9193,61.3907],[11.5307,61.3157],[11.4879,61.5935],[11.8373,61.6041],[11.9193,61.3907]]],[[[-6.1678,55.9341],[-6.0754,55.6473],[-6.3423,55.5945],[-6.2629,55.7875],[-6.5246,55.6933],[-6.1678,55.9341]]],[[[19.6331,39.7547],[19.9527,39.7803],[19.8433,39.6585],[20.1081,39.3643],[19.6331,39.7547]]],[[[14.7517,55.2895],[15.1581,55.1317],[15.1213,55.0151],[14.6847,55.0965],[14.7517,55.2895]]],[[[-4.5481,54.3637],[-4.411,54.1813],[-4.7986,54.0641],[-4.5481,54.3637]]],[[[12.4883,64.7097],[12.7683,64.7303],[13.0691,64.4515],[12.7337,64.4307],[12.4883,64.7097]]],[[[22.9681,60.2823],[22.8619,60.2159],[22.7667,60.0065],[22.6837,60.0445],[22.3791,60.0157],[22.6241,60.1511],[22.4211,60.1581],[22.4747,60.2365],[22.5463,60.2005],[22.9681,60.2823]]],[[[14.8229,37.1051],[15.1321,37.1905],[15.1445,37.0561],[14.9171,37.0071],[14.8229,37.1051]]],[[[11.7063,54.9315],[12.1701,54.8335],[11.9767,54.5627],[11.7063,54.9315]]],[[[26.7421,37.8147],[27.0681,37.7175],[26.5699,37.7321],[26.7421,37.8147]]],[[[-6.6552,37.5729],[-6.9003,37.6449],[-6.8066,37.7889],[-6.6253,37.7329],[-6.6552,37.5729]]],[[[-5.3555,55.5107],[-5.157,55.6775],[-5.0945,55.4473],[-5.3555,55.5107]]],[[[14.4331,45.0737],[14.5929,45.2375],[14.8219,44.9755],[14.4331,45.0737]]],[[[14.3135,45.1733],[14.4823,44.9643],[14.4939,44.6069],[14.3135,45.1733]]],[[[20.7209,37.8921],[20.9095,37.8071],[20.9935,37.7003],[20.8103,37.6537],[20.7209,37.8921]]],[[[-8.3548,52.3785],[-8.7977,52.2969],[-8.8373,52.4483],[-8.3548,52.3785]]],[[[16.4477,43.3939],[16.8153,43.3533],[16.8969,43.3017],[16.5327,43.2693],[16.4477,43.3939]]],[[[9.4843,62.0405],[9.2805,61.9981],[9.0681,62.2315],[9.3261,62.2419],[9.4843,62.0405]]],[[[24.6601,40.8041],[24.7865,40.6345],[24.6487,40.5783],[24.5153,40.6649],[24.6601,40.8041]]],[[[-1.3805,50.7167],[-1.0786,50.6881],[-1.5888,50.6679],[-1.3805,50.7167]]],[[[-6.7703,58.1191],[-6.557,58.3067],[-6.3268,58.1943],[-6.7703,58.1191]]],[[[-6.0696,55.8105],[-5.6909,56.1125],[-5.9666,55.7945],[-6.0696,55.8105]]],[[[5.6435,60.6869],[5.6499,60.7061],[5.7329,60.6795],[5.7145,60.4705],[5.3459,60.5363],[5.4967,60.5259],[5.4439,60.5649],[5.5897,60.6215],[5.6435,60.6869]]],[[[11.6855,58.2413],[11.8397,58.2395],[11.8339,58.1247],[11.4187,58.1295],[11.6855,58.2413]]],[[[9.7445,55.0849],[9.9687,55.0069],[10.0723,54.8759],[9.7877,54.9069],[9.7445,55.0849]]],[[[20.6981,38.8553],[20.7303,38.6379],[20.5499,38.5677],[20.6003,38.7785],[20.6981,38.8553]]],[[[16.3733,43.1951],[16.6985,43.1633],[17.1945,43.1247],[16.6871,43.1209],[16.3733,43.1951]]],[[[14.7335,44.7043],[14.9543,44.5821],[15.2527,44.3275],[15.1041,44.3193],[14.7335,44.7043]]],[[[10.9509,55.1629],[10.7227,54.7313],[10.5927,54.8453],[10.9509,55.1629]]],[[[16.6611,42.9167],[17.0441,42.9787],[17.2015,42.9179],[16.6611,42.9167]]],[[[23.0647,58.5943],[23.3583,58.6509],[23.4103,58.5477],[23.0647,58.5943]]],[[[5.5345,59.7911],[5.3543,59.9777],[5.5005,59.9117],[5.5345,59.7911]]],[[[35.7525,65.1727],[35.7559,64.9531],[35.4957,65.1125],[35.7525,65.1727]]],[[[3.6815,51.6927],[3.8341,51.7389],[4.1117,51.6685],[3.6815,51.6927]]],[[[12.2427,55.0509],[12.5235,55.0083],[12.5565,54.9587],[12.1061,54.9029],[12.3565,54.9843],[12.2427,55.0509]]],[[[18.5035,59.3855],[18.7159,59.3765],[18.7571,59.3331],[18.2377,59.3041],[18.4735,59.3207],[18.5035,59.3855]]],[[[5.3689,59.9891],[5.7093,60.0277],[5.6581,59.9057],[5.6063,59.9363],[5.5407,59.8957],[5.3689,59.9891]]],[[[24.5575,65.0389],[24.8311,65.0939],[25.0609,65.0423],[24.5575,65.0389]]],[[[5.2549,59.4045],[5.3323,59.2705],[5.2941,59.1411],[5.1689,59.2045],[5.2549,59.4045]]],[[[11.0099,54.4453],[11.2447,54.4973],[11.3155,54.4031],[11.0099,54.4453]]],[[[5.1949,59.5781],[5.2527,59.8493],[5.3547,59.7109],[5.3873,59.7115],[5.3501,59.6855],[5.2967,59.6749],[5.3355,59.6959],[5.3247,59.7347],[5.2407,59.7471],[5.1949,59.5781]]],[[[39.9747,64.6827],[40.3659,64.7301],[40.4789,64.5729],[39.9747,64.6827]]],[[[-1.3834,45.9511],[-1.2397,45.9861],[-1.2011,45.8241],[-1.3834,45.9511]]],[[[5.7761,62.3235],[6.0073,62.4271],[6.1279,62.3555],[5.9171,62.2585],[5.8153,62.2531],[5.8721,62.2799],[5.7761,62.3235]]],[[[4.9763,60.4463],[5.1359,60.3257],[5.1635,60.1891],[4.9591,60.2573],[5.0681,60.3071],[4.9763,60.4463]]],[[[7.6469,63.0773],[7.6693,63.1223],[7.6819,63.0707],[7.6269,63.0589],[7.7355,63.0051],[7.3539,62.9881],[7.5955,63.0213],[7.5739,63.0553],[7.6469,63.0773]]],[[[12.8945,66.0237],[12.4701,65.8583],[12.3801,65.8985],[12.6057,66.0253],[12.8945,66.0237]]],[[[4.9023,53.0807],[4.7085,53.0193],[4.8591,53.1829],[4.9023,53.0807]]],[[[4.8183,61.8557],[5.2365,61.8699],[5.2551,61.8389],[4.8183,61.8557]]],[[[-5.763,57.0523],[-5.5945,57.1215],[-5.5302,57.0045],[-5.6224,56.9829],[-5.6729,57.0355],[-5.7457,57.0307],[-5.763,57.0523]]],[[[-10.1923,54.0193],[-9.9485,53.8785],[-10.2613,53.9779],[-10.1923,54.0193]]],[[[5.5297,62.2283],[5.8185,62.2287],[5.6097,62.1865],[5.5297,62.2283]]],[[[21.1975,63.3037],[21.2777,63.2969],[21.1979,63.2541],[21.1943,63.2335],[21.3205,63.2219],[21.3907,63.2795],[21.4577,63.2059],[21.1683,63.1835],[21.1975,63.3037]]],[[[11.2099,57.3169],[11.0167,57.1911],[10.8695,57.2581],[11.2099,57.3169]]],[[[-5.3097,58.2251],[-5.0385,58.2513],[-5.3019,58.1633],[-5.4067,58.2379],[-5.3775,58.2677],[-5.3097,58.2251]]],[[[21.9373,65.6545],[22.2667,65.6801],[22.1471,65.6127],[22.3037,65.6627],[22.3643,65.5479],[21.9373,65.6545]]],[[[8.2581,63.2747],[8.5725,63.1801],[8.3601,63.1681],[8.2581,63.2747]]],[[[11.7003,58.0651],[11.6013,57.9355],[11.5123,58.0429],[11.5659,58.0655],[11.5765,58.0527],[11.7003,58.0651]]],[[[-5.1583,55.9221],[-5.0077,55.7295],[-5.2196,55.9025],[-5.1583,55.9221]]],[[[23.1525,58.9659],[23.3519,59.0319],[23.3881,58.9745],[23.1525,58.9659]]],[[[-2.2522,49.1863],[-2.0276,49.2375],[-2.0324,49.1725],[-2.2522,49.1863]]],[[[4.9459,61.1385],[5.0325,61.1219],[4.9315,61.0563],[4.8999,61.1077],[4.8219,61.0599],[4.9459,61.1385]]],[[[27.5357,40.6089],[27.6781,40.6695],[27.7471,40.6411],[27.5357,40.6089]]],[[[14.8155,44.1497],[15.0063,44.0881],[15.0577,44.0081],[15.2161,43.9139],[15.2243,43.8821],[14.8155,44.1497]]],[[[19.0965,57.9617],[19.3623,57.9529],[19.0517,57.9031],[19.0965,57.9617]]],[[[10.5617,56.0001],[10.6955,55.8965],[10.6255,55.7685],[10.5357,55.7911],[10.5617,56.0001]]],[[[21.7963,60.3927],[21.9515,60.3805],[22.0515,60.3557],[21.7963,60.3927]]],[[[6.3729,62.4749],[6.7227,62.4913],[6.2481,62.4675],[6.3729,62.4749]]],[[[-6.4605,57.0093],[-6.2634,57.0371],[-6.2535,56.9731],[-6.4605,57.0093]]],[[[14.2869,67.2035],[14.1901,67.0103],[13.9965,67.1043],[14.0721,67.1665],[14.1703,67.1303],[14.2869,67.2035]]],[[[16.2369,68.3253],[16.4503,68.2987],[16.4721,68.2463],[16.1923,68.2173],[16.3543,68.2557],[16.2369,68.3253]]],[[[17.3221,42.7891],[17.3935,42.8039],[17.3783,42.7905],[17.6691,42.7367],[17.7543,42.6945],[17.3221,42.7891]]],[[[5.0221,60.7179],[5.2293,60.5643],[4.8843,60.7323],[5.0221,60.7179]]],[[[20.6529,38.4999],[20.6785,38.3729],[20.7691,38.3207],[20.6741,38.3561],[20.6529,38.4999]]],[[[-5.3258,56.6523],[-5.1668,56.6507],[-5.4153,56.5459],[-5.3258,56.6523]]],[[[4.9671,60.5591],[5.2191,60.4873],[5.2567,60.4097],[5.1655,60.3939],[4.9671,60.5591]]],[[[12.6161,55.6989],[12.6705,55.5871],[12.5193,55.5901],[12.6161,55.6989]]],[[[16.0709,43.0083],[16.2429,43.0765],[16.2595,43.0625],[16.0709,43.0083]]],[[[8.1921,63.1675],[8.0217,63.1511],[7.9675,63.1539],[7.9465,63.1745],[7.9123,63.1791],[8.1921,63.1675]]],[[[16.2287,68.0411],[16.4391,67.9239],[16.4691,67.9557],[16.4681,67.8645],[16.2287,68.0411]]],[[[19.6183,60.2841],[19.6793,60.1685],[19.5945,60.2195],[19.5471,60.1489],[19.6183,60.2841]]],[[[-1.563,46.2441],[-1.5133,46.2265],[-1.2553,46.1649],[-1.3219,46.1457],[-1.563,46.2441]]],[[[4.9461,60.6105],[5.1425,60.5953],[5.2517,60.5175],[5.0741,60.5371],[4.9461,60.6105]]],[[[0.7625,51.3715],[0.8923,51.4205],[0.9429,51.3735],[0.7625,51.3715]]],[[[14.6557,44.7897],[14.7609,44.8439],[14.8661,44.7079],[14.6557,44.7897]]],[[[11.3723,64.9467],[11.1461,64.8259],[11.0651,64.8535],[11.3723,64.9467]]],[[[10.2073,54.9643],[10.3729,54.8845],[10.5383,54.8465],[10.4179,54.8183],[10.2073,54.9643]]],[[[18.4091,60.3705],[18.4847,60.3639],[18.5865,60.3005],[18.4091,60.3705]]],[[[8.4671,55.1027],[8.5967,55.1861],[8.5247,55.0615],[8.4671,55.1027]]],[[[5.5779,53.4479],[5.1841,53.3451],[5.1559,53.3641],[5.5779,53.4479]]],[[[-9.9927,54.3001],[-10.0675,54.1011],[-10.1275,54.0983],[-10.1122,54.2471],[-9.9927,54.3001]]],[[[31.5165,46.3717],[31.6133,46.2545],[31.6679,46.2603],[32.1917,46.1453],[31.5843,46.2533],[31.5165,46.3717]],[[31.9269,46.1945],[31.9365,46.1921],[31.9443,46.1921],[31.9269,46.1945]]],[[[-3.214,47.2933],[-3.1515,47.3649],[-3.0553,47.3113],[-3.214,47.2933]]],[[[8.4287,54.7507],[8.5709,54.6867],[8.4001,54.7077],[8.4287,54.7507]]],[[[22.0909,60.2923],[22.3411,60.3211],[22.3625,60.2911],[22.0909,60.2923]]],[[[32.5537,46.0733],[32.8663,46.0689],[33.0621,46.0247],[32.9783,46.0119],[32.5537,46.0733]]],[[[6.7169,62.7435],[6.9417,62.7103],[6.6623,62.6883],[6.7169,62.7435]]],[[[14.3685,44.5637],[14.3951,44.6879],[14.5323,44.4847],[14.4209,44.5687],[14.3685,44.5637]]],[[[14.9505,67.9549],[15.1365,67.9591],[15.3297,67.9387],[14.9505,67.9549]]],[[[15.4725,68.0109],[15.8729,68.0319],[15.9263,67.9979],[15.5975,67.9897],[15.4725,68.0109]]],[[[-5.1366,58.2813],[-5.1435,58.3949],[-4.9964,58.2847],[-5.1366,58.2813]]],[[[10.6255,55.0567],[10.6241,54.9469],[10.5165,55.0079],[10.6255,55.0567]]],[[[-6.7113,56.5785],[-6.456,56.6855],[-6.5086,56.6223],[-6.7113,56.5785]]],[[[21.7049,60.1339],[21.8275,60.2139],[21.9509,60.1917],[21.7049,60.1339]]],[[[11.4867,64.5483],[11.7331,64.5881],[11.4323,64.4607],[11.4867,64.5483]]],[[[17.4209,62.3651],[17.5019,62.4601],[17.5393,62.3629],[17.4209,62.3651]]],[[[4.9773,62.0157],[5.1241,62.0311],[5.1571,61.9939],[5.0821,61.9213],[4.9773,62.0157]]],[[[-2.6596,49.4625],[-2.545,49.4229],[-2.6825,49.4351],[-2.6596,49.4625]]],[[[28.6201,60.2703],[28.7061,60.3165],[28.7313,60.2859],[28.6201,60.2703]]],[[[15.4525,43.8923],[15.2615,44.0229],[15.3725,43.9715],[15.4525,43.8923]]],[[[7.7213,63.0857],[7.8941,63.0675],[7.7013,63.0409],[7.7213,63.0857]]],[[[6.2211,62.4563],[6.3711,62.4225],[6.0659,62.4365],[6.2211,62.4563]]],[[[16.2117,43.4139],[16.3373,43.3975],[16.4001,43.3395],[16.4007,43.3287],[16.2117,43.4139]]],[[[21.5047,60.1281],[21.6057,60.1853],[21.6955,60.1689],[21.6665,60.1167],[21.5047,60.1281]]],[[[18.3441,59.2849],[18.5057,59.2885],[18.5277,59.2745],[18.6161,59.2497],[18.3441,59.2849]]],[[[18.0165,62.6785],[18.1581,62.7529],[18.1751,62.7271],[18.0165,62.6785]]],[[[27.7555,36.5799],[27.8749,36.6153],[27.8461,36.5359],[27.7555,36.5799]]],[[[5.9317,59.2767],[6.1061,59.2593],[5.9267,59.2335],[5.9317,59.2767]]],[[[-7.4528,57.0587],[-7.3758,56.9829],[-7.5584,56.9561],[-7.4528,57.0587]]],[[[21.4403,60.4905],[21.4269,60.5579],[21.5385,60.5281],[21.4801,60.5353],[21.4403,60.4905]]],[[[11.7813,65.1075],[11.5889,65.0405],[11.5155,65.0553],[11.5743,65.1091],[11.7813,65.1075]]],[[[16.2749,68.3763],[16.4727,68.3055],[16.2651,68.3605],[16.2749,68.3763]]],[[[5.6335,53.4703],[5.9745,53.4651],[5.6165,53.4527],[5.6335,53.4703]]],[[[8.3547,55.4627],[8.4641,55.4219],[8.4803,55.3415],[8.3547,55.4627]]],[[[11.3209,64.6907],[11.3127,64.6005],[11.1543,64.6639],[11.3209,64.6907]]],[[[6.8135,62.8559],[6.9203,62.7747],[6.7711,62.8103],[6.8135,62.8559]]],[[[16.2355,68.1403],[16.4601,68.1799],[16.4709,68.1353],[16.2355,68.1403]]],[[[15.0581,44.1585],[15.1795,44.0985],[15.2577,44.0223],[15.0581,44.1585]]],[[[5.1771,60.0601],[5.3059,60.0585],[5.2629,59.9931],[5.1771,60.0601]]],[[[8.5125,63.3525],[8.7091,63.3457],[8.4489,63.3441],[8.5125,63.3525]]],[[[-2.2945,46.9871],[-2.2206,47.0135],[-2.1541,46.8977],[-2.2945,46.9871]]],[[[36.0659,65.1211],[36.0047,65.1839],[36.2641,65.1597],[36.0659,65.1211]]],[[[17.6721,59.0155],[17.7217,59.0119],[17.7099,58.9013],[17.6337,58.9919],[17.6721,59.0155]]],[[[22.3081,60.3313],[22.4629,60.3431],[22.5245,60.3445],[22.3081,60.3313]]],[[[16.8453,42.7261],[16.7939,42.7673],[16.9411,42.7707],[16.8453,42.7261]]],[[[18.3717,59.0791],[18.5013,59.0963],[18.3653,59.0199],[18.3717,59.0791]]],[[[22.0581,63.2811],[22.2351,63.3163],[22.2499,63.3055],[22.2165,63.2749],[22.1499,63.2933],[22.1013,63.2819],[22.1567,63.2525],[22.0581,63.2811]]],[[[6.0555,60.1333],[5.9287,60.1407],[6.0617,60.1505],[6.0555,60.1333]]],[[[21.2371,63.3335],[21.4115,63.3561],[21.3607,63.2903],[21.2371,63.3335]]],[[[18.5495,59.5057],[18.6497,59.5573],[18.7633,59.5433],[18.6013,59.4947],[18.6053,59.4563],[18.5913,59.5043],[18.5495,59.5057]]],[[[5.7445,59.7831],[5.7269,59.8185],[5.8365,59.7555],[5.7403,59.7247],[5.7445,59.7831]]],[[[17.9659,62.6421],[17.9933,62.5625],[17.9485,62.5537],[17.9659,62.6421]]],[[[5.5851,59.1347],[5.7577,59.1239],[5.7839,59.0813],[5.7335,59.0735],[5.5851,59.1347]]],[[[53.0717,38.8221],[53.0324,38.9677],[53.0398,39.0693],[53.0493,39.0857],[53.0663,39.0934],[53.0717,38.8221]]],[[[-6.2517,56.0865],[-6.1964,56.0399],[-6.2733,56.0389],[-6.2517,56.0865]]],[[[8.2241,63.1603],[8.2425,63.2375],[8.3407,63.1713],[8.2241,63.1603]]],[[[4.9515,61.3127],[5.0075,61.3781],[5.0349,61.3253],[4.9515,61.3127]]],[[[6.2453,53.4781],[6.1253,53.4707],[6.3395,53.5067],[6.2453,53.4781]]],[[[8.7093,54.5615],[8.6171,54.4985],[8.5899,54.5315],[8.7093,54.5615]]],[[[5.3661,60.0891],[5.3637,59.9961],[5.3369,60.0303],[5.3661,60.0891]]],[[[22.3251,60.2355],[22.1931,60.2073],[22.3075,60.2717],[22.3251,60.2355]]],[[[5.3911,59.1639],[5.4575,59.2229],[5.4765,59.1877],[5.3911,59.1639]]],[[[22.0669,60.2183],[22.0457,60.1883],[22.0269,60.1491],[21.9481,60.1693],[22.0669,60.2183]]],[[[12.9209,66.2333],[13.1081,66.2915],[13.1861,66.2853],[12.9209,66.2333]]],[[[11.4493,54.0219],[11.4575,53.9573],[11.3787,53.9851],[11.4493,54.0219]]],[[[-4.631,53.3219],[-4.6026,53.2439],[-4.7089,53.3099],[-4.631,53.3219]]],[[[15.3301,43.7897],[15.2629,43.8725],[15.4583,43.7371],[15.3301,43.7897]]],[[[5.1015,53.3017],[4.8547,53.2225],[5.0375,53.3011],[5.1015,53.3017]]],[[[25.5777,60.3023],[25.6797,60.2401],[25.6239,60.2043],[25.5777,60.3023]]],[[[35.9289,64.3899],[36.0001,64.3115],[35.8711,64.3609],[35.9289,64.3899]]],[[[22.3161,60.2659],[22.4709,60.2963],[22.3183,60.2525],[22.3161,60.2659]]],[[[19.3277,58.3661],[19.2291,58.3379],[19.1849,58.3901],[19.3277,58.3661]]],[[[22.7151,63.7787],[22.7675,63.7187],[22.6755,63.7591],[22.7151,63.7787]]],[[[10.4007,59.0515],[10.4443,59.1559],[10.4541,59.0579],[10.4007,59.0515]]],[[[18.0581,58.9639],[18.1719,59.0345],[18.2343,59.0309],[18.0581,58.9639]]],[[[21.2907,60.2191],[21.3221,60.2347],[21.3803,60.2377],[21.3389,60.2271],[21.3849,60.2043],[21.4707,60.2079],[21.4015,60.1779],[21.3171,60.1959],[21.3419,60.2067],[21.2517,60.2135],[21.2907,60.2191]]],[[[14.3699,67.4459],[14.4197,67.4239],[14.2131,67.3777],[14.3699,67.4459]]],[[[16.3983,67.9559],[16.3841,68.0335],[16.4691,67.9585],[16.3983,67.9559]]],[[[4.9755,60.8545],[5.0217,60.9175],[5.0405,60.8483],[4.9755,60.8545]]],[[[20.2173,60.0925],[20.3087,60.1111],[20.2665,60.0621],[20.2173,60.0925]]],[[[6.6677,53.6039],[6.8165,53.6039],[6.6651,53.5849],[6.6677,53.6039]]],[[[-9.831,53.1415],[-9.709,53.1443],[-9.6314,53.1087],[-9.6545,53.0915],[-9.831,53.1415]]],[[[8.3575,54.7161],[8.3461,54.6175],[8.2953,54.6689],[8.3575,54.7161]]],[[[4.6501,61.0339],[4.7499,61.0273],[4.7145,60.9863],[4.6501,61.0339]]],[[[18.9779,59.8649],[19.0129,59.8001],[18.8897,59.7911],[18.9779,59.8649]]],[[[34.8321,64.7077],[34.9339,64.7611],[35.0163,64.7441],[34.8321,64.7077]]],[[[18.1837,59.3419],[18.1229,59.3939],[18.2703,59.3749],[18.1837,59.3419]]],[[[16.3495,68.0501],[16.4709,68.1257],[16.4699,68.0323],[16.3495,68.0501]]],[[[-6.2105,56.9093],[-6.1334,56.8785],[-6.2102,56.8911],[-6.2105,56.9093]]],[[[11.0539,63.8029],[11.2373,63.8093],[11.0047,63.7535],[11.0539,63.8029]]],[[[27.5199,36.2371],[27.6251,36.2273],[27.5207,36.2087],[27.5199,36.2371]]],[[[21.2421,60.5141],[21.3031,60.5627],[21.3585,60.5027],[21.2421,60.5141]]],[[[21.2919,60.5849],[21.3135,60.6699],[21.3615,60.6269],[21.3241,60.6307],[21.3235,60.5819],[21.2919,60.5849]]],[[[23.4139,59.9131],[23.6597,59.9307],[23.4035,59.9035],[23.4139,59.9131]]],[[[15.1691,68.0027],[15.2553,68.0091],[15.3245,67.9673],[15.1691,68.0027]]],[[[20.3339,60.2795],[20.4389,60.2389],[20.3809,60.1933],[20.3339,60.2795]]],[[[21.9285,60.4861],[22.0755,60.4433],[21.9965,60.4239],[21.9285,60.4861]]],[[[10.9869,59.0809],[11.0833,59.0689],[10.9973,59.0267],[11.0043,59.0591],[10.9869,59.0809]]],[[[-8.4579,54.9165],[-8.3716,54.9499],[-8.359,54.9067],[-8.4579,54.9165]]],[[[24.0203,58.1505],[23.9389,58.1145],[23.9479,58.1473],[24.0203,58.1505]]],[[[25.9977,60.2805],[25.9401,60.2697],[25.9261,60.3485],[26.0387,60.2877],[25.9977,60.2805]]],[[[8.9479,58.5059],[8.8343,58.4303],[8.7899,58.4543],[8.9479,58.5059]]],[[[22.0061,60.3359],[21.9645,60.2775],[21.8741,60.3075],[21.9693,60.3157],[21.9131,60.3289],[22.0061,60.3359]]],[[[13.2405,66.7519],[13.4677,66.7835],[13.4771,66.7771],[13.2405,66.7519]]],[[[5.7787,59.1459],[5.8761,59.1877],[5.8767,59.1663],[5.7787,59.1459]]],[[[-10.409,51.9137],[-10.2863,51.9299],[-10.4269,51.8835],[-10.409,51.9137]]],[[[20.1209,39.2513],[20.2063,39.1933],[20.2051,39.1845],[20.1209,39.2513]]],[[[14.7471,44.3681],[14.8083,44.4025],[14.8165,44.3455],[14.7471,44.3681]]],[[[4.8615,60.7851],[4.9631,60.7809],[4.9903,60.7325],[4.8615,60.7851]]],[[[26.7249,38.5375],[26.6993,38.4791],[26.7029,38.5471],[26.7249,38.5375]]],[[[22.2775,65.4761],[22.3729,65.5185],[22.3763,65.4921],[22.2775,65.4761]]],[[[21.7573,60.5551],[21.7365,60.4943],[21.7305,60.4645],[21.6987,60.4717],[21.7573,60.5551]]],[[[13.5759,66.8433],[13.3777,66.8153],[13.3337,66.8247],[13.5759,66.8433]]],[[[-8.3198,51.8453],[-8.3105,51.8915],[-8.2075,51.8777],[-8.3198,51.8453]]],[[[-2.3758,46.6947],[-2.3252,46.7203],[-2.2813,46.6857],[-2.3758,46.6947]]],[[[16.7939,58.3821],[16.8359,58.3585],[16.9085,58.3213],[16.8511,58.3193],[16.7939,58.3821]]],[[[-5.6917,57.1605],[-5.6325,57.2127],[-5.5984,57.1435],[-5.6917,57.1605]]],[[[-5.4063,57.9273],[-5.2618,57.9163],[-5.2609,57.8703],[-5.4063,57.9273]]],[[[6.4653,62.5133],[6.3097,62.4897],[6.1745,62.4949],[6.2565,62.5165],[6.4653,62.5133]]],[[[5.1951,60.0217],[5.1205,59.9739],[5.1005,59.9931],[5.1951,60.0217]]],[[[-9.7238,53.2659],[-9.6474,53.2323],[-9.7161,53.2367],[-9.7238,53.2659]]],[[[20.8993,38.6425],[20.8867,38.6009],[20.8753,38.5779],[20.8993,38.6425]]],[[[26.6227,39.3349],[26.6683,39.3907],[26.6891,39.3387],[26.6227,39.3349]]],[[[12.8715,66.2959],[12.8091,66.2115],[12.7779,66.2159],[12.8715,66.2959]]],[[[18.5577,59.2863],[18.6545,59.2511],[18.5489,59.2787],[18.5577,59.2863]]],[[[7.1427,53.7103],[7.3389,53.7289],[7.3451,53.7243],[7.1427,53.7103]]],[[[20.7783,60.2287],[20.8129,60.2859],[20.8515,60.2469],[20.7783,60.2287]]],[[[26.9833,60.0969],[26.9817,60.0259],[26.9453,60.1001],[26.9833,60.0969]]],[[[-5.5738,56.5031],[-5.4282,56.5655],[-5.6015,56.4655],[-5.5738,56.5031]]],[[[18.3703,58.9805],[18.2693,58.9169],[18.2311,58.9431],[18.3703,58.9805]]],[[[5.6011,62.3317],[5.7541,62.3505],[5.7405,62.3247],[5.6011,62.3317]]],[[[27.5877,40.4697],[27.6549,40.5039],[27.6691,40.4541],[27.5877,40.4697]]],[[[4.7579,61.1007],[4.7871,61.0205],[4.7305,61.0815],[4.7579,61.1007]]],[[[20.8603,63.7977],[20.9541,63.7933],[20.8453,63.7635],[20.8603,63.7977]]],[[[17.8351,58.8881],[17.8807,58.8137],[17.7973,58.8013],[17.8351,58.8881]]],[[[26.5979,60.4471],[26.5403,60.3773],[26.5057,60.4091],[26.5979,60.4471]]],[[[20.9519,63.7793],[20.8955,63.6843],[20.8655,63.6843],[20.9519,63.7793]]],[[[16.2641,68.0995],[16.3041,68.0453],[16.1691,68.0675],[16.2641,68.0995]]],[[[18.7337,60.1549],[18.7683,60.2041],[18.8143,60.1603],[18.7337,60.1549]]],[[[11.5259,56.7257],[11.5569,56.6851],[11.5155,56.7177],[11.5259,56.7257]]],[[[14.8301,44.1991],[14.8977,44.2237],[14.9097,44.2109],[14.8301,44.1991]]],[[[22.9045,60.1215],[22.9533,60.0853],[22.8441,60.0835],[22.9045,60.1215]]],[[[20.7377,38.6407],[20.7615,38.6353],[20.8121,38.5901],[20.7377,38.6407]]],[[[27.5421,40.4991],[27.5193,40.5459],[27.5525,40.5313],[27.5421,40.4991]]],[[[21.1551,62.9411],[21.2111,62.9859],[21.2219,62.9481],[21.1551,62.9411]]],[[[4.8357,60.8935],[4.8971,60.9121],[4.9293,60.8569],[4.8357,60.8935]]],[[[6.1311,62.5783],[6.1405,62.5329],[6.0993,62.5525],[6.0283,62.5353],[6.0141,62.5455],[6.1311,62.5783]]],[[[15.0451,44.2849],[15.0967,44.3093],[15.1321,44.2895],[15.0451,44.2849]]],[[[7.3989,62.6613],[7.2465,62.6501],[7.2285,62.6625],[7.3989,62.6613]]],[[[20.5331,60.0029],[20.5949,60.0553],[20.6175,60.0333],[20.5331,60.0029]]],[[[13.1565,54.4891],[13.2249,54.4671],[13.1209,54.4487],[13.1565,54.4891]]],[[[5.0935,61.3985],[5.0583,61.3453],[5.0263,61.3777],[5.0935,61.3985]]],[[[18.8963,59.6227],[19.0027,59.6309],[18.8601,59.5897],[18.8963,59.6227]]],[[[13.1055,66.4005],[12.9893,66.3911],[13.1105,66.4145],[13.1055,66.4005]]],[[[28.4567,60.3329],[28.4863,60.3655],[28.5319,60.3083],[28.4567,60.3329]]],[[[7.7691,63.1179],[7.8731,63.1169],[7.6907,63.1173],[7.7457,63.1377],[7.7691,63.1179]]],[[[24.5177,59.6065],[24.4971,59.5543],[24.4885,59.5849],[24.5177,59.6065]]],[[[22.1507,60.4051],[22.2563,60.4139],[22.2693,60.4019],[22.1507,60.4051]]],[[[21.9421,63.3345],[22.0225,63.3793],[22.0959,63.3763],[22.0167,63.3717],[21.9751,63.3319],[21.9421,63.3345]]],[[[11.4089,58.1991],[11.5083,58.2603],[11.4679,58.2037],[11.4089,58.1991]]],[[[6.5527,58.2107],[6.6229,58.2313],[6.6371,58.1997],[6.5527,58.2107]]],[[[50.2955,40.4757],[50.3456,40.4629],[50.3523,40.3875],[50.2955,40.4757]]],[[[4.9921,61.0165],[4.9453,60.9725],[4.9247,61.0087],[4.9921,61.0165]]],[[[5.8841,58.4233],[5.9805,58.4589],[5.9963,58.4163],[5.8841,58.4233]]],[[[12.9659,66.1835],[12.8527,66.1705],[12.9695,66.2023],[12.9659,66.1835]]],[[[22.3885,60.2077],[22.3391,60.1489],[22.2899,60.1475],[22.3885,60.2077]]],[[[23.8451,59.9457],[23.9395,59.9905],[23.9901,59.9849],[23.8451,59.9457]]],[[[22.2953,60.3755],[22.2117,60.3429],[22.1447,60.3539],[22.2953,60.3755]]],[[[-9.7896,51.6495],[-9.8896,51.6137],[-9.9242,51.6235],[-9.7896,51.6495]]],[[[15.5651,43.8337],[15.6461,43.7969],[15.6637,43.7669],[15.5651,43.8337]]],[[[18.5189,59.4961],[18.5837,59.4725],[18.5985,59.4357],[18.5189,59.4961]]],[[[4.9045,61.7783],[4.8463,61.7499],[4.7961,61.7929],[4.9045,61.7783]]],[[[5.9915,59.1835],[6.1027,59.2281],[6.0453,59.1839],[5.9915,59.1835]]],[[[48.3431,45.8001],[48.3536,45.7535],[48.3361,45.7683],[48.3431,45.8001]]],[[[13.0985,54.5911],[13.1465,54.6041],[13.1545,54.5837],[13.1085,54.5837],[13.0653,54.4631],[13.0985,54.5911]]],[[[7.4785,53.7215],[7.5711,53.7587],[7.6345,53.7503],[7.4785,53.7215]]],[[[15.6943,56.0703],[15.6713,56.1191],[15.7415,56.1109],[15.6943,56.0703]]],[[[50.5407,40.2863],[50.5861,40.3475],[50.6078,40.3167],[50.5407,40.2863]]],[[[12.1259,65.4393],[12.0993,65.3931],[12.0465,65.4053],[12.1701,65.4795],[12.1259,65.4393]]],[[[6.3165,62.6509],[6.2351,62.6971],[6.3619,62.6729],[6.3165,62.6509]]],[[[35.8825,65.0293],[35.9887,65.0463],[36.0157,65.0249],[35.8825,65.0293]]],[[[5.5719,59.0851],[5.6389,59.1003],[5.7071,59.0689],[5.5719,59.0851]]],[[[12.3623,65.6603],[12.3047,65.6573],[12.4535,65.7293],[12.3623,65.6603]]],[[[28.4477,60.4641],[28.5225,60.4135],[28.5363,60.3503],[28.4477,60.4641]]],[[[0.8905,51.7777],[0.9615,51.8097],[0.9959,51.7975],[0.8905,51.7777]]],[[[10.8545,59.0669],[10.9135,59.1139],[10.9229,59.0995],[10.8545,59.0669]]],[[[20.3027,59.9939],[20.3559,60.0191],[20.4637,60.0017],[20.3027,59.9939]]],[[[0.5483,51.5475],[0.5771,51.5097],[0.5223,51.5317],[0.5483,51.5475]]],[[[5.0857,60.3771],[5.1589,60.3875],[5.1591,60.3401],[5.0857,60.3771]]],[[[52.9112,39.9517],[52.9474,39.8582],[52.8911,39.9239],[52.9112,39.9517]]],[[[6.4525,62.7227],[6.4705,62.7875],[6.4997,62.7499],[6.4525,62.7227]]],[[[12.7355,55.6357],[12.7745,55.6735],[12.7875,55.6097],[12.7355,55.6357]]],[[[22.4807,60.4041],[22.3425,60.3661],[22.3111,60.3775],[22.4807,60.4041]]],[[[17.9039,42.7009],[17.8605,42.7513],[17.9301,42.7171],[17.9039,42.7009]]],[[[15.6867,43.6315],[15.6573,43.6681],[15.7321,43.6327],[15.6867,43.6315]]],[[[15.0777,44.0545],[15.1533,44.0273],[15.1661,44.0031],[15.0777,44.0545]]],[[[24.2563,38.0265],[24.2735,37.9805],[24.2321,37.9887],[24.2563,38.0265]]],[[[9.9361,64.0735],[10.0475,64.0549],[9.9257,64.0627],[9.9361,64.0735]]],[[[18.6349,63.0145],[18.6911,63.0807],[18.7183,63.0623],[18.6349,63.0145]]],[[[-0.9774,50.8381],[-0.9472,50.7813],[-1.0322,50.7915],[-0.9774,50.8381]]],[[[-8.5686,54.9803],[-8.5059,55.0079],[-8.4896,54.9781],[-8.5686,54.9803]]],[[[11.3641,54.9503],[11.4477,54.9645],[11.4721,54.9475],[11.4019,54.9199],[11.3641,54.9503]]],[[[18.8681,59.6067],[18.7607,59.5749],[18.9597,59.6679],[18.8681,59.6067]]],[[[15.2899,43.8703],[15.3167,43.8865],[15.3705,43.8213],[15.2899,43.8703]]],[[[-10.0501,53.8051],[-9.9457,53.8085],[-10.0577,53.7909],[-10.0501,53.8051]]],[[[52.9509,39.8536],[53.0069,39.8083],[53.04,39.7571],[52.9509,39.8536]]],[[[14.9457,44.2015],[15.0277,44.1257],[14.9391,44.1997],[14.9457,44.2015]]],[[[29.7911,59.9761],[29.7277,60.0231],[29.8097,59.9883],[29.7911,59.9761]]],[[[9.8445,64.0247],[9.9007,64.0525],[9.9517,64.0145],[9.8445,64.0247]]],[[[5.6107,62.3539],[5.5341,62.3343],[5.5051,62.3657],[5.6107,62.3539]]],[[[7.6717,53.7577],[7.7707,53.7803],[7.8141,53.7761],[7.6717,53.7577]]],[[[26.2461,38.5047],[26.2297,38.5397],[26.2693,38.5201],[26.2461,38.5047]]],[[[21.4355,63.0851],[21.4303,63.0137],[21.3439,63.0415],[21.4161,63.0387],[21.4355,63.0851]]],[[[14.2623,44.6869],[14.2755,44.6067],[14.2359,44.6191],[14.2623,44.6869]]],[[[48.5119,45.8445],[48.5217,45.8839],[48.5705,45.8476],[48.5119,45.8445]]],[[[4.8263,61.6981],[4.8927,61.6607],[4.8305,61.6725],[4.8263,61.6981]]],[[[28.5705,60.5183],[28.6697,60.4749],[28.6969,60.4697],[28.6269,60.4761],[28.5705,60.5183]]],[[[13.8647,67.0663],[13.7609,67.0833],[13.8729,67.0749],[13.8647,67.0663]]],[[[11.7791,55.7845],[11.8507,55.7837],[11.8175,55.7527],[11.7791,55.7845]]],[[[5.0631,61.1627],[5.0425,61.1219],[5.0245,61.1703],[5.0631,61.1627]]],[[[-5.7357,56.1907],[-5.6734,56.1729],[-5.7563,56.1717],[-5.7357,56.1907]]],[[[6.6537,62.7059],[6.5981,62.6477],[6.5799,62.6637],[6.6537,62.7059]]],[[[22.1575,65.4319],[22.2321,65.4601],[22.2465,65.4125],[22.1575,65.4319]]],[[[-5.6208,56.2513],[-5.6681,56.2245],[-5.6408,56.2737],[-5.6368,56.2585],[-5.6208,56.2513]]],[[[-6.1932,55.2613],[-6.2467,55.3141],[-6.1734,55.2999],[-6.1932,55.2613]]],[[[21.6135,60.2665],[21.6373,60.2537],[21.5557,60.2205],[21.5841,60.2731],[21.6135,60.2665]]],[[[21.6585,65.4009],[21.7795,65.3873],[21.8305,65.3517],[21.6585,65.4009]]],[[[8.4211,63.3295],[8.4827,63.3279],[8.3669,63.3133],[8.4211,63.3295]]],[[[6.1779,62.6537],[6.2501,62.6623],[6.2891,62.6359],[6.1779,62.6537]]],[[[-5.7755,55.6803],[-5.7187,55.6891],[-5.766,55.6477],[-5.7755,55.6803]]],[[[22.0477,63.2745],[22.0191,63.3297],[22.0639,63.3003],[22.0477,63.2745]]],[[[5.6135,59.8583],[5.5449,59.8625],[5.5771,59.8815],[5.6135,59.8583]]],[[[14.7031,44.3975],[14.6969,44.3561],[14.6661,44.4095],[14.7031,44.3975]]],[[[22.8547,60.0563],[22.9197,60.0423],[22.8661,60.0077],[22.8547,60.0563]]],[[[-3.2729,54.1497],[-3.1732,54.0487],[-3.2112,54.0493],[-3.2607,54.0963],[-3.2729,54.1497]]],[[[6.8975,53.6775],[7.0913,53.6805],[6.8787,53.6705],[6.8975,53.6775]]],[[[6.2087,62.5985],[6.1893,62.6387],[6.2319,62.6049],[6.2087,62.5985]]],[[[-3.497,47.6483],[-3.4269,47.6137],[-3.5083,47.6451],[-3.497,47.6483]]],[[[26.9543,37.4433],[26.9757,37.4757],[27.0087,37.4541],[26.9543,37.4433]]],[[[19.3891,39.8299],[19.3837,39.8739],[19.4367,39.8681],[19.3891,39.8299]]],[[[-7.4892,55.0859],[-7.4997,55.0497],[-7.5334,55.0737],[-7.4892,55.0859]]],[[[23.9759,59.3213],[23.9947,59.3571],[24.0107,59.3199],[23.9759,59.3213]]],[[[27.8351,60.0377],[27.8427,59.9869],[27.7965,59.9977],[27.8351,60.0377]]],[[[11.9969,54.9331],[12.0677,54.9379],[12.0907,54.9227],[11.9969,54.9331]]],[[[6.6535,61.2879],[6.5613,61.2867],[6.6615,61.3011],[6.6535,61.2879]]],[[[11.1213,55.9131],[11.2229,55.8561],[11.0857,55.9183],[11.1213,55.9131]]],[[[20.4725,60.0515],[20.5455,60.0605],[20.4619,60.0129],[20.4725,60.0515]]],[[[21.6365,63.2955],[21.7001,63.3061],[21.6727,63.2511],[21.6365,63.2955]]],[[[-5.5678,56.4119],[-5.5577,56.3759],[-5.5911,56.3869],[-5.5678,56.4119]]],[[[5.4155,62.2439],[5.4775,62.2693],[5.4973,62.2369],[5.4155,62.2439]]],[[[5.1111,59.8743],[5.1003,59.8357],[5.0765,59.8665],[5.1111,59.8743]]],[[[10.3047,55.7673],[10.3237,55.7489],[10.2373,55.7551],[10.3047,55.7673]]],[[[12.4913,65.8113],[12.4515,65.7649],[12.3801,65.7465],[12.4913,65.8113]]],[[[18.7433,59.2711],[18.7961,59.3051],[18.8243,59.2927],[18.7759,59.2579],[18.7433,59.2711]]],[[[16.1079,43.4327],[16.1657,43.4581],[16.1807,43.4395],[16.1079,43.4327]]],[[[12.4997,65.8631],[12.4169,65.8195],[12.3887,65.8431],[12.4997,65.8631]]],[[[23.9205,59.3081],[23.9269,59.3459],[23.9523,59.3135],[23.9205,59.3081]]],[[[18.2413,59.0771],[18.3301,59.1087],[18.3525,59.0977],[18.2413,59.0771]]],[[[-4.9166,55.7935],[-4.9432,55.7449],[-4.9532,55.7529],[-4.9166,55.7935]]],[[[21.1709,62.8285],[21.1699,62.8643],[21.2307,62.8587],[21.1709,62.8285]]],[[[8.4757,54.4679],[8.4671,54.4283],[8.4413,54.4621],[8.4757,54.4679]]],[[[6.0959,62.4585],[6.2059,62.4839],[6.2703,62.4763],[6.0959,62.4585]]],[[[20.8031,60.3467],[20.7501,60.3459],[20.7921,60.3647],[20.8031,60.3467]]],[[[18.9383,59.4415],[18.8665,59.4333],[18.9315,59.4489],[18.9383,59.4415]]],[[[20.4571,60.0671],[20.4441,60.0219],[20.3835,60.0213],[20.4571,60.0671]]],[[[14.7725,44.9389],[14.8321,44.8913],[14.7651,44.9247],[14.7725,44.9389]]],[[[35.2225,64.3887],[35.3115,64.3879],[35.2763,64.3561],[35.2225,64.3887]]],[[[17.6631,62.4163],[17.7455,62.4177],[17.7541,62.3905],[17.6631,62.4163]]],[[[36.6239,64.1947],[36.6199,64.2443],[36.6865,64.2163],[36.6239,64.1947]]],[[[4.7979,60.5981],[4.7967,60.6233],[4.8607,60.6151],[4.8437,60.5829],[4.7979,60.5981]]],[[[9.4207,63.6969],[9.4625,63.6469],[9.3741,63.6697],[9.4207,63.6969]]],[[[25.1945,35.4423],[25.2531,35.4543],[25.2451,35.4259],[25.1945,35.4423]]],[[[23.2123,57.7871],[23.2663,57.8033],[23.2677,57.7809],[23.2123,57.7871]]],[[[6.0389,62.4683],[5.9741,62.4919],[6.0523,62.4827],[6.0389,62.4683]]],[[[10.9869,58.9031],[11.0415,58.8963],[11.0593,58.8705],[10.9869,58.9031]]],[[[5.7947,59.2625],[5.8877,59.2655],[5.7883,59.2517],[5.7947,59.2625]]],[[[16.1655,68.3405],[16.1099,68.3611],[16.1763,68.3511],[16.1655,68.3405]]],[[[11.5417,54.9451],[11.5493,54.9879],[11.5701,54.9719],[11.5417,54.9451]]],[[[20.9841,59.9315],[21.0049,59.9563],[21.0095,59.9237],[20.9799,59.9247],[20.9841,59.9315]]],[[[8.9959,58.5501],[8.9077,58.5209],[8.9811,58.5843],[8.9959,58.5501]]],[[[21.7633,65.2639],[21.8107,65.2797],[21.8717,65.2483],[21.7633,65.2639]]],[[[5.6589,59.7479],[5.7191,59.7069],[5.6395,59.7329],[5.6589,59.7479]]],[[[14.1971,40.5661],[14.2649,40.5585],[14.1937,40.5463],[14.1971,40.5661]]],[[[21.6901,63.3247],[21.7341,63.3125],[21.7913,63.2787],[21.7389,63.2745],[21.6901,63.3247]]],[[[5.1209,60.1475],[5.1787,60.1049],[5.1379,60.0975],[5.1209,60.1475]]],[[[5.1007,61.5489],[5.0867,61.5765],[5.1695,61.5457],[5.1007,61.5489]]],[[[22.5069,59.9819],[22.5843,59.9647],[22.5057,59.9651],[22.5069,59.9819]]],[[[6.3321,62.7071],[6.4435,62.7041],[6.3265,62.7045],[6.3321,62.7071]]],[[[5.0625,61.4731],[5.1455,61.4971],[5.1645,61.4857],[5.0625,61.4731]]],[[[26.8811,60.4693],[26.8955,60.4231],[26.8401,60.4375],[26.8811,60.4693]]],[[[22.0993,60.3525],[22.1707,60.3827],[22.2265,60.3809],[22.0993,60.3525]]],[[[-6.6129,57.0525],[-6.5136,57.0715],[-6.4921,57.0627],[-6.6129,57.0525]]],[[[16.6607,57.5783],[16.7385,57.6201],[16.7139,57.5837],[16.6607,57.5783]]],[[[22.4179,59.8617],[22.5015,59.8647],[22.4179,59.8479],[22.4179,59.8617]]],[[[17.7415,62.2275],[17.7055,62.1877],[17.6959,62.2165],[17.7415,62.2275]]],[[[21.8787,58.3889],[21.9163,58.3865],[21.8069,58.3845],[21.8787,58.3889]]],[[[11.1899,64.4587],[11.2651,64.4923],[11.2769,64.4775],[11.1899,64.4587]]],[[[5.9185,59.1587],[5.8951,59.1143],[5.8765,59.1277],[5.9185,59.1587]]],[[[-5.9253,57.3059],[-5.9628,57.2751],[-6.0064,57.2905],[-5.9253,57.3059]]],[[[10.9631,59.0507],[10.9517,59.0255],[10.9211,59.0469],[10.9445,59.0745],[10.9409,59.0809],[10.9631,59.0507]]],[[[18.0269,62.6671],[18.1021,62.6427],[18.0125,62.6583],[18.0269,62.6671]]],[[[7.8123,62.9957],[7.8811,62.9865],[7.7905,62.9795],[7.8123,62.9957]]],[[[17.3777,61.5351],[17.4563,61.5513],[17.4711,61.5409],[17.3777,61.5351]]],[[[20.9109,59.9497],[20.9355,59.9089],[20.8573,59.9333],[20.9109,59.9497]]],[[[16.8195,57.9751],[16.7605,57.9921],[16.8301,57.9957],[16.8195,57.9751]]],[[[5.0441,61.8967],[5.0221,61.9247],[5.1221,61.8997],[5.0441,61.8967]]],[[[-10.2296,53.6209],[-10.1945,53.6093],[-10.2614,53.6247],[-10.2296,53.6209]]],[[[16.4323,56.7845],[16.4837,56.7673],[16.4301,56.7745],[16.4323,56.7845]]],[[[14.7633,44.2551],[14.7719,44.2865],[14.7989,44.2713],[14.7633,44.2551]]],[[[22.5353,58.1513],[22.4813,58.1437],[22.4923,58.1779],[22.5353,58.1513]]],[[[16.7025,57.8411],[16.7763,57.8381],[16.7977,57.8059],[16.7025,57.8411]]],[[[25.8055,60.1995],[25.8731,60.2335],[25.8945,60.2249],[25.8055,60.1995]]],[[[-6.2182,57.1561],[-6.185,57.1589],[-6.2585,57.1471],[-6.2182,57.1561]]],[[[-7.5467,56.9113],[-7.5359,56.9487],[-7.4929,56.9357],[-7.5467,56.9113]]],[[[26.1111,60.2881],[26.1155,60.2733],[26.0389,60.2933],[26.1111,60.2881]]],[[[14.9057,44.4501],[14.9659,44.4029],[14.8827,44.4521],[14.9057,44.4501]]],[[[21.9683,60.1395],[21.9527,60.1125],[21.9271,60.1287],[21.9683,60.1395]]],[[[20.6869,60.1859],[20.6883,60.2319],[20.7235,60.2001],[20.6869,60.1859]]],[[[22.2893,65.4589],[22.3975,65.4341],[22.3121,65.4305],[22.2893,65.4589]]],[[[4.9027,60.9341],[4.9489,60.8879],[4.9001,60.9231],[4.9027,60.9341]]],[[[18.0041,62.7513],[18.0203,62.7867],[18.0447,62.7709],[18.0041,62.7513]]],[[[22.5931,59.9545],[22.6489,59.9657],[22.6519,59.9379],[22.5931,59.9545]]],[[[12.5761,65.8459],[12.5621,65.7979],[12.5201,65.7903],[12.5761,65.8459]]],[[[-9.6906,53.2829],[-9.6875,53.3121],[-9.6331,53.3005],[-9.6906,53.2829]]],[[[27.4781,36.9831],[27.4537,36.9725],[27.4247,37.0013],[27.4781,36.9831]]],[[[11.1377,58.8483],[11.2117,58.8411],[11.1853,58.8263],[11.1377,58.8483]]],[[[-9.6179,53.0695],[-9.574,53.1039],[-9.5649,53.0879],[-9.6179,53.0695]]],[[[12.3939,65.1101],[12.4211,65.1249],[12.4581,65.1271],[12.3939,65.1101]]],[[[14.7169,53.9793],[14.7509,53.9505],[14.7021,53.9533],[14.7169,53.9793]]],[[[24.6065,65.7039],[24.5823,65.6585],[24.5123,65.6763],[24.6065,65.7039]]],[[[28.5431,40.5593],[28.5261,40.5729],[28.5627,40.5735],[28.5431,40.5593]]],[[[19.4595,63.4335],[19.5185,63.4387],[19.5243,63.4173],[19.4595,63.4335]]],[[[12.3109,65.9159],[12.2941,65.8931],[12.2373,65.8457],[12.3109,65.9159]]],[[[11.2675,64.8523],[11.2499,64.8365],[11.1567,64.8155],[11.2253,64.8517],[11.2675,64.8523]]],[[[5.2333,61.8893],[5.3307,61.8931],[5.1963,61.8827],[5.2333,61.8893]]],[[[18.4981,63.0349],[18.5797,63.0643],[18.5533,63.0523],[18.5287,63.0259],[18.4981,63.0349]]],[[[15.8133,68.1303],[15.8099,68.1687],[15.8365,68.1641],[15.8133,68.1303]]],[[[-8.3849,54.8561],[-8.353,54.8859],[-8.3272,54.8473],[-8.3849,54.8561]]],[[[14.4897,44.9817],[14.5203,44.9913],[14.5535,44.9599],[14.4897,44.9817]]],[[[23.4419,59.8941],[23.4271,59.8663],[23.3613,59.8733],[23.4419,59.8941]]],[[[20.6713,60.1103],[20.6661,60.1497],[20.7015,60.1219],[20.6713,60.1103]]],[[[22.5351,60.3761],[22.4615,60.3487],[22.4399,60.3587],[22.5351,60.3761]]],[[[5.2581,61.9979],[5.2751,62.0291],[5.3233,62.0139],[5.2581,61.9979]]],[[[15.0679,67.6687],[15.0727,67.6409],[15.0189,67.6433],[15.0679,67.6687]]],[[[21.3921,61.2123],[21.4295,61.1695],[21.3401,61.1871],[21.3921,61.2123]]],[[[4.8513,61.6023],[4.8869,61.5907],[4.7869,61.5871],[4.8513,61.6023]]],[[[13.6847,66.8693],[13.6149,66.8421],[13.6105,66.8543],[13.6847,66.8693]]],[[[35.5567,64.7009],[35.5109,64.6869],[35.5085,64.6907],[35.5567,64.7009]]],[[[16.8923,58.2969],[16.8549,58.2755],[16.8417,58.3063],[16.8923,58.2969]]],[[[18.6689,59.1775],[18.7093,59.2169],[18.7609,59.2073],[18.6689,59.1775]]],[[[21.2467,60.8607],[21.2043,60.8923],[21.2825,60.8871],[21.2467,60.8607]]],[[[26.2037,60.3181],[26.2043,60.3493],[26.2493,60.3241],[26.2037,60.3181]]],[[[14.0223,67.2813],[13.9155,67.2619],[14.0249,67.2841],[14.0223,67.2813]]],[[[8.5615,55.2653],[8.5609,55.2967],[8.5951,55.2925],[8.5615,55.2653]]],[[[5.0707,59.9877],[5.0929,60.0197],[5.1039,60.0113],[5.0707,59.9877]]],[[[-6.3855,56.3517],[-6.4243,56.3099],[-6.4474,56.3177],[-6.3855,56.3517]]],[[[5.8211,59.9523],[5.9557,59.9773],[5.7925,59.9381],[5.8211,59.9523]]],[[[-2.2098,49.7321],[-2.1947,49.7151],[-2.2399,49.7107],[-2.2098,49.7321]]],[[[4.8711,60.5595],[4.9169,60.5245],[4.8627,60.5181],[4.8711,60.5595]]],[[[22.9615,60.0201],[22.9311,60.0387],[22.9799,60.0393],[22.9615,60.0201]]],[[[5.6209,59.9037],[5.5723,59.8945],[5.6011,59.9239],[5.6209,59.9037]]],[[[18.5005,60.2069],[18.5521,60.2121],[18.5591,60.1885],[18.5005,60.2069]]],[[[11.5621,58.2335],[11.5201,58.2093],[11.4865,58.2117],[11.5253,58.2385],[11.5621,58.2335]]],[[[11.6535,58.0657],[11.7031,58.0967],[11.7193,58.0865],[11.6535,58.0657]]],[[[29.1495,40.8761],[29.1169,40.8713],[29.1423,40.8843],[29.1495,40.8761]]],[[[16.7073,43.0803],[16.6935,43.0999],[16.7367,43.0903],[16.7073,43.0803]]],[[[22.1641,60.4393],[22.1151,60.4107],[22.0887,60.4245],[22.1641,60.4393]]],[[[21.3097,60.3633],[21.3681,60.3665],[21.3707,60.3531],[21.3097,60.3633]]],[[[5.0863,60.1783],[5.0355,60.1665],[5.0651,60.2113],[5.0863,60.1783]]],[[[23.9211,40.3505],[23.9547,40.3163],[23.8883,40.3341],[23.9211,40.3505]]],[[[21.3965,60.7351],[21.4061,60.7587],[21.4271,60.7245],[21.3711,60.7245],[21.3965,60.7351]]],[[[8.4573,54.5513],[8.4907,54.5019],[8.4605,54.5129],[8.4573,54.5513]]],[[[12.7751,66.1459],[12.7419,66.1727],[12.8065,66.1631],[12.7751,66.1459]]],[[[15.8179,43.7011],[15.8665,43.6851],[15.8717,43.6669],[15.8179,43.7011]]],[[[4.7139,60.7515],[4.7345,60.7825],[4.7507,60.7569],[4.7139,60.7515]]],[[[21.0959,62.5643],[21.0569,62.5721],[21.0801,62.5755],[21.0959,62.5643]]],[[[4.8373,60.6379],[4.7981,60.6279],[4.7983,60.6725],[4.8373,60.6379]]],[[[4.7045,61.2887],[4.7339,61.3157],[4.7797,61.2843],[4.7045,61.2887]]],[[[4.3561,51.7351],[4.2963,51.7359],[4.2693,51.7541],[4.3561,51.7351]]],[[[6.8989,53.6257],[6.8957,53.6563],[6.9287,53.6469],[6.8989,53.6257]]],[[[22.4405,59.9679],[22.3971,59.9497],[22.4329,59.9781],[22.4405,59.9679]]],[[[21.2589,63.3905],[21.2109,63.3621],[21.1819,63.3697],[21.2589,63.3905]]],[[[21.5097,61.2181],[21.4857,61.2457],[21.5215,61.2353],[21.5097,61.2181]]],[[[27.0419,60.4641],[27.0335,60.4151],[26.9961,60.4353],[27.0419,60.4641]]],[[[21.2213,62.3887],[21.2609,62.3415],[21.2199,62.3381],[21.2213,62.3887]]],[[[5.3515,62.2079],[5.4175,62.2173],[5.4295,62.1995],[5.3515,62.2079]]],[[[12.7291,55.9091],[12.7015,55.8899],[12.6713,55.9197],[12.7291,55.9091]]],[[[21.7655,65.2341],[21.8447,65.2195],[21.8563,65.1979],[21.7655,65.2341]]],[[[27.8151,60.4721],[27.8199,60.5055],[27.8535,60.4777],[27.8151,60.4721]]],[[[5.5047,59.2305],[5.4805,59.2121],[5.4539,59.2531],[5.5047,59.2305]]],[[[16.7115,57.7825],[16.6757,57.8131],[16.7305,57.7995],[16.7115,57.7825]]],[[[21.4095,60.3709],[21.3985,60.4033],[21.4253,60.3801],[21.4095,60.3709]]],[[[27.0431,60.3779],[27.0747,60.4037],[27.0745,60.3783],[27.0431,60.3779]]],[[[10.6747,55.0311],[10.7041,55.0567],[10.7205,55.0363],[10.6747,55.0311]]],[[[12.0787,65.4649],[12.1585,65.5037],[12.1627,65.4957],[12.0787,65.4649]]],[[[11.1983,55.2207],[11.1769,55.2013],[11.1755,55.2361],[11.1983,55.2207]]],[[[14.5921,44.3561],[14.6629,44.3055],[14.5837,44.3499],[14.5921,44.3561]]],[[[15.5731,56.0959],[15.5433,56.1229],[15.5801,56.1133],[15.5731,56.0959]]],[[[10.0445,55.8459],[10.0637,55.8721],[10.1221,55.8649],[10.0445,55.8459]]],[[[21.2019,62.8783],[21.2091,62.9053],[21.2293,62.8731],[21.2019,62.8783]]],[[[25.0351,60.1805],[25.1007,60.1663],[25.0163,60.1677],[25.0351,60.1805]]],[[[10.4043,42.8769],[10.4415,42.8499],[10.3895,42.8541],[10.4043,42.8769]]],[[[24.9923,59.6133],[25.0295,59.6373],[25.0441,59.6133],[24.9923,59.6133]]],[[[8.1415,53.7361],[8.1511,53.7131],[8.1201,53.7171],[8.1415,53.7361]]],[[[8.5477,54.5619],[8.5537,54.5855],[8.5781,54.5683],[8.5477,54.5619]]],[[[8.3995,58.2147],[8.3703,58.1895],[8.3393,58.2077],[8.3995,58.2147]]],[[[4.9687,60.4819],[4.9283,60.4723],[4.9373,60.4975],[4.9687,60.4819]]],[[[8.7753,58.4509],[8.7735,58.4207],[8.7305,58.4319],[8.7753,58.4509]]],[[[16.6473,57.5557],[16.6323,57.5961],[16.6707,57.5587],[16.6473,57.5557]]],[[[6.1099,62.4991],[6.1467,62.5229],[6.1459,62.5039],[6.1099,62.4991]]],[[[21.6307,60.4585],[21.6481,60.4277],[21.6033,60.4053],[21.6307,60.4585]]],[[[8.4677,53.9605],[8.4507,53.9459],[8.4181,53.9269],[8.4121,53.9549],[8.4357,53.9673],[8.4677,53.9605]]],[[[9.4031,63.8231],[9.4371,63.8063],[9.3879,63.7921],[9.4031,63.8231]]],[[[20.3083,60.2217],[20.3311,60.2057],[20.2587,60.1787],[20.3083,60.2217]]],[[[9.4485,58.8587],[9.5243,58.8719],[9.5353,58.8621],[9.5157,58.8435],[9.4485,58.8587]]],[[[27.6861,36.2657],[27.7213,36.2827],[27.7033,36.2459],[27.6861,36.2657]]],[[[18.6609,62.9895],[18.6339,63.0085],[18.6725,63.0233],[18.6609,62.9895]]],[[[21.4071,60.2183],[21.4643,60.2369],[21.4743,60.2311],[21.4071,60.2183]]],[[[18.9419,59.4103],[18.9167,59.3933],[18.9139,59.4105],[18.9419,59.4103]]],[[[21.0411,62.7099],[21.0743,62.7343],[21.0773,62.7101],[21.0411,62.7099]]],[[[18.7483,59.4613],[18.6529,59.4449],[18.6907,59.4647],[18.7483,59.4613]]],[[[-9.5241,51.4253],[-9.4734,51.4577],[-9.4657,51.4525],[-9.5241,51.4253]]],[[[17.6687,58.8109],[17.6323,58.8545],[17.7185,58.8011],[17.6687,58.8109]]],[[[11.5549,58.0829],[11.5109,58.0773],[11.5211,58.0963],[11.5549,58.0829]]],[[[4.9335,61.5119],[4.9875,61.5183],[4.9909,61.5107],[4.9335,61.5119]]],[[[-5.857,56.7889],[-5.8775,56.8107],[-5.815,56.7967],[-5.857,56.7889]]],[[[15.7217,43.6765],[15.6913,43.7209],[15.7261,43.6937],[15.7217,43.6765]]],[[[8.6639,54.0625],[8.6999,54.0587],[8.6917,54.0407],[8.6639,54.0625]]],[[[-6.3141,49.9203],[-6.286,49.9187],[-6.3317,49.9131],[-6.3141,49.9203]]],[[[11.3893,55.1873],[11.4607,55.1895],[11.4905,55.1967],[11.4687,55.1871],[11.3893,55.1873]]],[[[10.9353,59.0707],[10.8983,59.0625],[10.9513,59.0993],[10.9489,59.0897],[10.9403,59.0841],[10.9353,59.0707]]],[[[49.6472,40.0],[49.6224,39.9733],[49.6247,40.0],[49.6472,40.0]]],[[[10.2637,55.0187],[10.3365,55.0187],[10.3507,55.0051],[10.2637,55.0187]]],[[[5.0711,61.2003],[5.0659,61.1731],[5.0199,61.1999],[5.0711,61.2003]]],[[[20.9387,38.6041],[20.9029,38.5433],[20.8977,38.5679],[20.9387,38.6041]]],[[[21.3893,60.2719],[21.4471,60.2897],[21.4519,60.2741],[21.3893,60.2719]]],[[[10.1447,55.0331],[10.1799,55.0477],[10.1807,55.0425],[10.1447,55.0331]]],[[[-8.8683,42.5583],[-8.8507,42.5629],[-8.8612,42.5255],[-8.8683,42.5583]]],[[[-7.6526,56.8259],[-7.6261,56.8027],[-7.6655,56.8025],[-7.6526,56.8259]]],[[[23.1191,59.9311],[23.1459,59.8943],[23.0613,59.9015],[23.1191,59.9311]]],[[[9.1949,63.5633],[9.1605,63.5715],[9.2031,63.5705],[9.1949,63.5633]]],[[[13.6165,66.8787],[13.5627,66.8847],[13.6363,66.8907],[13.6165,66.8787]]],[[[7.9769,53.7789],[7.8785,53.7933],[7.9235,53.7911],[7.9769,53.7789]]],[[[15.9907,42.9585],[16.0253,42.9815],[15.9959,42.9557],[15.9907,42.9585]]],[[[5.6161,62.3875],[5.6313,62.4043],[5.6705,62.4087],[5.6161,62.3875]]],[[[7.4971,57.9901],[7.5431,57.9959],[7.5547,57.9881],[7.4971,57.9901]]],[[[7.9925,58.0737],[8.0281,58.0809],[7.9633,58.0659],[7.9925,58.0737]]],[[[5.2331,59.8749],[5.2483,59.8901],[5.2691,59.8653],[5.2331,59.8749]]],[[[13.9065,67.1047],[13.8569,67.1301],[13.9225,67.1143],[13.9065,67.1047]]],[[[15.4959,56.1161],[15.4587,56.0927],[15.4521,56.1067],[15.4959,56.1161]]],[[[26.3579,38.4581],[26.3525,38.4313],[26.3287,38.4335],[26.3579,38.4581]]],[[[18.3399,59.4229],[18.3311,59.4447],[18.3647,59.4325],[18.3399,59.4229]]],[[[53.1688,39.2491],[53.1743,39.2903],[53.1802,39.2207],[53.1688,39.2491]]],[[[7.2091,62.7085],[7.3121,62.7355],[7.3503,62.7297],[7.2091,62.7085]]],[[[-10.2049,51.6091],[-10.1603,51.6087],[-10.2385,51.5873],[-10.2049,51.6091]]],[[[21.1189,63.2969],[21.1513,63.3219],[21.1789,63.3163],[21.1629,63.2941],[21.1189,63.2969]]],[[[20.8049,38.4725],[20.8225,38.5023],[20.8297,38.4981],[20.8049,38.4725]]],[[[47.9781,45.6363],[47.9325,45.615],[47.9689,45.6517],[47.9781,45.6363]]],[[[14.7489,44.8625],[14.7497,44.8853],[14.7797,44.8605],[14.7489,44.8625]]],[[[18.0457,58.9749],[18.0357,58.9391],[18.0033,58.9371],[18.0457,58.9749]]],[[[16.5327,57.1513],[16.5703,57.1743],[16.5783,57.1599],[16.5327,57.1513]]],[[[9.8007,55.2969],[9.8245,55.3261],[9.8319,55.3069],[9.8007,55.2969]]],[[[19.8597,60.3021],[19.8139,60.2945],[19.8443,60.3161],[19.8597,60.3021]]],[[[21.5197,60.4997],[21.5721,60.5211],[21.5691,60.4997],[21.5197,60.4997]]],[[[5.3521,60.1479],[5.3553,60.1795],[5.3775,60.1713],[5.3521,60.1479]]],[[[16.3763,43.1565],[16.3509,43.1779],[16.4087,43.1589],[16.3763,43.1565]]],[[[7.3679,53.7293],[7.4311,53.7339],[7.4397,53.7229],[7.3679,53.7293]]],[[[4.8793,61.0425],[4.9025,61.0707],[4.9125,61.0511],[4.8793,61.0425]]],[[[21.4639,61.7835],[21.4853,61.8105],[21.4983,61.7949],[21.4639,61.7835]]],[[[-2.372,49.4539],[-2.3803,49.4129],[-2.3903,49.4193],[-2.372,49.4539]]],[[[31.7419,46.3835],[31.7661,46.3915],[31.7681,46.3729],[31.7419,46.3835]]],[[[9.7435,55.2497],[9.7569,55.2765],[9.7769,55.2661],[9.7435,55.2497]]],[[[22.0231,65.3847],[21.9903,65.3661],[21.9811,65.4001],[22.0231,65.3847]]],[[[20.8859,63.6727],[20.8271,63.6423],[20.8153,63.6367],[20.8859,63.6727]]],[[[22.3711,60.2209],[22.3089,60.2131],[22.3771,60.2275],[22.3711,60.2209]]],[[[-6.2605,56.0003],[-6.2169,56.0293],[-6.2094,56.0223],[-6.2605,56.0003]]],[[[21.6919,60.3601],[21.7207,60.3475],[21.6429,60.3659],[21.6919,60.3601]]],[[[11.6775,57.6837],[11.6237,57.7045],[11.6719,57.7019],[11.6775,57.6837]]],[[[-9.5265,53.0477],[-9.533,53.0697],[-9.5022,53.0595],[-9.5265,53.0477]]],[[[-10.1278,53.7137],[-10.0823,53.7121],[-10.138,53.6929],[-10.1278,53.7137]]],[[[-9.4367,51.4805],[-9.3963,51.4751],[-9.4471,51.4565],[-9.4367,51.4805]]],[[[13.7529,44.8937],[13.7795,44.9219],[13.7831,44.9129],[13.7529,44.8937]]],[[[5.6821,59.0449],[5.7347,59.0527],[5.7765,59.0461],[5.7087,59.0343],[5.6821,59.0449]]],[[[27.4965,37.1581],[27.5287,37.1459],[27.4927,37.1437],[27.4965,37.1581]]],[[[15.7623,56.1045],[15.7825,56.1253],[15.7837,56.1177],[15.7623,56.1045]]],[[[21.8929,60.1493],[21.8319,60.1429],[21.9123,60.1543],[21.9117,60.1483],[21.8929,60.1493]]],[[[14.6581,67.2251],[14.6885,67.2407],[14.7103,67.2323],[14.6581,67.2251]]],[[[25.4159,60.2465],[25.4795,60.2513],[25.4923,60.2463],[25.4467,60.2257],[25.4159,60.2465]]],[[[4.8385,60.5447],[4.8687,60.5785],[4.8727,60.5657],[4.8385,60.5447]]],[[[4.7857,61.5597],[4.8681,61.5761],[4.8891,61.5693],[4.7857,61.5597]]],[[[22.1187,60.2501],[22.1217,60.2683],[22.1897,60.2617],[22.1187,60.2501]]],[[[17.2617,61.0413],[17.2121,61.0263],[17.2093,61.0297],[17.2617,61.0413]]],[[[8.1847,63.2337],[8.1975,63.2563],[8.2281,63.2451],[8.1847,63.2337]]],[[[5.0897,60.1473],[5.0475,60.1187],[5.0401,60.1345],[5.0897,60.1473]]],[[[21.8837,60.3509],[21.8807,60.3665],[21.9087,60.3597],[21.8837,60.3509]]],[[[5.9437,58.9959],[5.9397,58.9789],[5.9001,58.9911],[5.9437,58.9959]]],[[[18.1107,58.8583],[18.1549,58.8905],[18.1427,58.8693],[18.1107,58.8583]]],[[[35.1195,64.9205],[35.1319,64.9483],[35.1585,64.9259],[35.1195,64.9205]]],[[[16.8769,58.2563],[16.9131,58.2759],[16.9263,58.2791],[16.8905,58.2439],[16.8769,58.2563]]],[[[4.8599,59.3055],[4.9073,59.3159],[4.9123,59.3035],[4.8599,59.3055]]],[[[11.5963,57.8829],[11.6007,57.8583],[11.5711,57.8675],[11.5963,57.8829]]],[[[21.1931,38.3065],[21.2455,38.3097],[21.2545,38.3059],[21.1931,38.3065]]],[[[19.3043,40.5027],[19.2925,40.4831],[19.2769,40.5155],[19.3043,40.5027]]],[[[11.7069,55.2029],[11.7213,55.1737],[11.6937,55.1727],[11.7069,55.2029]]],[[[17.2709,60.8825],[17.3177,60.8885],[17.3427,60.8789],[17.2859,60.8675],[17.2709,60.8825]]],[[[15.6459,56.1017],[15.6097,56.1039],[15.6425,56.1283],[15.6459,56.1017]]],[[[16.7941,58.0773],[16.8081,58.0459],[16.7815,58.0527],[16.7941,58.0773]]],[[[17.9417,42.6751],[17.9521,42.6971],[17.9757,42.6787],[17.9417,42.6751]]],[[[35.8869,64.3207],[35.8965,64.2895],[35.8437,64.3203],[35.8869,64.3207]]],[[[21.1661,60.6139],[21.2069,60.6193],[21.2385,60.5997],[21.1661,60.6139]]],[[[12.1835,55.0449],[12.2163,55.0591],[12.2379,55.0563],[12.1835,55.0449]]],[[[5.7137,58.9915],[5.7519,59.0143],[5.7517,58.9927],[5.7137,58.9915]]],[[[5.2487,60.8253],[5.2693,60.7917],[5.2417,60.8019],[5.2487,60.8253]]],[[[18.7197,59.4729],[18.7803,59.4869],[18.8155,59.4787],[18.7197,59.4729]]],[[[-6.2734,56.8311],[-6.225,56.8471],[-6.2183,56.8401],[-6.2734,56.8311]]],[[[17.4391,58.7463],[17.4731,58.7505],[17.4693,58.7183],[17.4391,58.7463]]],[[[11.4605,64.9591],[11.4081,64.9383],[11.3981,64.9489],[11.4605,64.9591]]],[[[5.6821,59.7427],[5.7125,59.7569],[5.7193,59.7365],[5.6821,59.7427]]],[[[11.6575,65.0621],[11.6719,65.0429],[11.6481,65.0403],[11.6575,65.0621]]],[[[7.5625,63.0711],[7.6013,63.0873],[7.6065,63.0699],[7.5625,63.0711]]],[[[16.7987,58.1101],[16.8525,58.0955],[16.8069,58.0923],[16.7987,58.1101]]],[[[11.3917,58.1477],[11.3541,58.1441],[11.4075,58.1829],[11.3917,58.1477]]],[[[23.8891,59.9899],[23.8301,59.9519],[23.8241,59.9521],[23.8605,59.9949],[23.8891,59.9899]]],[[[5.9489,59.2111],[5.9453,59.1877],[5.9215,59.2037],[5.9489,59.2111]]],[[[10.6213,54.9175],[10.6087,54.8903],[10.5923,54.9109],[10.6213,54.9175]]],[[[19.5709,39.8871],[19.5965,39.8949],[19.5963,39.8789],[19.5709,39.8871]]],[[[12.1589,65.6083],[12.1547,65.6409],[12.1863,65.6425],[12.1589,65.6083]]],[[[-0.6155,45.0303],[-0.6522,45.0793],[-0.5978,45.0205],[-0.6155,45.0303]]],[[[9.4999,58.8743],[9.5523,58.9039],[9.5587,58.8979],[9.4999,58.8743]]],[[[11.6757,57.7281],[11.7091,57.7413],[11.6947,57.7159],[11.6757,57.7281]]],[[[21.2831,64.9029],[21.2501,64.8937],[21.2493,64.9117],[21.2831,64.9029]]],[[[17.8947,58.8483],[17.9427,58.8469],[17.9363,58.8109],[17.8947,58.8483]]],[[[22.3739,59.9459],[22.3355,59.9493],[22.3747,59.9629],[22.3739,59.9459]]],[[[11.6133,57.8821],[11.6253,57.9033],[11.6425,57.8859],[11.6133,57.8821]]],[[[-6.2597,56.4967],[-6.3115,56.4833],[-6.3151,56.4985],[-6.2597,56.4967]]],[[[21.3129,60.2519],[21.4107,60.2453],[21.4349,60.2503],[21.3951,60.2393],[21.3129,60.2519]]],[[[11.1421,58.8749],[11.1769,58.8885],[11.1841,58.8739],[11.1421,58.8749]]],[[[22.6909,59.9971],[22.6595,59.9969],[22.6809,60.0353],[22.6909,59.9971]]],[[[10.5807,59.7193],[10.5775,59.6871],[10.5595,59.7195],[10.5807,59.7193]]],[[[19.1495,59.8669],[19.1175,59.8349],[19.0971,59.8413],[19.1495,59.8669]]],[[[9.4857,58.8911],[9.5359,58.9131],[9.5561,58.9081],[9.4857,58.8911]]],[[[18.6143,60.1909],[18.5997,60.2139],[18.6337,60.2011],[18.6143,60.1909]]],[[[27.1013,37.3017],[27.0813,37.2859],[27.0905,37.3059],[27.1013,37.3017]]],[[[19.0491,57.7657],[19.0259,57.7407],[19.0209,57.7841],[19.0491,57.7657]]],[[[18.4139,60.5293],[18.3825,60.5117],[18.3683,60.5213],[18.4139,60.5293]]],[[[23.3751,59.2897],[23.3987,59.2997],[23.4279,59.2791],[23.3751,59.2897]]],[[[-1.8163,55.6845],[-1.781,55.6887],[-1.7813,55.6695],[-1.8163,55.6845]]],[[[20.3401,60.3609],[20.3135,60.3293],[20.3045,60.3435],[20.3401,60.3609]]],[[[-10.5063,52.1049],[-10.5482,52.0871],[-10.5779,52.0743],[-10.5164,52.1123],[-10.5063,52.1049]]],[[[6.4399,53.5407],[6.4521,53.5553],[6.5085,53.5393],[6.4399,53.5407]]],[[[16.5059,42.7753],[16.4959,42.7541],[16.4841,42.7557],[16.5059,42.7753]]],[[[20.9469,60.3307],[20.9279,60.3115],[20.9131,60.3441],[20.9469,60.3307]]],[[[21.1553,63.3247],[21.1939,63.3485],[21.2205,63.3475],[21.1553,63.3247]]],[[[4.9261,60.3341],[4.9531,60.3599],[4.9741,60.3523],[4.9261,60.3341]]],[[[18.2299,58.9349],[18.2041,58.9095],[18.1965,58.9175],[18.2299,58.9349]]],[[[5.0079,60.7605],[4.9947,60.7809],[5.0405,60.7587],[5.0079,60.7605]]],[[[-5.5949,56.2271],[-5.6143,56.1987],[-5.6159,56.2321],[-5.5949,56.2271]]],[[[5.2531,59.9377],[5.2801,59.9527],[5.2921,59.9285],[5.2531,59.9377]]],[[[22.2843,60.1625],[22.2671,60.1315],[22.2363,60.1315],[22.2843,60.1625]]],[[[26.9169,38.4491],[26.9063,38.4443],[26.9081,38.4731],[26.9169,38.4491]]],[[[27.8311,36.6443],[27.8539,36.6665],[27.8609,36.6497],[27.8311,36.6443]]],[[[21.1041,60.4515],[21.0877,60.4807],[21.1199,60.4763],[21.1041,60.4515]]],[[[10.7809,64.5225],[10.7993,64.5429],[10.8433,64.5185],[10.7809,64.5225]]],[[[11.1483,58.9183],[11.1691,58.9041],[11.1117,58.9193],[11.1483,58.9183]]],[[[14.5341,44.4447],[14.5621,44.4559],[14.5737,44.4431],[14.5341,44.4447]]],[[[17.3179,60.8071],[17.3527,60.7897],[17.3073,60.7905],[17.3179,60.8071]]],[[[28.3871,60.0119],[28.3947,60.0399],[28.4075,60.0159],[28.3871,60.0119]]],[[[15.1525,67.6053],[15.1921,67.6209],[15.2103,67.6093],[15.1525,67.6053]]],[[[9.6151,58.8705],[9.5527,58.8353],[9.6177,58.8833],[9.6151,58.8705]]],[[[11.0709,58.9981],[11.1099,59.0243],[11.1147,59.0177],[11.0709,58.9981]]],[[[21.7859,63.4561],[21.8335,63.4467],[21.8281,63.4291],[21.7859,63.4561]]],[[[11.1575,55.1407],[11.1417,55.1609],[11.1823,55.1767],[11.1575,55.1407]]],[[[22.4007,63.6029],[22.3547,63.6093],[22.3611,63.6237],[22.4007,63.6029]]],[[[21.4875,61.6219],[21.5013,61.6429],[21.5279,61.6309],[21.4875,61.6219]]],[[[21.0939,38.3009],[21.1199,38.3051],[21.0989,38.2861],[21.0939,38.3009]]],[[[20.3541,60.3365],[20.3931,60.3489],[20.3897,60.3339],[20.3541,60.3365]]],[[[10.4223,54.9733],[10.4401,54.9691],[10.3633,54.9761],[10.4223,54.9733]]],[[[10.6783,64.5325],[10.7255,64.5379],[10.7531,64.5233],[10.7031,64.5195],[10.6783,64.5325]]],[[[9.3713,63.5891],[9.2959,63.5739],[9.3719,63.5931],[9.3713,63.5891]]],[[[22.2119,60.1625],[22.2115,60.1783],[22.2681,60.1749],[22.2119,60.1625]]],[[[-9.0814,52.6361],[-9.0468,52.6279],[-9.0677,52.6109],[-9.0814,52.6361]]],[[[20.5541,60.0907],[20.5129,60.1111],[20.5773,60.1005],[20.5541,60.0907]]],[[[6.6841,58.2149],[6.6537,58.2251],[6.6793,58.2315],[6.6841,58.2149]]],[[[4.9691,60.6315],[4.9385,60.6575],[4.9933,60.6319],[4.9691,60.6315]]],[[[7.3433,58.0197],[7.3909,57.9891],[7.3263,58.0019],[7.3433,58.0197]]],[[[-7.516,56.8839],[-7.511,56.9047],[-7.4908,56.8899],[-7.516,56.8839]]],[[[16.0523,43.4505],[16.0887,43.4591],[16.1001,43.4475],[16.0523,43.4505]]],[[[21.0683,60.5203],[21.0937,60.5351],[21.1077,60.5193],[21.0683,60.5203]]],[[[16.7129,57.7339],[16.7149,57.7661],[16.7267,57.7323],[16.7129,57.7339]]],[[[-4.6601,51.1887],[-4.6775,51.1725],[-4.6739,51.2031],[-4.6601,51.1887]]],[[[22.0841,60.2505],[22.0651,60.2289],[22.0463,60.2423],[22.0841,60.2505]]],[[[22.6085,63.7531],[22.6119,63.7817],[22.6469,63.7679],[22.6085,63.7531]]],[[[5.1857,60.3363],[5.1741,60.3029],[5.1589,60.3207],[5.1857,60.3363]]],[[[15.7413,43.6931],[15.7713,43.6935],[15.7709,43.6849],[15.7413,43.6931]]],[[[18.0493,58.9887],[18.0037,58.9763],[18.0505,58.9969],[18.0493,58.9887]]],[[[21.6463,60.1869],[21.6271,60.2039],[21.6687,60.1917],[21.6463,60.1869]]],[[[-8.6769,40.6887],[-8.716,40.6667],[-8.6805,40.6941],[-8.6769,40.6887]]],[[[21.4769,61.6699],[21.4641,61.6549],[21.4303,61.6779],[21.4769,61.6699]]],[[[23.0519,58.9123],[23.0215,58.9105],[23.0129,58.9313],[23.0519,58.9123]]],[[[20.9647,60.4529],[20.9357,60.4437],[20.9345,60.4751],[20.9647,60.4529]]],[[[16.6991,57.8285],[16.6695,57.8205],[16.6677,57.8389],[16.6991,57.8285]]],[[[11.3407,58.3539],[11.3197,58.3265],[11.3163,58.3547],[11.3407,58.3539]]],[[[-9.4858,51.7105],[-9.503,51.6827],[-9.5401,51.6841],[-9.4858,51.7105]]],[[[20.4073,60.2995],[20.3931,60.2723],[20.3795,60.3043],[20.4073,60.2995]]],[[[18.1999,58.9319],[18.1563,58.9103],[18.2191,58.9387],[18.1999,58.9319]]],[[[13.9603,67.0265],[13.9195,67.0181],[13.9631,67.0643],[13.9603,67.0265]]],[[[11.1835,58.8175],[11.1733,58.7917],[11.1593,58.8027],[11.1835,58.8175]]],[[[21.2673,60.8223],[21.2745,60.8531],[21.2839,60.8283],[21.2673,60.8223]]],[[[20.2309,39.1593],[20.2439,39.1343],[20.2181,39.1553],[20.2309,39.1593]]],[[[17.5599,62.3905],[17.5857,62.4045],[17.6103,62.3953],[17.5599,62.3905]]],[[[23.5933,64.1871],[23.6443,64.2181],[23.6511,64.2053],[23.6459,64.1893],[23.5933,64.1871]]],[[[20.7247,38.5593],[20.7051,38.5481],[20.7151,38.5693],[20.7247,38.5593]]],[[[27.1539,37.5823],[27.1805,37.5681],[27.1839,37.5599],[27.1539,37.5823]]],[[[18.3887,59.3979],[18.4227,59.4053],[18.4485,59.3977],[18.3887,59.3979]]],[[[19.6285,60.3643],[19.5871,60.3533],[19.6255,60.3671],[19.6285,60.3643]]],[[[16.8279,58.4107],[16.7855,58.3893],[16.7847,58.3981],[16.8279,58.4107]]],[[[28.5303,60.6507],[28.5409,60.6189],[28.5159,60.6479],[28.5303,60.6507]]],[[[-2.9518,47.3753],[-2.9795,47.3991],[-2.9391,47.3927],[-2.9518,47.3753]]],[[[20.9781,60.3053],[21.0001,60.3339],[21.0001,60.2981],[20.9781,60.3053]]],[[[19.8889,60.3213],[19.8785,60.2857],[19.8571,60.3101],[19.8889,60.3213]]],[[[18.3627,59.3885],[18.3971,59.3893],[18.4413,59.3663],[18.3627,59.3885]]],[[[10.3625,59.1335],[10.3469,59.1635],[10.3665,59.1577],[10.3625,59.1335]]],[[[-0.6756,45.1485],[-0.6865,45.1451],[-0.6917,45.1791],[-0.6756,45.1485]]],[[[8.2191,63.3107],[8.1111,63.2843],[8.2201,63.3113],[8.2191,63.3107]]],[[[4.7421,61.2087],[4.7831,61.2105],[4.7921,61.1935],[4.7421,61.2087]]],[[[10.8325,64.5677],[10.8323,64.5859],[10.8423,64.5797],[10.8325,64.5677]]],[[[9.7155,55.4883],[9.6917,55.4783],[9.6801,55.5023],[9.7155,55.4883]]],[[[5.8405,59.1015],[5.8533,59.1155],[5.8595,59.1079],[5.8405,59.1015]]],[[[1.2035,51.8735],[1.2505,51.8865],[1.2607,51.8673],[1.2035,51.8735]]],[[[14.4109,53.8611],[14.3865,53.8347],[14.3823,53.8349],[14.4109,53.8611]]],[[[36.5441,45.2761],[36.5539,45.2559],[36.5173,45.2865],[36.5441,45.2761]]],[[[16.9301,58.1795],[16.9447,58.1993],[16.9585,58.1853],[16.9301,58.1795]]],[[[23.7917,40.2347],[23.7797,40.2129],[23.7783,40.2307],[23.7917,40.2347]]],[[[5.5145,62.3389],[5.4913,62.3207],[5.4815,62.3367],[5.5145,62.3389]]],[[[35.6441,64.6405],[35.7157,64.6171],[35.6481,64.6279],[35.6441,64.6405]]],[[[11.4899,58.0051],[11.5057,58.0375],[11.5249,58.0093],[11.4899,58.0051]]],[[[5.6077,60.6607],[5.5857,60.6661],[5.5757,60.6897],[5.6077,60.6607]]],[[[23.3615,59.8921],[23.3657,59.9109],[23.4017,59.8943],[23.3615,59.8921]]],[[[18.6395,59.3951],[18.6653,59.4017],[18.7091,59.4001],[18.6395,59.3951]]],[[[18.8997,59.6625],[18.8937,59.6807],[18.9181,59.6689],[18.8997,59.6625]]],[[[18.8417,59.5551],[18.7799,59.5403],[18.7689,59.5441],[18.8417,59.5551]]],[[[22.1425,60.1747],[22.0967,60.1701],[22.1559,60.1927],[22.1425,60.1747]]],[[[21.0417,60.4055],[21.0689,60.4193],[21.0691,60.4015],[21.0417,60.4055]]],[[[21.7807,65.3193],[21.7813,65.3341],[21.8233,65.3193],[21.7807,65.3193]]],[[[11.3067,64.7963],[11.2433,64.7869],[11.3075,64.8043],[11.3067,64.7963]]],[[[8.5123,63.2629],[8.5043,63.2385],[8.4899,63.2521],[8.5123,63.2629]]],[[[5.6561,62.3617],[5.6361,62.3807],[5.6825,62.3745],[5.6561,62.3617]]],[[[19.5035,60.2309],[19.5349,60.2611],[19.5437,60.2343],[19.5035,60.2309]]],[[[21.1793,62.3713],[21.2045,62.4217],[21.2127,62.4111],[21.1793,62.3713]]],[[[14.9193,44.1533],[14.9203,44.1643],[14.9463,44.1475],[14.9193,44.1533]]],[[[5.6263,59.3407],[5.6413,59.3693],[5.6435,59.3367],[5.6263,59.3407]]],[[[22.3853,59.9963],[22.3599,59.9643],[22.3399,59.9651],[22.3853,59.9963]]],[[[14.8267,44.6921],[14.8069,44.7235],[14.8373,44.6913],[14.8267,44.6921]]],[[[-2.8422,47.6025],[-2.8279,47.5879],[-2.8622,47.5611],[-2.8422,47.6025]]],[[[-8.9135,42.3971],[-8.9435,42.3681],[-8.9161,42.4011],[-8.9135,42.3971]]],[[[21.2117,60.8415],[21.2187,60.8643],[21.2391,60.8521],[21.2117,60.8415]]],[[[14.8255,44.8287],[14.8335,44.8511],[14.8381,44.8435],[14.8255,44.8287]]],[[[21.3853,60.2657],[21.4357,60.2637],[21.3659,60.2555],[21.3853,60.2657]]],[[[-9.3602,51.5165],[-9.3838,51.4917],[-9.3966,51.5063],[-9.3602,51.5165]]],[[[4.8351,61.3323],[4.8465,61.3585],[4.8635,61.3527],[4.8351,61.3323]]],[[[12.9771,54.4353],[13.0609,54.4545],[13.0401,54.4415],[12.9771,54.4353]]],[[[21.7237,63.4515],[21.7545,63.4313],[21.7149,63.4383],[21.7237,63.4515]]],[[[24.1461,58.2347],[24.1285,58.2073],[24.0975,58.2057],[24.1461,58.2347]]],[[[-0.7129,45.1915],[-0.6996,45.2057],[-0.7016,45.1787],[-0.7129,45.1915]]],[[[17.4967,58.7397],[17.4989,58.7635],[17.5161,58.7445],[17.4967,58.7397]]],[[[11.6589,55.1661],[11.6799,55.1805],[11.7151,55.1455],[11.6589,55.1661]]],[[[18.9617,59.3985],[18.9655,59.4247],[18.9889,59.4121],[18.9617,59.3985]]],[[[26.7637,60.3707],[26.7699,60.3493],[26.7463,60.3605],[26.7637,60.3707]]],[[[9.0801,58.5971],[9.0515,58.5785],[9.0309,58.5835],[9.0801,58.5971]]],[[[4.8345,60.9737],[4.8377,60.9941],[4.8683,60.9847],[4.8345,60.9737]]],[[[36.7881,64.0425],[36.7557,64.0199],[36.7601,64.0607],[36.7881,64.0425]]],[[[19.1919,59.7685],[19.1933,59.7929],[19.2069,59.7907],[19.1919,59.7685]]],[[[28.9199,36.6567],[28.9197,36.6843],[28.9397,36.6737],[28.9199,36.6567]]],[[[35.0291,64.4907],[35.0011,64.4785],[34.9689,64.4881],[35.0291,64.4907]]],[[[21.3563,60.6181],[21.3583,60.5879],[21.3285,60.6193],[21.3563,60.6181]]],[[[9.1185,63.5063],[9.1441,63.4899],[9.1069,63.4857],[9.1185,63.5063]]],[[[14.7015,44.2747],[14.7093,44.2889],[14.7239,44.2755],[14.7015,44.2747]]],[[[5.8333,58.9647],[5.8261,58.9425],[5.8015,58.9583],[5.8333,58.9647]]],[[[20.7593,63.5923],[20.7901,63.6201],[20.7983,63.6105],[20.7593,63.5923]]],[[[12.3665,65.1957],[12.3431,65.1755],[12.3283,65.1959],[12.3665,65.1957]]],[[[15.4287,56.1469],[15.4695,56.1385],[15.4719,56.1251],[15.4287,56.1469]]],[[[21.3589,60.7447],[21.3537,60.7671],[21.3807,60.7519],[21.3589,60.7447]]],[[[10.4629,55.9533],[10.4201,55.9515],[10.4087,55.9609],[10.4629,55.9533]]],[[[12.2269,65.4631],[12.1837,65.4517],[12.2203,65.4807],[12.2269,65.4631]]],[[[17.3059,61.5557],[17.2703,61.5707],[17.3107,61.5587],[17.3059,61.5557]]],[[[-5.6209,57.8239],[-5.6244,57.8407],[-5.6007,57.8273],[-5.6209,57.8239]]],[[[7.9219,63.1603],[7.9293,63.1751],[7.9539,63.1633],[7.9219,63.1603]]],[[[6.0073,58.9871],[5.9717,58.9787],[5.9767,58.9893],[6.0073,58.9871]]],[[[11.2247,58.6457],[11.2337,58.6717],[11.2449,58.6613],[11.2247,58.6457]]],[[[21.6285,60.2911],[21.6475,60.3019],[21.6921,60.2843],[21.6285,60.2911]]],[[[27.4255,60.4597],[27.4049,60.4501],[27.3785,60.4725],[27.4255,60.4597]]],[[[11.2437,58.5313],[11.2485,58.5627],[11.2667,58.5339],[11.2437,58.5313]]],[[[22.1583,60.2299],[22.1589,60.2471],[22.1753,60.2441],[22.1583,60.2299]]],[[[-9.7336,53.2519],[-9.723,53.2313],[-9.7614,53.2325],[-9.7336,53.2519]]],[[[20.4293,60.1765],[20.4049,60.1521],[20.4001,60.1627],[20.4293,60.1765]]],[[[24.8793,60.1453],[24.8975,60.1659],[24.8997,60.1525],[24.8793,60.1453]]],[[[12.5609,56.4231],[12.5631,56.4493],[12.5843,56.4337],[12.5609,56.4231]]],[[[10.1043,55.8287],[10.0729,55.8217],[10.0615,55.8351],[10.1043,55.8287]]],[[[15.7525,43.0237],[15.7229,43.0243],[15.7631,43.0333],[15.7525,43.0237]]],[[[-3.1244,58.6963],[-3.1115,58.6719],[-3.1421,58.6685],[-3.1244,58.6963]]],[[[19.8133,60.4175],[19.7903,60.3833],[19.7709,60.3985],[19.8133,60.4175]]],[[[-4.045,48.7463],[-4.0168,48.7559],[-3.9953,48.7451],[-4.045,48.7463]]],[[[16.5895,57.1005],[16.6499,57.0993],[16.6513,57.0945],[16.5895,57.1005]]],[[[22.2113,60.2371],[22.1811,60.2193],[22.1759,60.2237],[22.2113,60.2371]]],[[[24.7885,59.5927],[24.7601,59.5743],[24.7407,59.5861],[24.7885,59.5927]]],[[[35.7541,64.3735],[35.7261,64.3941],[35.7683,64.3839],[35.7541,64.3735]]],[[[-8.2563,55.2697],[-8.1951,55.2663],[-8.1963,55.2603],[-8.2563,55.2697]]],[[[25.0877,60.1501],[25.0687,60.1393],[25.0371,60.1405],[25.0607,60.1561],[25.0877,60.1501]]],[[[22.5059,59.9507],[22.5079,59.9209],[22.4927,59.9341],[22.5059,59.9507]]],[[[8.5195,53.9227],[8.4865,53.9185],[8.4897,53.9287],[8.5195,53.9227]]],[[[3.9103,51.7729],[3.9345,51.7901],[3.9691,51.7751],[3.9103,51.7729]]],[[[-8.6766,40.7041],[-8.7061,40.6955],[-8.6815,40.7101],[-8.6766,40.7041]]],[[[6.0453,62.5005],[6.0743,62.5173],[6.0761,62.5065],[6.0453,62.5005]]],[[[27.2027,59.8561],[27.1793,59.8455],[27.1795,59.8595],[27.2027,59.8561]]],[[[18.5263,60.1897],[18.5099,60.1747],[18.4879,60.1835],[18.5263,60.1897]]],[[[16.9679,58.4849],[17.0045,58.4991],[17.0079,58.4967],[16.9679,58.4849]]],[[[22.0563,60.3991],[22.0501,60.4181],[22.0783,60.4169],[22.0563,60.3991]]],[[[9.4637,63.8285],[9.5101,63.8347],[9.5129,63.8319],[9.4637,63.8285]]],[[[20.1285,60.3999],[20.1035,60.3799],[20.0865,60.3881],[20.1285,60.3999]]],[[[21.1457,60.7933],[21.1857,60.7879],[21.1865,60.7845],[21.1457,60.7933]]],[[[19.5167,39.7713],[19.5333,39.7719],[19.5345,39.7595],[19.5167,39.7713]]],[[[19.0865,59.5807],[19.0557,59.5709],[19.0339,59.5789],[19.0865,59.5807]]],[[[16.8987,58.5239],[16.9285,58.5243],[16.9455,58.5121],[16.8987,58.5239]]],[[[14.0033,40.7679],[14.0329,40.7685],[14.0143,40.7439],[14.0033,40.7679]]],[[[15.7875,56.0935],[15.7757,56.0711],[15.7535,56.0697],[15.7875,56.0935]]],[[[21.1975,63.0237],[21.2013,62.9935],[21.1793,63.0145],[21.1975,63.0237]]],[[[15.0503,44.0277],[15.0719,44.0283],[15.0837,44.0109],[15.0503,44.0277]]],[[[16.6775,57.8675],[16.6581,57.8519],[16.6469,57.8813],[16.6775,57.8675]]],[[[-9.9,53.4179],[-9.8902,53.3959],[-9.8984,53.3795],[-9.9126,53.4127],[-9.9,53.4179]]],[[[-2.8102,47.5927],[-2.7753,47.5893],[-2.8078,47.5775],[-2.8102,47.5927]]],[[[22.1303,65.5065],[22.0943,65.4941],[22.0817,65.5167],[22.1303,65.5065]]],[[[11.6577,57.7237],[11.6463,57.7057],[11.6359,57.7227],[11.6577,57.7237]]],[[[17.8373,42.7417],[17.8347,42.7293],[17.7933,42.7549],[17.8373,42.7417]]],[[[21.9111,65.1813],[21.8795,65.2035],[21.9573,65.1827],[21.9111,65.1813]]],[[[19.8203,60.3549],[19.7957,60.3357],[19.8043,60.3595],[19.8203,60.3549]]],[[[25.9371,60.2177],[25.9253,60.2335],[25.9555,60.2289],[25.9371,60.2177]]],[[[12.6849,54.4175],[12.6985,54.4307],[12.7345,54.4199],[12.6849,54.4175]]],[[[-5.3139,51.7377],[-5.2762,51.7431],[-5.2724,51.7391],[-5.3139,51.7377]]],[[[25.3601,65.1019],[25.3309,65.0823],[25.2979,65.0931],[25.3601,65.1019]]],[[[21.6525,60.3357],[21.7195,60.3305],[21.7255,60.3277],[21.6525,60.3357]]],[[[13.4029,66.7923],[13.4339,66.8019],[13.4683,66.7943],[13.4029,66.7923]]],[[[9.7599,53.5549],[9.7715,53.5607],[9.7879,53.5547],[9.7599,53.5549]]],[[[14.2897,44.5053],[14.3055,44.5107],[14.3131,44.5099],[14.2897,44.5053]]],[[[11.7947,57.6175],[11.7807,57.5989],[11.7589,57.6165],[11.7947,57.6175]]],[[[-5.1939,58.3753],[-5.1825,58.3915],[-5.1666,58.3839],[-5.1939,58.3753]]],[[[13.4577,66.8747],[13.4315,66.8883],[13.4797,66.8849],[13.4577,66.8747]]],[[[10.1953,55.6425],[10.1825,55.6081],[10.1647,55.6495],[10.1953,55.6425]]],[[[18.5213,59.0369],[18.5415,59.0597],[18.5465,59.0401],[18.5213,59.0369]]],[[[-6.3388,49.9427],[-6.3371,49.9661],[-6.3271,49.9473],[-6.3388,49.9427]]],[[[11.6559,57.8865],[11.6407,57.9081],[11.6695,57.9053],[11.6559,57.8865]]],[[[20.9367,59.9173],[20.9585,59.9365],[20.9725,59.9291],[20.9367,59.9173]]],[[[18.8923,63.2687],[18.8877,63.2433],[18.8683,63.2545],[18.8923,63.2687]]],[[[26.5777,39.3959],[26.5927,39.3735],[26.5895,39.3733],[26.5777,39.3959]]],[[[20.4545,60.0825],[20.4939,60.0929],[20.5191,60.0827],[20.4545,60.0825]]],[[[18.2289,62.7687],[18.2277,62.7815],[18.2535,62.7847],[18.2289,62.7687]]],[[[13.4531,66.9349],[13.4343,66.9117],[13.4255,66.9241],[13.4531,66.9349]]],[[[15.6759,43.6953],[15.6791,43.6813],[15.6467,43.7055],[15.6759,43.6953]]],[[[12.1397,65.5155],[12.0833,65.4911],[12.1551,65.5339],[12.1397,65.5155]]],[[[24.2971,38.0375],[24.2837,38.0185],[24.2849,38.0383],[24.2971,38.0375]]],[[[10.7607,59.2135],[10.7927,59.2039],[10.7841,59.1901],[10.7607,59.2135]]],[[[16.4233,68.1957],[16.4395,68.2085],[16.4715,68.1931],[16.4233,68.1957]]],[[[19.7253,60.3913],[19.7265,60.3659],[19.7185,60.3777],[19.7253,60.3913]]],[[[3.9847,51.7539],[4.0193,51.7303],[4.0173,51.7273],[3.9847,51.7539]]],[[[21.5009,65.3361],[21.5121,65.3551],[21.5315,65.3385],[21.5009,65.3361]]],[[[4.7957,61.6587],[4.7893,61.6351],[4.7763,61.6467],[4.7957,61.6587]]],[[[17.3255,60.6951],[17.3423,60.6755],[17.3025,60.6771],[17.3255,60.6951]]],[[[21.0859,60.3649],[21.0871,60.3385],[21.0649,60.3655],[21.0859,60.3649]]],[[[9.0215,58.5807],[9.0031,58.5811],[9.0373,58.5947],[9.0215,58.5807]]],[[[19.9967,60.0109],[20.0281,60.0213],[20.0381,60.0141],[19.9967,60.0109]]],[[[19.1289,59.7457],[19.1213,59.7655],[19.1625,59.7551],[19.1289,59.7457]]],[[[17.3297,61.1749],[17.3287,61.1473],[17.3111,61.1643],[17.3297,61.1749]]],[[[9.0993,58.6117],[9.0593,58.6063],[9.1259,58.6231],[9.0993,58.6117]]],[[[15.7703,43.7095],[15.7593,43.7341],[15.7807,43.7161],[15.7703,43.7095]]],[[[21.7961,60.3827],[21.7611,60.3681],[21.7317,60.3785],[21.7961,60.3827]]],[[[11.4811,54.8841],[11.4953,54.9009],[11.5209,54.8885],[11.4811,54.8841]]],[[[4.7641,61.3123],[4.7759,61.3273],[4.7923,61.3197],[4.7641,61.3123]]],[[[13.9943,67.1453],[13.9439,67.1271],[13.9385,67.1275],[13.9671,67.1613],[13.9943,67.1453]]],[[[5.6397,59.0345],[5.6445,59.0487],[5.6661,59.0447],[5.6397,59.0345]]],[[[21.4629,61.3437],[21.4917,61.3571],[21.5107,61.3451],[21.4629,61.3437]]],[[[26.5955,39.3079],[26.5813,39.2819],[26.5793,39.2841],[26.5955,39.3079]]],[[[18.6889,63.1503],[18.6931,63.1327],[18.6601,63.1525],[18.6889,63.1503]]],[[[21.4319,61.1949],[21.4269,61.2105],[21.4645,61.1973],[21.4319,61.1949]]],[[[-8.4164,55.0147],[-8.4242,55.0505],[-8.4121,55.0293],[-8.4164,55.0147]]],[[[18.7663,60.1283],[18.7893,60.1439],[18.7917,60.1283],[18.7663,60.1283]]],[[[5.3907,59.0605],[5.4277,59.0771],[5.4331,59.0711],[5.3907,59.0605]]],[[[21.4889,63.1467],[21.4927,63.1599],[21.5421,63.1381],[21.4889,63.1467]]],[[[21.5793,59.8265],[21.6515,59.8409],[21.6561,59.8399],[21.5793,59.8265]]],[[[29.0865,40.8729],[29.1061,40.8913],[29.1111,40.8803],[29.0865,40.8729]]],[[[21.5041,60.1053],[21.4953,60.1193],[21.5163,60.1115],[21.5041,60.1053]]],[[[29.5939,44.8155],[29.5485,44.7941],[29.5409,44.7977],[29.5939,44.8155]]],[[[5.9911,58.9177],[5.9951,58.9349],[6.0315,58.9087],[5.9911,58.9177]]],[[[34.7105,65.1717],[34.7051,65.1905],[34.7221,65.1881],[34.7105,65.1717]]],[[[10.7061,59.2275],[10.6907,59.2421],[10.7073,59.2491],[10.7061,59.2275]]],[[[21.6057,65.0911],[21.5699,65.1027],[21.6093,65.0959],[21.6057,65.0911]]],[[[5.0827,59.9075],[5.0561,59.8881],[5.0527,59.8915],[5.0827,59.9075]]],[[[21.6803,65.1505],[21.6673,65.1355],[21.6591,65.1517],[21.6803,65.1505]]],[[[21.7917,60.2569],[21.7549,60.2473],[21.7485,60.2509],[21.7917,60.2569]]],[[[23.0687,39.1553],[23.0903,39.1737],[23.0955,39.1701],[23.0687,39.1553]]],[[[23.7621,59.9441],[23.7607,59.9271],[23.7545,59.9291],[23.7621,59.9441]]],[[[21.7257,60.4259],[21.6937,60.4221],[21.7143,60.4433],[21.7257,60.4259]]],[[[17.4927,58.7073],[17.4811,58.7275],[17.4993,58.7181],[17.4927,58.7073]]],[[[25.2307,65.1035],[25.1951,65.0943],[25.1885,65.0975],[25.2307,65.1035]]],[[[17.5581,61.7317],[17.5401,61.7115],[17.5225,61.7253],[17.5581,61.7317]]],[[[22.4465,59.9639],[22.4685,59.9753],[22.4697,59.9631],[22.4465,59.9639]]],[[[-4.9404,55.7363],[-4.9509,55.7129],[-4.9677,55.7199],[-4.9404,55.7363]]],[[[18.6693,60.2493],[18.6757,60.2753],[18.6791,60.2557],[18.6693,60.2493]]],[[[11.7805,57.6563],[11.7709,57.6349],[11.7621,57.6473],[11.7805,57.6563]]],[[[-5.3509,51.8795],[-5.3352,51.8583],[-5.3531,51.8629],[-5.3509,51.8795]]],[[[15.2091,43.9279],[15.2003,43.9481],[15.2283,43.9219],[15.2091,43.9279]]],[[[21.5773,60.3017],[21.5567,60.2881],[21.5507,60.3017],[21.5773,60.3017]]],[[[22.3071,59.8027],[22.3417,59.8053],[22.3107,59.8003],[22.3071,59.8027]]],[[[38.3331,46.7683],[38.3451,46.7507],[38.3211,46.7555],[38.3331,46.7683]]],[[[13.1181,66.6243],[13.1243,66.6085],[13.1005,66.5845],[13.1181,66.6243]]],[[[20.7339,60.2199],[20.7413,60.2511],[20.7563,60.2267],[20.7339,60.2199]]],[[[27.8323,60.5039],[27.8395,60.5241],[27.8465,60.5185],[27.8323,60.5039]]],[[[15.0179,44.1661],[15.0489,44.1535],[15.0543,44.1435],[15.0179,44.1661]]],[[[21.6359,60.0981],[21.6841,60.1075],[21.6867,60.0979],[21.6359,60.0981]]],[[[28.6095,60.5529],[28.6019,60.5257],[28.5937,60.5549],[28.6095,60.5529]]],[[[5.1025,52.4519],[5.1067,52.4697],[5.1423,52.4641],[5.1025,52.4519]]],[[[12.2025,57.1119],[12.2227,57.1261],[12.2331,57.1105],[12.2025,57.1119]]],[[[21.9573,63.2957],[21.9445,63.2759],[21.9299,63.2879],[21.9573,63.2957]]],[[[25.6837,60.2095],[25.6713,60.2325],[25.6919,60.2157],[25.6837,60.2095]]],[[[-1.171,44.7053],[-1.1892,44.6941],[-1.1935,44.7033],[-1.171,44.7053]]],[[[5.1773,60.8401],[5.1591,60.8173],[5.1587,60.8347],[5.1773,60.8401]]],[[[4.9535,61.2461],[4.9723,61.2621],[4.9909,61.2491],[4.9535,61.2461]]],[[[23.3745,58.5095],[23.3791,58.5283],[23.3967,58.5135],[23.3745,58.5095]]],[[[-6.019,53.4843],[-6.0318,53.4999],[-6.0024,53.4947],[-6.019,53.4843]]],[[[21.4989,60.3741],[21.4717,60.3881],[21.4983,60.3885],[21.4989,60.3741]]],[[[17.9997,57.2811],[17.9657,57.2761],[17.9631,57.2841],[17.9997,57.2811]]],[[[11.7991,58.0939],[11.7769,58.0847],[11.7705,58.1097],[11.7991,58.0939]]],[[[4.9523,60.9681],[4.9461,60.9531],[4.9343,60.9631],[4.9523,60.9681]]],[[[9.5287,53.6691],[9.5311,53.6893],[9.5321,53.6699],[9.5287,53.6691]]],[[[15.4825,42.1043],[15.4867,42.1259],[15.4967,42.1231],[15.4825,42.1043]]],[[[22.6071,63.7889],[22.6049,63.8183],[22.6303,63.8063],[22.6071,63.7889]]],[[[21.3699,60.4297],[21.3909,60.4237],[21.3613,60.4173],[21.3699,60.4297]]],[[[23.0247,58.6311],[23.0363,58.6479],[23.0467,58.6289],[23.0247,58.6311]]],[[[20.7341,60.2807],[20.7693,60.2985],[20.7707,60.2957],[20.7341,60.2807]]],[[[22.4041,59.8629],[22.4029,59.8405],[22.3655,59.8491],[22.4041,59.8629]]],[[[23.3755,59.9323],[23.3683,59.9143],[23.3609,59.9249],[23.3755,59.9323]]],[[[17.3621,61.6357],[17.3873,61.6361],[17.3949,61.6219],[17.3621,61.6357]]],[[[14.3497,67.3049],[14.3065,67.2821],[14.2843,67.2877],[14.3497,67.3049]]],[[[49.4569,39.9397],[49.4925,39.9393],[49.4507,39.9339],[49.4569,39.9397]]],[[[21.0795,63.4127],[21.0719,63.4323],[21.0979,63.4243],[21.0795,63.4127]]],[[[21.5517,60.5521],[21.5449,60.5333],[21.5317,60.5515],[21.5517,60.5521]]],[[[-9.8964,53.9913],[-9.9121,54.0051],[-9.8871,54.0075],[-9.8964,53.9913]]],[[[-6.1212,53.3831],[-6.1809,53.3607],[-6.1628,53.3745],[-6.1212,53.3831]]],[[[5.8639,62.2363],[5.8853,62.2487],[5.9171,62.2525],[5.8801,62.2333],[5.8639,62.2363]]],[[[5.1179,59.8767],[5.1165,59.8973],[5.1259,59.8801],[5.1179,59.8767]]],[[[22.1295,60.1573],[22.1113,60.1373],[22.1083,60.1461],[22.1295,60.1573]]],[[[26.7369,60.4089],[26.7419,60.4381],[26.7597,60.4285],[26.7369,60.4089]]],[[[14.8485,44.4765],[14.8565,44.4861],[14.8717,44.4689],[14.8485,44.4765]]],[[[15.3473,43.7629],[15.3251,43.7797],[15.3555,43.7643],[15.3473,43.7629]]],[[[21.9371,60.1701],[21.9181,60.1687],[21.9477,60.1809],[21.9371,60.1701]]],[[[4.8445,61.2223],[4.8401,61.1989],[4.8233,61.2139],[4.8445,61.2223]]],[[[22.4281,63.5797],[22.4551,63.5437],[22.4201,63.5763],[22.4281,63.5797]]],[[[13.9175,67.4027],[13.8633,67.3889],[13.9233,67.4083],[13.9175,67.4027]]],[[[-9.8584,53.9923],[-9.8755,53.9737],[-9.8712,53.9971],[-9.8584,53.9923]]],[[[16.6529,58.4221],[16.6771,58.4291],[16.6929,58.4163],[16.6529,58.4221]]],[[[15.4995,67.9875],[15.4525,67.9825],[15.4411,67.9839],[15.4995,67.9875]]],[[[8.4555,54.5845],[8.4435,54.5663],[8.4409,54.5793],[8.4555,54.5845]]],[[[21.7817,59.9691],[21.7561,59.9503],[21.7603,59.9677],[21.7817,59.9691]]],[[[25.5449,60.2461],[25.5211,60.2397],[25.5405,60.2611],[25.5449,60.2461]]],[[[10.2829,64.2703],[10.3051,64.2563],[10.2767,64.2491],[10.2829,64.2703]]],[[[19.0441,57.8061],[19.0583,57.7877],[19.0365,57.7993],[19.0441,57.8061]]],[[[-5.1571,55.7785],[-5.1595,55.8059],[-5.1465,55.7845],[-5.1571,55.7785]]],[[[22.0305,60.1399],[22.0209,60.1315],[21.9837,60.1381],[22.0305,60.1399]]],[[[-10.2102,54.1299],[-10.1888,54.1411],[-10.1877,54.1335],[-10.2102,54.1299]]],[[[22.0719,38.3607],[22.0821,38.3721],[22.0895,38.3597],[22.0719,38.3607]]],[[[9.5575,55.1125],[9.5647,55.1301],[9.5765,55.1175],[9.5575,55.1125]]],[[[-9.8752,53.3069],[-9.8453,53.3037],[-9.8407,53.2933],[-9.8752,53.3069]]],[[[26.2591,60.3527],[26.2881,60.3533],[26.3089,60.3385],[26.2591,60.3527]]],[[[4.9089,60.5081],[4.9277,60.5097],[4.9277,60.4899],[4.9089,60.5081]]],[[[21.6507,60.4811],[21.6607,60.4615],[21.6453,60.4675],[21.6507,60.4811]]],[[[6.6155,53.5487],[6.5705,53.5435],[6.5855,53.5511],[6.6155,53.5487]]],[[[-7.5967,56.8513],[-7.5768,56.8645],[-7.5571,56.8591],[-7.5967,56.8513]]],[[[24.1677,38.1625],[24.1785,38.1803],[24.1717,38.1617],[24.1677,38.1625]]],[[[18.6295,63.0571],[18.6335,63.0813],[18.6419,63.0765],[18.6295,63.0571]]],[[[-0.7566,37.7751],[-0.7299,37.7449],[-0.7428,37.7475],[-0.7566,37.7751]]],[[[10.4687,55.0143],[10.4921,55.0061],[10.4633,54.9977],[10.4687,55.0143]]],[[[21.6477,60.3783],[21.6955,60.3733],[21.7015,60.3655],[21.6477,60.3783]]],[[[5.0659,60.6961],[5.0893,60.6851],[5.1111,60.6741],[5.0659,60.6961]]],[[[11.1449,59.1175],[11.1275,59.1005],[11.1147,59.1103],[11.1449,59.1175]]],[[[13.1907,45.7087],[13.2075,45.7203],[13.2465,45.7187],[13.1907,45.7087]]],[[[4.8151,60.9311],[4.8115,60.9109],[4.7911,60.9309],[4.8151,60.9311]]],[[[18.6101,60.2689],[18.6185,60.2841],[18.6397,60.2673],[18.6101,60.2689]]],[[[-6.2906,49.9591],[-6.2735,49.9703],[-6.2682,49.9647],[-6.2906,49.9591]]],[[[18.9407,63.2131],[18.9279,63.2319],[18.9491,63.2249],[18.9407,63.2131]]],[[[21.6659,63.3787],[21.6485,63.3927],[21.6933,63.3905],[21.6659,63.3787]]],[[[26.2947,38.5047],[26.2801,38.4997],[26.2755,38.5229],[26.2947,38.5047]]],[[[20.3379,60.0653],[20.3609,60.0831],[20.3587,60.0685],[20.3379,60.0653]]],[[[-5.7093,56.2161],[-5.6964,56.2247],[-5.6872,56.2073],[-5.7093,56.2161]]],[[[21.4685,61.5865],[21.5237,61.5989],[21.5283,61.5967],[21.4685,61.5865]]],[[[25.8699,60.2075],[25.8947,60.2189],[25.9163,60.2085],[25.8699,60.2075]]],[[[-4.8124,54.0451],[-4.8199,54.0611],[-4.8032,54.0619],[-4.8124,54.0451]]],[[[16.4645,56.9787],[16.4939,56.9675],[16.4867,56.9589],[16.4645,56.9787]]],[[[18.1683,59.0453],[18.1703,59.0617],[18.1951,59.0497],[18.1683,59.0453]]],[[[11.2875,55.7975],[11.3071,55.7809],[11.3079,55.7695],[11.2875,55.7975]]],[[[11.1173,64.7397],[11.1255,64.7517],[11.1627,64.7499],[11.1173,64.7397]]],[[[10.0013,64.1729],[10.0193,64.1967],[10.0441,64.1883],[10.0013,64.1729]]],[[[10.8959,64.5251],[10.8769,64.5119],[10.8531,64.5227],[10.8695,64.5321],[10.8959,64.5251]]],[[[24.9499,65.6207],[24.9551,65.5937],[24.9361,65.6225],[24.9499,65.6207]]],[[[18.8829,59.3445],[18.9137,59.3585],[18.9317,59.3525],[18.8829,59.3445]]],[[[21.4199,60.4289],[21.4417,60.4207],[21.4125,60.4123],[21.4199,60.4289]]],[[[-10.3026,53.6051],[-10.2907,53.6223],[-10.2642,53.6085],[-10.3026,53.6051]]],[[[24.5353,65.7175],[24.5181,65.7301],[24.5349,65.7265],[24.5353,65.7175]]],[[[23.2005,63.9559],[23.1931,63.9395],[23.1851,63.9503],[23.2005,63.9559]]],[[[5.1361,61.5721],[5.1463,61.5819],[5.1581,61.5731],[5.1361,61.5721]]],[[[28.0075,60.0271],[28.0285,60.0299],[28.0611,60.0215],[28.0075,60.0271]]],[[[21.7565,59.9089],[21.7723,59.9245],[21.7817,59.9157],[21.7565,59.9089]]],[[[25.5521,60.2089],[25.5299,60.1937],[25.5293,60.2155],[25.5521,60.2089]]],[[[11.1257,58.7641],[11.1469,58.7753],[11.1609,58.7685],[11.1257,58.7641]]],[[[-5.2644,58.2691],[-5.2448,58.2551],[-5.2818,58.2625],[-5.2644,58.2691]]],[[[10.6989,64.5403],[10.6799,64.5561],[10.7065,64.5521],[10.6989,64.5403]]],[[[5.2317,59.9089],[5.2381,59.9193],[5.2563,59.9003],[5.2317,59.9089]]],[[[-8.3306,43.4571],[-8.3278,43.4783],[-8.3169,43.4663],[-8.3306,43.4571]]],[[[15.7949,43.7211],[15.7935,43.7395],[15.8045,43.7253],[15.7949,43.7211]]],[[[8.8283,54.5483],[8.8125,54.5613],[8.8409,54.5577],[8.8283,54.5483]]],[[[21.5731,60.5271],[21.5815,60.5405],[21.5993,60.5277],[21.5731,60.5271]]],[[[3.7135,51.6439],[3.6899,51.6239],[3.6855,51.6171],[3.6883,51.6261],[3.7135,51.6439]]],[[[10.5247,59.8767],[10.5527,59.8731],[10.5253,59.8611],[10.5247,59.8767]]],[[[22.5575,63.7653],[22.5717,63.7621],[22.5551,63.7493],[22.5575,63.7653]]],[[[21.3781,60.5195],[21.3683,60.4993],[21.3499,60.5131],[21.3781,60.5195]]],[[[-5.0781,55.5393],[-5.0696,55.5177],[-5.089,55.5393],[-5.0781,55.5393]]],[[[26.1177,60.3711],[26.1255,60.3897],[26.1275,60.3733],[26.1177,60.3711]]],[[[11.7847,57.5653],[11.7937,57.5887],[11.7997,57.5677],[11.7847,57.5653]]],[[[10.5163,59.3757],[10.5423,59.3801],[10.5363,59.3643],[10.5163,59.3757]]],[[[22.0129,60.2963],[21.9871,60.2809],[21.9771,60.2839],[22.0129,60.2963]]],[[[14.6493,67.8087],[14.6769,67.8227],[14.7065,67.8235],[14.6493,67.8087]]],[[[15.3083,43.9187],[15.3049,43.9309],[15.3159,43.9207],[15.3083,43.9187]]],[[[14.0203,67.1669],[13.9849,67.1547],[13.9835,67.1667],[14.0203,67.1669]]],[[[22.4825,59.9359],[22.4643,59.9241],[22.4591,59.9411],[22.4825,59.9359]]],[[[35.5843,64.4071],[35.5503,64.3907],[35.5349,64.4043],[35.5843,64.4071]]],[[[9.8387,63.8863],[9.8717,63.9087],[9.8779,63.8987],[9.8387,63.8863]]],[[[18.6345,60.2347],[18.6625,60.2085],[18.6271,60.2275],[18.6345,60.2347]]],[[[21.3993,62.9559],[21.3747,62.9319],[21.3615,62.9433],[21.3993,62.9559]]],[[[4.7573,61.5699],[4.7703,61.5553],[4.7349,61.5565],[4.7573,61.5699]]],[[[21.5111,60.2543],[21.5355,60.2335],[21.5007,60.2367],[21.5111,60.2543]]],[[[9.5523,63.6559],[9.5281,63.6415],[9.5035,63.6475],[9.5523,63.6559]]],[[[28.4593,60.6015],[28.4429,60.5955],[28.4401,60.6075],[28.4593,60.6015]]],[[[17.2085,61.6307],[17.2015,61.6449],[17.2437,61.6439],[17.2085,61.6307]]],[[[9.9403,63.9253],[9.9413,63.9423],[9.9539,63.9367],[9.9403,63.9253]]],[[[5.3145,62.0429],[5.3179,62.0559],[5.3269,62.0443],[5.3145,62.0429]]],[[[11.4245,58.1549],[11.4217,58.1741],[11.4589,58.1715],[11.4245,58.1549]]],[[[5.1253,60.6939],[5.1013,60.6943],[5.0933,60.7021],[5.1253,60.6939]]],[[[20.5973,60.1007],[20.6067,60.0839],[20.5787,60.0907],[20.5973,60.1007]]],[[[20.4313,60.3071],[20.4579,60.2993],[20.4267,60.2955],[20.4313,60.3071]]],[[[15.4861,43.8599],[15.5027,43.8665],[15.5179,43.8519],[15.4861,43.8599]]],[[[-10.1567,53.5403],[-10.1729,53.5263],[-10.1812,53.5377],[-10.1567,53.5403]]],[[[4.9769,60.5781],[4.9551,60.5631],[4.9443,60.5757],[4.9769,60.5781]]],[[[20.8829,60.3423],[20.8859,60.3653],[20.8863,60.3417],[20.8829,60.3423]]],[[[21.8451,60.2837],[21.8417,60.2947],[21.8593,60.2947],[21.8451,60.2837]]],[[[-9.8642,52.2959],[-9.8777,52.2837],[-9.8893,52.3039],[-9.8642,52.2959]]],[[[5.7281,59.9267],[5.7025,59.9263],[5.7187,59.9417],[5.7281,59.9267]]],[[[19.7705,60.3633],[19.7393,60.3543],[19.7757,60.3689],[19.7705,60.3633]]],[[[21.4755,60.1315],[21.4645,60.1451],[21.4855,60.1421],[21.4755,60.1315]]],[[[5.2715,59.7251],[5.2493,59.7115],[5.2689,59.7265],[5.2715,59.7251]]],[[[22.8297,63.7149],[22.8247,63.7299],[22.8493,63.7269],[22.8297,63.7149]]],[[[11.7511,56.1873],[11.7235,56.1817],[11.7143,56.1867],[11.7511,56.1873]]],[[[5.3965,59.2767],[5.4151,59.2845],[5.4219,59.2731],[5.3965,59.2767]]],[[[20.5203,60.2757],[20.5175,60.2981],[20.5319,60.2849],[20.5203,60.2757]]],[[[23.3387,59.8881],[23.2875,59.8871],[23.2855,59.8891],[23.3387,59.8881]]],[[[21.0985,62.6757],[21.0843,62.6933],[21.1161,62.6881],[21.0985,62.6757]]],[[[21.2497,60.1925],[21.2391,60.2023],[21.2639,60.1967],[21.2497,60.1925]]],[[[22.0779,65.4073],[22.0595,65.3969],[22.0369,65.4039],[22.0779,65.4073]]],[[[-1.992,50.6945],[-1.9645,50.7001],[-1.9622,50.6935],[-1.992,50.6945]]],[[[18.7981,63.1349],[18.8193,63.1503],[18.8309,63.1425],[18.7981,63.1349]]],[[[13.8931,67.4101],[13.8555,67.4035],[13.9077,67.4211],[13.8931,67.4101]]],[[[11.5981,58.3767],[11.5879,58.3857],[11.5997,58.3921],[11.5981,58.3767]]],[[[18.8811,59.4083],[18.8583,59.3943],[18.8617,59.4087],[18.8811,59.4083]]],[[[8.7381,54.6479],[8.7275,54.6325],[8.7135,54.6377],[8.7381,54.6479]]],[[[11.6075,57.7741],[11.6227,57.7859],[11.6315,57.7745],[11.6075,57.7741]]],[[[11.2121,58.8107],[11.2157,58.8283],[11.2213,58.8127],[11.2121,58.8107]]],[[[17.9903,42.6731],[18.0099,42.6801],[18.0167,42.6625],[17.9903,42.6731]]],[[[-2.8586,47.3381],[-2.8805,47.3429],[-2.8563,47.3437],[-2.8586,47.3381]]],[[[19.5005,60.2553],[19.4803,60.2437],[19.4965,60.2653],[19.5005,60.2553]]],[[[27.5099,40.5613],[27.4733,40.5489],[27.4781,40.5583],[27.5099,40.5613]]],[[[11.2431,58.6211],[11.2479,58.6459],[11.2511,58.6397],[11.2431,58.6211]]],[[[21.3063,38.3051],[21.3195,38.3175],[21.3267,38.3127],[21.3063,38.3051]]],[[[21.5539,61.7111],[21.5355,61.7067],[21.5121,61.7255],[21.5539,61.7111]]],[[[21.2805,60.8185],[21.2773,60.8043],[21.2499,60.8063],[21.2805,60.8185]]],[[[22.3629,59.9239],[22.3513,59.9271],[22.3843,59.9371],[22.3629,59.9239]]],[[[-8.8933,42.2439],[-8.9089,42.2507],[-8.9043,42.2549],[-8.8933,42.2439]]],[[[0.6619,51.4093],[0.6843,51.4137],[0.6899,51.4001],[0.6619,51.4093]]],[[[17.5505,62.4397],[17.5535,62.4257],[17.5373,62.4355],[17.5505,62.4397]]],[[[12.1833,57.1523],[12.1761,57.1675],[12.1961,57.1643],[12.1833,57.1523]]],[[[20.6339,60.3959],[20.6259,60.4147],[20.6419,60.4007],[20.6339,60.3959]]],[[[20.8727,60.2525],[20.8553,60.2505],[20.8627,60.2615],[20.8727,60.2525]]],[[[13.7811,67.1533],[13.7725,67.1675],[13.8083,67.1639],[13.7811,67.1533]]],[[[10.3903,64.3365],[10.4313,64.3371],[10.4345,64.3331],[10.3903,64.3365]]],[[[21.0497,60.5489],[21.0421,60.5601],[21.0773,60.5571],[21.0497,60.5489]]],[[[15.3673,43.7477],[15.3791,43.7609],[15.3811,43.7587],[15.3673,43.7477]]],[[[34.8149,64.9745],[34.8363,64.9919],[34.8439,64.9849],[34.8149,64.9745]]],[[[18.9051,59.3311],[18.8983,59.3427],[18.9133,59.3395],[18.9051,59.3311]]],[[[-7.6133,56.7873],[-7.638,56.7813],[-7.6579,56.7889],[-7.6133,56.7873]]],[[[26.7771,38.4439],[26.7593,38.4443],[26.7641,38.4553],[26.7771,38.4439]]],[[[21.0363,38.3539],[21.0341,38.3699],[21.0451,38.3521],[21.0363,38.3539]]],[[[-6.3659,56.2881],[-6.3789,56.3039],[-6.3594,56.3007],[-6.3659,56.2881]]],[[[11.1583,58.7913],[11.1307,58.7867],[11.1333,58.7951],[11.1583,58.7913]]],[[[18.9765,57.4363],[18.9931,57.4463],[19.0017,57.4353],[18.9765,57.4363]]],[[[16.5525,57.0229],[16.5271,57.0189],[16.5253,57.0289],[16.5525,57.0229]]],[[[-5.8761,56.6647],[-5.9009,56.6647],[-5.8767,56.6697],[-5.8761,56.6647]]],[[[18.2291,59.0805],[18.2171,59.0677],[18.2035,59.0705],[18.2291,59.0805]]],[[[10.5849,59.8753],[10.5739,59.8599],[10.5669,59.8721],[10.5849,59.8753]]],[[[17.9905,58.8973],[17.9755,58.9027],[17.9923,58.9067],[17.9905,58.8973]]],[[[21.0001,60.4061],[20.9833,60.4233],[21.0001,60.4323],[21.0001,60.4061]]],[[[6.9155,62.6735],[6.8727,62.6697],[6.9267,62.6787],[6.9155,62.6735]]],[[[24.1089,38.2387],[24.1003,38.2191],[24.1053,38.2397],[24.1089,38.2387]]],[[[9.8039,37.2297],[9.7881,37.2189],[9.8061,37.2391],[9.8039,37.2297]]],[[[9.7253,63.8673],[9.7049,63.8623],[9.7651,63.8783],[9.7253,63.8673]]],[[[16.4677,67.8347],[16.4469,67.8517],[16.4681,67.8613],[16.4677,67.8347]]],[[[14.5541,67.3743],[14.5145,67.3675],[14.5629,67.3799],[14.5541,67.3743]]],[[[20.5725,60.1573],[20.6011,60.1697],[20.6173,60.1633],[20.5725,60.1573]]],[[[4.9769,60.7653],[5.0079,60.7509],[5.0169,60.7423],[4.9769,60.7653]]],[[[9.7029,55.3535],[9.7051,55.3667],[9.7237,55.3585],[9.7029,55.3535]]],[[[14.6525,67.5577],[14.6789,67.5687],[14.7129,67.5649],[14.6845,67.5577],[14.6525,67.5577]]],[[[23.1495,58.8317],[23.1221,58.8283],[23.1197,58.8405],[23.1495,58.8317]]],[[[27.9053,60.0093],[27.8879,60.0113],[27.8949,60.0159],[27.9053,60.0093]]],[[[21.7473,60.5737],[21.7339,60.5539],[21.7299,60.5647],[21.7473,60.5737]]],[[[19.1037,59.7775],[19.1063,59.7925],[19.1093,59.7897],[19.1037,59.7775]]],[[[22.0205,65.4939],[21.9927,65.5081],[22.0285,65.5075],[22.0205,65.4939]]],[[[26.8085,38.9193],[26.8265,38.9235],[26.8231,38.9141],[26.8085,38.9193]]],[[[22.3759,59.9089],[22.3553,59.9099],[22.3885,59.9217],[22.3759,59.9089]]],[[[17.5385,61.9589],[17.5097,61.9561],[17.5041,61.9645],[17.5385,61.9589]]],[[[21.0537,60.2933],[21.0595,60.3111],[21.0753,60.2981],[21.0617,60.2919],[21.0537,60.2933]]],[[[15.6523,56.1715],[15.6425,56.1543],[15.6385,56.1659],[15.6523,56.1715]]],[[[10.6255,63.5773],[10.5919,63.5693],[10.6449,63.5887],[10.6255,63.5773]]],[[[20.0791,60.4201],[20.0605,60.4369],[20.0827,60.4363],[20.0791,60.4201]]],[[[5.2625,60.5313],[5.2717,60.5451],[5.2731,60.5369],[5.2625,60.5313]]],[[[21.4401,61.6121],[21.4373,61.6259],[21.4525,61.6153],[21.4401,61.6121]]],[[[24.5981,60.0475],[24.6019,60.0603],[24.6243,60.0541],[24.5981,60.0475]]],[[[21.0679,60.4387],[21.0429,60.4295],[21.0273,60.4373],[21.0679,60.4387]]],[[[18.5691,59.4089],[18.5751,59.4221],[18.5969,59.4087],[18.5691,59.4089]]],[[[5.1335,59.7523],[5.1233,59.7291],[5.1133,59.7315],[5.1335,59.7523]]],[[[22.4369,59.9883],[22.4247,59.9969],[22.4331,59.9969],[22.4369,59.9883]]],[[[22.3231,60.1281],[22.3115,60.1427],[22.3403,60.1425],[22.3231,60.1281]]],[[[4.7933,61.1501],[4.7795,61.1279],[4.7653,61.1327],[4.7933,61.1501]]],[[[-4.787,52.7575],[-4.799,52.7671],[-4.7829,52.7697],[-4.787,52.7575]]],[[[12.1063,54.9583],[12.0781,54.9455],[12.0663,54.9499],[12.1063,54.9583]]],[[[19.7761,60.4089],[19.7667,60.4267],[19.7833,60.4257],[19.7761,60.4089]]],[[[22.4039,59.8059],[22.3961,59.8237],[22.4163,59.8185],[22.4039,59.8059]]],[[[15.4907,43.6963],[15.4697,43.7143],[15.5167,43.6911],[15.4907,43.6963]]],[[[21.0919,60.4869],[21.0841,60.4987],[21.1079,60.4905],[21.0919,60.4869]]],[[[17.7201,58.8395],[17.7207,58.8607],[17.7329,58.8409],[17.7201,58.8395]]],[[[-10.2329,54.1209],[-10.2102,54.1273],[-10.242,54.1093],[-10.2329,54.1209]]],[[[21.9623,60.2481],[21.9585,60.2325],[21.9531,60.2451],[21.9623,60.2481]]],[[[11.3697,55.0407],[11.3475,55.0237],[11.3447,55.0271],[11.3697,55.0407]]],[[[18.9333,59.2781],[18.9325,59.2907],[18.9441,59.2801],[18.9333,59.2781]]],[[[20.4001,60.3283],[20.4037,60.3439],[20.4309,60.3397],[20.4001,60.3283]]],[[[5.3657,60.1331],[5.3647,60.1469],[5.3877,60.1447],[5.3657,60.1331]]],[[[21.8509,60.3403],[21.9023,60.3375],[21.9135,60.3329],[21.8509,60.3403]]],[[[5.0739,59.8051],[5.0775,59.8279],[5.0911,59.8163],[5.0739,59.8051]]],[[[21.0255,60.7245],[21.0099,60.7229],[21.0411,60.7333],[21.0255,60.7245]]],[[[13.9551,67.4211],[13.9827,67.4357],[13.9831,67.4279],[13.9551,67.4211]]],[[[21.0189,38.4747],[21.0171,38.4911],[21.0317,38.4739],[21.0189,38.4747]]],[[[11.0541,64.8771],[11.0265,64.8743],[11.0555,64.8803],[11.0541,64.8771]]],[[[19.7177,60.3697],[19.7015,60.3623],[19.7049,60.3791],[19.7177,60.3697]]],[[[18.7923,59.6579],[18.7813,59.6399],[18.7739,59.6489],[18.7923,59.6579]]],[[[10.4825,55.4849],[10.4611,55.4653],[10.4579,55.4735],[10.4825,55.4849]]],[[[13.3187,45.6985],[13.3207,45.7149],[13.3261,45.7009],[13.3187,45.6985]]],[[[16.5655,57.8611],[16.5769,57.8739],[16.5911,57.8653],[16.5655,57.8611]]],[[[20.0023,60.4017],[20.0043,60.3755],[19.9847,60.3933],[20.0023,60.4017]]],[[[21.0447,60.8351],[21.0357,60.8477],[21.0509,60.8367],[21.0447,60.8351]]],[[[5.1135,60.0833],[5.1103,60.1063],[5.1195,60.0839],[5.1135,60.0833]]],[[[-6.4986,57.3475],[-6.5046,57.3323],[-6.5196,57.3359],[-6.4986,57.3475]]],[[[16.6163,57.8779],[16.6183,57.8603],[16.5981,57.8723],[16.6163,57.8779]]],[[[21.5301,60.2841],[21.5375,60.3021],[21.5487,60.2895],[21.5301,60.2841]]],[[[25.2181,59.5707],[25.2347,59.5785],[25.2441,59.5647],[25.2181,59.5707]]],[[[20.0455,60.4183],[20.0483,60.4365],[20.0537,60.4225],[20.0455,60.4183]]],[[[4.9785,60.3311],[4.9735,60.3181],[4.9525,60.3293],[4.9785,60.3311]]],[[[23.6669,59.9333],[23.6737,59.9213],[23.6379,59.9175],[23.6669,59.9333]]],[[[23.1057,38.6837],[23.0895,38.6699],[23.0995,38.6873],[23.1057,38.6837]]],[[[6.2449,62.5499],[6.2481,62.5725],[6.2651,62.5719],[6.2449,62.5499]]],[[[16.7063,57.5085],[16.7003,57.5239],[16.7239,57.5063],[16.7063,57.5085]]],[[[22.0401,63.3435],[22.0133,63.3437],[22.0203,63.3583],[22.0401,63.3435]]],[[[15.2505,43.8193],[15.2613,43.8253],[15.2637,43.8221],[15.2505,43.8193]]],[[[5.1729,60.2311],[5.1915,60.2407],[5.1951,60.2363],[5.1729,60.2311]]],[[[20.7713,60.4031],[20.7917,60.3949],[20.7973,60.3843],[20.7713,60.4031]]],[[[20.3133,60.1423],[20.3069,60.1603],[20.3287,60.1489],[20.3133,60.1423]]],[[[5.2035,62.0081],[5.1919,62.0205],[5.2137,62.0211],[5.2035,62.0081]]],[[[-5.4645,57.8953],[-5.4696,57.8789],[-5.4795,57.8961],[-5.4645,57.8953]]],[[[6.0505,53.4469],[6.0621,53.4627],[6.0683,53.4577],[6.0505,53.4469]]],[[[21.1851,60.5725],[21.1633,60.5667],[21.1657,60.5801],[21.1851,60.5725]]],[[[23.0149,58.7943],[23.0125,58.8093],[23.0181,58.7977],[23.0149,58.7943]]],[[[16.9335,58.2521],[16.9117,58.2487],[16.9433,58.2605],[16.9335,58.2521]]],[[[7.4583,63.0717],[7.5033,63.0695],[7.4711,63.0647],[7.4583,63.0717]]],[[[23.4251,58.6423],[23.4423,58.6273],[23.4177,58.6357],[23.4251,58.6423]]],[[[-4.6906,51.6349],[-4.6883,51.6465],[-4.6805,51.6425],[-4.6906,51.6349]]],[[[11.1373,58.8747],[11.1235,58.8643],[11.1169,58.8807],[11.1373,58.8747]]],[[[-9.0205,52.7161],[-9.0539,52.7113],[-9.0136,52.7209],[-9.0205,52.7161]]],[[[9.3137,63.6417],[9.3365,63.6555],[9.3479,63.6523],[9.3137,63.6417]]],[[[8.5421,63.1579],[8.5505,63.1487],[8.5041,63.1487],[8.5421,63.1579]]],[[[20.0635,60.3769],[20.0551,60.3907],[20.0689,60.3813],[20.0635,60.3769]]],[[[10.7205,64.5013],[10.7367,64.5121],[10.7429,64.5089],[10.7205,64.5013]]],[[[18.8697,59.3009],[18.8367,59.3039],[18.8239,59.3049],[18.8373,59.3101],[18.8697,59.3009]]],[[[5.1465,61.6115],[5.1395,61.6199],[5.1741,61.6151],[5.1465,61.6115]]],[[[-9.6411,53.3255],[-9.6263,53.3119],[-9.6574,53.3131],[-9.6411,53.3255]]],[[[12.3559,65.8663],[12.3309,65.8433],[12.3559,65.8679],[12.3559,65.8663]]],[[[10.8837,64.6161],[10.8687,64.6001],[10.8669,64.6089],[10.8837,64.6161]]],[[[11.6937,57.9223],[11.7187,57.9303],[11.7281,57.9265],[11.6937,57.9223]]],[[[14.2997,44.7673],[14.3159,44.7901],[14.3057,44.7633],[14.2997,44.7673]]],[[[21.9543,60.2049],[21.9399,60.2003],[21.9155,60.2049],[21.9543,60.2049]]],[[[12.0199,65.3935],[12.0079,65.4077],[12.0377,65.4027],[12.0199,65.3935]]],[[[27.8669,36.5249],[27.8471,36.5233],[27.8539,36.5329],[27.8669,36.5249]]],[[[22.3813,59.8911],[22.3755,59.9019],[22.4045,59.8993],[22.3813,59.8911]]],[[[10.8911,59.0319],[10.8843,59.0509],[10.9029,59.0375],[10.8911,59.0319]]],[[[22.7703,63.8753],[22.7499,63.8653],[22.7507,63.8735],[22.7703,63.8753]]],[[[10.6561,64.4733],[10.6727,64.4829],[10.6779,64.4703],[10.6561,64.4733]]],[[[20.3613,60.1711],[20.3523,60.1539],[20.3299,60.1603],[20.3613,60.1711]]],[[[19.9941,60.0509],[19.9689,60.0359],[19.9631,60.0381],[19.9941,60.0509]]],[[[5.2389,59.6731],[5.2595,59.6767],[5.2567,59.6673],[5.2389,59.6731]]],[[[6.8765,58.0583],[6.8611,58.0785],[6.8941,58.0731],[6.8765,58.0583]]],[[[21.2183,62.3937],[21.1953,62.3725],[21.2141,62.3957],[21.2183,62.3937]]],[[[18.7123,59.4299],[18.7263,59.4405],[18.7395,59.4351],[18.7123,59.4299]]],[[[-8.3761,55.0851],[-8.3653,55.0975],[-8.3543,55.0863],[-8.3761,55.0851]]],[[[16.6355,57.5617],[16.6105,57.5597],[16.6071,57.5635],[16.6355,57.5617]]],[[[21.3115,60.7195],[21.3069,60.7091],[21.2899,60.7127],[21.3115,60.7195]]],[[[-5.6418,54.5209],[-5.6256,54.5109],[-5.6208,54.5103],[-5.6505,54.4999],[-5.6418,54.5209]]],[[[-5.9525,56.6629],[-5.9312,56.6731],[-5.9123,56.6627],[-5.9436,56.6609],[-5.9525,56.6629]]],[[[11.7541,58.0831],[11.7531,58.1037],[11.7603,58.0963],[11.7541,58.0831]]],[[[-9.1584,54.2175],[-9.1542,54.2183],[-9.1418,54.2005],[-9.1584,54.2175]]],[[[10.3605,64.3231],[10.3573,64.3389],[10.3835,64.3239],[10.3605,64.3231]]],[[[18.6343,60.2851],[18.6519,60.2903],[18.6589,60.2827],[18.6343,60.2851]]],[[[19.1329,59.8025],[19.1275,59.8135],[19.1555,59.8165],[19.1329,59.8025]]],[[[12.0759,55.7297],[12.0855,55.7453],[12.1021,55.7285],[12.0759,55.7297]]],[[[11.8903,54.9797],[11.8925,54.9949],[11.9017,54.9757],[11.8903,54.9797]]],[[[27.5897,40.5077],[27.5803,40.5241],[27.5893,40.5281],[27.5897,40.5077]]],[[[5.4823,59.2649],[5.4649,59.2599],[5.4623,59.2723],[5.4823,59.2649]]],[[[25.3701,60.2369],[25.3529,60.2293],[25.3355,60.2405],[25.3701,60.2369]]],[[[25.1231,60.1541],[25.1237,60.1629],[25.1459,60.1587],[25.1231,60.1541]]],[[[10.8925,64.5531],[10.9013,64.5625],[10.9277,64.5505],[10.8925,64.5531]]],[[[9.8255,59.0085],[9.8289,59.0251],[9.8307,59.0121],[9.8255,59.0085]]],[[[21.2993,60.5801],[21.3213,60.5565],[21.2931,60.5789],[21.2993,60.5801]]],[[[5.0895,60.9709],[5.0697,60.9677],[5.0449,60.9767],[5.0895,60.9709]]],[[[-9.4509,51.5015],[-9.4363,51.4911],[-9.4598,51.4935],[-9.4509,51.5015]]],[[[18.8937,63.1803],[18.8835,63.1863],[18.9069,63.1825],[18.8937,63.1803]]],[[[6.5491,62.6539],[6.5291,62.6385],[6.5251,62.6393],[6.5491,62.6539]]],[[[25.2543,60.2339],[25.2387,60.2239],[25.2225,60.2275],[25.2543,60.2339]]],[[[17.6485,58.9319],[17.6623,58.9391],[17.6689,58.9203],[17.6485,58.9319]]],[[[-7.3707,57.0553],[-7.3899,57.0443],[-7.4,57.0493],[-7.3707,57.0553]]],[[[21.6011,60.0997],[21.6235,60.0879],[21.5927,60.0895],[21.6011,60.0997]]],[[[21.7395,60.1205],[21.7533,60.1103],[21.7137,60.1131],[21.7395,60.1205]]],[[[5.5169,58.9247],[5.5049,58.9109],[5.4961,58.9185],[5.5169,58.9247]]],[[[16.7869,58.2775],[16.8005,58.2865],[16.8105,58.2761],[16.7869,58.2775]]],[[[-6.4923,57.0503],[-6.4983,57.0563],[-6.4732,57.0447],[-6.4923,57.0503]]],[[[24.0049,60.0197],[24.0003,60.0101],[23.9745,60.0147],[24.0049,60.0197]]],[[[7.0383,43.5307],[7.0553,43.5203],[7.0305,43.5283],[7.0383,43.5307]]],[[[16.8849,58.3445],[16.8887,58.3589],[16.9027,58.3561],[16.8849,58.3445]]],[[[22.0819,60.1723],[22.0837,60.1811],[22.1117,60.1831],[22.0819,60.1723]]],[[[17.8857,62.9055],[17.8855,62.8915],[17.8777,62.8987],[17.8857,62.9055]]],[[[10.1691,64.1797],[10.1699,64.1657],[10.1657,64.1771],[10.1691,64.1797]]],[[[21.3035,60.7757],[21.2945,60.7615],[21.2779,60.7703],[21.3035,60.7757]]],[[[13.5137,45.7501],[13.5525,45.7323],[13.5517,45.7303],[13.5207,45.7377],[13.5137,45.7501]]],[[[24.8337,65.3791],[24.8213,65.3881],[24.8601,65.3865],[24.8337,65.3791]]],[[[18.8599,63.1639],[18.8413,63.1531],[18.8387,63.1547],[18.8599,63.1639]]],[[[26.4355,60.3615],[26.4295,60.3445],[26.4175,60.3533],[26.4355,60.3615]]],[[[21.3935,63.0023],[21.4041,63.0141],[21.4131,63.0043],[21.3935,63.0023]]],[[[21.4885,60.1227],[21.4683,60.1205],[21.5085,60.1379],[21.4885,60.1227]]],[[[-8.902,42.1963],[-8.8895,42.2037],[-8.8869,42.1961],[-8.902,42.1963]]],[[[27.2191,37.0141],[27.2121,36.9977],[27.2057,37.0013],[27.2191,37.0141]]],[[[4.9595,61.2665],[4.9695,61.2793],[4.9725,61.2663],[4.9595,61.2665]]],[[[5.0955,59.4479],[5.0851,59.4331],[5.0723,59.4417],[5.0955,59.4479]]],[[[-9.0194,53.2151],[-9.0218,53.2279],[-9.0062,53.2249],[-9.0194,53.2151]]],[[[5.8227,59.0559],[5.8203,59.0421],[5.8137,59.0531],[5.8227,59.0559]]],[[[17.8769,58.7697],[17.8719,58.7541],[17.8705,58.7729],[17.8769,58.7697]]],[[[18.8437,59.6501],[18.8371,59.6609],[18.8609,59.6553],[18.8437,59.6501]]],[[[20.8079,63.1259],[20.8149,63.1097],[20.7917,63.1103],[20.8079,63.1259]]],[[[-9.9519,53.8741],[-9.9554,53.8619],[-9.9671,53.8749],[-9.9519,53.8741]]],[[[17.5951,58.8821],[17.5783,58.8755],[17.5667,58.8873],[17.5951,58.8821]]],[[[25.1929,65.1101],[25.1437,65.0991],[25.1395,65.1021],[25.1929,65.1101]]],[[[-9.065,53.1625],[-9.0848,53.1657],[-9.0559,53.1639],[-9.065,53.1625]]],[[[5.3807,53.0735],[5.3737,53.0629],[5.3657,53.0767],[5.3807,53.0735]]],[[[17.2211,61.5721],[17.1963,61.5801],[17.2233,61.5737],[17.2211,61.5721]]],[[[23.1119,38.6369],[23.1199,38.6501],[23.1257,38.6477],[23.1119,38.6369]]],[[[21.2395,60.6261],[21.2325,60.6097],[21.2207,60.6277],[21.2395,60.6261]]],[[[18.8893,59.3075],[18.8915,59.3173],[18.9119,59.3143],[18.8893,59.3075]]],[[[10.2549,64.2637],[10.2461,64.2461],[10.2365,64.2597],[10.2549,64.2637]]],[[[-5.3882,56.5903],[-5.4033,56.5963],[-5.3844,56.5991],[-5.3882,56.5903]]],[[[22.7483,60.0065],[22.7251,59.9971],[22.7281,60.0103],[22.7483,60.0065]]],[[[35.1513,64.9431],[35.1689,64.9543],[35.1741,64.9449],[35.1513,64.9431]]],[[[22.8097,60.0381],[22.8233,60.0459],[22.8225,60.0327],[22.8097,60.0381]]],[[[21.3071,60.8213],[21.3093,60.8389],[21.3193,60.8337],[21.3071,60.8213]]],[[[5.3659,59.7411],[5.3675,59.7239],[5.3511,59.7369],[5.3659,59.7411]]],[[[-2.9984,48.8519],[-3.0165,48.8421],[-3.0178,48.8549],[-2.9984,48.8519]]],[[[18.6411,59.1725],[18.6579,59.1903],[18.6733,59.1887],[18.6411,59.1725]]],[[[21.4757,61.3903],[21.4939,61.3929],[21.4991,61.3895],[21.4757,61.3903]]],[[[49.9073,40.2899],[49.9016,40.2977],[49.9305,40.2943],[49.9073,40.2899]]],[[[16.9183,58.2145],[16.9359,58.2267],[16.9527,58.2239],[16.9183,58.2145]]],[[[18.7325,59.6171],[18.7185,59.6011],[18.7127,59.6073],[18.7325,59.6171]]],[[[-3.5876,48.8005],[-3.5693,48.8113],[-3.5669,48.8067],[-3.5876,48.8005]]],[[[5.0923,61.6329],[5.0807,61.6233],[5.0731,61.6301],[5.0923,61.6329]]],[[[21.4899,60.2915],[21.4833,60.2991],[21.5027,60.2965],[21.4899,60.2915]]],[[[20.5839,63.7483],[20.5903,63.7281],[20.5681,63.7379],[20.5839,63.7483]]],[[[10.6931,54.9481],[10.7041,54.9547],[10.7055,54.9483],[10.6931,54.9481]]],[[[11.7311,65.1389],[11.6877,65.1271],[11.6829,65.1281],[11.7311,65.1389]]],[[[21.3257,60.1637],[21.3091,60.1683],[21.3277,60.1661],[21.3257,60.1637]]],[[[-8.5812,54.3061],[-8.5959,54.2919],[-8.5995,54.3051],[-8.5812,54.3061]]],[[[10.7285,64.4765],[10.7117,64.4907],[10.7475,64.4787],[10.7285,64.4765]]],[[[12.3301,65.8373],[12.3241,65.8143],[12.3163,65.8183],[12.3301,65.8373]]],[[[21.4197,63.2829],[21.4249,63.2929],[21.4365,63.2887],[21.4197,63.2829]]],[[[22.7705,63.7117],[22.7469,63.7041],[22.7415,63.7131],[22.7705,63.7117]]],[[[22.1309,65.4175],[22.1189,65.4399],[22.1377,65.4303],[22.1309,65.4175]]],[[[11.8197,57.6071],[11.8159,57.5957],[11.7943,57.5977],[11.8001,57.6061],[11.8197,57.6071]]],[[[21.3827,63.1587],[21.4021,63.1625],[21.4049,63.1581],[21.3827,63.1587]]],[[[27.4351,60.4121],[27.4175,60.4073],[27.4315,60.4187],[27.4351,60.4121]]],[[[27.3569,60.4855],[27.3763,60.4967],[27.3877,60.4901],[27.3569,60.4855]]],[[[21.2567,60.8235],[21.2403,60.8167],[21.2367,60.8347],[21.2567,60.8235]]],[[[21.2449,60.2465],[21.2211,60.2463],[21.2457,60.2491],[21.2449,60.2465]]],[[[18.8153,59.4565],[18.7823,59.4423],[18.7805,59.4441],[18.8153,59.4565]]],[[[18.0805,57.3113],[18.0667,57.3009],[18.0625,57.3117],[18.0805,57.3113]]],[[[14.8419,56.0131],[14.8367,56.0001],[14.8307,56.0029],[14.8419,56.0131]]],[[[22.2587,60.3785],[22.2709,60.3891],[22.2795,60.3831],[22.2587,60.3785]]],[[[5.7975,59.2301],[5.8349,59.2291],[5.8347,59.2207],[5.7975,59.2301]]],[[[-5.5669,55.2837],[-5.5838,55.2773],[-5.5976,55.2803],[-5.5669,55.2837]]],[[[4.9469,61.7791],[4.9197,61.7753],[4.9497,61.7849],[4.9469,61.7791]]],[[[18.5287,59.1217],[18.5089,59.1047],[18.4997,59.1097],[18.5287,59.1217]]],[[[13.5489,54.3249],[13.5189,54.3163],[13.5467,54.3333],[13.5489,54.3249]]],[[[-2.4551,49.4877],[-2.4593,49.4681],[-2.4646,49.4853],[-2.4551,49.4877]]],[[[7.1271,62.7117],[7.1645,62.7195],[7.1825,62.7145],[7.1271,62.7117]]],[[[5.9753,59.3429],[5.9571,59.3303],[5.9515,59.3377],[5.9753,59.3429]]],[[[5.6859,59.9327],[5.6805,59.9099],[5.6703,59.9337],[5.6859,59.9327]]],[[[14.5949,67.7297],[14.5679,67.7271],[14.6019,67.7413],[14.5949,67.7297]]],[[[21.5045,60.1641],[21.4905,60.1753],[21.5089,60.1697],[21.5045,60.1641]]],[[[13.3981,66.9183],[13.4101,66.9071],[13.3849,66.9083],[13.3981,66.9183]]],[[[20.8079,38.5783],[20.8071,38.5883],[20.8111,38.5801],[20.8079,38.5783]]],[[[16.7207,57.4407],[16.7115,57.4497],[16.7321,57.4481],[16.7207,57.4407]]],[[[24.6539,60.1001],[24.6335,60.0885],[24.6197,60.0937],[24.6539,60.1001]]],[[[19.7023,60.3151],[19.7317,60.3275],[19.7347,60.3157],[19.7023,60.3151]]],[[[22.4291,63.5265],[22.4401,63.5395],[22.4425,63.5179],[22.4291,63.5265]]],[[[-9.0056,42.4655],[-9.0052,42.4819],[-8.9947,42.4691],[-9.0056,42.4655]]],[[[17.1529,40.4461],[17.1601,40.4603],[17.1625,40.4509],[17.1529,40.4461]]],[[[21.3809,62.9053],[21.3823,62.8851],[21.3749,62.8897],[21.3809,62.9053]]],[[[28.9355,36.7255],[28.9535,36.7263],[28.9443,36.7187],[28.9355,36.7255]]],[[[24.3465,59.9909],[24.3567,59.9993],[24.3883,59.9955],[24.3465,59.9909]]],[[[13.4153,54.1757],[13.4175,54.1597],[13.3981,54.1797],[13.4153,54.1757]]],[[[-4.3474,58.5505],[-4.353,58.5635],[-4.3325,58.5589],[-4.3474,58.5505]]],[[[5.4825,62.2205],[5.4645,62.2119],[5.4539,62.2213],[5.4825,62.2205]]],[[[5.1393,59.8845],[5.1461,59.8971],[5.1543,59.8855],[5.1393,59.8845]]],[[[21.6661,65.3429],[21.6597,65.3539],[21.6909,65.3409],[21.6661,65.3429]]],[[[5.1525,53.3035],[5.1281,53.2977],[5.1521,53.3087],[5.1525,53.3035]]],[[[16.7505,58.4071],[16.7389,58.3947],[16.7345,58.4087],[16.7505,58.4071]]],[[[28.0337,36.7209],[28.0157,36.7191],[28.0345,36.7275],[28.0337,36.7209]]],[[[18.4797,60.3045],[18.4721,60.3103],[18.4977,60.3043],[18.4797,60.3045]]],[[[26.5227,60.3613],[26.5343,60.3727],[26.5389,60.3665],[26.5227,60.3613]]],[[[11.4699,58.0599],[11.4799,58.0711],[11.4801,58.0591],[11.4699,58.0599]]],[[[-6.3629,49.9649],[-6.3639,49.9455],[-6.3676,49.9491],[-6.3629,49.9649]]],[[[12.3149,65.2211],[12.3151,65.2017],[12.3091,65.2027],[12.3149,65.2211]]],[[[22.0099,63.2105],[22.0021,63.2213],[22.0203,63.2153],[22.0099,63.2105]]],[[[19.0337,59.6465],[19.0505,59.6581],[19.0615,59.6451],[19.0337,59.6465]]],[[[22.1845,59.8749],[22.1869,59.8665],[22.1799,59.8679],[22.1845,59.8749]]],[[[21.5455,60.2447],[21.5471,60.2565],[21.5527,60.2529],[21.5455,60.2447]]],[[[26.1129,60.3511],[26.1329,60.3593],[26.1211,60.3395],[26.1129,60.3511]]],[[[6.3403,62.4333],[6.3363,62.4467],[6.3447,62.4341],[6.3403,62.4333]]],[[[17.3355,61.5669],[17.3271,61.5519],[17.3221,61.5651],[17.3355,61.5669]]],[[[13.4143,66.9379],[13.4209,66.9283],[13.4041,66.9307],[13.4143,66.9379]]],[[[22.3571,60.0099],[22.3575,60.0291],[22.3707,60.0229],[22.3571,60.0099]]],[[[5.9009,59.2413],[5.8901,59.2267],[5.8803,59.2409],[5.9009,59.2413]]],[[[25.4591,60.1753],[25.4579,60.1855],[25.4761,60.1837],[25.4591,60.1753]]],[[[16.7077,57.8605],[16.6873,57.8563],[16.6879,57.8691],[16.7077,57.8605]]],[[[11.5319,64.8063],[11.5155,64.7979],[11.4933,64.7987],[11.5319,64.8063]]],[[[18.8417,59.5061],[18.8609,59.5143],[18.8765,59.5119],[18.8417,59.5061]]],[[[22.6573,63.8197],[22.6379,63.8111],[22.6423,63.8319],[22.6573,63.8197]]],[[[18.9177,63.2041],[18.9089,63.1945],[18.8873,63.1929],[18.9177,63.2041]]],[[[6.6025,62.8127],[6.5865,62.8287],[6.6093,62.8233],[6.6025,62.8127]]],[[[16.8937,58.1821],[16.9017,58.1995],[16.9059,58.1897],[16.8937,58.1821]]],[[[-9.572,51.4945],[-9.5412,51.5089],[-9.5388,51.5075],[-9.572,51.4945]]],[[[10.4983,54.9269],[10.5037,54.9397],[10.5261,54.9243],[10.4983,54.9269]]],[[[4.8163,61.1357],[4.8107,61.1289],[4.8001,61.1419],[4.8163,61.1357]]],[[[-9.3434,51.5295],[-9.3642,51.5185],[-9.3716,51.5243],[-9.3434,51.5295]]],[[[4.8683,60.9365],[4.8743,60.9487],[4.8873,60.9407],[4.8683,60.9365]]],[[[21.2151,60.5071],[21.2079,60.5187],[21.2357,60.5103],[21.2151,60.5071]]],[[[12.3527,65.2439],[12.3191,65.2409],[12.3667,65.2503],[12.3527,65.2439]]],[[[20.7341,60.1607],[20.7431,60.1773],[20.7493,60.1667],[20.7341,60.1607]]],[[[29.0559,36.6645],[29.0461,36.6523],[29.0433,36.6587],[29.0559,36.6645]]],[[[10.1071,55.1307],[10.1061,55.1367],[10.1147,55.1341],[10.1071,55.1307]]],[[[24.6241,65.7029],[24.6227,65.6867],[24.6071,65.6979],[24.6241,65.7029]]],[[[9.8557,44.0555],[9.8467,44.0405],[9.8423,44.0503],[9.8557,44.0555]]],[[[10.2499,55.0617],[10.2483,55.0703],[10.2703,55.0549],[10.2499,55.0617]]],[[[20.8209,60.0753],[20.8167,60.0613],[20.7967,60.0671],[20.8209,60.0753]]],[[[20.3147,60.0749],[20.3143,60.0881],[20.3275,60.0823],[20.3147,60.0749]]],[[[20.8565,62.9805],[20.8511,62.9639],[20.8439,62.9679],[20.8565,62.9805]]],[[[15.8121,56.0241],[15.7861,56.0151],[15.8101,56.0299],[15.8121,56.0241]]],[[[9.3781,63.7917],[9.3597,63.7885],[9.3819,63.8059],[9.3781,63.7917]]],[[[5.8223,59.0783],[5.8133,59.0901],[5.8261,59.0843],[5.8223,59.0783]]],[[[21.1783,60.8073],[21.1669,60.8221],[21.1797,60.8111],[21.1783,60.8073]]],[[[21.1301,62.8301],[21.1033,62.8387],[21.1339,62.8321],[21.1301,62.8301]]],[[[11.8013,58.0749],[11.8163,58.0693],[11.8075,58.0555],[11.8013,58.0749]]],[[[20.1409,60.3791],[20.1175,60.3771],[20.1423,60.3877],[20.1409,60.3791]]],[[[22.8231,60.0727],[22.8155,60.0605],[22.7993,60.0675],[22.8231,60.0727]]],[[[21.7177,60.3043],[21.7261,60.2923],[21.7067,60.2985],[21.7177,60.3043]]],[[[-8.4488,55.0621],[-8.4552,55.0493],[-8.4647,55.0587],[-8.4488,55.0621]]],[[[9.8151,63.9029],[9.7843,63.8881],[9.7827,63.8901],[9.8151,63.9029]]],[[[10.7507,59.3069],[10.7289,59.3045],[10.7489,59.3175],[10.7507,59.3069]]],[[[35.0103,64.7027],[34.9871,64.7103],[35.0135,64.7107],[35.0103,64.7027]]],[[[7.4361,63.0597],[7.4473,63.0701],[7.4549,63.0669],[7.4361,63.0597]]],[[[14.9703,56.1187],[14.9821,56.1065],[14.9625,56.1141],[14.9703,56.1187]]],[[[-7.3463,57.0215],[-7.3272,57.0099],[-7.3615,57.0165],[-7.3463,57.0215]]],[[[9.5937,53.5917],[9.5953,53.5995],[9.6099,53.5895],[9.5937,53.5917]]],[[[21.3637,61.4837],[21.3499,61.4731],[21.3447,61.4799],[21.3637,61.4837]]],[[[36.4365,64.3343],[36.4287,64.3473],[36.4513,64.3419],[36.4365,64.3343]]],[[[26.8061,37.6305],[26.7901,37.6311],[26.7883,37.6361],[26.8061,37.6305]]],[[[4.8895,60.5119],[4.8823,60.4961],[4.8691,60.5091],[4.8895,60.5119]]],[[[18.3355,59.4045],[18.3511,59.4101],[18.3659,59.4071],[18.3355,59.4045]]],[[[21.5121,60.5241],[21.4947,60.5167],[21.4861,60.5205],[21.5121,60.5241]]],[[[21.4017,60.6331],[21.4171,60.6427],[21.4221,60.6275],[21.4017,60.6331]]],[[[20.4251,60.1823],[20.4001,60.1711],[20.4217,60.1871],[20.4251,60.1823]]],[[[11.7305,55.1367],[11.7155,55.1383],[11.7229,55.1469],[11.7305,55.1367]]],[[[23.6979,59.9271],[23.7163,59.9367],[23.7243,59.9253],[23.6979,59.9271]]],[[[22.6457,63.8043],[22.6585,63.7817],[22.6341,63.7975],[22.6457,63.8043]]],[[[24.9867,65.5901],[24.9717,65.6119],[24.9919,65.5927],[24.9867,65.5901]]],[[[34.9019,64.9035],[34.8875,64.9171],[34.9209,64.9077],[34.9019,64.9035]]],[[[18.8677,57.7129],[18.8573,57.7013],[18.8535,57.7137],[18.8677,57.7129]]],[[[21.5749,63.1009],[21.5563,63.0831],[21.5539,63.0855],[21.5749,63.1009]]],[[[20.5651,60.0771],[20.5681,60.0873],[20.5711,60.0821],[20.5651,60.0771]]],[[[27.8871,60.4661],[27.8611,60.4627],[27.8607,60.4711],[27.8871,60.4661]]],[[[23.0821,58.8235],[23.0653,58.8097],[23.0693,58.8287],[23.0821,58.8235]]],[[[-5.5356,54.6731],[-5.5382,54.6849],[-5.5229,54.6747],[-5.5356,54.6731]]],[[[35.6639,64.9729],[35.6549,64.9637],[35.6467,64.9681],[35.6639,64.9729]]],[[[21.2701,60.2039],[21.3171,60.1959],[21.2647,60.2025],[21.2701,60.2039]]],[[[21.2583,60.7571],[21.2693,60.7657],[21.2851,60.7599],[21.2583,60.7571]]],[[[4.8703,61.2137],[4.8597,61.2075],[4.8545,61.2199],[4.8703,61.2137]]],[[[11.0475,59.0061],[11.0515,58.9883],[11.0355,58.9945],[11.0475,59.0061]]],[[[25.8453,39.2287],[25.8301,39.2213],[25.8421,39.2317],[25.8453,39.2287]]],[[[11.7487,64.7807],[11.7567,64.7915],[11.7735,64.7797],[11.7487,64.7807]]],[[[22.3821,65.3917],[22.4135,65.3795],[22.4159,65.3715],[22.3821,65.3917]]],[[[12.1327,54.9837],[12.1205,54.9695],[12.1067,54.9673],[12.1327,54.9837]]],[[[15.5221,42.1385],[15.5033,42.1331],[15.5107,42.1449],[15.5221,42.1385]]],[[[-0.7129,45.2323],[-0.7109,45.2501],[-0.711,45.2299],[-0.7129,45.2323]]],[[[19.0393,59.6431],[19.0273,59.6269],[19.0245,59.6365],[19.0393,59.6431]]],[[[16.7177,57.9803],[16.7069,57.9935],[16.7217,57.9863],[16.7177,57.9803]]],[[[16.8231,58.0083],[16.8063,58.0057],[16.7917,58.0163],[16.8231,58.0083]]],[[[-5.7595,56.2451],[-5.7776,56.2475],[-5.7557,56.2521],[-5.7595,56.2451]]],[[[21.4985,61.2885],[21.4883,61.2999],[21.5057,61.2907],[21.4985,61.2885]]],[[[11.7365,57.6401],[11.7493,57.6527],[11.7587,57.6491],[11.7365,57.6401]]],[[[28.0487,36.7255],[28.0637,36.7357],[28.0661,36.7313],[28.0487,36.7255]]],[[[34.6973,65.1015],[34.6943,65.1127],[34.7173,65.1097],[34.6973,65.1015]]],[[[3.9669,51.7491],[3.9413,51.7411],[3.9371,51.7449],[3.9669,51.7491]]],[[[-5.8655,57.2707],[-5.8583,57.2841],[-5.8498,57.2753],[-5.8655,57.2707]]],[[[22.7737,63.9145],[22.7655,63.9271],[22.7753,63.9171],[22.7737,63.9145]]],[[[12.1229,57.2919],[12.1337,57.3039],[12.1377,57.2963],[12.1229,57.2919]]],[[[19.7055,60.3407],[19.6981,60.3273],[19.6877,60.3401],[19.7055,60.3407]]],[[[22.5947,59.9019],[22.6021,59.9091],[22.6227,59.9037],[22.5947,59.9019]]],[[[23.4565,58.5477],[23.4269,58.5437],[23.4385,58.5537],[23.4565,58.5477]]],[[[21.4407,61.6375],[21.4143,61.6361],[21.4073,61.6469],[21.4407,61.6375]]],[[[5.0967,59.8985],[5.1093,59.9111],[5.1177,59.9061],[5.0967,59.8985]]],[[[20.2453,60.4623],[20.2341,60.4479],[20.2261,60.4571],[20.2453,60.4623]]],[[[22.9529,59.7797],[22.9517,59.7677],[22.9397,59.7747],[22.9529,59.7797]]],[[[18.6609,59.1719],[18.6309,59.1569],[18.6291,59.1593],[18.6609,59.1719]]],[[[21.3399,60.0803],[21.3273,60.0715],[21.3197,60.0773],[21.3399,60.0803]]],[[[11.5925,58.0923],[11.5765,58.0901],[11.5911,58.1043],[11.5925,58.0923]]],[[[22.6815,63.7725],[22.6595,63.7755],[22.6777,63.7815],[22.6815,63.7725]]],[[[19.8943,63.4775],[19.9043,63.4937],[19.9141,63.4867],[19.8943,63.4775]]],[[[27.7945,60.4427],[27.7897,60.4575],[27.8075,60.4487],[27.7945,60.4427]]],[[[16.5995,57.8559],[16.5791,57.8489],[16.5961,57.8595],[16.5995,57.8559]]],[[[-5.6114,56.2679],[-5.6184,56.2537],[-5.6276,56.2557],[-5.6114,56.2679]]],[[[19.1317,59.7781],[19.1537,59.7841],[19.1561,59.7775],[19.1317,59.7781]]],[[[-8.4441,54.9535],[-8.4456,54.9659],[-8.4373,54.9595],[-8.4441,54.9535]]],[[[25.0155,65.4083],[24.9883,65.4099],[24.9953,65.4213],[25.0155,65.4083]]],[[[22.8019,63.9233],[22.8081,63.9123],[22.7913,63.9137],[22.8019,63.9233]]],[[[21.3131,60.3243],[21.2903,60.3213],[21.2891,60.3305],[21.3131,60.3243]]],[[[25.0455,65.6167],[25.0297,65.6067],[25.0277,65.6141],[25.0455,65.6167]]],[[[-2.9914,48.8675],[-3.0025,48.8559],[-3.0174,48.8599],[-2.9914,48.8675]]],[[[18.6597,60.1815],[18.6629,60.1921],[18.6697,60.1829],[18.6597,60.1815]]],[[[25.9919,60.2651],[25.9977,60.2805],[26.0053,60.2675],[25.9919,60.2651]]],[[[-5.7954,57.7377],[-5.8111,57.7281],[-5.8255,57.7349],[-5.7954,57.7377]]],[[[21.8059,65.3831],[21.8403,65.3829],[21.8411,65.3797],[21.8059,65.3831]]],[[[22.5843,59.9477],[22.5791,59.9553],[22.5841,59.9537],[22.5843,59.9477]]],[[[20.4047,60.0439],[20.3717,60.0361],[20.3881,60.0471],[20.4047,60.0439]]],[[[11.7431,57.9443],[11.7253,57.9409],[11.7225,57.9521],[11.7431,57.9443]]],[[[18.6921,60.2627],[18.6875,60.2447],[18.6797,60.2491],[18.6921,60.2627]]],[[[18.7903,59.5657],[18.8113,59.5727],[18.8201,59.5693],[18.8095,59.5629],[18.7903,59.5657]]],[[[16.3761,68.2077],[16.3419,68.1991],[16.3235,68.2011],[16.3761,68.2077]]],[[[4.6739,61.3033],[4.6927,61.2911],[4.6667,61.2983],[4.6739,61.3033]]],[[[4.8611,61.1831],[4.8785,61.1871],[4.8825,61.1761],[4.8611,61.1831]]],[[[26.9957,60.4155],[26.9781,60.4161],[26.9859,60.4277],[26.9957,60.4155]]],[[[23.5857,59.8307],[23.5623,59.8233],[23.5557,59.8255],[23.5857,59.8307]]],[[[4.9121,60.4427],[4.9199,60.4527],[4.9249,60.4331],[4.9121,60.4427]]],[[[21.7247,60.4195],[21.7185,60.4055],[21.7099,60.4059],[21.7247,60.4195]]],[[[21.0705,60.5021],[21.0517,60.4963],[21.0461,60.5029],[21.0705,60.5021]]],[[[21.9515,65.5083],[21.9651,65.5135],[21.9663,65.5089],[21.9515,65.5083]]],[[[4.8391,61.6249],[4.8481,61.6375],[4.8517,61.6167],[4.8391,61.6249]]],[[[20.9673,60.4813],[20.9455,60.4793],[20.9471,60.4889],[20.9673,60.4813]]],[[[36.4053,64.3011],[36.3997,64.3139],[36.4163,64.3009],[36.4053,64.3011]]],[[[5.2821,59.6879],[5.3061,59.6989],[5.3095,59.6943],[5.2821,59.6879]]],[[[22.7947,63.8901],[22.7763,63.8803],[22.7757,63.8835],[22.7947,63.8901]]],[[[5.6709,59.0587],[5.6727,59.0445],[5.6441,59.0563],[5.6709,59.0587]]],[[[16.9789,58.4255],[16.9639,58.4255],[16.9845,58.4277],[16.9789,58.4255]]],[[[14.3147,44.5733],[14.3123,44.5829],[14.3195,44.5739],[14.3147,44.5733]]],[[[21.6813,60.5173],[21.6847,60.5027],[21.6725,60.5079],[21.6813,60.5173]]],[[[7.4475,62.6741],[7.4189,62.6647],[7.4127,62.6669],[7.4475,62.6741]]],[[[27.8797,60.4713],[27.8927,60.4851],[27.8971,60.4809],[27.8797,60.4713]]],[[[25.0167,60.1819],[24.9911,60.1807],[25.0209,60.1851],[25.0167,60.1819]]],[[[18.8239,59.3917],[18.8321,59.4033],[18.8409,59.3933],[18.8239,59.3917]]],[[[16.6987,57.5755],[16.6799,57.5637],[16.6717,57.5699],[16.6987,57.5755]]],[[[16.7369,57.6727],[16.7367,57.6813],[16.7491,57.6739],[16.7369,57.6727]]],[[[16.3435,58.6407],[16.3329,58.6493],[16.3539,58.6455],[16.3435,58.6407]]],[[[14.5491,44.4959],[14.5557,44.5047],[14.5555,44.4951],[14.5491,44.4959]]],[[[-5.5068,57.9679],[-5.5163,57.9543],[-5.5226,57.9609],[-5.5068,57.9679]]],[[[6.6657,62.7801],[6.6375,62.7825],[6.6705,62.7845],[6.6657,62.7801]]],[[[25.8011,59.6773],[25.7981,59.6873],[25.8235,59.6773],[25.8011,59.6773]]],[[[17.1887,61.5843],[17.1843,61.5959],[17.2163,61.5897],[17.1887,61.5843]]],[[[21.2895,63.2479],[21.2883,63.2583],[21.3055,63.2513],[21.2895,63.2479]]],[[[0.7671,51.7219],[0.7709,51.7303],[0.7803,51.7251],[0.7671,51.7219]]],[[[21.8879,65.3443],[21.9047,65.3517],[21.9147,65.3431],[21.8879,65.3443]]],[[[22.6585,63.7939],[22.6725,63.8025],[22.6641,63.7879],[22.6585,63.7939]]],[[[10.4573,59.2235],[10.4609,59.2317],[10.4633,59.2249],[10.4573,59.2235]]],[[[-9.1054,52.6305],[-9.1085,52.6191],[-9.1217,52.6257],[-9.1054,52.6305]]],[[[23.8351,59.9461],[23.8143,59.9339],[23.8121,59.9365],[23.8351,59.9461]]],[[[22.2869,65.5489],[22.3113,65.5503],[22.3129,65.5483],[22.2869,65.5489]]],[[[21.3461,60.7341],[21.3417,60.7219],[21.3289,60.7283],[21.3461,60.7341]]],[[[20.9633,60.4225],[20.9719,60.4355],[20.9739,60.4251],[20.9633,60.4225]]],[[[32.2995,46.5151],[32.2991,46.5085],[32.2961,46.5119],[32.2995,46.5151]]],[[[12.9303,54.4347],[12.9473,54.4443],[12.9637,54.4399],[12.9303,54.4347]]],[[[21.8019,59.9253],[21.7841,59.9255],[21.7997,59.9357],[21.8019,59.9253]]],[[[21.1675,60.8591],[21.1661,60.8739],[21.1763,60.8655],[21.1675,60.8591]]],[[[18.3381,59.0391],[18.3441,59.0543],[18.3555,59.0453],[18.3381,59.0391]]],[[[8.0239,63.2183],[7.9731,63.2101],[7.9959,63.2189],[8.0239,63.2183]]],[[[-1.1762,46.0097],[-1.165,46.0259],[-1.1591,46.0211],[-1.1762,46.0097]]],[[[17.3755,60.7143],[17.3443,60.7127],[17.3755,60.7161],[17.3755,60.7143]]],[[[26.3871,38.4255],[26.3757,38.4331],[26.3871,38.4383],[26.3871,38.4255]]],[[[9.7691,63.9379],[9.7557,63.9343],[9.7607,63.9403],[9.7691,63.9379]]],[[[49.9924,40.3083],[50.0169,40.3106],[50.0182,40.3089],[49.9924,40.3083]]],[[[4.8239,60.9493],[4.8111,60.9569],[4.8313,60.9547],[4.8239,60.9493]]],[[[5.1975,59.8881],[5.2033,59.8991],[5.2061,59.8883],[5.1975,59.8881]]],[[[-5.5412,56.1609],[-5.544,56.1667],[-5.5291,56.1707],[-5.5412,56.1609]]],[[[24.5945,35.0161],[24.5813,35.0093],[24.5763,35.0125],[24.5945,35.0161]]],[[[21.9763,60.2187],[21.9813,60.2283],[21.9951,60.2223],[21.9763,60.2187]]],[[[21.3997,60.4341],[21.4057,60.4457],[21.4145,60.4333],[21.3997,60.4341]]],[[[35.0289,64.7591],[35.0169,64.7693],[35.0369,64.7701],[35.0289,64.7591]]],[[[10.7903,55.5113],[10.7913,55.5215],[10.8069,55.5155],[10.7903,55.5113]]],[[[21.4935,61.7687],[21.4847,61.7803],[21.4989,61.7715],[21.4935,61.7687]]],[[[14.3577,67.2889],[14.3237,67.2839],[14.3657,67.2953],[14.3577,67.2889]]],[[[11.3579,54.9557],[11.3591,54.9671],[11.3713,54.9587],[11.3579,54.9557]]],[[[28.6047,60.6635],[28.5817,60.6669],[28.6145,60.6721],[28.6047,60.6635]]],[[[18.6709,59.5591],[18.6775,59.5683],[18.6899,59.5665],[18.6709,59.5591]]],[[[4.8093,60.9415],[4.8189,60.9355],[4.8041,60.9391],[4.8093,60.9415]]],[[[0.6691,51.4159],[0.6707,51.4249],[0.6837,51.4193],[0.6691,51.4159]]],[[[-5.6548,57.2281],[-5.6483,57.2431],[-5.6399,57.2279],[-5.6548,57.2281]]],[[[24.2367,60.0181],[24.2083,60.0057],[24.1997,60.0087],[24.2367,60.0181]]],[[[22.3235,65.6733],[22.3245,65.6845],[22.3313,65.6609],[22.3235,65.6733]]],[[[11.6909,57.8771],[11.6833,57.8617],[11.6807,57.8635],[11.6909,57.8771]]],[[[23.7279,40.0623],[23.7303,40.0717],[23.7427,40.0651],[23.7279,40.0623]]],[[[22.3917,60.1253],[22.3889,60.1131],[22.3797,60.1239],[22.3917,60.1253]]],[[[20.8551,60.3995],[20.8595,60.4141],[20.8679,60.4015],[20.8551,60.3995]]],[[[10.1115,59.0173],[10.0945,59.0079],[10.0941,59.0111],[10.1115,59.0173]]],[[[-5.4023,56.5415],[-5.4073,56.5335],[-5.4307,56.5317],[-5.4023,56.5415]]],[[[6.5941,62.5147],[6.5747,62.5091],[6.5587,62.5135],[6.5941,62.5147]]],[[[11.0273,54.8481],[11.0181,54.8407],[11.0193,54.8515],[11.0273,54.8481]]],[[[11.4897,58.1921],[11.4911,58.2051],[11.5063,58.1989],[11.4897,58.1921]]],[[[21.2787,38.3169],[21.2735,38.3069],[21.2703,38.3081],[21.2787,38.3169]]],[[[10.4745,59.0795],[10.4679,59.0621],[10.4613,59.0815],[10.4745,59.0795]]],[[[-10.3119,51.9443],[-10.2875,51.9429],[-10.3145,51.9381],[-10.3119,51.9443]]],[[[20.9955,38.3633],[20.9933,38.3779],[21.0027,38.3679],[20.9955,38.3633]]],[[[21.1691,60.3159],[21.1629,60.3339],[21.1731,60.3181],[21.1691,60.3159]]],[[[22.5863,58.1923],[22.5883,58.2069],[22.6003,58.2007],[22.5863,58.1923]]],[[[5.0893,60.0763],[5.0967,60.0631],[5.0777,60.0703],[5.0893,60.0763]]],[[[28.9045,36.6559],[28.9079,36.6627],[28.9083,36.6555],[28.9045,36.6559]]],[[[35.4413,64.3935],[35.4521,64.4049],[35.4653,64.4031],[35.4621,64.3933],[35.4413,64.3935]]],[[[1.2411,51.8925],[1.2269,51.8887],[1.2245,51.9033],[1.2411,51.8925]]],[[[-6.3453,49.8859],[-6.3529,49.9003],[-6.341,49.8903],[-6.3453,49.8859]]],[[[20.8309,60.2219],[20.8283,60.2375],[20.8453,60.2293],[20.8309,60.2219]]],[[[5.1937,59.9295],[5.1949,59.9431],[5.2043,59.9371],[5.1937,59.9295]]],[[[6.5071,62.7933],[6.4931,62.8025],[6.5175,62.8001],[6.5071,62.7933]]],[[[5.2113,60.2379],[5.2183,60.2505],[5.2223,60.2415],[5.2113,60.2379]]],[[[18.7275,59.2619],[18.7445,59.2621],[18.7291,59.2577],[18.7275,59.2619]]],[[[11.2571,58.6031],[11.2477,58.5937],[11.2369,58.6033],[11.2571,58.6031]]],[[[16.9003,58.4053],[16.8721,58.4029],[16.9031,58.4061],[16.9003,58.4053]]],[[[5.1571,59.3879],[5.1479,59.3713],[5.1495,59.3917],[5.1571,59.3879]]],[[[4.1291,51.3591],[4.1433,51.3651],[4.1443,51.3609],[4.1291,51.3591]]],[[[-8.4536,54.9733],[-8.4627,54.9863],[-8.4486,54.9753],[-8.4536,54.9733]]],[[[-0.5523,53.6855],[-0.5447,53.6909],[-0.5326,53.6869],[-0.5523,53.6855]]],[[[10.6825,55.9101],[10.6847,55.9247],[10.6961,55.9015],[10.6825,55.9101]]],[[[5.1603,61.8821],[5.1465,61.8917],[5.1635,61.8851],[5.1603,61.8821]]],[[[17.6625,60.6309],[17.6733,60.6177],[17.6483,60.6279],[17.6625,60.6309]]],[[[0.7057,51.7231],[0.7195,51.7325],[0.7259,51.7221],[0.7057,51.7231]]],[[[21.0543,38.4659],[21.0427,38.4581],[21.0485,38.4687],[21.0543,38.4659]]],[[[21.7253,60.1211],[21.7039,60.1273],[21.7307,60.1241],[21.7253,60.1211]]],[[[4.7967,60.8643],[4.8119,60.8707],[4.8185,60.8635],[4.7967,60.8643]]],[[[-10.5736,52.1389],[-10.5797,52.1255],[-10.59,52.1269],[-10.5736,52.1389]]],[[[21.2869,38.3441],[21.2765,38.3397],[21.2729,38.3433],[21.2869,38.3441]]],[[[11.7417,57.7975],[11.7389,57.7871],[11.7305,57.7905],[11.7417,57.7975]]],[[[24.8861,65.6375],[24.8867,65.6195],[24.8733,65.6235],[24.8861,65.6375]]],[[[35.6549,64.9549],[35.6351,64.9495],[35.6287,64.9597],[35.6549,64.9549]]],[[[17.0631,58.6563],[17.0627,58.6699],[17.0781,58.6647],[17.0631,58.6563]]],[[[22.5629,59.9033],[22.5411,59.9037],[22.5663,59.9071],[22.5629,59.9033]]],[[[20.0585,60.0197],[20.0429,60.0083],[20.0435,60.0175],[20.0585,60.0197]]],[[[6.5295,58.2291],[6.5135,58.2219],[6.5021,58.2267],[6.5295,58.2291]]],[[[17.6423,59.0275],[17.6579,59.0413],[17.6555,59.0201],[17.6423,59.0275]]],[[[21.0899,60.1501],[21.0851,60.1347],[21.0799,60.1459],[21.0899,60.1501]]],[[[16.7305,42.7571],[16.7185,42.7511],[16.7065,42.7527],[16.7305,42.7571]]],[[[15.4311,68.0341],[15.4405,68.0411],[15.4631,68.0333],[15.4311,68.0341]]],[[[21.2095,62.3461],[21.1871,62.3311],[21.2051,62.3481],[21.2095,62.3461]]],[[[17.3211,58.7323],[17.3221,58.7431],[17.3301,58.7335],[17.3211,58.7323]]],[[[21.2195,60.4087],[21.2029,60.4029],[21.2103,60.4129],[21.2195,60.4087]]],[[[17.4859,61.9469],[17.4955,61.9601],[17.4975,61.9531],[17.4859,61.9469]]],[[[13.5997,66.8311],[13.5871,66.8381],[13.6163,66.8355],[13.5997,66.8311]]],[[[16.6883,57.6677],[16.6847,57.6773],[16.7009,57.6721],[16.6883,57.6677]]],[[[21.8687,60.1257],[21.8393,60.1193],[21.8711,60.1291],[21.8687,60.1257]]],[[[22.9709,59.8977],[22.9807,59.8871],[22.9589,59.8937],[22.9709,59.8977]]],[[[7.7405,58.0193],[7.7377,58.0077],[7.7195,58.0143],[7.7405,58.0193]]],[[[11.1949,55.2415],[11.1855,55.2371],[11.1749,55.2495],[11.1949,55.2415]]],[[[36.4707,64.3243],[36.4627,64.3329],[36.4917,64.3269],[36.4707,64.3243]]],[[[18.7101,59.2811],[18.6833,59.2673],[18.6801,59.2689],[18.7101,59.2811]]],[[[5.4275,60.0793],[5.4421,60.0667],[5.4381,60.0649],[5.4275,60.0793]]],[[[26.7223,38.6881],[26.7083,38.7015],[26.7251,38.6919],[26.7223,38.6881]]],[[[18.4631,60.2227],[18.4453,60.2361],[18.4683,60.2275],[18.4631,60.2227]]],[[[16.0731,68.2021],[16.0387,68.1907],[16.0329,68.1937],[16.0731,68.2021]]],[[[21.6949,60.4407],[21.6829,60.4455],[21.7073,60.4481],[21.6949,60.4407]]],[[[21.7561,60.5753],[21.7419,60.5873],[21.7633,60.5867],[21.7561,60.5753]]],[[[10.1023,64.1957],[10.0931,64.2085],[10.1123,64.2001],[10.1023,64.1957]]],[[[25.3035,65.3625],[25.2979,65.3513],[25.2937,65.3631],[25.3035,65.3625]]],[[[-9.6861,53.3181],[-9.6642,53.3257],[-9.662,53.3205],[-9.6861,53.3181]]],[[[7.0081,58.0187],[7.0223,58.0259],[7.0257,58.0189],[7.0081,58.0187]]],[[[21.5069,60.1777],[21.4933,60.1847],[21.5159,60.1853],[21.5069,60.1777]]],[[[18.8199,63.2587],[18.8243,63.2695],[18.8407,63.2601],[18.8199,63.2587]]],[[[16.7037,57.4247],[16.6785,57.4229],[16.7063,57.4269],[16.7037,57.4247]]],[[[21.7999,58.3311],[21.7807,58.3431],[21.8015,58.3347],[21.7999,58.3311]]],[[[21.8261,60.1331],[21.8505,60.1345],[21.8255,60.1227],[21.8261,60.1331]]],[[[21.8073,60.3399],[21.7817,60.3461],[21.8077,60.3425],[21.8073,60.3399]]],[[[-9.0411,52.6937],[-9.0544,52.6797],[-9.0592,52.6825],[-9.0411,52.6937]]],[[[19.6999,60.1695],[19.6867,60.1689],[19.6931,60.1775],[19.6999,60.1695]]],[[[16.5009,57.1889],[16.4883,57.1747],[16.4825,57.1847],[16.5009,57.1889]]],[[[5.6741,59.2829],[5.6695,59.2627],[5.6625,59.2767],[5.6741,59.2829]]],[[[9.7323,59.0487],[9.7391,59.0575],[9.7451,59.0487],[9.7323,59.0487]]],[[[15.4537,43.7193],[15.4497,43.7315],[15.4599,43.7187],[15.4537,43.7193]]],[[[22.2119,59.8527],[22.1919,59.8491],[22.2207,59.8631],[22.2119,59.8527]]],[[[21.8065,63.4225],[21.8193,63.4227],[21.7919,63.4085],[21.8065,63.4225]]],[[[22.3285,59.8649],[22.3281,59.8561],[22.3171,59.8633],[22.3285,59.8649]]],[[[8.3121,55.5151],[8.3149,55.5227],[8.3327,55.5077],[8.3121,55.5151]]],[[[21.7677,60.0273],[21.7803,60.0361],[21.7859,60.0267],[21.7677,60.0273]]],[[[-8.9428,52.7175],[-8.9491,52.7055],[-8.9564,52.7093],[-8.9428,52.7175]]],[[[16.3711,58.6259],[16.3503,58.6191],[16.3429,58.6307],[16.3711,58.6259]]],[[[16.7071,57.5433],[16.6917,57.5407],[16.7037,57.5465],[16.7071,57.5433]]],[[[20.5251,60.0661],[20.5525,60.0749],[20.5547,60.0717],[20.5251,60.0661]]],[[[5.7289,59.6719],[5.7345,59.6849],[5.7473,59.6813],[5.7289,59.6719]]],[[[26.5997,60.3743],[26.5991,60.3615],[26.5909,60.3619],[26.5997,60.3743]]],[[[25.3773,59.5085],[25.3821,59.5221],[25.3893,59.5133],[25.3773,59.5085]]],[[[6.9095,58.0565],[6.9137,58.0661],[6.9283,58.0593],[6.9095,58.0565]]],[[[12.1541,65.4399],[12.1325,65.4289],[12.1503,65.4439],[12.1541,65.4399]]],[[[21.3025,60.2863],[21.3043,60.2965],[21.3091,60.2865],[21.3025,60.2863]]],[[[5.8875,58.4433],[5.8719,58.4263],[5.8667,58.4285],[5.8875,58.4433]]],[[[25.9659,60.2521],[25.9561,60.2439],[25.9365,60.2471],[25.9659,60.2521]]],[[[5.8351,58.9893],[5.8319,58.9765],[5.8231,58.9897],[5.8351,58.9893]]],[[[19.0291,59.7975],[19.0119,59.7863],[19.0071,59.7911],[19.0291,59.7975]]],[[[21.2415,62.9827],[21.2393,62.9927],[21.2511,62.9865],[21.2415,62.9827]]],[[[23.3973,58.9527],[23.3831,58.9401],[23.3945,58.9545],[23.3973,58.9527]]],[[[18.5617,59.0237],[18.5593,59.0333],[18.5769,59.0235],[18.5617,59.0237]]],[[[21.3191,38.3715],[21.3127,38.3633],[21.3081,38.3709],[21.3191,38.3715]]],[[[18.6711,59.4757],[18.6339,59.4707],[18.6301,59.4721],[18.6711,59.4757]]],[[[-9.7375,53.2595],[-9.7497,53.2517],[-9.7519,53.2623],[-9.7375,53.2595]]],[[[34.9667,64.8025],[34.9473,64.7953],[34.9465,64.8051],[34.9667,64.8025]]],[[[16.8601,58.2367],[16.8633,58.2511],[16.8761,58.2385],[16.8601,58.2367]]],[[[5.2479,61.5629],[5.2479,61.5685],[5.2535,61.5641],[5.2479,61.5629]]],[[[4.8667,52.4057],[4.8663,52.4151],[4.8739,52.4059],[4.8667,52.4057]]],[[[22.1059,59.8639],[22.0843,59.8539],[22.0753,59.8575],[22.1059,59.8639]]],[[[23.8109,59.9249],[23.8311,59.9297],[23.8445,59.9251],[23.8109,59.9249]]],[[[8.7367,58.4181],[8.7339,58.4067],[8.7291,58.4121],[8.7367,58.4181]]],[[[18.5685,59.1059],[18.5471,59.0935],[18.5455,59.0963],[18.5685,59.1059]]],[[[7.1741,58.0287],[7.1869,58.0417],[7.1909,58.0329],[7.1741,58.0287]]],[[[18.7279,59.4175],[18.7291,59.4267],[18.7495,59.4189],[18.7279,59.4175]]],[[[16.8793,58.4203],[16.8711,58.4107],[16.8657,58.4127],[16.8793,58.4203]]],[[[36.6795,64.1089],[36.6633,64.0969],[36.6593,64.1005],[36.6795,64.1089]]],[[[17.5215,58.8427],[17.5049,58.8385],[17.5061,58.8475],[17.5215,58.8427]]],[[[22.2889,59.9493],[22.2917,59.9581],[22.3053,59.9551],[22.2889,59.9493]]],[[[11.0087,64.8345],[10.9891,64.8381],[10.9927,64.8447],[11.0087,64.8345]]],[[[23.6679,64.1789],[23.6611,64.1951],[23.6817,64.1735],[23.6679,64.1789]]],[[[22.1577,60.1429],[22.1575,60.1501],[22.1923,60.1529],[22.1577,60.1429]]],[[[22.2621,63.4011],[22.2701,63.4059],[22.2679,63.4007],[22.2621,63.4011]]],[[[27.3883,37.0037],[27.3777,36.9975],[27.3829,37.0055],[27.3883,37.0037]]],[[[9.4925,58.8391],[9.4683,58.8503],[9.4953,58.8415],[9.4925,58.8391]]],[[[7.2465,62.7241],[7.1927,62.7167],[7.2093,62.7225],[7.2465,62.7241]]],[[[14.7563,67.6005],[14.7193,67.5905],[14.7151,67.5923],[14.7563,67.6005]]],[[[5.2241,60.7975],[5.2121,60.7865],[5.2123,60.7933],[5.2241,60.7975]]],[[[18.9883,57.7437],[18.9895,57.7587],[18.9971,57.7601],[18.9883,57.7437]]],[[[5.9395,59.1615],[5.9425,59.1739],[5.9507,59.1617],[5.9395,59.1615]]],[[[22.3939,60.2413],[22.3863,60.2317],[22.3713,60.2353],[22.3939,60.2413]]],[[[11.1047,58.9549],[11.1051,58.9679],[11.1143,58.9511],[11.1047,58.9549]]],[[[7.4185,63.0465],[7.4147,63.0573],[7.4269,63.0533],[7.4185,63.0465]]],[[[18.5263,60.2753],[18.5191,60.2849],[18.5325,60.2829],[18.5263,60.2753]]],[[[21.8939,63.2817],[21.8817,63.2931],[21.8967,63.2889],[21.8939,63.2817]]],[[[8.2799,55.9817],[8.2807,56.0001],[8.2909,56.0001],[8.2799,55.9817]]],[[[26.4685,38.3911],[26.4753,38.3997],[26.4715,38.3909],[26.4685,38.3911]]],[[[14.4001,53.8641],[14.3815,53.8539],[14.3761,53.8575],[14.4001,53.8641]]],[[[21.6895,60.3995],[21.6849,60.4143],[21.6973,60.4045],[21.6895,60.3995]]],[[[10.5573,59.8679],[10.5389,59.8551],[10.5367,59.8577],[10.5573,59.8679]]],[[[18.4219,59.2415],[18.4029,59.2453],[18.4067,59.2507],[18.4219,59.2415]]],[[[20.9247,60.3809],[20.9223,60.3681],[20.9167,60.3735],[20.9247,60.3809]]],[[[18.4175,59.4129],[18.4135,59.4187],[18.4211,59.4141],[18.4175,59.4129]]],[[[21.5719,60.4331],[21.5467,60.4455],[21.5731,60.4373],[21.5719,60.4331]]],[[[9.2015,63.5477],[9.2093,63.5603],[9.2183,63.5561],[9.2015,63.5477]]],[[[16.2549,42.3941],[16.2655,42.3985],[16.2831,42.3907],[16.2549,42.3941]]],[[[4.8191,60.5533],[4.8051,60.5585],[4.8225,60.5621],[4.8191,60.5533]]],[[[26.6271,60.3697],[26.6551,60.3803],[26.6593,60.3777],[26.6271,60.3697]]],[[[-8.9934,52.7135],[-9.0105,52.7173],[-8.9895,52.7181],[-8.9934,52.7135]]],[[[21.3397,60.8255],[21.3245,60.8165],[21.3355,60.8291],[21.3397,60.8255]]],[[[-5.1227,55.2493],[-5.1104,55.2565],[-5.1095,55.2501],[-5.1227,55.2493]]],[[[25.2387,60.2463],[25.2347,60.2549],[25.2409,60.2505],[25.2387,60.2463]]],[[[34.9847,64.5021],[34.9569,64.4977],[34.9487,64.5013],[34.9847,64.5021]]],[[[22.0169,63.2737],[22.0027,63.2643],[21.9971,63.2697],[22.0169,63.2737]]],[[[9.8031,58.9941],[9.8043,59.0057],[9.8179,58.9997],[9.8031,58.9941]]],[[[-5.2678,51.7073],[-5.2862,51.6985],[-5.2911,51.6999],[-5.2678,51.7073]]],[[[31.7269,46.2887],[31.7403,46.2819],[31.7273,46.2815],[31.7269,46.2887]]],[[[22.0047,60.2133],[21.9867,60.2067],[21.9813,60.2125],[22.0047,60.2133]]],[[[26.6909,60.4065],[26.6931,60.3919],[26.6815,60.4001],[26.6909,60.4065]]],[[[22.5179,59.8575],[22.4971,59.8521],[22.4915,59.8575],[22.5179,59.8575]]],[[[-0.4858,38.1597],[-0.479,38.1643],[-0.4679,38.1605],[-0.4858,38.1597]]],[[[27.5983,36.9831],[27.6023,36.9713],[27.5877,36.9827],[27.5983,36.9831]]],[[[5.1573,59.7521],[5.1501,59.7385],[5.1455,59.7439],[5.1573,59.7521]]],[[[12.7417,54.4131],[12.7257,54.4061],[12.7209,54.4081],[12.7417,54.4131]]],[[[21.4485,61.8511],[21.4409,61.8417],[21.4359,61.8483],[21.4485,61.8511]]],[[[23.9431,35.5429],[23.9317,35.5347],[23.9337,35.5461],[23.9431,35.5429]]],[[[20.2733,60.2537],[20.2751,60.2657],[20.2857,60.2555],[20.2733,60.2537]]],[[[21.6779,60.4903],[21.6721,60.5037],[21.6821,60.4939],[21.6779,60.4903]]],[[[49.4277,39.8229],[49.4379,39.8245],[49.4401,39.8181],[49.4277,39.8229]]],[[[20.2951,60.2453],[20.3059,60.2577],[20.3077,60.2409],[20.2951,60.2453]]],[[[5.3521,61.3591],[5.3267,61.3539],[5.3209,61.3575],[5.3521,61.3591]]],[[[11.9683,57.3359],[11.9589,57.3453],[11.9761,57.3407],[11.9683,57.3359]]],[[[28.2527,36.8075],[28.2607,36.8127],[28.2603,36.8005],[28.2527,36.8075]]],[[[21.5377,65.0475],[21.5543,65.0357],[21.5281,65.0431],[21.5377,65.0475]]],[[[29.6205,44.8395],[29.6087,44.8293],[29.6209,44.8481],[29.6205,44.8395]]],[[[10.3047,64.2939],[10.2787,64.2875],[10.2649,64.2883],[10.3047,64.2939]]],[[[-9.0335,52.6825],[-9.053,52.6683],[-9.0564,52.6691],[-9.0335,52.6825]]],[[[21.2249,60.9451],[21.2129,60.9367],[21.2059,60.9451],[21.2249,60.9451]]],[[[28.6485,60.5247],[28.6433,60.5379],[28.6487,60.5287],[28.6485,60.5247]]],[[[20.8901,60.5249],[20.8985,60.5341],[20.9019,60.5317],[20.8901,60.5249]]],[[[5.8589,59.2323],[5.8431,59.2243],[5.8437,59.2347],[5.8589,59.2323]]],[[[19.3281,60.2125],[19.3233,60.2169],[19.3399,60.2131],[19.3281,60.2125]]],[[[-6.0888,56.4651],[-6.0921,56.4727],[-6.0812,56.4689],[-6.0888,56.4651]]],[[[18.5473,60.2807],[18.5579,60.2685],[18.5457,60.2757],[18.5473,60.2807]]],[[[10.8197,56.1293],[10.8005,56.1229],[10.7977,56.1255],[10.8197,56.1293]]],[[[21.8803,60.3225],[21.8953,60.3275],[21.9103,60.3231],[21.8803,60.3225]]],[[[7.9773,63.1081],[7.9643,63.0971],[7.9575,63.0999],[7.9773,63.1081]]],[[[23.2985,63.9349],[23.2929,63.9479],[23.3101,63.9453],[23.2985,63.9349]]],[[[21.0719,38.4495],[21.0651,38.4591],[21.0765,38.4541],[21.0719,38.4495]]],[[[18.8511,42.2579],[18.8523,42.2675],[18.8587,42.2589],[18.8511,42.2579]]],[[[10.2825,64.3071],[10.2715,64.2983],[10.2707,64.3011],[10.2825,64.3071]]],[[[-2.7254,47.5893],[-2.7046,47.5975],[-2.7027,47.5949],[-2.7254,47.5893]]],[[[-7.4344,56.9211],[-7.452,56.9227],[-7.4359,56.9241],[-7.4344,56.9211]]],[[[-9.7154,53.2745],[-9.7083,53.2831],[-9.704,53.2773],[-9.7154,53.2745]]],[[[21.8905,60.2771],[21.8903,60.2867],[21.9129,60.2759],[21.8905,60.2771]]],[[[19.9747,60.3723],[19.9693,60.3811],[19.9891,60.3773],[19.9747,60.3723]]],[[[10.4971,54.9671],[10.4835,54.9569],[10.4723,54.9641],[10.4971,54.9671]]],[[[11.1593,58.9119],[11.1615,58.9219],[11.1805,58.9135],[11.1593,58.9119]]],[[[27.5155,36.6509],[27.5109,36.6633],[27.5173,36.6639],[27.5155,36.6509]]],[[[-8.8343,42.4919],[-8.8446,42.4931],[-8.8391,42.4997],[-8.8343,42.4919]]],[[[18.7335,63.0723],[18.7407,63.0889],[18.7411,63.0665],[18.7335,63.0723]]],[[[21.5457,60.1035],[21.5395,60.0937],[21.5329,60.0991],[21.5457,60.1035]]],[[[23.0571,58.7739],[23.0489,58.7831],[23.0615,58.7815],[23.0571,58.7739]]],[[[26.8363,38.5879],[26.8311,38.5647],[26.8293,38.5791],[26.8363,38.5879]]],[[[11.9855,54.9497],[11.9999,54.9539],[11.9999,54.9413],[11.9855,54.9497]]],[[[11.7991,58.2959],[11.7903,58.2859],[11.7827,58.2923],[11.7991,58.2959]]],[[[8.3965,62.9079],[8.3965,62.9171],[8.4103,62.9039],[8.3965,62.9079]]],[[[25.3179,60.2401],[25.3075,60.2485],[25.3317,60.2463],[25.3179,60.2401]]],[[[9.3991,63.6019],[9.3973,63.5897],[9.3839,63.5899],[9.3991,63.6019]]],[[[20.5287,60.0867],[20.5205,60.0939],[20.5443,60.0865],[20.5287,60.0867]]],[[[22.0657,65.4927],[22.0793,65.4947],[22.0951,65.4829],[22.0657,65.4927]]],[[[22.3309,59.8533],[22.3353,59.8443],[22.3231,59.8489],[22.3309,59.8533]]],[[[1.2629,51.8793],[1.2591,51.8881],[1.2803,51.8793],[1.2629,51.8793]]],[[[26.6367,60.2903],[26.6255,60.2907],[26.6525,60.3009],[26.6367,60.2903]]],[[[20.4789,60.1185],[20.4767,60.1267],[20.5041,60.1269],[20.4789,60.1185]]],[[[27.5641,60.4401],[27.5681,60.4305],[27.5489,60.4335],[27.5641,60.4401]]],[[[11.4827,54.9047],[11.4757,54.9123],[11.5077,54.9115],[11.4827,54.9047]]],[[[11.2313,58.3559],[11.2297,58.3713],[11.2391,58.3597],[11.2313,58.3559]]],[[[25.2853,65.0023],[25.3113,65.0035],[25.3221,64.9985],[25.2853,65.0023]]],[[[5.0727,60.3897],[5.0717,60.4047],[5.0823,60.3935],[5.0727,60.3897]]],[[[4.8929,60.8125],[4.8769,60.8339],[4.9013,60.8149],[4.8929,60.8125]]],[[[-9.4995,52.5745],[-9.4959,52.5821],[-9.4886,52.5723],[-9.4995,52.5745]]],[[[27.3765,37.1693],[27.3733,37.1625],[27.3653,37.1725],[27.3765,37.1693]]],[[[25.4391,60.1647],[25.4467,60.1709],[25.4575,60.1627],[25.4391,60.1647]]],[[[4.8785,60.7051],[4.8925,60.7119],[4.8949,60.7045],[4.8785,60.7051]]],[[[21.0745,60.2803],[21.0759,60.2671],[21.0627,60.2797],[21.0745,60.2803]]],[[[21.8173,60.3277],[21.8297,60.3203],[21.8059,60.3253],[21.8173,60.3277]]],[[[25.9129,60.2393],[25.8923,60.2385],[25.9271,60.2433],[25.9129,60.2393]]],[[[-10.6106,52.0433],[-10.614,52.0509],[-10.5937,52.0451],[-10.6106,52.0433]]],[[[9.4289,63.5453],[9.4319,63.5567],[9.4393,63.5531],[9.4289,63.5453]]],[[[22.9739,59.9043],[22.9743,59.9135],[22.9831,59.9119],[22.9739,59.9043]]],[[[16.7539,57.9887],[16.7449,57.9753],[16.7387,57.9767],[16.7539,57.9887]]],[[[6.2701,62.5531],[6.2629,62.5629],[6.2699,62.5635],[6.2701,62.5531]]],[[[25.8491,60.2491],[25.8511,60.2627],[25.8619,60.2493],[25.8491,60.2491]]],[[[11.2029,58.6667],[11.2087,58.6827],[11.2131,58.6749],[11.2029,58.6667]]],[[[19.5291,63.4397],[19.5305,63.4541],[19.5387,63.4485],[19.5291,63.4397]]],[[[5.1869,59.9069],[5.1729,59.9211],[5.1915,59.9087],[5.1869,59.9069]]],[[[11.9445,57.3807],[11.9353,57.3699],[11.9303,57.3711],[11.9445,57.3807]]],[[[16.5767,57.1161],[16.5699,57.1271],[16.5849,57.1179],[16.5767,57.1161]]],[[[19.7805,60.3503],[19.7731,60.3579],[19.7879,60.3559],[19.7805,60.3503]]],[[[11.6165,58.2567],[11.6115,58.2423],[11.6085,58.2447],[11.6165,58.2567]]],[[[18.7749,63.1199],[18.7719,63.1333],[18.7823,63.1291],[18.7749,63.1199]]],[[[25.2535,60.2183],[25.2261,60.2127],[25.2227,60.2189],[25.2535,60.2183]]],[[[21.0879,60.3929],[21.0723,60.3843],[21.0863,60.3957],[21.0879,60.3929]]],[[[24.6183,60.0625],[24.6071,60.0655],[24.6321,60.0685],[24.6183,60.0625]]],[[[13.1297,54.3091],[13.1127,54.3099],[13.1143,54.3137],[13.1297,54.3091]]],[[[28.4517,60.6113],[28.4565,60.6193],[28.4629,60.6147],[28.4517,60.6113]]],[[[21.5805,60.1009],[21.5735,60.0919],[21.5605,60.0921],[21.5805,60.1009]]],[[[22.2427,60.1415],[22.2149,60.1335],[22.2111,60.1347],[22.2427,60.1415]]],[[[24.2275,38.6169],[24.2275,38.6065],[24.2215,38.6115],[24.2275,38.6169]]],[[[16.8943,58.3671],[16.8821,58.3643],[16.8919,58.3757],[16.8943,58.3671]]],[[[25.3399,60.1701],[25.3481,60.1761],[25.3595,60.1709],[25.3399,60.1701]]],[[[27.0959,60.5085],[27.0911,60.4981],[27.0831,60.4985],[27.0959,60.5085]]],[[[21.2413,60.3097],[21.2291,60.3037],[21.2255,60.3155],[21.2413,60.3097]]],[[[18.8949,59.6881],[18.9131,59.6923],[18.9261,59.6859],[18.8949,59.6881]]],[[[10.3685,59.1167],[10.3545,59.1149],[10.3647,59.1235],[10.3685,59.1167]]],[[[31.6949,46.2729],[31.6791,46.2607],[31.6761,46.2631],[31.6949,46.2729]]],[[[20.7141,60.2379],[20.7167,60.2527],[20.7273,60.2429],[20.7141,60.2379]]],[[[23.1909,58.7525],[23.1799,58.7593],[23.1915,58.7549],[23.1909,58.7525]]],[[[5.4065,59.7345],[5.4117,59.7461],[5.4147,59.7427],[5.4065,59.7345]]],[[[-9.631,53.8405],[-9.6355,53.8365],[-9.6505,53.8381],[-9.631,53.8405]]],[[[18.1867,59.0351],[18.1851,59.0427],[18.2031,59.0367],[18.1867,59.0351]]],[[[21.1799,60.9541],[21.1761,60.9453],[21.1665,60.9545],[21.1799,60.9541]]],[[[9.1343,63.4681],[9.1381,63.4789],[9.1533,63.4745],[9.1343,63.4681]]],[[[11.3911,58.2433],[11.3837,58.2337],[11.3799,58.2405],[11.3911,58.2433]]],[[[21.2795,38.3309],[21.2679,38.3267],[21.2775,38.3337],[21.2795,38.3309]]],[[[28.4427,36.7765],[28.4299,36.7765],[28.4387,36.7823],[28.4427,36.7765]]],[[[21.2907,60.2191],[21.2797,60.2285],[21.3029,60.2275],[21.2907,60.2191]]],[[[15.7835,56.0589],[15.7741,56.0461],[15.7713,56.0525],[15.7835,56.0589]]],[[[17.9937,58.9621],[17.9763,58.9529],[17.9753,58.9567],[17.9937,58.9621]]],[[[24.6841,60.1065],[24.6633,60.0967],[24.6609,60.0985],[24.6841,60.1065]]],[[[22.1355,63.4557],[22.1387,63.4671],[22.1423,63.4617],[22.1355,63.4557]]],[[[5.4171,60.1581],[5.4139,60.1441],[5.4051,60.1451],[5.4171,60.1581]]],[[[19.9599,60.0487],[19.9521,60.0555],[19.9771,60.0523],[19.9599,60.0487]]],[[[10.3257,59.5311],[10.3257,59.5157],[10.3171,59.5331],[10.3257,59.5311]]],[[[23.0779,39.0187],[23.0685,39.0113],[23.0617,39.0135],[23.0779,39.0187]]],[[[25.1495,40.9999],[25.1371,41.0081],[25.1515,41.0031],[25.1495,40.9999]]],[[[24.6005,65.6271],[24.5953,65.6393],[24.6039,65.6277],[24.6005,65.6271]]],[[[27.7445,60.4669],[27.7377,60.4547],[27.7239,60.4647],[27.7445,60.4669]]],[[[9.5743,58.8935],[9.5891,58.9005],[9.5991,58.9031],[9.5873,58.8911],[9.5743,58.8935]]],[[[18.6933,59.1361],[18.7007,59.1493],[18.7137,59.1455],[18.6933,59.1361]]],[[[15.5437,43.8555],[15.5471,43.8627],[15.5473,43.8557],[15.5437,43.8555]]],[[[28.0759,40.4625],[28.0703,40.4723],[28.0811,40.4681],[28.0759,40.4625]]],[[[9.7543,59.0275],[9.7503,59.0417],[9.7605,59.0321],[9.7543,59.0275]]],[[[5.2847,61.8361],[5.2805,61.8475],[5.2899,61.8465],[5.2847,61.8361]]],[[[25.1083,59.5967],[25.0853,59.6025],[25.0879,59.6089],[25.1083,59.5967]]],[[[-8.1722,55.1811],[-8.1755,55.1707],[-8.1843,55.1731],[-8.1722,55.1811]]],[[[21.3589,60.1813],[21.3583,60.1729],[21.3385,60.1771],[21.3589,60.1813]]],[[[21.4189,38.3389],[21.4087,38.3317],[21.4147,38.3423],[21.4189,38.3389]]],[[[-7.321,57.0281],[-7.3183,57.0173],[-7.3385,57.0235],[-7.321,57.0281]]],[[[27.5405,60.4473],[27.5395,60.4553],[27.5553,60.4499],[27.5405,60.4473]]],[[[16.7383,57.8575],[16.7529,57.8613],[16.7579,57.8579],[16.7383,57.8575]]],[[[10.3967,59.4843],[10.3799,59.4995],[10.4017,59.4847],[10.3967,59.4843]]],[[[21.9539,60.1489],[21.9437,60.1383],[21.9377,60.1405],[21.9539,60.1489]]],[[[23.7831,58.3335],[23.7803,58.3467],[23.7891,58.3311],[23.7831,58.3335]]],[[[18.2697,62.8821],[18.2769,62.8977],[18.2787,62.8861],[18.2697,62.8821]]],[[[22.7797,63.8955],[22.7797,63.9055],[22.7841,63.8963],[22.7797,63.8955]]],[[[16.0719,56.2563],[16.0691,56.2699],[16.0747,56.2595],[16.0719,56.2563]]],[[[16.8401,58.4111],[16.8315,58.4217],[16.8475,58.4189],[16.8401,58.4111]]],[[[21.3583,60.7903],[21.3591,60.7989],[21.3643,60.7893],[21.3583,60.7903]]],[[[18.9591,59.2853],[18.9759,59.2913],[18.9871,59.2877],[18.9591,59.2853]]],[[[21.8185,60.4745],[21.8007,60.4663],[21.8153,60.4769],[21.8185,60.4745]]],[[[-6.6034,52.1161],[-6.6223,52.1109],[-6.6026,52.1211],[-6.6034,52.1161]]],[[[8.6979,54.1377],[8.6959,54.1257],[8.6811,54.1341],[8.6979,54.1377]]],[[[22.1509,60.3895],[22.1255,60.3823],[22.1179,60.3853],[22.1509,60.3895]]],[[[18.9561,59.3609],[18.9627,59.3755],[18.9675,59.3729],[18.9561,59.3609]]],[[[11.3879,58.2885],[11.3877,58.2995],[11.3911,58.2917],[11.3879,58.2885]]],[[[21.2553,64.8783],[21.2429,64.8895],[21.2605,64.8821],[21.2553,64.8783]]],[[[5.1059,60.3537],[5.1075,60.3639],[5.1135,60.3513],[5.1059,60.3537]]],[[[22.9117,59.9017],[22.9047,59.8935],[22.8967,59.8979],[22.9117,59.9017]]],[[[5.3669,62.2311],[5.3655,62.2383],[5.3759,62.2245],[5.3669,62.2311]]],[[[21.8311,63.2845],[21.8187,63.2977],[21.8341,63.2885],[21.8311,63.2845]]],[[[-1.1081,45.9595],[-1.1169,45.9543],[-1.1197,45.9613],[-1.1081,45.9595]]],[[[21.7685,60.1135],[21.7727,60.1197],[21.7893,60.1159],[21.7685,60.1135]]],[[[23.4143,58.8317],[23.4023,58.8417],[23.4163,58.8383],[23.4143,58.8317]]],[[[21.3867,63.0579],[21.3681,63.0509],[21.3619,63.0577],[21.3867,63.0579]]],[[[22.4037,59.9745],[22.3917,59.9687],[22.3885,59.9797],[22.4037,59.9745]]],[[[22.5153,60.2459],[22.4989,60.2405],[22.4979,60.2447],[22.5153,60.2459]]],[[[21.8401,60.3697],[21.8319,60.3759],[21.8569,60.3713],[21.8401,60.3697]]],[[[11.3201,54.9661],[11.3065,54.9615],[11.3047,54.9691],[11.3201,54.9661]]],[[[3.9231,51.7337],[3.9215,51.7411],[3.9349,51.7345],[3.9231,51.7337]]],[[[-10.1746,54.0827],[-10.1802,54.0737],[-10.1891,54.0779],[-10.1746,54.0827]]],[[[11.1325,59.1477],[11.1293,59.1345],[11.1209,59.1399],[11.1325,59.1477]]],[[[20.5887,60.0755],[20.5845,60.0837],[20.6085,60.0753],[20.5887,60.0755]]],[[[-5.6023,36.0091],[-5.609,36.0003],[-5.6097,36.0085],[-5.6023,36.0091]]],[[[21.8105,60.0997],[21.7915,60.0971],[21.7839,60.1001],[21.8105,60.0997]]],[[[49.027,39.1856],[49.0289,39.1959],[49.0303,39.1847],[49.027,39.1856]]],[[[5.9057,62.2353],[5.8907,62.2259],[5.8863,62.2289],[5.9057,62.2353]]],[[[11.3813,55.1883],[11.3719,55.1843],[11.3575,55.1913],[11.3813,55.1883]]],[[[18.5013,59.0675],[18.4897,59.0635],[18.4965,59.0745],[18.5013,59.0675]]],[[[0.6007,51.3959],[0.6017,51.4039],[0.6155,51.3983],[0.6007,51.3959]]],[[[4.9889,60.3149],[4.9775,60.3075],[4.9783,60.3127],[4.9889,60.3149]]],[[[8.5577,54.4633],[8.5561,54.4727],[8.5685,54.4683],[8.5577,54.4633]]],[[[21.3769,60.0795],[21.3745,60.0709],[21.3619,60.0777],[21.3769,60.0795]]],[[[15.1757,56.1343],[15.1721,56.1423],[15.1847,56.1383],[15.1757,56.1343]]],[[[27.0815,60.4133],[27.0743,60.4243],[27.0893,60.4165],[27.0815,60.4133]]],[[[6.8717,53.5967],[6.8695,53.6039],[6.8749,53.6007],[6.8717,53.5967]]],[[[5.0757,59.8537],[5.0651,59.8463],[5.0627,59.8575],[5.0757,59.8537]]],[[[4.7185,61.1107],[4.7185,61.1199],[4.7375,61.1123],[4.7185,61.1107]]],[[[20.8343,60.0317],[20.8315,60.0429],[20.8417,60.0351],[20.8343,60.0317]]],[[[22.0941,63.4263],[22.0967,63.4397],[22.1015,63.4379],[22.0941,63.4263]]],[[[10.9481,59.1289],[10.9615,59.1333],[10.9527,59.1239],[10.9481,59.1289]]],[[[22.9311,60.0705],[22.9257,60.0643],[22.9095,60.0701],[22.9311,60.0705]]],[[[20.7471,38.6861],[20.7421,38.6939],[20.7575,38.6961],[20.7471,38.6861]]],[[[15.4293,56.1305],[15.4207,56.1235],[15.4147,56.1293],[15.4293,56.1305]]],[[[21.4079,63.0825],[21.3925,63.0751],[21.3861,63.0809],[21.3943,63.0871],[21.4079,63.0825]]],[[[21.6969,60.2789],[21.6941,60.2713],[21.6903,60.2739],[21.6969,60.2789]]],[[[27.6577,36.2523],[27.6599,36.2615],[27.6619,36.2579],[27.6577,36.2523]]],[[[21.4837,60.3121],[21.4807,60.3027],[21.4679,60.3055],[21.4837,60.3121]]],[[[21.4355,60.3045],[21.4301,60.3193],[21.4391,60.3163],[21.4355,60.3045]]],[[[24.7173,40.8373],[24.7061,40.8351],[24.7053,40.8373],[24.7173,40.8373]]],[[[-9.5144,52.6151],[-9.5258,52.6181],[-9.5125,52.6209],[-9.5144,52.6151]]],[[[21.8791,60.1341],[21.8871,60.1431],[21.9033,60.1435],[21.8791,60.1341]]],[[[-8.9696,52.7043],[-8.96,52.7119],[-8.9597,52.7097],[-8.9696,52.7043]]],[[[5.0031,60.5529],[4.9923,60.5639],[5.0131,60.5545],[5.0031,60.5529]]],[[[15.4697,43.7251],[15.4729,43.7359],[15.4779,43.7267],[15.4697,43.7251]]],[[[11.7045,57.8253],[11.6921,57.8223],[11.6811,57.8249],[11.7045,57.8253]]],[[[25.2935,60.2263],[25.2855,60.2383],[25.3061,60.2319],[25.2935,60.2263]]],[[[21.5219,61.3931],[21.5157,61.3837],[21.5087,61.3897],[21.5219,61.3931]]],[[[21.4931,60.2753],[21.4817,60.2657],[21.4845,60.2735],[21.4931,60.2753]]],[[[4.7941,60.6007],[4.7929,60.5925],[4.7775,60.5969],[4.7941,60.6007]]],[[[21.7431,60.2143],[21.7307,60.2069],[21.7253,60.2141],[21.7431,60.2143]]],[[[18.1159,42.6331],[18.1161,42.6211],[18.1125,42.6323],[18.1159,42.6331]]],[[[4.7905,61.1159],[4.7993,61.1239],[4.8045,61.1125],[4.7905,61.1159]]],[[[14.2533,53.7001],[14.2609,53.7085],[14.2709,53.7055],[14.2533,53.7001]]],[[[18.7063,59.5913],[18.6921,59.5909],[18.7085,59.6009],[18.7063,59.5913]]],[[[19.6129,60.4119],[19.6073,60.4203],[19.6127,60.4203],[19.6129,60.4119]]],[[[-6.049,56.6213],[-6.036,56.6221],[-6.0331,56.6151],[-6.049,56.6213]]],[[[21.1597,60.3543],[21.1515,60.3441],[21.1487,60.3463],[21.1597,60.3543]]],[[[20.5175,60.1439],[20.5075,60.1421],[20.5279,60.1519],[20.5175,60.1439]]],[[[11.6175,57.9267],[11.6171,57.9351],[11.6295,57.9333],[11.6175,57.9267]]],[[[23.5239,64.0787],[23.5273,64.0881],[23.5353,64.0809],[23.5239,64.0787]]],[[[10.4797,54.8873],[10.4961,54.8895],[10.5127,54.8847],[10.4797,54.8873]]],[[[23.0023,60.1111],[22.9945,60.1013],[22.9911,60.1025],[23.0023,60.1111]]],[[[5.3233,60.1763],[5.3079,60.1689],[5.3045,60.1777],[5.3233,60.1763]]],[[[6.9953,58.0643],[7.0015,58.0567],[6.9901,58.0577],[6.9953,58.0643]]],[[[13.2891,45.7303],[13.2789,45.7281],[13.2811,45.7379],[13.2891,45.7303]]],[[[19.0445,59.6897],[19.0295,59.6801],[19.0233,59.6855],[19.0445,59.6897]]],[[[27.7137,36.2237],[27.7013,36.2223],[27.7091,36.2279],[27.7137,36.2237]]],[[[13.9879,67.4217],[13.9625,67.4123],[13.9587,67.4147],[13.9879,67.4217]]],[[[14.9317,67.9105],[14.9369,67.9189],[14.9641,67.9247],[14.9317,67.9105]]],[[[-9.5115,52.8105],[-9.519,52.8157],[-9.5099,52.8183],[-9.5115,52.8105]]],[[[9.8915,55.2507],[9.8823,55.2441],[9.8695,55.2543],[9.8915,55.2507]]],[[[5.1759,60.1667],[5.1747,60.1545],[5.1675,60.1595],[5.1759,60.1667]]],[[[20.9419,60.3471],[20.9495,60.3553],[20.9507,60.3527],[20.9419,60.3471]]],[[[17.4579,62.5361],[17.4573,62.5209],[17.4533,62.5377],[17.4579,62.5361]]],[[[-8.6498,54.4377],[-8.6706,54.4347],[-8.6711,54.4383],[-8.6498,54.4377]]],[[[4.9615,61.6345],[4.9611,61.6435],[4.9749,61.6343],[4.9615,61.6345]]],[[[23.8555,59.9203],[23.8639,59.9291],[23.8741,59.9261],[23.8555,59.9203]]],[[[4.8277,60.7883],[4.8283,60.7989],[4.8375,60.7881],[4.8277,60.7883]]],[[[5.2521,59.9175],[5.2375,59.9331],[5.2557,59.9203],[5.2521,59.9175]]],[[[18.6517,63.1237],[18.6443,63.1185],[18.6437,63.1375],[18.6517,63.1237]]],[[[11.3471,64.4013],[11.3567,64.4105],[11.3641,64.4029],[11.3471,64.4013]]],[[[10.4033,64.3747],[10.3905,64.3665],[10.3899,64.3681],[10.4033,64.3747]]],[[[17.4477,60.7407],[17.4553,60.7515],[17.4617,60.7455],[17.4477,60.7407]]],[[[25.2217,65.2633],[25.1995,65.2571],[25.2001,65.2623],[25.2217,65.2633]]],[[[21.6275,60.4931],[21.6243,60.4809],[21.6187,60.4849],[21.6275,60.4931]]],[[[27.0727,60.4279],[27.0739,60.4407],[27.0829,60.4273],[27.0727,60.4279]]],[[[8.9755,63.4369],[8.9857,63.4313],[8.9563,63.4275],[8.9755,63.4369]]],[[[21.9335,60.2279],[21.9147,60.2273],[21.9245,60.2347],[21.9335,60.2279]]],[[[21.2503,60.0689],[21.2425,60.0709],[21.2621,60.0797],[21.2503,60.0689]]],[[[17.3907,61.6175],[17.3827,61.6107],[17.3727,61.6193],[17.3907,61.6175]]],[[[21.4241,62.9973],[21.4117,62.9927],[21.3973,62.9969],[21.4241,62.9973]]],[[[21.1209,60.1655],[21.1283,60.1707],[21.1337,60.1651],[21.1209,60.1655]]],[[[20.3613,60.1797],[20.3639,60.1935],[20.3759,60.1885],[20.3613,60.1797]]],[[[21.0909,63.2629],[21.0971,63.2705],[21.1097,63.2639],[21.0909,63.2629]]],[[[20.3283,60.2677],[20.3227,60.2565],[20.3201,60.2503],[20.3283,60.2677]]],[[[5.1693,60.2969],[5.1525,60.2975],[5.1657,60.3009],[5.1693,60.2969]]],[[[13.4379,45.7083],[13.4313,45.6975],[13.4285,45.7117],[13.4379,45.7083]]],[[[11.6485,57.9383],[11.6369,57.9443],[11.6635,57.9405],[11.6485,57.9383]]],[[[17.4917,58.7753],[17.4769,58.7713],[17.4825,58.7773],[17.4917,58.7753]]],[[[23.6323,64.1527],[23.6347,64.1589],[23.6519,64.1455],[23.6323,64.1527]]],[[[22.4277,59.8325],[22.4189,59.8411],[22.4301,59.8375],[22.4277,59.8325]]],[[[5.1305,60.0245],[5.1367,60.0353],[5.1471,60.0315],[5.1305,60.0245]]],[[[6.6197,62.6331],[6.5953,62.6271],[6.5913,62.6281],[6.6197,62.6331]]],[[[11.6829,64.8041],[11.6489,64.7983],[11.6469,64.7997],[11.6829,64.8041]]],[[[26.2915,38.4893],[26.2809,38.4959],[26.2933,38.4925],[26.2915,38.4893]]],[[[11.8107,57.6357],[11.8059,57.6227],[11.7991,57.6271],[11.8107,57.6357]]],[[[-0.7737,37.6889],[-0.7729,37.6995],[-0.7632,37.6931],[-0.7737,37.6889]]],[[[18.7705,59.5685],[18.7799,59.5623],[18.7679,59.5655],[18.7705,59.5685]]],[[[-9.9911,53.5629],[-9.98,53.5631],[-10.0042,53.5627],[-9.9911,53.5629]]],[[[16.9855,58.2811],[16.9779,58.2703],[16.9733,58.2735],[16.9855,58.2811]]],[[[16.7117,57.5613],[16.7031,57.5529],[16.7015,57.5557],[16.7117,57.5613]]],[[[5.2619,60.7683],[5.2565,60.7797],[5.2655,60.7763],[5.2619,60.7683]]],[[[21.9167,60.1253],[21.9135,60.1159],[21.9081,60.1183],[21.9167,60.1253]]],[[[11.4927,64.5787],[11.4967,64.5677],[11.4817,64.5755],[11.4927,64.5787]]],[[[23.8877,59.9247],[23.8841,59.9359],[23.8931,59.9301],[23.8877,59.9247]]],[[[-5.5589,56.1405],[-5.5665,56.1443],[-5.56,56.1445],[-5.5589,56.1405]]],[[[21.2987,62.1327],[21.2955,62.1167],[21.2945,62.1317],[21.2987,62.1327]]],[[[-9.4611,51.5233],[-9.484,51.5161],[-9.4846,51.5199],[-9.4611,51.5233]]],[[[13.7487,44.9353],[13.7453,44.9447],[13.7499,44.9371],[13.7487,44.9353]]],[[[26.3515,60.3751],[26.3637,60.3659],[26.3443,60.3697],[26.3515,60.3751]]],[[[22.0533,63.3343],[22.0415,63.3239],[22.0361,63.3295],[22.0533,63.3343]]],[[[29.7837,45.4453],[29.7765,45.4469],[29.7809,45.4513],[29.7837,45.4453]]],[[[22.8445,60.0345],[22.8413,60.0465],[22.8467,60.0441],[22.8445,60.0345]]],[[[4.3607,51.7167],[4.3485,51.7235],[4.3611,51.7183],[4.3607,51.7167]]],[[[5.5669,60.0765],[5.5655,60.0847],[5.5815,60.0793],[5.5669,60.0765]]],[[[16.5781,57.3059],[16.5721,57.3167],[16.5865,57.3077],[16.5781,57.3059]]],[[[21.4381,61.2113],[21.4361,61.2193],[21.4517,61.2095],[21.4381,61.2113]]],[[[23.5935,35.6437],[23.5925,35.6387],[23.5793,35.6481],[23.5935,35.6437]]],[[[12.2685,65.8469],[12.2527,65.8385],[12.2585,65.8489],[12.2685,65.8469]]],[[[27.4929,40.6571],[27.4891,40.6463],[27.4841,40.6531],[27.4929,40.6571]]],[[[18.8539,59.2067],[18.8651,59.2123],[18.8677,59.2025],[18.8539,59.2067]]],[[[-9.9654,53.3311],[-9.9795,53.3233],[-9.9815,53.3317],[-9.9654,53.3311]]],[[[27.8517,60.4957],[27.8505,60.5061],[27.8563,60.5023],[27.8517,60.4957]]],[[[29.1571,40.8579],[29.1507,40.8525],[29.1475,40.8585],[29.1571,40.8579]]],[[[11.7803,58.0571],[11.7711,58.0685],[11.7877,58.0633],[11.7803,58.0571]]],[[[5.9771,59.1581],[5.9859,59.1671],[5.9891,59.1637],[5.9771,59.1581]]],[[[20.3045,60.1667],[20.3015,60.1795],[20.3103,60.1675],[20.3045,60.1667]]],[[[10.5095,59.1867],[10.5089,59.1991],[10.5197,59.1919],[10.5095,59.1867]]],[[[21.7389,60.1051],[21.7295,60.1003],[21.7199,60.1037],[21.7389,60.1051]]],[[[12.6123,65.8655],[12.6261,65.8695],[12.5967,65.8551],[12.6123,65.8655]]],[[[13.6247,67.0519],[13.6039,67.0399],[13.5975,67.0407],[13.6247,67.0519]]],[[[19.7071,60.2955],[19.7187,60.2973],[19.7155,60.2907],[19.7071,60.2955]]],[[[34.8183,65.0737],[34.8067,65.0643],[34.8071,65.0757],[34.8183,65.0737]]],[[[4.8543,60.8685],[4.8517,60.8767],[4.8677,60.8673],[4.8543,60.8685]]],[[[10.7403,59.2785],[10.7423,59.2665],[10.7327,59.2663],[10.7403,59.2785]]],[[[27.1581,60.2933],[27.1451,60.2831],[27.1359,60.2855],[27.1581,60.2933]]],[[[35.0125,64.9651],[35.0085,64.9587],[34.9921,64.9615],[35.0125,64.9651]]],[[[22.1855,60.1299],[22.1749,60.1291],[22.2029,60.1333],[22.1855,60.1299]]],[[[21.7255,65.1275],[21.7345,65.1373],[21.7401,65.1299],[21.7255,65.1275]]],[[[12.2281,65.8091],[12.2157,65.7955],[12.2249,65.8127],[12.2281,65.8091]]],[[[-7.3653,57.0029],[-7.3704,56.9955],[-7.3774,57.0025],[-7.3653,57.0029]]],[[[21.8869,60.0163],[21.8811,60.0065],[21.8729,60.0101],[21.8869,60.0163]]],[[[6.9831,58.0147],[6.9991,58.0221],[6.9987,58.0135],[6.9831,58.0147]]],[[[21.4587,61.6275],[21.4667,61.6333],[21.4695,61.6299],[21.4587,61.6275]]],[[[15.4717,43.6899],[15.4701,43.7003],[15.4771,43.6921],[15.4717,43.6899]]],[[[4.9635,60.6491],[4.9585,60.6583],[4.9775,60.6473],[4.9635,60.6491]]],[[[8.2181,58.1201],[8.2097,58.1117],[8.2069,58.1133],[8.2181,58.1201]]],[[[4.9151,61.3063],[4.9095,61.2955],[4.9043,61.3075],[4.9151,61.3063]]],[[[21.3309,61.8453],[21.3331,61.8573],[21.3449,61.8509],[21.3309,61.8453]]],[[[21.4255,60.6151],[21.4223,60.6083],[21.4067,60.6157],[21.4255,60.6151]]],[[[21.4305,60.3297],[21.4105,60.3371],[21.4361,60.3335],[21.4305,60.3297]]],[[[15.4301,43.8875],[15.4221,43.8785],[15.4157,43.8871],[15.4301,43.8875]]],[[[18.7167,59.1829],[18.7011,59.1727],[18.6963,59.1757],[18.7167,59.1829]]],[[[13.3513,45.6899],[13.3681,45.6873],[13.3699,45.6827],[13.3513,45.6899]]],[[[21.5041,60.1589],[21.4895,60.1517],[21.4903,60.1547],[21.5041,60.1589]]],[[[20.9921,60.3619],[20.9871,60.3747],[20.9977,60.3663],[20.9921,60.3619]]],[[[36.2993,64.1029],[36.2891,64.0933],[36.2845,64.1033],[36.2993,64.1029]]],[[[20.2779,60.4227],[20.2625,60.4175],[20.2759,60.4255],[20.2779,60.4227]]],[[[10.7625,55.9433],[10.7687,55.9491],[10.7729,55.9455],[10.7625,55.9433]]],[[[-6.7185,56.5719],[-6.7311,56.5635],[-6.735,56.5649],[-6.7185,56.5719]]],[[[21.5881,60.3403],[21.5887,60.3309],[21.5759,60.3401],[21.5881,60.3403]]],[[[11.5795,57.8857],[11.5851,57.8899],[11.5899,57.8859],[11.5795,57.8857]]],[[[17.3815,62.4839],[17.3681,62.4855],[17.3987,62.4895],[17.3815,62.4839]]],[[[22.2833,60.3385],[22.2927,60.3275],[22.2861,60.3273],[22.2833,60.3385]]],[[[4.9153,60.8255],[4.9095,60.8355],[4.9175,60.8301],[4.9153,60.8255]]],[[[20.4423,60.3359],[20.4335,60.3213],[20.4297,60.3257],[20.4423,60.3359]]],[[[12.2203,65.4439],[12.1999,65.4341],[12.1951,65.4377],[12.2203,65.4439]]],[[[4.9029,60.9547],[4.9145,60.9629],[4.9173,60.9565],[4.9029,60.9547]]],[[[18.4279,59.1271],[18.4261,59.1147],[18.4135,59.1179],[18.4279,59.1271]]],[[[17.5571,60.6551],[17.5611,60.6635],[17.5699,60.6607],[17.5571,60.6551]]],[[[22.4693,60.3893],[22.4481,60.3831],[22.4675,60.3933],[22.4693,60.3893]]],[[[21.0001,60.6475],[20.9919,60.6529],[21.0001,60.6567],[21.0001,60.6475]]],[[[18.9875,59.3681],[18.9849,59.3783],[18.9935,59.3743],[18.9875,59.3681]]],[[[21.4469,60.2575],[21.4471,60.2679],[21.4561,60.2639],[21.4469,60.2575]]],[[[16.4975,56.9409],[16.4995,56.9299],[16.4897,56.9347],[16.4975,56.9409]]],[[[5.7811,59.0033],[5.7885,59.0069],[5.7959,58.9909],[5.7811,59.0033]]],[[[15.5299,68.0719],[15.5181,68.0603],[15.5123,68.0629],[15.5299,68.0719]]],[[[19.4785,60.2729],[19.4813,60.2833],[19.4853,60.2701],[19.4785,60.2729]]],[[[21.5139,61.7657],[21.5239,61.7561],[21.5031,61.7671],[21.5139,61.7657]]],[[[5.2137,60.1451],[5.2065,60.1599],[5.2173,60.1487],[5.2137,60.1451]]],[[[-3.1914,48.8687],[-3.1845,48.8775],[-3.1849,48.8699],[-3.1914,48.8687]]],[[[7.8765,63.1823],[7.8529,63.1777],[7.8511,63.1795],[7.8765,63.1823]]],[[[11.9073,57.5875],[11.9189,57.5959],[11.9225,57.5905],[11.9073,57.5875]]],[[[17.0249,58.2653],[17.0287,58.2571],[17.0143,58.2493],[17.0249,58.2653]]],[[[21.9621,60.0873],[21.9615,60.0925],[21.9823,60.0879],[21.9621,60.0873]]],[[[9.2489,53.8667],[9.2535,53.8707],[9.2555,53.8683],[9.2489,53.8667]]],[[[-4.8548,48.0357],[-4.8659,48.0463],[-4.851,48.0387],[-4.8548,48.0357]]],[[[9.5661,58.8785],[9.5395,58.8755],[9.5709,58.8821],[9.5661,58.8785]]],[[[11.5715,57.9335],[11.5675,57.9423],[11.5849,57.9341],[11.5715,57.9335]]],[[[20.2973,59.9731],[20.3035,59.9849],[20.3063,59.9783],[20.2973,59.9731]]],[[[18.0845,59.0253],[18.0757,59.0333],[18.0935,59.0367],[18.0845,59.0253]]],[[[17.6073,58.8609],[17.5955,58.8683],[17.6173,58.8639],[17.6073,58.8609]]],[[[21.1599,60.3765],[21.1635,60.3867],[21.1683,60.3767],[21.1599,60.3765]]],[[[21.5495,65.3645],[21.5585,65.3691],[21.5627,65.3639],[21.5495,65.3645]]],[[[27.0035,37.4787],[26.9927,37.4727],[26.9913,37.4743],[27.0035,37.4787]]],[[[21.4159,62.9417],[21.4101,62.9323],[21.4071,62.9421],[21.4159,62.9417]]],[[[21.5757,61.6283],[21.5687,61.6223],[21.5563,61.6243],[21.5757,61.6283]]],[[[21.8209,65.3053],[21.8321,65.2945],[21.8133,65.3021],[21.8209,65.3053]]],[[[11.0361,64.8365],[11.0189,64.8251],[11.0383,64.8393],[11.0361,64.8365]]],[[[21.1823,60.3865],[21.1789,60.3757],[21.1769,60.3845],[21.1823,60.3865]]],[[[16.1731,43.4089],[16.1747,43.4005],[16.1665,43.4013],[16.1731,43.4089]]],[[[10.4785,54.9239],[10.4917,54.9155],[10.4751,54.9169],[10.4785,54.9239]]],[[[20.7395,60.2089],[20.7427,60.2153],[20.7613,60.2135],[20.7395,60.2089]]],[[[18.7067,59.4175],[18.6903,59.4145],[18.6863,59.4209],[18.7067,59.4175]]],[[[27.4615,60.4069],[27.4529,60.4093],[27.4663,60.4087],[27.4615,60.4069]]],[[[10.2667,64.2167],[10.2677,64.2229],[10.2775,64.2175],[10.2667,64.2167]]],[[[11.7985,58.2803],[11.8013,58.2697],[11.7905,58.2761],[11.7985,58.2803]]],[[[22.0801,60.1337],[22.0987,60.1363],[22.1047,60.1335],[22.0801,60.1337]]],[[[21.4187,60.1115],[21.4047,60.1101],[21.4087,60.1173],[21.4187,60.1115]]],[[[16.6545,57.8183],[16.6437,57.8207],[16.6523,57.8277],[16.6545,57.8183]]],[[[17.9485,40.0457],[17.9399,40.0523],[17.9479,40.0489],[17.9485,40.0457]]],[[[-5.7486,55.6409],[-5.7548,55.6283],[-5.7618,55.6311],[-5.7486,55.6409]]],[[[49.98,40.2946],[49.9803,40.2833],[49.9703,40.2899],[49.98,40.2946]]],[[[22.4765,59.8517],[22.4629,59.8469],[22.4737,59.8561],[22.4765,59.8517]]],[[[21.0957,60.3651],[21.0931,60.3815],[21.0983,60.3665],[21.0957,60.3651]]],[[[19.1799,63.2847],[19.1811,63.2739],[19.1691,63.2785],[19.1799,63.2847]]],[[[21.5185,60.2275],[21.5101,60.2201],[21.5093,60.2233],[21.5185,60.2275]]],[[[21.1833,60.3331],[21.1915,60.3449],[21.1995,60.3359],[21.1833,60.3331]]],[[[35.0433,64.7447],[35.0363,64.7333],[35.0187,64.7343],[35.0433,64.7447]]],[[[21.8213,60.2835],[21.8157,60.2745],[21.8111,60.2771],[21.8213,60.2835]]],[[[27.3505,60.4609],[27.3433,60.4723],[27.3547,60.4651],[27.3505,60.4609]]],[[[21.5671,60.4039],[21.5721,60.4119],[21.5767,60.4071],[21.5671,60.4039]]],[[[20.2993,60.4159],[20.3015,60.4039],[20.2923,60.4077],[20.2993,60.4159]]],[[[7.1039,62.0989],[7.1123,62.1085],[7.1391,62.1189],[7.1039,62.0989]]],[[[21.8983,60.1179],[21.8973,60.1247],[21.9021,60.1217],[21.8983,60.1179]]],[[[26.7759,60.4629],[26.7661,60.4581],[26.7573,60.4701],[26.7759,60.4629]]],[[[15.5035,42.1207],[15.5105,42.1303],[15.5173,42.1283],[15.5035,42.1207]]],[[[34.9921,64.9477],[35.0021,64.9527],[35.0049,64.9493],[34.9921,64.9477]]],[[[27.1429,37.6069],[27.1443,37.6171],[27.1495,37.6053],[27.1429,37.6069]]],[[[19.6251,60.1559],[19.6249,60.1659],[19.6349,60.1601],[19.6251,60.1559]]],[[[-5.4372,57.9609],[-5.4494,57.9669],[-5.4336,57.9681],[-5.4372,57.9609]]],[[[21.5269,61.7447],[21.5443,61.7499],[21.5489,61.7473],[21.5269,61.7447]]],[[[4.8047,61.6211],[4.8081,61.6283],[4.8195,61.6219],[4.8047,61.6211]]],[[[18.7603,63.1615],[18.7537,63.1755],[18.7635,63.1685],[18.7603,63.1615]]],[[[5.2585,59.9333],[5.2455,59.9327],[5.2395,59.9423],[5.2585,59.9333]]],[[[18.6097,60.3089],[18.6009,60.3185],[18.6163,60.3127],[18.6097,60.3089]]],[[[18.8245,59.3743],[18.8281,59.3839],[18.8315,59.3757],[18.8245,59.3743]]],[[[21.6683,60.2585],[21.6507,60.2557],[21.6501,60.2585],[21.6683,60.2585]]],[[[5.1379,59.5985],[5.1523,59.5951],[5.1445,59.5871],[5.1379,59.5985]]],[[[26.2215,60.3887],[26.2051,60.3911],[26.2191,60.3949],[26.2215,60.3887]]],[[[21.4079,60.3323],[21.3991,60.3269],[21.3915,60.3327],[21.4079,60.3323]]],[[[26.7669,39.3855],[26.7619,39.3775],[26.7605,39.3805],[26.7669,39.3855]]],[[[8.7087,54.1619],[8.7077,54.1723],[8.7163,54.1709],[8.7087,54.1619]]],[[[16.6983,57.4325],[16.7023,57.4397],[16.7151,57.4371],[16.6983,57.4325]]],[[[19.1901,59.6653],[19.1927,59.6759],[19.2071,59.6679],[19.1901,59.6653]]],[[[18.9251,59.6619],[18.9261,59.6677],[18.9477,59.6711],[18.9251,59.6619]]],[[[20.7557,60.2687],[20.7433,60.2597],[20.7433,60.2675],[20.7557,60.2687]]],[[[4.9091,61.3879],[4.9351,61.3937],[4.9279,61.3865],[4.9091,61.3879]]],[[[30.2359,59.9655],[30.2279,59.9585],[30.2195,59.9599],[30.2359,59.9655]]],[[[16.4327,43.1581],[16.4189,43.1571],[16.4291,43.1641],[16.4327,43.1581]]],[[[8.4667,58.2465],[8.4475,58.2585],[8.4725,58.2489],[8.4667,58.2465]]],[[[0.6359,51.5351],[0.6271,51.5399],[0.6425,51.5397],[0.6359,51.5351]]],[[[21.0313,60.3959],[21.0235,60.3855],[21.0209,60.3889],[21.0313,60.3959]]],[[[21.6813,59.9069],[21.6907,59.9161],[21.6931,59.9091],[21.6813,59.9069]]],[[[21.2411,60.3627],[21.2443,60.3729],[21.2501,60.3647],[21.2411,60.3627]]],[[[-10.0368,53.7183],[-10.0265,53.7217],[-10.0234,53.7165],[-10.0368,53.7183]]],[[[-2.5609,56.1833],[-2.5673,56.1937],[-2.5544,56.1839],[-2.5609,56.1833]]],[[[27.7687,36.2581],[27.7607,36.2565],[27.7741,36.2647],[27.7687,36.2581]]],[[[-9.5064,51.5085],[-9.5151,51.5131],[-9.4958,51.5171],[-9.5064,51.5085]]],[[[7.9931,58.1145],[8.0063,58.1161],[8.0145,58.1115],[7.9931,58.1145]]],[[[22.0905,60.1381],[22.0795,60.1445],[22.0999,60.1433],[22.0905,60.1381]]],[[[-6.4225,56.4973],[-6.427,56.4855],[-6.4381,56.4849],[-6.4225,56.4973]]],[[[10.4753,59.2021],[10.4621,59.2007],[10.4637,59.2055],[10.4753,59.2021]]],[[[24.5247,37.9427],[24.5187,37.9383],[24.5197,37.9435],[24.5247,37.9427]]],[[[21.8723,60.3439],[21.8671,60.3503],[21.8837,60.3461],[21.8723,60.3439]]],[[[19.1705,59.7425],[19.1753,59.7509],[19.1843,59.7433],[19.1705,59.7425]]],[[[11.3601,58.1275],[11.3517,58.1163],[11.3545,58.1271],[11.3601,58.1275]]],[[[21.9705,60.2141],[21.9667,60.2037],[21.9615,60.2121],[21.9705,60.2141]]],[[[5.0699,60.7067],[5.0797,60.7093],[5.0837,60.7015],[5.0699,60.7067]]],[[[20.5937,63.7843],[20.5875,63.7961],[20.5919,63.7951],[20.5937,63.7843]]],[[[10.3591,59.5213],[10.3465,59.5209],[10.3479,59.5231],[10.3591,59.5213]]],[[[21.8101,59.9801],[21.7969,59.9737],[21.8087,59.9817],[21.8101,59.9801]]],[[[21.1705,60.4471],[21.1871,60.4533],[21.1925,60.4503],[21.1705,60.4471]]],[[[14.8325,67.9123],[14.8105,67.9019],[14.8373,67.9163],[14.8325,67.9123]]],[[[18.7729,57.2785],[18.7611,57.2753],[18.7605,57.2785],[18.7729,57.2785]]],[[[20.2709,63.6499],[20.2767,63.6581],[20.2815,63.6489],[20.2709,63.6499]]],[[[29.0703,40.8817],[29.0669,40.8921],[29.0721,40.8851],[29.0703,40.8817]]],[[[8.9255,58.4741],[8.9093,58.4683],[8.9247,58.4819],[8.9255,58.4741]]],[[[-4.5061,48.3117],[-4.5147,48.3135],[-4.5075,48.3145],[-4.5061,48.3117]]],[[[18.9009,59.3857],[18.8937,59.3751],[18.8901,59.3779],[18.9009,59.3857]]],[[[25.4803,60.1813],[25.4761,60.1735],[25.4713,60.1747],[25.4803,60.1813]]],[[[19.5591,63.4891],[19.5463,63.4875],[19.5573,63.5007],[19.5591,63.4891]]],[[[27.3129,60.2781],[27.3177,60.2871],[27.3239,60.2829],[27.3129,60.2781]]],[[[21.2643,60.4005],[21.2531,60.4015],[21.2695,60.4029],[21.2643,60.4005]]],[[[21.2959,38.3315],[21.2877,38.3253],[21.2925,38.3353],[21.2959,38.3315]]],[[[20.6475,60.0395],[20.6335,60.0295],[20.6319,60.0317],[20.6475,60.0395]]],[[[-9.5822,53.8587],[-9.5844,53.8517],[-9.5996,53.8541],[-9.5822,53.8587]]],[[[-6.2651,56.4495],[-6.2624,56.4577],[-6.2564,56.4503],[-6.2651,56.4495]]],[[[11.6603,57.7297],[11.6523,57.7389],[11.6663,57.7349],[11.6603,57.7297]]],[[[5.1907,59.8907],[5.1889,59.8831],[5.1799,59.8925],[5.1907,59.8907]]],[[[16.6553,57.6471],[16.6429,57.6389],[16.6391,57.6415],[16.6553,57.6471]]],[[[19.5113,63.4655],[19.5123,63.4529],[19.5043,63.4679],[19.5113,63.4655]]],[[[13.2297,66.8069],[13.2175,66.8149],[13.2259,66.8155],[13.2297,66.8069]]],[[[9.4011,58.8565],[9.3793,58.8515],[9.3717,58.8523],[9.4011,58.8565]]],[[[21.2455,60.1763],[21.2387,60.1711],[21.2311,60.1735],[21.2455,60.1763]]],[[[-4.1844,47.8543],[-4.1816,47.8615],[-4.1767,47.8459],[-4.1844,47.8543]]],[[[-10.1589,53.5091],[-10.157,53.5193],[-10.146,53.5157],[-10.1589,53.5091]]],[[[24.4493,64.7049],[24.4305,64.6951],[24.4243,64.6989],[24.4493,64.7049]]],[[[20.7713,60.4109],[20.7665,60.4183],[20.7761,60.4255],[20.7713,60.4109]]],[[[11.1729,64.7331],[11.1689,64.7233],[11.1603,64.7257],[11.1729,64.7331]]],[[[9.1461,63.4519],[9.1349,63.4519],[9.1563,63.4593],[9.1461,63.4519]]],[[[5.0965,60.7199],[5.0927,60.7275],[5.1039,60.7207],[5.0965,60.7199]]],[[[5.1883,60.8085],[5.1943,60.8169],[5.1965,60.8077],[5.1883,60.8085]]],[[[5.1555,59.4045],[5.1703,59.3915],[5.1611,59.3923],[5.1555,59.4045]]],[[[8.3951,58.2311],[8.3783,58.2311],[8.3885,58.2391],[8.3951,58.2311]]],[[[-5.8023,56.2321],[-5.8175,56.2193],[-5.8228,56.2197],[-5.8023,56.2321]]],[[[18.6207,59.0875],[18.6159,59.0977],[18.6221,59.0953],[18.6207,59.0875]]],[[[6.5413,62.8171],[6.5343,62.8113],[6.5237,62.8185],[6.5413,62.8171]]],[[[5.0917,59.8881],[5.0863,59.8777],[5.0783,59.8835],[5.0917,59.8881]]],[[[25.5161,60.2125],[25.5005,60.2063],[25.4957,60.2089],[25.5161,60.2125]]],[[[9.6595,58.9041],[9.6459,58.8955],[9.6425,58.9007],[9.6595,58.9041]]],[[[21.3403,63.0981],[21.3441,63.0901],[21.3307,63.0939],[21.3403,63.0981]]],[[[27.4737,60.4215],[27.4637,60.4327],[27.4775,60.4235],[27.4737,60.4215]]],[[[8.3145,58.1775],[8.3195,58.1907],[8.3245,58.1829],[8.3145,58.1775]]],[[[20.8821,60.1883],[20.8785,60.2007],[20.8907,60.1841],[20.8821,60.1883]]],[[[15.4287,43.8707],[15.4413,43.8701],[15.4449,43.8627],[15.4287,43.8707]]],[[[10.7685,59.8745],[10.7613,59.8635],[10.7505,59.8659],[10.7685,59.8745]]],[[[4.8177,61.1071],[4.8171,61.1183],[4.8279,61.1041],[4.8177,61.1071]]],[[[18.8525,59.6801],[18.8517,59.6863],[18.8609,59.6847],[18.8525,59.6801]]],[[[22.6393,63.7783],[22.6339,63.7897],[22.6407,63.7811],[22.6393,63.7783]]],[[[16.9555,58.5129],[16.9553,58.5035],[16.9525,58.5103],[16.9555,58.5129]]],[[[14.8551,44.3765],[14.8599,44.3815],[14.8663,44.3727],[14.8551,44.3765]]],[[[21.6927,60.2477],[21.6805,60.2427],[21.6747,60.2477],[21.6927,60.2477]]],[[[21.3099,60.3041],[21.3119,60.3139],[21.3135,60.3069],[21.3099,60.3041]]],[[[6.8207,62.8901],[6.8191,62.8977],[6.8383,62.8965],[6.8207,62.8901]]],[[[4.8737,60.8167],[4.8717,60.8269],[4.8813,60.8185],[4.8737,60.8167]]],[[[16.6739,57.6427],[16.6661,57.6349],[16.6601,57.6433],[16.6739,57.6427]]],[[[10.7689,59.1003],[10.7671,59.1113],[10.7809,59.1045],[10.7689,59.1003]]],[[[21.2955,60.8353],[21.2841,60.8463],[21.3003,60.8391],[21.2955,60.8353]]],[[[5.0995,59.8117],[5.0959,59.8015],[5.0851,59.8063],[5.0995,59.8117]]],[[[27.1271,60.4229],[27.1169,60.4133],[27.1201,60.4229],[27.1271,60.4229]]],[[[22.6613,63.7411],[22.6619,63.7523],[22.6649,63.7443],[22.6613,63.7411]]],[[[0.5807,51.4043],[0.5641,51.4099],[0.5819,51.4059],[0.5807,51.4043]]],[[[14.1863,67.1759],[14.1783,67.1661],[14.1779,67.1777],[14.1863,67.1759]]],[[[21.0939,60.2895],[21.0731,60.2853],[21.0703,60.2867],[21.0939,60.2895]]],[[[-8.3072,43.4423],[-8.3017,43.4493],[-8.2898,43.4361],[-8.3072,43.4423]]],[[[25.8709,60.1967],[25.8621,60.1987],[25.8879,60.2029],[25.8709,60.1967]]],[[[13.7741,54.2107],[13.7751,54.1927],[13.7725,54.1911],[13.7741,54.2107]]],[[[6.2001,62.5229],[6.2167,62.5343],[6.2187,62.5303],[6.2001,62.5229]]],[[[10.9879,59.0527],[10.9897,59.0653],[10.9981,59.0581],[10.9879,59.0527]]],[[[22.2237,63.2627],[22.2271,63.2751],[22.2317,63.2603],[22.2237,63.2627]]],[[[25.6753,60.3635],[25.6819,60.3727],[25.6869,60.3697],[25.6753,60.3635]]],[[[4.7055,61.1805],[4.6929,61.1741],[4.6965,61.1845],[4.7055,61.1805]]],[[[11.2383,58.5363],[11.2267,58.5353],[11.2349,58.5427],[11.2383,58.5363]]],[[[19.8419,60.2691],[19.8639,60.2799],[19.8489,60.2641],[19.8419,60.2691]]],[[[20.4707,60.1673],[20.4687,60.1779],[20.4785,60.1733],[20.4707,60.1673]]],[[[24.1125,60.0219],[24.0977,60.0143],[24.0917,60.0173],[24.1125,60.0219]]],[[[36.7253,64.1849],[36.7353,64.1887],[36.7435,64.1785],[36.7253,64.1849]]],[[[16.7951,58.0885],[16.7949,58.0947],[16.8025,58.0883],[16.7951,58.0885]]],[[[10.5017,59.2025],[10.4893,59.1991],[10.4967,59.2077],[10.5017,59.2025]]],[[[11.1733,58.8651],[11.1755,58.8577],[11.1711,58.8587],[11.1733,58.8651]]],[[[11.0923,58.9515],[11.0887,58.9615],[11.0949,58.9567],[11.0923,58.9515]]],[[[26.6067,39.3373],[26.6043,39.3467],[26.6099,39.3391],[26.6067,39.3373]]],[[[13.8015,44.9075],[13.7885,44.8993],[13.7861,44.9007],[13.8015,44.9075]]],[[[21.4443,60.5649],[21.4313,60.5765],[21.4497,60.5693],[21.4443,60.5649]]],[[[21.3353,60.4079],[21.3375,60.4155],[21.3473,60.4123],[21.3353,60.4079]]],[[[11.4093,58.2317],[11.4001,58.2415],[11.4179,58.2387],[11.4093,58.2317]]],[[[18.5689,63.0391],[18.5661,63.0523],[18.5793,63.0443],[18.5689,63.0391]]],[[[21.1169,60.4979],[21.1061,60.5063],[21.1193,60.5003],[21.1169,60.4979]]],[[[5.2203,60.7517],[5.2191,60.7589],[5.2267,60.7523],[5.2203,60.7517]]],[[[15.4095,43.9569],[15.3979,43.9577],[15.3971,43.9643],[15.4095,43.9569]]],[[[21.3395,60.6605],[21.3371,60.6719],[21.3459,60.6605],[21.3395,60.6605]]],[[[-9.8055,53.3023],[-9.8232,53.2899],[-9.8248,53.2911],[-9.8161,53.3021],[-9.8055,53.3023]]],[[[11.6725,58.2601],[11.6739,58.2737],[11.6769,58.2695],[11.6725,58.2601]]],[[[6.0577,59.4721],[6.0309,59.4671],[6.0355,59.4731],[6.0577,59.4721]]],[[[11.1509,58.7475],[11.1429,58.7469],[11.1627,58.7563],[11.1509,58.7475]]],[[[25.9853,60.2257],[25.9633,60.2185],[25.9603,60.2213],[25.9853,60.2257]]],[[[10.5505,59.2071],[10.5447,59.2127],[10.5657,59.2079],[10.5505,59.2071]]],[[[16.5675,57.5823],[16.5601,57.5901],[16.5749,57.5837],[16.5675,57.5823]]],[[[9.7715,59.0199],[9.7799,59.0217],[9.7783,59.0163],[9.7715,59.0199]]],[[[17.2953,61.2399],[17.2755,61.2361],[17.2725,61.2373],[17.2817,61.2437],[17.2953,61.2399]]],[[[18.4925,59.4271],[18.4807,59.4335],[18.4963,59.4287],[18.4925,59.4271]]],[[[-9.6529,53.8471],[-9.6624,53.8405],[-9.6775,53.8379],[-9.6725,53.8447],[-9.6529,53.8471]]],[[[11.5487,64.9781],[11.5303,64.9697],[11.5237,64.9711],[11.5487,64.9781]]],[[[18.6451,59.0907],[18.6531,59.1019],[18.6569,59.0973],[18.6451,59.0907]]],[[[-6.1664,56.4419],[-6.1693,56.4465],[-6.153,56.4469],[-6.1664,56.4419]]],[[[10.4355,64.3805],[10.4193,64.3741],[10.4185,64.3767],[10.4355,64.3805]]],[[[20.6851,63.2501],[20.6673,63.2437],[20.6577,63.2457],[20.6851,63.2501]]],[[[15.4071,56.1401],[15.4037,56.1505],[15.4125,56.1491],[15.4071,56.1401]]],[[[11.7973,57.6405],[11.8043,57.6511],[11.8105,57.6455],[11.7973,57.6405]]],[[[28.6639,60.5161],[28.6669,60.5243],[28.6781,60.5181],[28.6639,60.5161]]],[[[18.5913,63.0301],[18.5941,63.0411],[18.6027,63.0369],[18.5913,63.0301]]],[[[23.6109,59.9049],[23.6071,59.9143],[23.6211,59.9047],[23.6109,59.9049]]],[[[4.7869,61.6085],[4.7947,61.6159],[4.7983,61.6125],[4.7869,61.6085]]],[[[5.8989,59.0191],[5.8921,59.0295],[5.9021,59.0273],[5.8989,59.0191]]],[[[4.9743,61.3865],[4.9791,61.3791],[4.9627,61.3831],[4.9743,61.3865]]],[[[10.5301,59.0561],[10.5235,59.0699],[10.5311,59.0637],[10.5301,59.0561]]],[[[21.6063,63.2553],[21.6061,63.2673],[21.6121,63.2625],[21.6063,63.2553]]],[[[19.4249,63.4579],[19.4113,63.4475],[19.4121,63.4579],[19.4249,63.4579]]],[[[-10.1496,53.5017],[-10.1532,53.5071],[-10.1375,53.5037],[-10.1496,53.5017]]],[[[15.3057,43.7791],[15.2967,43.7857],[15.3109,43.7835],[15.3057,43.7791]]],[[[18.5977,59.1285],[18.5819,59.1261],[18.5971,59.1339],[18.5977,59.1285]]],[[[36.1093,64.3465],[36.0989,64.3523],[36.1257,64.3495],[36.1093,64.3465]]],[[[5.2091,61.8127],[5.2195,61.8197],[5.2269,61.8185],[5.2091,61.8127]]],[[[-1.8359,48.8745],[-1.8271,48.8775],[-1.8245,48.8747],[-1.8359,48.8745]]],[[[15.5223,43.8305],[15.5137,43.8381],[15.5255,43.8313],[15.5223,43.8305]]],[[[49.5869,40.0355],[49.5801,40.0435],[49.5828,40.0452],[49.5869,40.0355]]],[[[21.3819,61.6755],[21.3777,61.6851],[21.3879,61.6753],[21.3819,61.6755]]],[[[6.3679,62.7455],[6.3727,62.7525],[6.3883,62.7479],[6.3679,62.7455]]],[[[4.9543,60.4503],[4.9663,60.4475],[4.9625,60.4407],[4.9543,60.4503]]],[[[5.1419,59.6321],[5.1423,59.6475],[5.1499,59.6359],[5.1419,59.6321]]],[[[18.5735,59.1239],[18.5577,59.1107],[18.5525,59.1119],[18.5735,59.1239]]],[[[29.6329,44.8691],[29.6257,44.8557],[29.6291,44.8719],[29.6329,44.8691]]],[[[13.1697,54.5085],[13.1587,54.5071],[13.1579,54.5123],[13.1697,54.5085]]],[[[21.6913,60.5635],[21.6959,60.5723],[21.6995,60.5577],[21.6913,60.5635]]],[[[27.0307,60.4931],[27.0301,60.5055],[27.0331,60.4993],[27.0307,60.4931]]],[[[19.6351,60.2991],[19.6405,60.3093],[19.6411,60.3005],[19.6351,60.2991]]],[[[19.1701,59.6861],[19.1753,59.6909],[19.1769,59.6885],[19.1701,59.6861]]],[[[7.6169,57.9667],[7.6139,57.9757],[7.6277,57.9749],[7.6169,57.9667]]],[[[18.3063,59.0797],[18.2873,59.0765],[18.2775,59.0771],[18.3063,59.0797]]],[[[6.3979,62.7601],[6.3889,62.7539],[6.3833,62.7547],[6.3979,62.7601]]],[[[18.7987,59.3835],[18.7973,59.3895],[18.8003,59.3867],[18.7987,59.3835]]],[[[13.9283,54.2507],[13.9169,54.2413],[13.9131,54.2419],[13.9283,54.2507]]],[[[18.6779,59.4701],[18.6893,59.4819],[18.6937,59.4799],[18.6779,59.4701]]],[[[35.0161,64.6555],[35.0023,64.6471],[34.9947,64.6515],[35.0161,64.6555]]],[[[-10.4108,51.8419],[-10.398,51.8455],[-10.4174,51.8341],[-10.4108,51.8419]]],[[[15.3997,43.8853],[15.3935,43.8951],[15.4087,43.8867],[15.3997,43.8853]]],[[[21.6993,60.3885],[21.7021,60.3967],[21.7083,60.3883],[21.6993,60.3885]]],[[[49.4455,39.8031],[49.445,39.8124],[49.4501,39.8047],[49.4455,39.8031]]],[[[50.0523,40.3047],[50.0461,40.3094],[50.056,40.3071],[50.0523,40.3047]]],[[[11.6925,57.6895],[11.6923,57.7007],[11.6989,57.6907],[11.6925,57.6895]]],[[[22.8245,63.8605],[22.8141,63.8691],[22.8361,63.8643],[22.8245,63.8605]]],[[[21.4007,62.9305],[21.4029,62.9201],[21.3951,62.9279],[21.4007,62.9305]]],[[[22.6193,59.9369],[22.6049,59.9455],[22.6223,59.9385],[22.6193,59.9369]]],[[[11.2173,58.3275],[11.2235,58.3421],[11.2255,58.3381],[11.2173,58.3275]]],[[[-5.6189,54.4499],[-5.6286,54.4547],[-5.6181,54.4557],[-5.6189,54.4499]]],[[[-6.6532,57.5141],[-6.6516,57.5263],[-6.6448,57.5139],[-6.6532,57.5141]]],[[[29.0461,40.9185],[29.0517,40.9205],[29.0543,40.9093],[29.0461,40.9185]]],[[[5.2615,61.9927],[5.2619,61.9829],[5.2507,61.9901],[5.2615,61.9927]]],[[[7.5887,57.9871],[7.5881,57.9929],[7.6019,57.9883],[7.5887,57.9871]]],[[[21.2539,59.9941],[21.2405,59.9945],[21.2429,59.9989],[21.2539,59.9941]]],[[[24.3669,60.0017],[24.3669,60.0133],[24.3731,60.0147],[24.3669,60.0017]]],[[[22.5123,60.0089],[22.5137,60.0033],[22.5089,60.0055],[22.5123,60.0089]]],[[[15.2277,43.8541],[15.2273,43.8613],[15.2359,43.8555],[15.2277,43.8541]]],[[[35.0797,64.7537],[35.0799,64.7469],[35.0675,64.7531],[35.0797,64.7537]]],[[[26.9621,60.3699],[26.9617,60.3791],[26.9649,60.3743],[26.9621,60.3699]]],[[[16.8457,58.1249],[16.8491,58.1355],[16.8569,58.1329],[16.8457,58.1249]]],[[[20.5225,60.2699],[20.5127,60.2585],[20.5111,60.2661],[20.5225,60.2699]]],[[[10.5463,59.6965],[10.5473,59.7087],[10.5497,59.6973],[10.5463,59.6965]]],[[[20.6127,60.3917],[20.6133,60.3989],[20.6295,60.3919],[20.6127,60.3917]]],[[[21.3235,60.7739],[21.3143,60.7683],[21.3131,60.7751],[21.3235,60.7739]]],[[[11.2423,64.7993],[11.2407,64.7927],[11.2341,64.7931],[11.2423,64.7993]]],[[[5.5935,60.6889],[5.5979,60.6935],[5.6067,60.6769],[5.5935,60.6889]]],[[[22.6401,60.0085],[22.6483,60.0141],[22.6527,60.0121],[22.6401,60.0085]]],[[[-5.7136,56.2379],[-5.7233,56.2297],[-5.7307,56.2329],[-5.7136,56.2379]]],[[[7.5823,57.9835],[7.5907,57.9761],[7.5791,57.9807],[7.5823,57.9835]]],[[[21.5201,60.5675],[21.5041,60.5735],[21.5231,60.5693],[21.5201,60.5675]]],[[[12.2975,65.4771],[12.2853,65.4663],[12.2783,65.4669],[12.2975,65.4771]]],[[[12.0439,65.4585],[12.0221,65.4549],[12.0491,65.4623],[12.0439,65.4585]]],[[[24.0267,60.0145],[24.0179,60.0145],[24.0433,60.0191],[24.0267,60.0145]]],[[[22.8719,60.0715],[22.8633,60.0771],[22.8837,60.0755],[22.8719,60.0715]]],[[[16.6283,57.8917],[16.6301,57.8845],[16.6191,57.8909],[16.6283,57.8917]]],[[[7.7915,63.1347],[7.7719,63.1285],[7.7679,63.1299],[7.7915,63.1347]]],[[[11.4815,64.9853],[11.4901,64.9743],[11.4771,64.9777],[11.4815,64.9853]]],[[[21.0247,60.5257],[21.0245,60.5359],[21.0359,60.5273],[21.0247,60.5257]]],[[[10.9617,58.9763],[10.9533,58.9883],[10.9653,58.9817],[10.9617,58.9763]]],[[[35.0297,64.9803],[35.0329,64.9903],[35.0391,64.9801],[35.0297,64.9803]]],[[[20.2803,60.3583],[20.2775,60.3469],[20.2729,60.3503],[20.2803,60.3583]]],[[[21.2963,62.0711],[21.2891,62.0843],[21.2979,62.0821],[21.2963,62.0711]]],[[[5.2603,60.1339],[5.2501,60.1449],[5.2631,60.1369],[5.2603,60.1339]]],[[[15.9061,43.6755],[15.9091,43.6817],[15.9189,43.6745],[15.9061,43.6755]]],[[[14.8759,67.9163],[14.8719,67.9079],[14.8611,67.9093],[14.8759,67.9163]]],[[[-8.7068,40.7049],[-8.7129,40.6933],[-8.6913,40.7167],[-8.7068,40.7049]]],[[[9.8063,63.8797],[9.8087,63.8855],[9.8273,63.8823],[9.8063,63.8797]]],[[[18.6265,60.1699],[18.6179,60.1789],[18.6353,60.1703],[18.6265,60.1699]]],[[[17.5195,58.8061],[17.5209,58.8179],[17.5279,58.8081],[17.5195,58.8061]]],[[[-8.9019,42.2233],[-8.909,42.2149],[-8.9097,42.2207],[-8.9019,42.2233]]],[[[18.6117,59.4303],[18.6091,59.4391],[18.6209,59.4309],[18.6117,59.4303]]],[[[21.7525,60.4203],[21.7527,60.4277],[21.7613,60.4207],[21.7525,60.4203]]],[[[5.7795,43.0759],[5.7811,43.0865],[5.7891,43.0835],[5.7795,43.0759]]],[[[6.6791,62.7189],[6.6577,62.7123],[6.6531,62.7169],[6.6791,62.7189]]],[[[25.1371,65.1371],[25.1241,65.1317],[25.1283,65.1427],[25.1371,65.1371]]],[[[5.1321,59.8141],[5.1273,59.8241],[5.1401,59.8141],[5.1321,59.8141]]],[[[18.4647,59.2965],[18.4761,59.2987],[18.4835,59.2939],[18.4647,59.2965]]],[[[11.2299,64.7701],[11.2409,64.7773],[11.2449,64.7743],[11.2299,64.7701]]],[[[28.5363,60.6501],[28.5317,60.6607],[28.5415,60.6539],[28.5363,60.6501]]],[[[22.4063,60.1383],[22.3891,60.1301],[22.3879,60.1321],[22.4063,60.1383]]],[[[12.8283,55.8605],[12.8227,55.8539],[12.8163,55.8637],[12.8283,55.8605]]],[[[22.0955,60.1559],[22.0785,60.1505],[22.0729,60.1519],[22.0955,60.1559]]],[[[15.2745,43.9217],[15.2727,43.9261],[15.2757,43.9235],[15.2745,43.9217]]],[[[4.9659,61.2333],[4.9903,61.2307],[4.9755,61.2277],[4.9659,61.2333]]],[[[18.7543,59.4935],[18.7319,59.4905],[18.7291,59.4925],[18.7543,59.4935]]],[[[8.7285,54.4675],[8.7355,54.4729],[8.7491,54.4725],[8.7285,54.4675]]],[[[21.2171,60.8265],[21.2135,60.8383],[21.2231,60.8265],[21.2171,60.8265]]],[[[5.1075,59.6949],[5.1097,59.6879],[5.1167,59.6973],[5.1075,59.6949]]],[[[22.4755,58.1509],[22.4693,58.1361],[22.4657,58.1375],[22.4755,58.1509]]],[[[21.7161,60.3357],[21.7411,60.3353],[21.7433,60.3333],[21.7161,60.3357]]],[[[22.9655,60.3207],[22.9867,60.3283],[22.9727,60.3185],[22.9655,60.3207]]],[[[19.3401,60.1979],[19.3533,60.1989],[19.3487,60.1895],[19.3401,60.1979]]],[[[11.3887,64.9201],[11.3735,64.9127],[11.3633,64.9131],[11.3887,64.9201]]],[[[10.9815,55.3343],[10.9573,55.3293],[10.9563,55.3311],[10.9815,55.3343]]],[[[10.4839,59.4365],[10.4855,59.4477],[10.4889,59.4453],[10.4839,59.4365]]],[[[18.5325,59.0839],[18.5291,59.0721],[18.5223,59.0803],[18.5325,59.0839]]],[[[11.1399,58.7297],[11.1385,58.7381],[11.1433,58.7317],[11.1399,58.7297]]],[[[5.1045,61.5015],[5.1027,61.5077],[5.1105,61.5047],[5.1045,61.5015]]],[[[23.2101,39.1653],[23.2035,39.1611],[23.2119,39.1751],[23.2101,39.1653]]],[[[21.3697,60.6491],[21.3581,60.6635],[21.3717,60.6525],[21.3697,60.6491]]],[[[18.7115,59.4461],[18.7281,59.4521],[18.7285,59.4481],[18.7115,59.4461]]],[[[20.2535,63.6899],[20.2437,63.6803],[20.2499,63.6899],[20.2535,63.6899]]],[[[11.4981,54.0231],[11.4973,54.0321],[11.5025,54.0301],[11.4981,54.0231]]],[[[21.2209,62.9033],[21.2151,62.9113],[21.2339,62.9053],[21.2209,62.9033]]],[[[17.1805,61.4367],[17.1823,61.4457],[17.1831,61.4399],[17.1805,61.4367]]],[[[33.5299,45.8737],[33.5391,45.8831],[33.5429,45.8817],[33.5299,45.8737]]],[[[13.2505,66.8653],[13.2439,66.8519],[13.2391,66.8521],[13.2505,66.8653]]],[[[22.0405,63.2561],[22.0387,63.2661],[22.0439,63.2565],[22.0405,63.2561]]],[[[-9.6365,53.8195],[-9.636,53.8069],[-9.6465,53.8205],[-9.6365,53.8195]]],[[[20.9321,60.0287],[20.9195,60.0231],[20.9309,60.0323],[20.9321,60.0287]]],[[[18.7567,63.0803],[18.7499,63.0697],[18.7499,63.0809],[18.7567,63.0803]]],[[[4.9837,60.3319],[4.9819,60.3445],[4.9879,60.3337],[4.9837,60.3319]]],[[[18.6269,63.1255],[18.6311,63.1343],[18.6363,63.1245],[18.6269,63.1255]]],[[[6.3507,62.4865],[6.3661,62.4931],[6.3713,62.4909],[6.3507,62.4865]]],[[[19.7803,60.3727],[19.7853,60.3793],[19.7843,60.3647],[19.7803,60.3727]]],[[[16.7779,58.3697],[16.7845,58.3807],[16.7895,58.3731],[16.7779,58.3697]]],[[[21.5249,63.1313],[21.5071,63.1323],[21.5063,63.1381],[21.5249,63.1313]]],[[[25.0533,60.0987],[25.0657,60.1061],[25.0737,60.1051],[25.0533,60.0987]]],[[[16.9543,58.3213],[16.9565,58.3135],[16.9485,58.3201],[16.9543,58.3213]]],[[[18.3247,59.1181],[18.3031,59.1113],[18.3017,59.1133],[18.3247,59.1181]]],[[[9.9535,64.1117],[9.9595,64.1179],[9.9773,64.1175],[9.9535,64.1117]]],[[[10.8909,64.5467],[10.8719,64.5541],[10.8929,64.5487],[10.8909,64.5467]]],[[[18.4911,62.8731],[18.4891,62.8857],[18.4985,62.8769],[18.4911,62.8731]]],[[[16.4589,68.2303],[16.4719,68.2395],[16.4717,68.2243],[16.4589,68.2303]]],[[[20.7501,38.7193],[20.7419,38.7093],[20.7391,38.7103],[20.7501,38.7193]]],[[[-8.4641,54.9875],[-8.4754,54.9987],[-8.4587,54.9905],[-8.4641,54.9875]]],[[[6.7927,62.7887],[6.7925,62.7971],[6.7985,62.7929],[6.7927,62.7887]]],[[[-10.6012,52.0597],[-10.6043,52.0649],[-10.6019,52.0639],[-10.6012,52.0597]]],[[[4.7679,60.6867],[4.7497,60.6913],[4.7695,60.6903],[4.7679,60.6867]]],[[[20.7229,60.2611],[20.7343,60.2683],[20.7319,60.2557],[20.7229,60.2611]]],[[[7.1533,62.8351],[7.1339,62.8299],[7.1281,62.8327],[7.1533,62.8351]]],[[[4.7313,60.7113],[4.7269,60.7187],[4.7523,60.7085],[4.7313,60.7113]]],[[[14.4267,44.5569],[14.4259,44.5433],[14.4233,44.5551],[14.4267,44.5569]]],[[[-10.0592,51.7699],[-10.0694,51.7611],[-10.0758,51.7617],[-10.0592,51.7699]]],[[[6.9631,62.9433],[6.9489,62.9371],[6.9475,62.9393],[6.9631,62.9433]]],[[[17.1637,61.5989],[17.1639,61.6041],[17.1667,61.6011],[17.1637,61.5989]]],[[[-5.6955,56.2261],[-5.6958,56.2385],[-5.6925,56.2395],[-5.6955,56.2261]]],[[[-5.6569,54.3731],[-5.6657,54.3779],[-5.6548,54.3777],[-5.6569,54.3731]]],[[[21.9423,65.2735],[21.9487,65.2799],[21.9515,65.2763],[21.9423,65.2735]]],[[[10.7477,64.5045],[10.7591,64.5135],[10.7611,64.5021],[10.7477,64.5045]]],[[[5.0787,60.7373],[5.0935,60.7363],[5.0965,60.7295],[5.0787,60.7373]]],[[[11.1369,63.7377],[11.1193,63.7343],[11.1373,63.7447],[11.1369,63.7377]]],[[[24.7851,40.6639],[24.7869,40.6735],[24.7901,40.6753],[24.7851,40.6639]]],[[[17.6397,63.1629],[17.6317,63.1681],[17.6551,63.1617],[17.6397,63.1629]]],[[[-5.7854,57.1471],[-5.7936,57.1527],[-5.7849,57.1533],[-5.7854,57.1471]]],[[[17.4779,58.6861],[17.4813,58.6927],[17.4893,58.6815],[17.4779,58.6861]]],[[[5.0745,60.6073],[5.0695,60.6137],[5.0891,60.6067],[5.0745,60.6073]]],[[[12.2977,65.6633],[12.2853,65.6555],[12.2947,65.6651],[12.2977,65.6633]]],[[[16.1725,68.0491],[16.1509,68.0577],[16.1761,68.0509],[16.1725,68.0491]]],[[[22.2417,63.3147],[22.2443,63.3237],[22.2513,63.3103],[22.2417,63.3147]]],[[[10.4555,59.1693],[10.4627,59.1685],[10.4575,59.1583],[10.4555,59.1693]]],[[[5.1831,60.1417],[5.1843,60.1505],[5.1901,60.1437],[5.1831,60.1417]]],[[[18.8501,59.3213],[18.8631,59.3267],[18.8689,59.3209],[18.8501,59.3213]]],[[[12.9443,66.4103],[12.9295,66.3979],[12.9463,66.4181],[12.9443,66.4103]]],[[[4.9443,60.3779],[4.9507,60.3661],[4.9395,60.3759],[4.9443,60.3779]]],[[[11.2347,58.5915],[11.2289,58.6003],[11.2411,58.5895],[11.2347,58.5915]]],[[[18.5269,57.1257],[18.5125,57.1215],[18.5287,57.1277],[18.5269,57.1257]]],[[[50.4537,40.3973],[50.4566,40.4058],[50.4624,40.3977],[50.4537,40.3973]]],[[[-7.2403,55.4315],[-7.2327,55.4365],[-7.2199,55.4331],[-7.2403,55.4315]]],[[[29.1273,40.8351],[29.1227,40.8297],[29.1173,40.8325],[29.1273,40.8351]]],[[[-6.1435,55.6221],[-6.1582,55.6197],[-6.1348,55.6243],[-6.1435,55.6221]]],[[[0.6355,51.4237],[0.6333,51.4171],[0.6261,51.4249],[0.6355,51.4237]]],[[[10.3371,55.0399],[10.3285,55.0365],[10.3423,55.0465],[10.3371,55.0399]]],[[[12.3365,65.8711],[12.3195,65.8587],[12.3179,65.8611],[12.3365,65.8711]]],[[[18.6271,59.0951],[18.6355,59.0909],[18.6303,59.0859],[18.6271,59.0951]]],[[[7.1409,62.8233],[7.1253,62.8279],[7.1455,62.8291],[7.1409,62.8233]]],[[[18.7819,59.6637],[18.7743,59.6681],[18.7917,59.6707],[18.7819,59.6637]]],[[[36.4391,64.2887],[36.4313,64.2963],[36.4499,64.2897],[36.4391,64.2887]]],[[[21.2613,62.2975],[21.2565,62.2997],[21.2719,62.3111],[21.2613,62.2975]]],[[[15.2745,43.8009],[15.2757,43.8057],[15.2775,43.8035],[15.2745,43.8009]]],[[[22.4283,60.1349],[22.4163,60.1347],[22.4279,60.1377],[22.4283,60.1349]]],[[[16.7241,42.9139],[16.7405,42.9099],[16.7365,42.9065],[16.7241,42.9139]]],[[[9.2745,58.7239],[9.2603,58.7185],[9.2655,58.7281],[9.2745,58.7239]]],[[[5.3175,60.1543],[5.3239,60.1649],[5.3253,60.1639],[5.3175,60.1543]]],[[[21.0557,38.3479],[21.0599,38.3561],[21.0601,38.3487],[21.0557,38.3479]]],[[[3.9747,51.7987],[3.9617,51.7973],[3.9621,51.8015],[3.9747,51.7987]]],[[[6.1589,62.5081],[6.1733,62.5177],[6.1779,62.5165],[6.1589,62.5081]]],[[[11.0555,54.8475],[11.0591,54.8585],[11.0641,54.8517],[11.0555,54.8475]]],[[[21.6639,60.4829],[21.6691,60.4895],[21.6733,60.4831],[21.6639,60.4829]]],[[[15.7451,42.2249],[15.7457,42.2297],[15.7553,42.2275],[15.7451,42.2249]]],[[[19.5431,60.2747],[19.5349,60.2757],[19.5381,60.2809],[19.5431,60.2747]]],[[[18.7283,59.2397],[18.7309,59.2275],[18.7225,59.2343],[18.7283,59.2397]]],[[[16.9253,58.2279],[16.9289,58.2313],[16.9405,58.2287],[16.9253,58.2279]]],[[[14.5761,44.6679],[14.5733,44.6747],[14.5843,44.6657],[14.5761,44.6679]]],[[[10.7145,55.9341],[10.6975,55.9269],[10.6945,55.9285],[10.7145,55.9341]]],[[[13.1177,54.5415],[13.1253,54.5495],[13.1257,54.5445],[13.1177,54.5415]]],[[[11.6509,54.9079],[11.6327,54.9031],[11.6401,54.9095],[11.6509,54.9079]]],[[[-8.8374,41.8857],[-8.8483,41.8807],[-8.8378,41.8883],[-8.8374,41.8857]]],[[[13.9515,67.0717],[13.9453,67.0761],[13.9485,67.0767],[13.9515,67.0717]]],[[[35.9899,64.9893],[36.0001,64.9921],[36.0001,64.9875],[35.9899,64.9893]]],[[[21.3365,60.5743],[21.3235,60.5709],[21.3229,60.5737],[21.3365,60.5743]]],[[[11.2179,58.3467],[11.2161,58.3563],[11.2261,58.3515],[11.2179,58.3467]]],[[[-3.934,48.6979],[-3.9306,48.6987],[-3.9287,48.6855],[-3.934,48.6979]]],[[[-5.6345,54.4255],[-5.6439,54.4177],[-5.6361,54.4269],[-5.6345,54.4255]]],[[[21.5493,60.3221],[21.5475,60.3283],[21.5529,60.3251],[21.5493,60.3221]]],[[[36.2437,64.3127],[36.2381,64.3237],[36.2527,64.3117],[36.2437,64.3127]]],[[[10.9669,59.0993],[10.9573,59.0947],[10.9633,59.1025],[10.9669,59.0993]]],[[[-9.9864,54.1827],[-9.9784,54.1869],[-9.9759,54.1809],[-9.9864,54.1827]]],[[[28.5993,60.6517],[28.6039,60.6599],[28.6115,60.6587],[28.5993,60.6517]]],[[[-9.3958,51.4935],[-9.3951,51.5023],[-9.3927,51.4953],[-9.3958,51.4935]]],[[[22.6659,59.9381],[22.6633,59.9455],[22.6701,59.9403],[22.6659,59.9381]]],[[[23.4289,59.8565],[23.4291,59.8641],[23.4363,59.8603],[23.4289,59.8565]]],[[[-9.1078,53.1467],[-9.1162,53.1487],[-9.1072,53.1499],[-9.1078,53.1467]]],[[[12.6213,65.8743],[12.6209,65.8837],[12.6273,65.8835],[12.6213,65.8743]]],[[[3.7253,51.6507],[3.7267,51.6569],[3.7323,51.6541],[3.7253,51.6507]]],[[[21.1963,60.3175],[21.1913,60.3101],[21.1911,60.3173],[21.1963,60.3175]]],[[[12.1283,65.4217],[12.1217,65.4131],[12.1201,65.4229],[12.1283,65.4217]]],[[[28.6759,60.5151],[28.6673,60.5095],[28.6645,60.5115],[28.6759,60.5151]]],[[[13.4099,45.7003],[13.4005,45.6949],[13.4099,45.7019],[13.4099,45.7003]]],[[[10.5757,59.1985],[10.5783,59.2019],[10.5781,59.1939],[10.5757,59.1985]]],[[[18.8105,59.1499],[18.8089,59.1561],[18.8183,59.1543],[18.8105,59.1499]]],[[[16.4695,67.9915],[16.4667,68.0041],[16.4695,68.0051],[16.4695,67.9915]]],[[[21.2929,38.3539],[21.2889,38.3565],[21.2917,38.3565],[21.2929,38.3539]]],[[[15.4533,43.0881],[15.4543,43.0925],[15.4599,43.0883],[15.4533,43.0881]]],[[[18.5389,59.0191],[18.5385,59.0259],[18.5485,59.0273],[18.5389,59.0191]]],[[[-6.5517,57.5987],[-6.5371,57.5995],[-6.5337,57.5961],[-6.5517,57.5987]]],[[[19.5001,40.9569],[19.5057,40.9613],[19.5043,40.9561],[19.5001,40.9569]]],[[[34.8209,64.5073],[34.8269,64.5121],[34.8283,64.5093],[34.8209,64.5073]]],[[[22.3621,65.5299],[22.3697,65.5295],[22.3727,65.5195],[22.3621,65.5299]]],[[[-5.9493,56.6827],[-5.9449,56.6899],[-5.9415,56.6823],[-5.9493,56.6827]]],[[[-2.9084,35.2491],[-2.9083,35.2563],[-2.9052,35.2561],[-2.9084,35.2491]]],[[[21.3821,60.7707],[21.3935,60.7709],[21.3931,60.7677],[21.3821,60.7707]]],[[[19.5145,40.9561],[19.5165,40.9603],[19.5175,40.9571],[19.5145,40.9561]]],[[[24.2859,65.6963],[24.2975,65.6913],[24.2945,65.6865],[24.2859,65.6963]]],[[[-9.622,53.8519],[-9.6074,53.8535],[-9.6065,53.8523],[-9.622,53.8519]]],[[[-9.9025,51.8105],[-9.9106,51.8057],[-9.9114,51.8069],[-9.9025,51.8105]]],[[[20.9985,60.2461],[21.0001,60.2519],[21.0001,60.2447],[20.9985,60.2461]]],[[[-9.9332,54.1345],[-9.937,54.1311],[-9.9408,54.1345],[-9.9332,54.1345]]],[[[53.4984,39.6541],[53.5011,39.6567],[53.5047,39.6543],[53.4984,39.6541]]],[[[47.5346,43.7779],[47.5312,43.7747],[47.5354,43.7838],[47.5346,43.7779]]],[[[49.2194,46.3543],[49.2203,46.3584],[49.2212,46.3534],[49.2194,46.3543]]],[[[-5.7873,57.0457],[-5.7832,57.0469],[-5.7835,57.0447],[-5.7873,57.0457]]],[[[-9.9959,54.2247],[-9.9959,54.2285],[-9.9926,54.2205],[-9.9959,54.2247]]],[[[-9.574,53.8067],[-9.5672,53.8069],[-9.566,53.8053],[-9.574,53.8067]]],[[[-9.632,53.8557],[-9.6288,53.8565],[-9.6244,53.8543],[-9.632,53.8557]]],[[[-10.196,53.4127],[-10.1883,53.4117],[-10.1969,53.4115],[-10.196,53.4127]]],[[[12.9003,66.3595],[12.8973,66.3593],[12.9001,66.3625],[12.9003,66.3595]]],[[[8.0641,63.2887],[8.0767,63.2905],[8.0697,63.2885],[8.0641,63.2887]]],[[[-10.0516,51.7735],[-10.0465,51.7761],[-10.05,51.7729],[-10.0516,51.7735]]],[[[-6.4154,58.1101],[-6.4123,58.1113],[-6.4095,58.1099],[-6.4154,58.1101]]],[[[53.0184,39.7909],[53.0189,39.7929],[53.0208,39.7904],[53.0184,39.7909]]],[[[12.7487,66.1809],[12.7521,66.1851],[12.7535,66.1843],[12.7487,66.1809]]],[[[-6.4054,58.1099],[-6.4041,58.1107],[-6.4009,58.1097],[-6.4054,58.1099]]],[[[23.0061,38.1863],[23.0125,38.1865],[23.0139,38.1859],[23.0061,38.1863]]],[[[16.4703,68.2137],[16.4717,68.2179],[16.4717,68.2125],[16.4703,68.2137]]],[[[20.9989,63.8043],[21.0001,63.8077],[21.0001,63.8033],[20.9989,63.8043]]],[[[15.7677,67.3709],[15.7713,67.3719],[15.7685,67.3703],[15.7677,67.3709]]],[[[10.9865,64.8589],[10.9889,64.8597],[10.9871,64.8587],[10.9865,64.8589]]],[[[-6.089,57.3553],[-6.0891,57.3553],[-6.089,57.3559],[-6.089,57.3553]]]]}},{"type":"Feature","properties":{"birdlifeId":"22716910","scientificName":"Curruca communis","rangeType":"wintering","speciesId":"avibase-14AFBA82","speciesName":"Common Whitethroat","speciesLatin":"Curruca communis"},"geometry":{"type":"MultiPolygon","coordinates":[[[[31.1509,-8.4265],[30.4927,-7.1059],[32.1881,-6.2315],[32.8797,-5.6725],[33.0923,-5.7884],[34.6953,-3.9998],[34.8281,-3.4156],[35.5543,-2.7134],[36.0157,-1.9543],[36.5363,-0.5838],[36.3869,-0.1176],[35.7349,0.2323],[34.0699,-0.1126],[33.9877,0.2637],[33.4871,0.1827],[33.3627,0.5003],[33.1529,0.4903],[33.2725,0.3763],[32.9751,0.0887],[32.6623,0.0879],[32.8811,1.4453],[33.2691,1.2153],[33.3399,1.4241],[33.1009,1.5141],[33.4913,1.6367],[33.4595,1.7781],[32.8579,1.5599],[32.8073,1.8097],[32.9907,1.7281],[33.0261,1.9239],[32.7983,1.8549],[31.4595,2.5725],[27.7907,3.1687],[27.1741,3.5223],[26.2543,4.8467],[25.1093,7.2027],[24.8495,8.1743],[23.0461,9.3021],[21.2083,9.6949],[17.0973,8.4147],[15.8419,8.3601],[14.7687,8.4227],[12.1287,9.1993],[11.1721,9.2021],[9.7611,8.8799],[8.7173,9.0005],[8.3301,9.0899],[7.1483,10.0695],[6.4013,10.1893],[4.7779,9.5991],[0.1703,9.3647],[-0.4573,8.8905],[-3.2624,8.2965],[-4.0687,8.3553],[-6.1375,9.1825],[-7.1023,9.7735],[-8.5473,10.2445],[-13.5102,10.9105],[-14.7834,10.7431],[-14.6834,11.0421],[-15.0902,10.9269],[-14.9955,11.2107],[-15.2287,11.0739],[-15.4281,11.2397],[-15.3538,11.4065],[-15.5172,11.3397],[-15.286,11.6251],[-15.1228,11.5381],[-14.976,11.5909],[-15.2675,11.6371],[-15.19,11.7253],[-15.2239,11.7591],[-15.4318,11.5439],[-15.5564,11.7185],[-15.0317,11.9741],[-15.9612,11.7347],[-15.8812,11.9455],[-16.1126,11.8777],[-16.3861,12.0713],[-16.1391,12.2933],[-16.4726,12.1767],[-16.7974,12.4631],[-16.4007,12.5589],[-16.7722,12.5731],[-16.726,13.4585],[-16.3657,13.2689],[-16.1536,13.4269],[-15.6241,13.4423],[-15.5864,13.4911],[-16.1532,13.4521],[-16.3188,13.3355],[-16.5133,13.3535],[-16.6485,13.7065],[-16.5158,13.8593],[-16.6999,13.7749],[-16.7259,13.9965],[-16.7723,13.8315],[-17.1584,14.6227],[-17.5352,14.7467],[-17.1289,14.9211],[-16.5486,15.7565],[-16.0432,17.8185],[-14.4096,16.7015],[-11.8415,15.8279],[-7.1408,15.1345],[-5.8664,15.1377],[-5.2022,15.3465],[-2.939,16.8021],[-1.0786,17.1297],[-0.3147,16.9817],[2.2391,15.4989],[4.9385,15.1987],[7.4303,15.3115],[11.8845,15.0583],[13.5975,15.3755],[14.5361,15.3113],[15.6607,14.7137],[16.7395,14.4711],[18.3747,14.4607],[20.3079,14.8601],[22.7875,16.7549],[24.5267,17.0909],[25.4571,16.9045],[26.7971,16.2139],[28.3849,15.9319],[31.6929,16.3903],[33.1557,16.8975],[33.6943,16.8021],[34.3319,16.2671],[35.4297,16.0179],[36.1947,16.9991],[36.8083,18.5357],[36.7079,20.0839],[37.0791,21.3329],[37.3151,21.0639],[37.1055,21.2167],[37.4095,18.8741],[38.5777,18.0279],[39.7101,15.0903],[39.8703,15.4989],[40.1607,14.9787],[40.5211,15.0215],[40.7741,14.7049],[41.1839,14.6189],[41.6817,13.9435],[42.2275,13.6345],[42.3883,13.2029],[42.5453,13.2229],[42.7745,12.8451],[43.0803,12.8291],[43.4037,12.0491],[42.5225,11.5221],[43.1467,11.6159],[44.2883,10.4315],[44.8617,10.4091],[44.5589,8.6695],[44.1089,7.8641],[42.0189,5.8531],[40.5023,2.4661],[39.9733,0.2023],[40.1213,0.0571],[39.7621,-3.6901],[38.0155,-7.2469],[34.8793,-11.3536],[34.6027,-11.0307],[34.5241,-10.0164],[33.9489,-9.5744],[33.9451,-9.9764],[34.2771,-10.4541],[34.3279,-11.6672],[34.0177,-12.2536],[34.3305,-12.9206],[34.3059,-13.3807],[34.6329,-13.7093],[34.5653,-14.1312],[34.8025,-14.256],[34.8599,-13.9939],[35.2257,-14.3875],[35.2341,-15.0],[35.2789,-14.3756],[35.4631,-14.7348],[35.5483,-16.4853],[34.1627,-18.7564],[33.6549,-20.1686],[33.3923,-21.6949],[32.3817,-23.734],[31.4131,-25.0714],[27.5675,-26.8163],[26.6993,-26.802],[23.7709,-25.8182],[22.2087,-24.5432],[21.5181,-23.4905],[18.9683,-22.8115],[17.1457,-22.0026],[16.7203,-21.3564],[16.7093,-19.9679],[17.3391,-19.2834],[19.5267,-18.497],[22.7765,-16.9926],[24.4487,-15.0631],[25.7261,-13.1104],[26.2939,-11.2248],[26.7735,-10.7218],[26.7811,-10.3398],[28.9901,-8.0067],[30.1373,-7.2901],[30.2939,-7.9029],[30.5955,-8.1514],[30.5319,-8.5996],[30.6829,-8.4863],[31.0253,-8.8064],[31.1821,-8.7616],[31.1509,-8.4265]],[[29.5119,-11.26],[29.6625,-11.0506],[29.5863,-11.4305],[29.9365,-11.2257],[29.8653,-10.8235],[29.6527,-10.9249],[29.5119,-11.26]],[[37.1079,11.8375],[37.3919,11.5965],[37.6185,12.0859],[37.5037,12.2857],[37.0665,12.2117],[37.1079,11.8375]],[[28.8921,-8.4774],[28.3375,-9.1375],[28.3397,-9.4959],[28.5465,-9.5381],[28.4767,-9.4712],[28.5043,-9.3656],[28.5129,-9.4493],[28.5355,-9.4829],[28.5699,-9.491],[28.5725,-9.5584],[28.6079,-9.5671],[28.6177,-9.5566],[28.6145,-9.5653],[28.5845,-9.5818],[28.6051,-9.7301],[28.6889,-9.821],[28.6275,-9.5595],[28.6141,-9.5481],[28.5811,-9.558],[28.5745,-9.4862],[28.5159,-9.4435],[28.5255,-9.3962],[28.5443,-9.4542],[28.6215,-9.3995],[28.6957,-9.4645],[28.8115,-9.4201],[28.7113,-9.3412],[29.1535,-8.6606],[28.8921,-8.4774]],[[27.6315,-17.5031],[28.0339,-17.0543],[28.0059,-17.1369],[28.1357,-17.1635],[28.0793,-16.8869],[28.2179,-16.8972],[28.3511,-16.7536],[28.4411,-16.9256],[28.5871,-16.734],[28.8027,-16.8952],[29.0555,-16.5915],[28.6537,-16.4671],[28.2795,-16.5315],[28.0613,-16.8424],[27.9181,-16.7769],[27.8029,-16.8302],[27.3605,-17.271],[27.0225,-17.9875],[27.2601,-17.8946],[27.1497,-17.8095],[27.6315,-17.5031]],[[36.5293,2.4325],[36.6935,2.4611],[36.7009,2.8489],[36.2131,3.3239],[36.2265,4.5127],[36.0191,4.6275],[35.8343,3.6341],[36.1553,3.1099],[35.8649,3.1403],[36.3825,2.8447],[36.5293,2.4325]],[[14.2155,13.5635],[14.2087,14.0381],[14.2079,14.0509],[14.1983,14.0603],[14.2025,14.0673],[14.2275,14.0403],[14.2499,14.0455],[14.2593,14.0529],[14.2787,14.1177],[14.0725,14.2679],[13.9847,14.1535],[14.0215,14.0875],[13.9881,14.1355],[13.9717,14.1235],[13.9349,14.2549],[13.9219,14.2159],[13.9085,14.3041],[13.8573,14.3555],[13.8979,14.1885],[13.9307,14.1995],[13.8903,14.1449],[13.8999,14.1153],[13.8755,14.1567],[13.9017,14.1745],[13.8549,14.2977],[13.8005,14.3597],[13.7549,14.3391],[13.8045,14.3803],[13.7495,14.4519],[13.7743,14.4071],[13.7383,14.3281],[13.6153,14.4579],[13.6079,14.2523],[13.5945,14.2949],[13.5241,14.3875],[13.5041,14.3315],[13.4891,14.4005],[13.0497,14.1453],[13.0589,14.0525],[13.3821,13.7279],[13.5245,13.2443],[13.7329,13.0811],[13.9337,13.1527],[13.7187,12.6973],[14.0029,12.4609],[14.4737,12.7091],[14.5307,12.9441],[14.8237,12.8585],[15.1949,12.9369],[15.2273,13.0205],[15.1849,13.0611],[15.2327,13.0307],[15.2221,13.0945],[15.1839,13.0885],[15.1023,13.1769],[15.0511,13.1603],[15.0219,13.2177],[14.8985,13.3279],[14.9587,13.2893],[14.9119,13.3613],[15.1917,13.1107],[15.3447,13.0593],[15.3287,13.1771],[15.2123,13.2389],[15.3151,13.1995],[15.3497,13.2739],[15.2941,13.3505],[15.2729,13.3453],[15.2737,13.4033],[15.2075,13.4617],[15.1717,13.4393],[15.2183,13.3889],[15.1263,13.4687],[15.1173,13.4259],[15.1963,13.3603],[15.1579,13.3335],[15.1789,13.2589],[15.0811,13.3529],[15.1487,13.2911],[15.1073,13.4531],[15.0103,13.4515],[15.0431,13.3951],[15.0761,13.3749],[15.0711,13.3685],[15.0313,13.3931],[15.0185,13.4253],[14.9969,13.4283],[14.9927,13.4553],[14.9645,13.4371],[14.9359,13.4867],[14.9295,13.4909],[14.9277,13.4913],[14.9143,13.4965],[14.9079,13.5005],[14.8735,13.5319],[14.8617,13.5557],[14.8723,13.5145],[14.8343,13.5405],[14.8243,13.5797],[14.8077,13.5621],[14.7945,13.6021],[14.7687,13.5659],[14.7853,13.5195],[14.7525,13.5587],[14.7383,13.4687],[14.7417,13.5301],[14.7099,13.5675],[14.2155,13.5635]]],[[[34.8347,-13.6725],[34.8127,-12.7347],[35.0287,-13.724],[34.8347,-13.6725]]],[[[13.9555,13.3649],[13.9399,13.5241],[13.9005,13.6025],[14.0085,13.5067],[13.9435,13.5047],[13.9555,13.3649]]],[[[33.3379,0.0887],[33.2017,0.2615],[33.3803,0.3123],[33.3379,0.0887]]],[[[34.7133,-12.2864],[34.7875,-12.6167],[34.7715,-12.6311],[34.6805,-12.4303],[34.7133,-12.2864]]],[[[13.8883,14.1717],[13.8717,14.2319],[13.8621,14.2589],[13.7553,14.2389],[13.7481,14.3253],[13.8503,14.2893],[13.8801,14.2259],[13.8883,14.1717]]],[[[32.7375,-0.1234],[32.6619,-0.0973],[32.7411,-0.0168],[32.7679,-0.0819],[32.8159,-0.071],[32.7375,-0.1234]]],[[[14.1821,13.6209],[14.0979,13.6721],[14.1097,13.7303],[14.1413,13.6545],[14.1821,13.6209]]],[[[28.4507,-9.3127],[28.4769,-9.2372],[28.4841,-9.3219],[28.4507,-9.3127]]],[[[14.1745,14.0761],[14.0857,14.1111],[14.0831,14.1633],[14.1745,14.0761]]],[[[14.1819,13.5229],[14.1217,13.5383],[14.0913,13.6583],[14.0743,13.6931],[14.0473,13.7151],[14.0423,13.7395],[14.0777,13.7101],[14.1085,13.6291],[14.1819,13.5229]]],[[[14.1223,13.9203],[14.1165,13.9451],[14.0681,14.0379],[14.0989,14.0143],[14.0907,14.0847],[14.1079,14.0399],[14.1381,14.0103],[14.0995,13.9857],[14.1241,13.9593],[14.1223,13.9203]]],[[[14.3693,12.7391],[14.3479,12.7991],[14.4005,12.7565],[14.3693,12.7391]]],[[[13.7417,14.2019],[13.7315,14.1865],[13.6827,14.2403],[13.6625,14.3113],[13.7227,14.2967],[13.6965,14.2573],[13.7417,14.2019]]],[[[33.8843,0.0795],[33.7719,0.1293],[33.8957,0.0911],[33.8843,0.0795]]],[[[13.9613,13.5945],[14.0403,13.5965],[14.0053,13.5483],[13.9613,13.5945]]],[[[14.8251,13.2685],[14.7639,13.3817],[14.7423,13.4389],[14.8251,13.2685]]],[[[14.1301,13.7471],[14.1897,13.7223],[14.1533,13.6591],[14.1317,13.7007],[14.1301,13.7471]]],[[[36.6151,2.6211],[36.5865,2.6809],[36.6065,2.6855],[36.6151,2.6211]]],[[[13.4369,14.2743],[13.4817,14.3275],[13.4713,14.2657],[13.4985,14.2225],[13.4369,14.2743]]],[[[32.7737,-0.0381],[32.8019,0.0501],[32.8261,0.0293],[32.7737,-0.0381]]],[[[14.6717,13.3639],[14.5941,13.4715],[14.6861,13.4225],[14.6717,13.3639]]],[[[37.2983,11.8965],[37.2377,11.9127],[37.2691,11.9427],[37.2983,11.8965]]],[[[13.9987,13.8809],[13.8961,13.9599],[13.9113,14.0215],[13.9147,13.9837],[13.9987,13.8809]]],[[[14.0871,13.6257],[14.0339,13.6137],[14.0425,13.6713],[14.0871,13.6257]]],[[[13.9711,14.1117],[13.9991,14.1085],[14.0399,14.0377],[13.9731,14.0757],[13.9591,14.0989],[13.9501,14.1515],[13.9711,14.1117]]],[[[14.7979,13.4687],[14.7705,13.5101],[14.7911,13.5073],[14.7833,13.5563],[14.7979,13.4687]]],[[[15.2911,13.3207],[15.2889,13.3151],[15.2525,13.3287],[15.2521,13.3679],[15.2157,13.4075],[15.2429,13.3977],[15.2675,13.3429],[15.3203,13.3079],[15.3315,13.2825],[15.2911,13.3207]]],[[[14.2695,13.5395],[14.3277,13.4699],[14.3129,13.4761],[14.2695,13.5395]]],[[[33.6945,-0.143],[33.7169,-0.0831],[33.7195,-0.1605],[33.6945,-0.143]]],[[[27.5469,-17.3406],[27.6139,-17.3456],[27.5233,-17.368],[27.5469,-17.3406]]],[[[15.1595,13.1885],[15.1539,13.2393],[15.2359,13.1609],[15.1595,13.1885]]],[[[33.2659,0.0171],[33.2519,0.0691],[33.3069,0.0539],[33.2659,0.0171]]],[[[15.2669,13.1459],[15.2239,13.2013],[15.1941,13.2125],[15.1495,13.2575],[15.2283,13.2111],[15.2669,13.1459]]],[[[14.1225,13.8155],[14.0869,13.8113],[14.0731,13.8415],[14.0729,13.8659],[14.1225,13.8155]]],[[[15.2037,13.3675],[15.2125,13.3837],[15.2083,13.3259],[15.2319,13.3083],[15.2261,13.2789],[15.1857,13.3335],[15.2037,13.3675]]],[[[14.9647,13.3703],[14.9207,13.4269],[14.8939,13.4591],[14.9713,13.3969],[14.9647,13.3703]]],[[[14.8871,13.3351],[14.7921,13.4435],[14.8675,13.3869],[14.8871,13.3351]]],[[[13.1343,14.0219],[13.0837,14.0699],[13.1013,14.1033],[13.1343,14.0219]]],[[[13.6975,14.2095],[13.6713,14.2307],[13.6403,14.2701],[13.6975,14.2095]]],[[[14.3273,13.4163],[14.2533,13.5027],[14.2533,13.5337],[14.3273,13.4163]]],[[[13.9489,14.0303],[13.9383,14.0607],[13.9085,14.0989],[13.9453,14.0553],[13.9549,14.0917],[13.9963,14.0375],[13.9609,14.0641],[13.9489,14.0303]]],[[[13.6979,14.3061],[13.7399,14.3201],[13.7469,14.2765],[13.7177,14.3087],[13.6979,14.3061]]],[[[14.5951,13.3669],[14.5525,13.3833],[14.5499,13.4599],[14.5951,13.3669]]],[[[14.0097,13.9047],[13.9803,13.9335],[13.9639,13.9319],[13.9243,14.0031],[14.0097,13.9047]]],[[[15.1085,13.2791],[15.0463,13.3803],[15.1577,13.2651],[15.1085,13.2791]]],[[[15.3297,13.1179],[15.3093,13.1257],[15.2655,13.1805],[15.3297,13.1179]]],[[[14.5441,13.4017],[14.4941,13.4815],[14.5367,13.4651],[14.5441,13.4017]]],[[[14.4999,13.4013],[14.4559,13.4897],[14.4317,13.4977],[14.4657,13.4939],[14.4999,13.4013]]],[[[14.8739,13.3123],[14.8617,13.3387],[14.9211,13.2861],[14.8965,13.2879],[14.8967,13.2717],[14.8739,13.3123]]],[[[14.0573,13.7911],[14.1039,13.7359],[14.1033,13.7145],[14.0549,13.7573],[14.0573,13.7911]]],[[[27.9553,-17.0049],[27.9833,-16.9649],[27.9931,-17.0023],[27.9553,-17.0049]]],[[[14.8757,13.4341],[14.8657,13.5081],[14.9163,13.4069],[14.8757,13.4341]]],[[[14.6167,13.4279],[14.5943,13.4325],[14.5553,13.4861],[14.6167,13.4279]]],[[[14.9923,13.3907],[15.0207,13.3293],[15.0421,13.3085],[15.0179,13.3159],[15.0083,13.3525],[14.9623,13.4087],[14.9619,13.4301],[14.9923,13.3907]]],[[[13.5363,14.3287],[13.5483,14.2903],[13.5323,14.2999],[13.5363,14.3287]]],[[[13.9029,14.0053],[13.8795,14.0329],[13.8687,14.0905],[13.9029,14.0053]]],[[[13.8459,13.3873],[13.8965,13.3813],[13.9441,13.3549],[13.8843,13.3359],[13.8571,13.3645],[13.8459,13.3873]]],[[[13.2035,14.0643],[13.2081,14.1119],[13.2147,14.0447],[13.2035,14.0643]]],[[[14.0747,13.9197],[14.0433,13.9455],[14.0205,13.9717],[14.0747,13.9197]]],[[[14.4145,13.4113],[14.3919,13.4421],[14.4089,13.4923],[14.4025,13.4335],[14.4145,13.4113]]],[[[15.2427,13.2371],[15.2451,13.2855],[15.2815,13.2281],[15.2427,13.2371]]],[[[13.9355,13.5961],[13.9285,13.6663],[13.9575,13.5739],[13.9355,13.5961]]],[[[14.0053,13.9601],[14.0459,13.9173],[14.0411,13.8789],[14.0259,13.8893],[14.0053,13.9601]]],[[[15.0243,13.3455],[15.0189,13.4111],[15.0575,13.3409],[15.0243,13.3455]]],[[[13.8013,14.1561],[13.7997,14.1987],[13.7939,14.2281],[13.8115,14.1869],[13.8013,14.1561]]],[[[14.9269,13.4895],[14.9261,13.4701],[14.9557,13.4161],[14.9147,13.4797],[14.8817,13.5061],[14.9269,13.4895]]],[[[14.4695,13.5047],[14.4663,13.5303],[14.4945,13.4949],[14.5357,13.4855],[14.5417,13.4739],[14.4695,13.5047]]],[[[13.9795,13.8339],[13.9955,13.8727],[13.9927,13.8363],[13.9795,13.8339]]],[[[15.2807,13.2417],[15.2629,13.2987],[15.2953,13.2413],[15.2807,13.2417]]],[[[14.6155,13.2823],[14.6259,13.3265],[14.6325,13.2613],[14.6155,13.2823]]],[[[13.9995,13.1927],[13.9713,13.2053],[13.9385,13.2267],[13.9995,13.1927]]],[[[13.5407,14.2523],[13.5509,14.2759],[13.5675,14.2253],[13.5407,14.2523]]],[[[36.1155,3.0527],[36.1379,3.0671],[36.1565,3.0823],[36.1457,3.0633],[36.1155,3.0527]]],[[[14.0309,13.8437],[14.0147,13.8323],[14.0001,13.8621],[14.0309,13.8437]]],[[[33.5867,0.1559],[33.5401,0.1379],[33.5697,0.1615],[33.5867,0.1559]]],[[[13.7005,14.1509],[13.7039,14.2029],[13.7283,14.1787],[13.7005,14.1509]]],[[[14.0455,13.9999],[14.0829,13.9785],[14.0859,13.9329],[14.0551,13.9553],[14.0455,13.9999]]],[[[14.7293,13.3589],[14.6851,13.3861],[14.7119,13.3735],[14.6945,13.4175],[14.7293,13.3589]]],[[[13.4869,14.2871],[13.5177,14.2805],[13.5013,14.2391],[13.4869,14.2871]]],[[[13.7849,14.1607],[13.7541,14.1637],[13.7541,14.1957],[13.7849,14.1607]]],[[[14.3991,13.3347],[14.3827,13.3689],[14.3441,13.3979],[14.3893,13.3757],[14.3991,13.3347]]],[[[13.9509,14.1109],[13.9107,14.1095],[13.9103,14.1539],[13.9509,14.1109]]],[[[13.9397,13.8241],[13.9269,13.8601],[13.9205,13.9273],[13.9397,13.8241]]],[[[14.4269,13.2647],[14.4361,13.2889],[14.4497,13.2327],[14.4269,13.2647]]],[[[33.1761,0.1135],[33.1771,0.1717],[33.1909,0.1689],[33.1761,0.1135]]],[[[14.1839,14.0039],[14.1615,14.0613],[14.2003,14.0193],[14.1839,14.0039]]],[[[15.2369,13.3133],[15.2259,13.3661],[15.2399,13.3311],[15.2765,13.3059],[15.2369,13.3133]]],[[[14.3581,13.1989],[14.3747,13.2295],[14.4081,13.2043],[14.3581,13.1989]]],[[[14.4649,13.2759],[14.4737,13.2829],[14.4873,13.2361],[14.4649,13.2759]]],[[[14.0749,13.8087],[14.0499,13.8849],[14.0605,13.8925],[14.0749,13.8087]]],[[[14.0957,13.4485],[14.0695,13.4971],[14.1047,13.4481],[14.0957,13.4485]]],[[[13.9269,13.6023],[13.8825,13.6419],[13.9037,13.6585],[13.9269,13.6023]]],[[[14.7947,13.4521],[14.7691,13.4687],[14.7573,13.5053],[14.7947,13.4521]]],[[[15.0891,13.1213],[15.0715,13.1543],[15.0937,13.1271],[15.1507,13.1165],[15.1583,13.1031],[15.0891,13.1213]]],[[[13.9255,14.0519],[13.8911,14.0565],[13.8961,14.0805],[13.9255,14.0519]]],[[[13.9659,13.9815],[13.9785,14.0285],[13.9791,13.9647],[13.9659,13.9815]]],[[[14.8679,13.2279],[14.8675,13.2671],[14.8805,13.1995],[14.8679,13.2279]]],[[[13.6213,14.1029],[13.5949,14.1573],[13.6451,14.0761],[13.6213,14.1029]]],[[[32.9297,0.0],[32.9043,0.0179],[32.9507,0.0257],[32.9297,0.0]]],[[[13.8197,14.0947],[13.8117,14.0953],[13.7873,14.1235],[13.7873,14.1433],[13.8197,14.0947]]],[[[14.1175,13.8895],[14.0793,13.9275],[14.0951,13.9299],[14.1175,13.8895]]],[[[15.0193,13.2849],[15.0319,13.3039],[15.0417,13.2721],[15.0193,13.2849]]],[[[13.4619,14.1249],[13.4459,14.1655],[13.4443,14.1977],[13.4619,14.1249]]],[[[33.0989,0.0837],[33.0837,0.1105],[33.1311,0.1061],[33.0989,0.0837]]],[[[15.1065,13.0775],[15.0603,13.1291],[15.1137,13.0709],[15.1065,13.0775]]],[[[14.2569,13.1575],[14.2509,13.1895],[14.2903,13.1627],[14.2569,13.1575]]],[[[13.2641,14.1251],[13.2627,14.0863],[13.2323,14.1281],[13.2641,14.1251]]],[[[13.7557,14.0707],[13.7635,14.1113],[13.7853,14.0517],[13.7557,14.0707]]],[[[14.3771,13.2897],[14.3779,13.3243],[14.4233,13.2537],[14.3771,13.2897]]],[[[13.7113,13.9309],[13.7047,13.9267],[13.6925,13.9333],[13.6803,13.9699],[13.6901,13.9865],[13.7113,13.9309]]],[[[13.4949,14.1037],[13.5047,14.1623],[13.5309,14.0793],[13.4949,14.1037]]],[[[13.9673,13.6413],[13.9779,13.6811],[13.9787,13.6335],[13.9673,13.6413]]],[[[14.0477,14.1615],[14.0611,14.2217],[14.0523,14.1555],[14.0477,14.1615]]],[[[15.2111,13.0779],[15.1679,13.0765],[15.1537,13.0953],[15.2111,13.0779]]],[[[14.2361,13.2059],[14.2129,13.2233],[14.1845,13.2419],[14.2093,13.2415],[14.2361,13.2059]]],[[[13.8253,13.9927],[13.7807,13.9909],[13.7881,14.0185],[13.8253,13.9927]]],[[[13.3255,14.0859],[13.3509,14.0993],[13.3575,14.0533],[13.3255,14.0859]]],[[[13.5971,14.2483],[13.5723,14.2873],[13.5485,14.3265],[13.5971,14.2483]]],[[[13.7419,14.0925],[13.7175,14.1319],[13.7353,14.1399],[13.7419,14.0925]]],[[[14.0533,14.1497],[14.0825,14.1231],[14.0687,14.1061],[14.0533,14.1497]]],[[[15.0015,13.1747],[14.9609,13.2043],[14.9703,13.2315],[15.0015,13.1747]]],[[[13.7135,14.2547],[13.7293,14.2599],[13.7321,14.2353],[13.7651,14.2011],[13.7357,14.2145],[13.7135,14.2547]]],[[[14.0801,14.0631],[14.0671,14.1013],[14.0889,14.0959],[14.0801,14.0631]]],[[[14.8501,13.3613],[14.8269,13.3585],[14.8127,13.3905],[14.8501,13.3613]]],[[[13.4853,14.1369],[13.4713,14.1891],[13.4969,14.1759],[13.4853,14.1369]]],[[[14.8615,13.2843],[14.8423,13.3209],[14.8841,13.2827],[14.8615,13.2843]]],[[[13.8383,14.1213],[13.8155,14.1811],[13.8491,14.1079],[13.8383,14.1213]]],[[[13.8761,14.0921],[13.8609,14.0995],[13.8507,14.1575],[13.8713,14.1317],[13.8761,14.0921]]],[[[14.8583,13.4031],[14.8397,13.4339],[14.8257,13.4521],[14.8531,13.4409],[14.8583,13.4031]]],[[[14.4947,13.3019],[14.4877,13.3435],[14.5055,13.3005],[14.4947,13.3019]]],[[[13.9449,14.1255],[13.9367,14.1949],[13.9443,14.1953],[13.9449,14.1255]]],[[[14.1357,14.0271],[14.1481,14.0545],[14.1457,14.0183],[14.1357,14.0271]]],[[[13.8659,13.9085],[13.8323,13.9043],[13.8423,13.9371],[13.8659,13.9085]]],[[[15.0211,13.1095],[15.0491,13.1137],[15.0429,13.0989],[15.0211,13.1095]]],[[[13.9999,13.7289],[14.0263,13.6887],[14.0229,13.6517],[13.9999,13.7289]]],[[[14.1329,13.9805],[14.1553,14.0227],[14.1705,14.0163],[14.1329,13.9805]]],[[[13.2177,13.9711],[13.2227,14.0049],[13.2409,13.9661],[13.2177,13.9711]]],[[[14.4889,13.3961],[14.4507,13.3847],[14.4509,13.4137],[14.4889,13.3961]]],[[[14.2269,13.4197],[14.2293,13.4245],[14.2673,13.3881],[14.2269,13.4197]]],[[[14.5735,13.3143],[14.5611,13.3377],[14.5313,13.3547],[14.5291,13.3665],[14.5683,13.3467],[14.5735,13.3143]]],[[[13.4885,14.0773],[13.5107,14.0855],[13.5109,14.0437],[13.4885,14.0773]]],[[[13.4313,14.0947],[13.4253,14.0825],[13.4051,14.1273],[13.4313,14.0947]]],[[[14.5263,13.4051],[14.5243,13.3977],[14.4979,13.3947],[14.5263,13.4051]]],[[[13.3285,14.1245],[13.3067,14.1473],[13.3271,14.1619],[13.3285,14.1245]]],[[[14.0303,13.7599],[14.0177,13.7643],[13.9949,13.7915],[13.9977,13.8153],[14.0303,13.7599]]],[[[13.1745,13.9645],[13.1649,13.9769],[13.1601,14.0167],[13.1745,13.9645]]],[[[13.7403,14.2389],[13.7327,14.2699],[13.7529,14.2333],[13.7701,14.2213],[13.7403,14.2389]]],[[[14.0613,14.0183],[14.0495,14.0395],[14.0815,13.9879],[14.0613,14.0183]]],[[[28.1759,-16.8503],[28.1807,-16.8272],[28.1937,-16.8393],[28.1759,-16.8503]]],[[[14.9177,13.3653],[14.8835,13.3891],[14.9151,13.3975],[14.9177,13.3653]]],[[[13.8161,14.1357],[13.8169,14.1487],[13.8413,14.0907],[13.8161,14.1357]]],[[[13.2053,13.9417],[13.2073,14.0043],[13.2165,13.9389],[13.2053,13.9417]]],[[[14.4427,13.3177],[14.4453,13.3451],[14.4589,13.3113],[14.4427,13.3177]]],[[[27.5005,-17.4041],[27.5117,-17.3986],[27.5403,-17.4248],[27.5005,-17.4041]]],[[[14.3839,13.4643],[14.3575,13.4891],[14.3685,13.5217],[14.3839,13.4643]]],[[[13.8771,13.9445],[13.8595,13.9651],[13.8663,14.0067],[13.8771,13.9445]]],[[[33.6735,-0.0202],[33.6549,0.0],[33.6779,0.0],[33.6735,-0.0202]]],[[[14.0005,13.6841],[13.9891,13.6793],[13.9651,13.7119],[14.0005,13.6841]]],[[[14.1897,14.0781],[14.1961,14.0843],[14.1905,14.0655],[14.1897,14.0781]]],[[[13.7033,14.0979],[13.6915,14.1293],[13.7193,14.1561],[13.7033,14.0979]]],[[[13.8497,14.0367],[13.8299,14.0859],[13.8321,14.0887],[13.8497,14.0367]]],[[[14.2961,13.1727],[14.2741,13.2023],[14.3103,13.1793],[14.2961,13.1727]]],[[[28.6681,-9.4042],[28.6939,-9.365],[28.7025,-9.366],[28.6681,-9.4042]]],[[[14.9089,13.4593],[14.8983,13.4629],[14.8795,13.5021],[14.9019,13.4841],[14.9089,13.4593]]],[[[13.6461,13.9315],[13.6365,13.9717],[13.6221,13.9949],[13.6473,13.9759],[13.6461,13.9315]]],[[[14.8279,13.4581],[14.8157,13.4879],[14.8643,13.4465],[14.8279,13.4581]]],[[[14.7225,13.2789],[14.7151,13.2937],[14.6979,13.3197],[14.7057,13.3231],[14.7225,13.2789]]],[[[13.9835,13.7145],[13.9925,13.7429],[13.9963,13.6979],[13.9835,13.7145]]],[[[15.0389,13.1267],[15.0391,13.1603],[15.0565,13.1307],[15.0389,13.1267]]],[[[14.5545,13.2701],[14.5369,13.2867],[14.5383,13.3187],[14.5545,13.2701]]],[[[13.3765,13.9243],[13.3529,13.9861],[13.3793,13.9249],[13.3765,13.9243]]],[[[13.7441,14.0407],[13.7515,14.0669],[13.7541,14.0371],[13.7441,14.0407]]],[[[13.9475,13.2355],[13.9473,13.2525],[13.9671,13.2405],[13.9475,13.2355]]],[[[14.7697,13.3183],[14.7615,13.3127],[14.7455,13.3435],[14.7697,13.3183]]],[[[14.8175,13.5519],[14.8503,13.5181],[14.8531,13.5059],[14.8175,13.5519]]],[[[15.2285,13.4107],[15.2173,13.4493],[15.2423,13.4105],[15.2285,13.4107]]],[[[13.9597,13.1463],[13.9753,13.1579],[13.9847,13.1389],[13.9597,13.1463]]],[[[14.0179,13.4521],[14.0499,13.4405],[14.0475,13.4297],[14.0179,13.4521]]],[[[13.6211,14.1609],[13.6229,14.2081],[13.6363,14.1925],[13.6211,14.1609]]],[[[13.4175,14.0493],[13.3971,14.0641],[13.4047,14.0961],[13.4175,14.0493]]],[[[13.2363,13.8991],[13.2263,13.9431],[13.2505,13.8951],[13.2363,13.8991]]],[[[13.5865,14.0931],[13.5667,14.0989],[13.5813,14.1279],[13.5865,14.0931]]],[[[14.0475,13.7929],[14.0505,13.8373],[14.0637,13.8025],[14.0475,13.7929]]],[[[14.5037,13.2803],[14.4945,13.2781],[14.4755,13.3061],[14.5037,13.2803]]],[[[14.7503,13.3937],[14.7203,13.4025],[14.7183,13.4405],[14.7503,13.3937]]],[[[14.0807,13.4309],[14.0459,13.4763],[14.0843,13.4327],[14.0807,13.4309]]],[[[14.8943,12.9465],[14.8823,12.9645],[14.9187,12.9449],[14.8943,12.9465]]],[[[14.6331,13.3275],[14.6533,13.3053],[14.6457,13.2837],[14.6331,13.3275]]],[[[13.4741,14.0365],[13.4681,14.0623],[13.4887,14.0351],[13.4741,14.0365]]],[[[15.0497,13.3149],[15.0537,13.3319],[15.0729,13.2993],[15.0497,13.3149]]],[[[14.7551,13.3503],[14.7291,13.3835],[14.7329,13.3891],[14.7551,13.3503]]],[[[14.8889,13.3953],[14.8589,13.4411],[14.8955,13.3949],[14.8889,13.3953]]],[[[14.7029,13.4167],[14.7071,13.4503],[14.7137,13.4145],[14.7029,13.4167]]],[[[13.6965,14.0489],[13.6983,14.0725],[13.7419,14.0277],[13.6965,14.0489]]],[[[13.7231,13.9525],[13.7107,13.9935],[13.7207,13.9977],[13.7231,13.9525]]],[[[13.6271,14.1219],[13.6335,14.1437],[13.6479,14.0973],[13.6271,14.1219]]],[[[14.2603,13.2953],[14.2643,13.3061],[14.2877,13.2805],[14.2603,13.2953]]],[[[13.9289,13.7123],[13.9209,13.7067],[13.8829,13.7275],[13.9289,13.7123]]],[[[14.3665,13.2809],[14.3511,13.3243],[14.3625,13.3273],[14.3665,13.2809]]],[[[13.5983,14.1825],[13.5923,14.1797],[13.5649,14.2171],[13.5983,14.1825]]],[[[14.4077,13.3267],[14.4119,13.3759],[14.4157,13.3225],[14.4077,13.3267]]],[[[13.9925,14.0013],[13.9949,14.0263],[14.0173,13.9847],[13.9925,14.0013]]],[[[13.2345,14.0329],[13.2623,14.0147],[13.2615,14.0013],[13.2345,14.0329]]],[[[13.9447,13.7939],[13.9449,13.8203],[13.9597,13.7817],[13.9447,13.7939]]],[[[13.6589,14.1677],[13.6343,14.2167],[13.6453,14.2235],[13.6589,14.1677]]],[[[14.9837,13.3447],[14.9789,13.3735],[15.0051,13.3259],[14.9837,13.3447]]],[[[14.1327,13.4551],[14.1265,13.4647],[14.1459,13.4747],[14.1327,13.4551]]],[[[13.8615,13.8379],[13.8393,13.8433],[13.8455,13.8777],[13.8615,13.8379]]],[[[13.7207,14.0017],[13.6943,14.0289],[13.7401,14.0155],[13.7207,14.0017]]],[[[32.6079,-0.098],[32.6067,-0.0782],[32.6321,-0.0982],[32.6079,-0.098]]],[[[15.0575,13.2621],[15.0475,13.3033],[15.0759,13.2523],[15.0575,13.2621]]],[[[13.6863,13.9943],[13.6745,14.0233],[13.7017,13.9925],[13.6863,13.9943]]],[[[14.0441,13.9639],[14.0445,13.9901],[14.0475,13.9639],[14.0441,13.9639]]],[[[14.0241,13.8753],[14.0463,13.8721],[14.0439,13.8475],[14.0241,13.8753]]],[[[14.0681,13.6529],[14.0577,13.6983],[14.0681,13.6917],[14.0681,13.6529]]],[[[14.3171,13.3263],[14.3165,13.3449],[14.3247,13.3343],[14.3171,13.3263]]],[[[14.9089,13.2461],[14.9071,13.2843],[14.9251,13.2493],[14.9089,13.2461]]],[[[14.1983,13.1065],[14.2221,13.1211],[14.2385,13.1127],[14.1983,13.1065]]],[[[13.9075,13.8943],[13.8945,13.8893],[13.8749,13.9095],[13.9075,13.8943]]],[[[13.8633,14.1543],[13.8583,14.1771],[13.8719,14.1605],[13.8633,14.1543]]],[[[13.5455,13.9411],[13.5167,13.9531],[13.5191,13.9683],[13.5455,13.9411]]],[[[14.3277,13.2873],[14.3165,13.3213],[14.3411,13.2773],[14.3277,13.2873]]],[[[28.8729,-16.5945],[28.8417,-16.58],[28.8841,-16.5813],[28.8729,-16.5945]]],[[[13.6239,14.0007],[13.6189,14.0231],[13.6173,14.0449],[13.6239,14.0007]]],[[[13.8943,13.9959],[13.8851,13.9911],[13.8771,14.0147],[13.8943,13.9959]]],[[[14.1225,13.8357],[14.0971,13.8627],[14.1207,13.8527],[14.1225,13.8357]]],[[[14.6711,13.4623],[14.6823,13.4687],[14.6819,13.4343],[14.6711,13.4623]]],[[[13.9015,14.0989],[13.8831,14.1169],[13.8775,14.1371],[13.9015,14.0989]]],[[[13.1725,14.0671],[13.1635,14.0929],[13.1975,14.0489],[13.1725,14.0671]]],[[[15.1387,13.2321],[15.1243,13.2513],[15.1039,13.2699],[15.1249,13.2629],[15.1387,13.2321]]],[[[34.8391,-13.995],[34.8289,-13.9644],[34.8457,-13.9936],[34.8391,-13.995]]],[[[34.0377,-0.1278],[34.0051,-0.1181],[34.0457,-0.1213],[34.0377,-0.1278]]],[[[14.9403,13.2071],[14.9401,13.2507],[14.9515,13.2071],[14.9403,13.2071]]],[[[13.5393,14.0975],[13.5271,14.1291],[13.5509,14.0927],[13.5393,14.0975]]],[[[14.0507,14.0447],[14.0567,14.0751],[14.0679,14.0525],[14.0507,14.0447]]],[[[13.9067,13.9279],[13.8985,13.9257],[13.8887,13.9509],[13.9067,13.9279]]],[[[14.6857,13.2751],[14.6835,13.3023],[14.6957,13.2617],[14.6857,13.2751]]],[[[13.8959,13.7767],[13.8751,13.7989],[13.8795,13.8027],[13.8959,13.7767]]],[[[14.0187,14.0035],[14.0157,14.0417],[14.0187,14.0445],[14.0187,14.0035]]],[[[13.9951,13.7609],[13.9777,13.8061],[14.0027,13.7607],[13.9951,13.7609]]],[[[33.1435,0.1101],[33.1315,0.1391],[33.1515,0.1125],[33.1435,0.1101]]],[[[13.8165,13.9107],[13.8133,13.9355],[13.8231,13.9117],[13.8165,13.9107]]],[[[30.5805,-7.4041],[30.5735,-7.4161],[30.5591,-7.3969],[30.5805,-7.4041]]],[[[14.9053,13.3403],[14.8907,13.3593],[14.9245,13.3395],[14.9053,13.3403]]],[[[14.6733,13.3235],[14.6697,13.3503],[14.6945,13.3179],[14.6733,13.3235]]],[[[14.3419,13.3439],[14.3595,13.3519],[14.3695,13.3333],[14.3419,13.3439]]],[[[14.4415,13.4109],[14.4401,13.4539],[14.4435,13.4607],[14.4415,13.4109]]],[[[14.1115,13.7395],[14.1093,13.7793],[14.1241,13.7267],[14.1115,13.7395]]],[[[14.9247,13.2121],[14.9317,13.2405],[14.9309,13.2107],[14.9247,13.2121]]],[[[14.3063,13.1869],[14.2803,13.2235],[14.2829,13.2271],[14.3063,13.1869]]],[[[13.2709,14.0253],[13.2693,14.0471],[13.3033,14.0005],[13.2709,14.0253]]],[[[13.5655,14.0285],[13.5605,14.0563],[13.5535,14.0805],[13.5667,14.0577],[13.5655,14.0285]]],[[[14.7429,13.2921],[14.7373,13.3217],[14.7593,13.2691],[14.7429,13.2921]]],[[[15.1539,13.0389],[15.1349,13.0429],[15.1299,13.0663],[15.1539,13.0389]]],[[[14.7265,13.3171],[14.7157,13.3487],[14.7363,13.3399],[14.7265,13.3171]]],[[[32.5631,-0.225],[32.5763,-0.2144],[32.5863,-0.2321],[32.5631,-0.225]]],[[[13.3393,14.0101],[13.3459,14.0331],[13.3639,13.9901],[13.3393,14.0101]]],[[[14.1789,13.3599],[14.1717,13.3721],[14.2069,13.3543],[14.1789,13.3599]]],[[[13.3807,14.0259],[13.3741,14.0411],[13.3761,14.0639],[13.3807,14.0259]]],[[[13.2933,14.0363],[13.3139,14.0359],[13.3135,14.0267],[13.2933,14.0363]]],[[[13.8733,13.8635],[13.8907,13.8661],[13.8845,13.8537],[13.8733,13.8635]]],[[[13.3859,14.1067],[13.3877,14.1485],[13.3947,14.1023],[13.3859,14.1067]]],[[[14.0367,13.7595],[14.0495,13.7847],[14.0465,13.7491],[14.0367,13.7595]]],[[[14.8233,13.2257],[14.8267,13.2505],[14.8445,13.2173],[14.8233,13.2257]]],[[[13.8251,14.0431],[13.8011,14.0371],[13.8047,14.0505],[13.8251,14.0431]]],[[[14.1447,13.8281],[14.1255,13.8297],[14.1407,13.8423],[14.1447,13.8281]]],[[[14.3043,13.2377],[14.3021,13.2713],[14.3159,13.2631],[14.3043,13.2377]]],[[[14.1719,13.1517],[14.1739,13.1689],[14.1797,13.1581],[14.1719,13.1517]]],[[[15.0841,13.2687],[15.0967,13.2859],[15.0913,13.2665],[15.0841,13.2687]]],[[[13.9175,13.8061],[13.9115,13.8115],[13.9059,13.8297],[13.9175,13.8061]]],[[[13.6733,14.1523],[13.6961,14.1431],[13.6883,14.1359],[13.6733,14.1523]]],[[[13.6187,14.0649],[13.6029,14.0969],[13.6241,14.0661],[13.6187,14.0649]]],[[[14.6443,13.3647],[14.6549,13.3691],[14.6517,13.3497],[14.6443,13.3647]]],[[[14.4411,13.3659],[14.4305,13.3923],[14.4249,13.4053],[14.4381,13.3917],[14.4411,13.3659]]],[[[13.6217,14.2267],[13.6331,14.2511],[13.6443,14.2295],[13.6217,14.2267]]],[[[15.1109,13.0927],[15.1101,13.1157],[15.1367,13.0983],[15.1109,13.0927]]],[[[14.1855,14.0575],[14.2065,14.0383],[14.2001,14.0267],[14.1855,14.0575]]],[[[13.8161,13.8351],[13.8125,13.8701],[13.8173,13.8739],[13.8161,13.8351]]],[[[13.7551,13.8987],[13.7681,13.9087],[13.7815,13.8971],[13.7551,13.8987]]],[[[13.7481,14.1115],[13.7449,14.1493],[13.7477,14.1601],[13.7481,14.1115]]],[[[13.9507,13.8253],[13.9609,13.8505],[13.9603,13.8163],[13.9507,13.8253]]],[[[13.3987,13.9461],[13.4077,13.9523],[13.4149,13.9189],[13.3987,13.9461]]],[[[13.5999,14.0299],[13.5865,14.0437],[13.5831,14.0579],[13.5999,14.0299]]],[[[14.6971,13.3281],[14.6883,13.3535],[14.7063,13.3389],[14.6971,13.3281]]],[[[13.9417,13.7013],[13.9525,13.7323],[13.9521,13.6937],[13.9417,13.7013]]],[[[14.4157,13.2197],[14.4131,13.2403],[14.4207,13.2213],[14.4157,13.2197]]],[[[14.7033,13.4567],[14.7077,13.4781],[14.7277,13.4479],[14.7033,13.4567]]],[[[14.2879,13.4075],[14.2867,13.4237],[14.3151,13.3927],[14.2879,13.4075]]],[[[14.2677,13.2465],[14.2603,13.2565],[14.2543,13.2861],[14.2677,13.2465]]],[[[14.4065,13.2913],[14.4107,13.3167],[14.4081,13.2903],[14.4065,13.2913]]],[[[13.6537,13.9927],[13.6617,14.0075],[13.6723,13.9879],[13.6537,13.9927]]],[[[13.2181,14.0837],[13.2143,14.1177],[13.2355,14.0695],[13.2181,14.0837]]],[[[13.5199,14.2409],[13.5251,14.2697],[13.5307,14.2469],[13.5199,14.2409]]],[[[36.0491,3.4797],[36.0549,3.4985],[36.0589,3.4869],[36.0491,3.4797]]],[[[13.3539,14.1417],[13.3645,14.1607],[13.3581,14.1411],[13.3539,14.1417]]],[[[14.5001,13.3573],[14.4965,13.3827],[14.5161,13.3463],[14.5001,13.3573]]],[[[13.7689,13.8565],[13.7673,13.8889],[13.7803,13.8513],[13.7689,13.8565]]],[[[13.9833,13.9417],[13.9937,13.9531],[14.0025,13.9285],[13.9833,13.9417]]],[[[14.6205,13.3447],[14.6349,13.3597],[14.6305,13.3361],[14.6205,13.3447]]],[[[13.6787,14.1021],[13.6693,14.1411],[13.6817,14.1025],[13.6787,14.1021]]],[[[13.8389,13.6413],[13.8359,13.6681],[13.8551,13.6491],[13.8389,13.6413]]],[[[14.9617,13.1963],[14.9643,13.1699],[14.9439,13.2009],[14.9617,13.1963]]],[[[13.4259,14.1249],[13.4067,14.1571],[13.4083,14.1617],[13.4259,14.1249]]],[[[14.2701,13.3285],[14.2625,13.3459],[14.2525,13.3649],[14.2649,13.3559],[14.2701,13.3285]]],[[[14.2237,13.3719],[14.1949,13.3971],[14.2337,13.3693],[14.2237,13.3719]]],[[[13.9461,14.0003],[13.9371,14.0291],[13.9525,13.9909],[13.9461,14.0003]]],[[[13.5559,14.1217],[13.5649,14.1403],[13.5637,14.1175],[13.5559,14.1217]]],[[[14.9095,13.1369],[14.9103,13.1659],[14.9245,13.1499],[14.9095,13.1369]]],[[[34.6285,-12.0452],[34.6245,-12.0313],[34.6121,-12.0089],[34.6313,-12.0208],[34.6285,-12.0452]]],[[[33.6507,0.0119],[33.6459,0.0307],[33.6541,0.0327],[33.6507,0.0119]]],[[[13.7473,13.9795],[13.7545,14.0063],[13.7579,13.9715],[13.7473,13.9795]]],[[[13.7791,13.9197],[13.7751,13.9429],[13.7741,13.9603],[13.7791,13.9197]]],[[[13.8089,13.8023],[13.8157,13.8209],[13.8209,13.7979],[13.8089,13.8023]]],[[[15.0023,12.9771],[15.0037,12.9945],[15.0187,12.9729],[15.0023,12.9771]]],[[[27.6185,-17.3197],[27.6209,-17.2921],[27.6259,-17.3124],[27.6375,-17.3122],[27.6185,-17.3197]]],[[[14.2377,13.2505],[14.2279,13.2801],[14.2449,13.2475],[14.2377,13.2505]]],[[[14.4249,13.4463],[14.4313,13.4819],[14.4377,13.4807],[14.4249,13.4463]]],[[[14.3221,13.2003],[14.3047,13.2257],[14.3309,13.2029],[14.3221,13.2003]]],[[[13.8611,14.0713],[13.8439,14.0853],[13.8505,14.0939],[13.8611,14.0713]]],[[[13.9031,13.2129],[13.9093,13.2279],[13.9135,13.2217],[13.9031,13.2129]]],[[[13.9905,13.9679],[14.0005,13.9885],[13.9999,13.9627],[13.9905,13.9679]]],[[[14.5901,13.3005],[14.5961,13.3189],[14.5983,13.3007],[14.5901,13.3005]]],[[[28.6547,-16.7223],[28.6535,-16.7036],[28.6773,-16.7022],[28.6547,-16.7223]]],[[[13.4123,14.1755],[13.3995,14.2065],[13.4187,14.1723],[13.4123,14.1755]]],[[[13.7779,13.7417],[13.7833,13.7715],[13.7839,13.7363],[13.7779,13.7417]]],[[[14.8309,13.1045],[14.8173,13.1277],[14.8347,13.1109],[14.8309,13.1045]]],[[[30.5747,-7.4831],[30.5743,-7.4629],[30.5877,-7.4862],[30.5747,-7.4831]]],[[[14.2977,13.3007],[14.2757,13.3235],[14.2791,13.3289],[14.2977,13.3007]]],[[[14.1147,13.2423],[14.1141,13.2627],[14.1239,13.2469],[14.1147,13.2423]]],[[[13.2577,13.9619],[13.2675,13.9821],[13.2603,13.9595],[13.2577,13.9619]]],[[[14.2301,13.4383],[14.2273,13.4657],[14.2333,13.4691],[14.2301,13.4383]]],[[[14.2727,13.4601],[14.2549,13.4767],[14.2601,13.4803],[14.2727,13.4601]]],[[[13.9877,13.3751],[13.9715,13.3859],[13.9847,13.3863],[13.9877,13.3751]]],[[[14.1437,13.9025],[14.1333,13.9317],[14.1499,13.8925],[14.1437,13.9025]]],[[[33.1587,-0.0459],[33.1479,-0.0389],[33.1713,-0.031],[33.1587,-0.0459]]],[[[14.6215,13.3883],[14.5961,13.3865],[14.5987,13.3943],[14.6215,13.3883]]],[[[14.0871,13.8617],[14.0735,13.9039],[14.0747,13.9073],[14.0871,13.8617]]],[[[13.7779,14.0323],[13.7677,14.0289],[13.7671,14.0411],[13.7779,14.0323]]],[[[14.0877,13.1959],[14.0709,13.2111],[14.0931,13.2037],[14.0877,13.1959]]],[[[13.3073,14.0671],[13.3013,14.0981],[13.3061,14.1013],[13.3073,14.0671]]],[[[13.6089,13.9445],[13.6163,13.9609],[13.6119,13.9441],[13.6089,13.9445]]],[[[13.9333,13.7591],[13.9275,13.7549],[13.9061,13.7715],[13.9333,13.7591]]],[[[13.5961,14.1979],[13.6089,14.2125],[13.6095,14.2015],[13.5961,14.1979]]],[[[13.1535,14.0195],[13.1389,14.0371],[13.1427,14.0441],[13.1535,14.0195]]],[[[13.2803,14.1165],[13.2885,14.1155],[13.2831,14.0979],[13.2803,14.1165]]],[[[14.9473,13.2625],[14.9325,13.2637],[14.9223,13.2813],[14.9473,13.2625]]],[[[14.3297,13.3597],[14.3193,13.3807],[14.3343,13.3683],[14.3297,13.3597]]],[[[13.1381,14.0483],[13.1335,14.0803],[13.1375,14.0851],[13.1381,14.0483]]],[[[14.8861,12.8879],[14.8821,12.9121],[14.8909,12.8911],[14.8861,12.8879]]],[[[14.5331,13.3287],[14.5289,13.3485],[14.5395,13.3309],[14.5331,13.3287]]],[[[13.1531,14.0355],[13.1481,14.0607],[13.1713,14.0243],[13.1531,14.0355]]],[[[14.7961,13.2303],[14.7981,13.2543],[14.8087,13.2213],[14.7961,13.2303]]],[[[14.9721,13.1429],[14.9791,13.1453],[14.9841,13.1225],[14.9721,13.1429]]],[[[13.4305,13.9989],[13.4197,14.0303],[13.4239,14.0303],[13.4305,13.9989]]],[[[27.8491,-16.9002],[27.8451,-16.8854],[27.8691,-16.8951],[27.8491,-16.9002]]],[[[14.7933,13.3917],[14.7819,13.4131],[14.8061,13.4047],[14.7933,13.3917]]],[[[14.8479,12.9339],[14.8681,12.9383],[14.8671,12.9229],[14.8479,12.9339]]],[[[31.1157,-8.7201],[31.1269,-8.7094],[31.1219,-8.723],[31.1157,-8.7201]]],[[[13.5305,14.1407],[13.5181,14.1545],[13.5173,14.1757],[13.5305,14.1407]]],[[[14.0879,13.2595],[14.0775,13.2821],[14.0967,13.2557],[14.0879,13.2595]]],[[[13.6089,13.9083],[13.5967,13.9259],[13.6131,13.9125],[13.6089,13.9083]]],[[[14.1795,13.5343],[14.1745,13.5687],[14.1857,13.5277],[14.1795,13.5343]]],[[[14.7197,13.2539],[14.7321,13.2597],[14.7327,13.2539],[14.7197,13.2539]]],[[[14.5093,13.4963],[14.5165,13.5167],[14.5159,13.4983],[14.5093,13.4963]]],[[[13.6911,13.8749],[13.6955,13.8845],[13.7015,13.8731],[13.6911,13.8749]]],[[[15.2023,13.0161],[15.2179,13.0187],[15.2161,13.0033],[15.2023,13.0161]]],[[[13.3967,14.0035],[13.3935,14.0319],[13.4005,14.0035],[13.3967,14.0035]]],[[[13.3697,14.0977],[13.3629,14.1327],[13.3645,14.1329],[13.3697,14.0977]]],[[[13.8383,13.9443],[13.8323,13.9641],[13.8471,13.9561],[13.8383,13.9443]]],[[[14.7777,13.2683],[14.7731,13.2809],[14.8049,13.2653],[14.7777,13.2683]]],[[[13.2557,13.9379],[13.2507,13.9517],[13.2579,13.9391],[13.2557,13.9379]]],[[[13.8495,13.5381],[13.8415,13.5591],[13.8561,13.5435],[13.8495,13.5381]]],[[[14.8087,13.5495],[14.7889,13.5661],[14.8125,13.5525],[14.8087,13.5495]]],[[[13.4295,14.1827],[13.4299,14.2081],[13.4341,14.1797],[13.4295,14.1827]]],[[[13.8723,13.6051],[13.8767,13.6189],[13.8899,13.5971],[13.8723,13.6051]]],[[[13.2505,14.0881],[13.2431,14.0887],[13.2327,14.1047],[13.2505,14.0881]]],[[[13.3203,13.9927],[13.3177,14.0135],[13.3359,13.9887],[13.3203,13.9927]]],[[[13.5577,13.9815],[13.5637,13.9955],[13.5715,13.9753],[13.5577,13.9815]]],[[[15.0329,13.0673],[15.0377,13.0861],[15.0483,13.0807],[15.0329,13.0673]]],[[[15.1623,13.0487],[15.1791,13.0543],[15.1787,13.0439],[15.1623,13.0487]]],[[[28.8741,-16.6997],[28.8709,-16.6787],[28.8851,-16.6953],[28.8741,-16.6997]]],[[[32.6621,-0.0273],[32.6651,-0.0071],[32.6749,-0.0292],[32.6621,-0.0273]]],[[[13.7515,13.9367],[13.7403,13.9565],[13.7381,13.9707],[13.7515,13.9367]]],[[[13.8429,14.0107],[13.8359,14.0323],[13.8499,14.0141],[13.8429,14.0107]]],[[[27.9313,-17.0052],[27.9287,-16.9919],[27.9421,-17.0036],[27.9313,-17.0052]]],[[[13.5595,14.1681],[13.5613,14.1831],[13.5751,14.1537],[13.5595,14.1681]]],[[[14.9041,13.2143],[14.9045,13.2361],[14.9123,13.2049],[14.9041,13.2143]]],[[[14.5899,13.3431],[14.5993,13.3455],[14.5959,13.3301],[14.5899,13.3431]]],[[[13.8457,13.9769],[13.8421,14.0017],[13.8469,14.0009],[13.8457,13.9769]]],[[[13.6617,13.8845],[13.6545,13.9057],[13.6677,13.8861],[13.6617,13.8845]]],[[[14.6413,13.2421],[14.6411,13.2547],[14.6615,13.2419],[14.6413,13.2421]]],[[[13.4665,14.1933],[13.4701,14.2065],[13.4705,14.1925],[13.4665,14.1933]]],[[[13.4409,14.1175],[13.4397,14.1387],[13.4463,14.1151],[13.4409,14.1175]]],[[[14.8581,13.2697],[14.8461,13.2891],[14.8607,13.2715],[14.8581,13.2697]]],[[[33.0393,0.0923],[33.0411,0.1063],[33.0485,0.0997],[33.0393,0.0923]]],[[[14.4133,13.4971],[14.4125,13.5225],[14.4253,13.4987],[14.4133,13.4971]]],[[[14.4279,13.4249],[14.4173,13.4449],[14.4333,13.4291],[14.4279,13.4249]]],[[[15.1343,13.0763],[15.1335,13.0897],[15.1477,13.0775],[15.1343,13.0763]]],[[[13.3285,14.0435],[13.3175,14.0707],[13.3211,14.0719],[13.3285,14.0435]]],[[[14.1211,13.4101],[14.1163,13.4283],[14.1277,13.4131],[14.1211,13.4101]]],[[[13.4729,14.0981],[13.4687,14.1193],[13.4797,14.1273],[13.4729,14.0981]]],[[[27.4541,-17.5642],[27.4359,-17.5655],[27.4573,-17.5561],[27.4541,-17.5642]]],[[[33.1775,0.2005],[33.1625,0.2041],[33.1683,0.2093],[33.1775,0.2005]]],[[[14.9277,13.1663],[14.9309,13.1857],[14.9421,13.1697],[14.9277,13.1663]]],[[[14.2461,13.2173],[14.2519,13.2311],[14.2525,13.2171],[14.2461,13.2173]]],[[[13.8789,13.6819],[13.8703,13.6949],[13.8799,13.6931],[13.8789,13.6819]]],[[[13.5261,14.0197],[13.5191,14.0383],[13.5289,14.0377],[13.5261,14.0197]]],[[[13.8269,13.5291],[13.8181,13.5497],[13.8299,13.5301],[13.8269,13.5291]]],[[[14.0529,13.7343],[14.0577,13.7507],[14.0587,13.7269],[14.0529,13.7343]]],[[[15.0061,13.1999],[15.0147,13.2085],[15.0147,13.2021],[15.0061,13.1999]]],[[[14.9697,13.0779],[14.9689,13.0953],[14.9785,13.0727],[14.9697,13.0779]]],[[[13.2519,14.0381],[13.2523,14.0667],[13.2553,14.0389],[13.2519,14.0381]]],[[[14.9373,13.0829],[14.9409,13.0925],[14.9459,13.0791],[14.9373,13.0829]]],[[[33.3511,0.3187],[33.3361,0.3211],[33.3537,0.3315],[33.3511,0.3187]]],[[[13.4905,14.1895],[13.4947,14.2015],[13.5083,14.1769],[13.4905,14.1895]]],[[[13.8523,13.7999],[13.8509,13.8143],[13.8593,13.8011],[13.8523,13.7999]]],[[[15.1077,13.1315],[15.0971,13.1471],[15.1145,13.1419],[15.1077,13.1315]]],[[[14.8905,13.2333],[14.8917,13.2551],[14.8985,13.2369],[14.8905,13.2333]]],[[[13.6465,13.8477],[13.6387,13.8727],[13.6539,13.8453],[13.6465,13.8477]]],[[[14.2347,13.3283],[14.2423,13.3317],[14.2539,13.3187],[14.2347,13.3283]]],[[[14.0063,13.5189],[14.0001,13.5425],[14.0135,13.5315],[14.0063,13.5189]]],[[[14.3521,13.2459],[14.3631,13.2523],[14.3691,13.2399],[14.3521,13.2459]]],[[[13.8183,13.5883],[13.8219,13.6001],[13.8237,13.5883],[13.8183,13.5883]]],[[[14.2875,13.3855],[14.2987,13.3911],[14.3091,13.3833],[14.2875,13.3855]]],[[[14.3277,13.2575],[14.3349,13.2711],[14.3379,13.2509],[14.3277,13.2575]]],[[[31.0959,-8.7586],[31.0993,-8.7428],[31.1061,-8.7489],[31.0959,-8.7586]]],[[[13.7087,14.0741],[13.6973,14.0943],[13.7161,14.0779],[13.7087,14.0741]]],[[[13.9923,13.8225],[14.0089,13.8279],[14.0073,13.8139],[13.9923,13.8225]]],[[[13.9407,13.1387],[13.9399,13.1537],[13.9527,13.1339],[13.9407,13.1387]]],[[[14.7777,13.4283],[14.7875,13.4329],[14.7893,13.4185],[14.7777,13.4283]]],[[[13.4501,13.9549],[13.4419,13.9803],[13.4437,13.9815],[13.4501,13.9549]]],[[[14.0227,13.6973],[14.0179,13.7277],[14.0281,13.6977],[14.0227,13.6973]]],[[[13.3243,13.9757],[13.3173,13.9713],[13.3137,13.9851],[13.3243,13.9757]]],[[[13.9417,13.7723],[13.9457,13.7803],[13.9483,13.7631],[13.9417,13.7723]]],[[[14.0331,14.0051],[14.0311,14.0319],[14.0403,14.0015],[14.0331,14.0051]]],[[[13.6063,14.2363],[13.6143,14.2415],[13.6111,14.2229],[13.6063,14.2363]]],[[[13.3467,14.2049],[13.3547,14.2259],[13.3483,14.2043],[13.3467,14.2049]]],[[[13.9889,13.4333],[13.9857,13.4521],[13.9941,13.4327],[13.9889,13.4333]]],[[[14.9387,13.1117],[14.9367,13.1225],[14.9525,13.1057],[14.9387,13.1117]]],[[[13.0775,14.0691],[13.0807,14.0943],[13.0845,14.0949],[13.0775,14.0691]]],[[[13.2593,13.9105],[13.2561,13.9299],[13.2649,13.9127],[13.2593,13.9105]]],[[[13.4713,13.9805],[13.4635,13.9987],[13.4741,13.9817],[13.4713,13.9805]]],[[[13.5591,13.9515],[13.5591,13.9663],[13.5611,13.9521],[13.5591,13.9515]]],[[[13.1401,14.0883],[13.1373,14.1167],[13.1419,14.0875],[13.1401,14.0883]]],[[[14.7521,13.4421],[14.7449,13.4631],[14.7555,13.4449],[14.7521,13.4421]]],[[[13.5955,14.2239],[13.5901,14.2417],[13.6031,14.2291],[13.5955,14.2239]]],[[[13.2049,14.0315],[13.2167,14.0307],[13.2149,14.0183],[13.2049,14.0315]]],[[[14.7869,13.1913],[14.7829,13.2043],[14.8019,13.2003],[14.7869,13.1913]]],[[[34.6203,-13.9011],[34.6323,-13.8924],[34.6265,-13.9067],[34.6203,-13.9011]]],[[[13.1563,14.0627],[13.1553,14.0775],[13.1639,14.0595],[13.1563,14.0627]]],[[[13.6487,14.1401],[13.6459,14.1565],[13.6685,14.1463],[13.6487,14.1401]]],[[[14.1617,13.2617],[14.1581,13.2835],[14.1685,13.2599],[14.1617,13.2617]]],[[[14.3797,13.2519],[14.3807,13.2699],[14.3865,13.2513],[14.3797,13.2519]]],[[[13.8261,13.6949],[13.8221,13.7159],[13.8299,13.7149],[13.8261,13.6949]]],[[[13.5293,14.2157],[13.5299,14.2343],[13.5431,14.2243],[13.5293,14.2157]]],[[[33.1267,1.3449],[33.1177,1.3547],[33.1305,1.3579],[33.1267,1.3449]]],[[[13.6673,14.0333],[13.6723,14.0521],[13.6707,14.0339],[13.6673,14.0333]]],[[[14.5679,13.2635],[14.5725,13.2827],[14.5743,13.2605],[14.5679,13.2635]]],[[[13.3037,13.9441],[13.2877,13.9503],[13.2917,13.9553],[13.3037,13.9441]]],[[[13.6369,14.0483],[13.6383,14.0639],[13.6499,14.0443],[13.6369,14.0483]]],[[[13.8129,13.7691],[13.8183,13.7897],[13.8163,13.7661],[13.8129,13.7691]]],[[[14.9211,12.9003],[14.9183,12.9157],[14.9251,12.9117],[14.9211,12.9003]]],[[[13.9775,13.7527],[13.9813,13.7709],[13.9859,13.7497],[13.9775,13.7527]]],[[[27.4375,-17.5598],[27.4351,-17.5497],[27.4407,-17.5489],[27.4375,-17.5598]]],[[[13.8459,13.6215],[13.8431,13.6351],[13.8617,13.6205],[13.8459,13.6215]]],[[[14.7299,13.2251],[14.7273,13.2429],[14.7329,13.2467],[14.7299,13.2251]]],[[[14.0621,13.5563],[14.0731,13.5577],[14.0703,13.5417],[14.0621,13.5563]]],[[[13.8235,13.8763],[13.8297,13.8845],[13.8297,13.8725],[13.8235,13.8763]]],[[[13.6773,14.0667],[13.6717,14.0843],[13.6745,14.0865],[13.6773,14.0667]]],[[[13.9459,13.0955],[13.9351,13.1103],[13.9531,13.0965],[13.9459,13.0955]]],[[[36.0511,4.0483],[36.0517,4.0649],[36.0561,4.0547],[36.0511,4.0483]]],[[[28.8993,-16.5804],[28.8959,-16.5676],[28.9077,-16.5735],[28.8993,-16.5804]]],[[[13.7957,13.5449],[13.7947,13.5675],[13.7987,13.5473],[13.7957,13.5449]]],[[[33.4081,0.2387],[33.3983,0.2483],[33.4161,0.2485],[33.4081,0.2387]]],[[[13.7851,14.0789],[13.7783,14.0901],[13.8029,14.0795],[13.7851,14.0789]]],[[[13.1669,14.0427],[13.1831,14.0421],[13.1857,14.0337],[13.1669,14.0427]]],[[[14.1745,13.2213],[14.1679,13.2353],[14.1777,13.2225],[14.1745,13.2213]]],[[[14.6637,13.3053],[14.6745,13.3095],[14.6695,13.2973],[14.6637,13.3053]]],[[[13.8539,13.7613],[13.8573,13.7703],[13.8563,13.7607],[13.8539,13.7613]]],[[[13.8971,14.2877],[13.9035,14.3005],[13.8999,14.2867],[13.8971,14.2877]]],[[[27.9389,-17.0371],[27.9291,-17.0215],[27.9399,-17.0206],[27.9389,-17.0371]]],[[[14.9801,13.1551],[14.9769,13.1691],[14.9945,13.1503],[14.9801,13.1551]]],[[[13.9071,13.7309],[13.9007,13.7521],[13.9083,13.7537],[13.9071,13.7309]]],[[[14.0403,14.0653],[14.0393,14.0769],[14.0467,14.0703],[14.0403,14.0653]]],[[[13.6039,13.8715],[13.6125,13.8877],[13.6065,13.8705],[13.6039,13.8715]]],[[[14.8511,13.0781],[14.8377,13.0933],[14.8601,13.0821],[14.8511,13.0781]]],[[[27.4421,-17.4637],[27.4403,-17.4451],[27.4457,-17.4648],[27.4421,-17.4637]]],[[[13.8227,13.5525],[13.8263,13.5771],[13.8291,13.5763],[13.8227,13.5525]]],[[[14.8601,13.1691],[14.8623,13.1791],[14.8671,13.1645],[14.8601,13.1691]]],[[[14.2227,13.5377],[14.2259,13.5513],[14.2303,13.5403],[14.2227,13.5377]]],[[[14.5133,13.2939],[14.5175,13.3009],[14.5263,13.2847],[14.5133,13.2939]]],[[[14.0499,13.1947],[14.0447,13.2077],[14.0517,13.2073],[14.0499,13.1947]]],[[[13.7661,13.5457],[13.7607,13.5609],[13.7711,13.5451],[13.7661,13.5457]]],[[[14.5099,13.2513],[14.5175,13.2653],[14.5201,13.2507],[14.5099,13.2513]]],[[[13.9239,13.2055],[13.9195,13.2175],[13.9231,13.2157],[13.9239,13.2055]]],[[[13.5895,13.9981],[13.5981,14.0077],[13.5923,13.9967],[13.5895,13.9981]]],[[[13.6247,14.2611],[13.6199,14.2775],[13.6219,14.2817],[13.6247,14.2611]]],[[[13.4593,14.2311],[13.4587,14.2477],[13.4667,14.2341],[13.4593,14.2311]]],[[[14.8469,13.0591],[14.8581,13.0633],[14.8597,13.0541],[14.8469,13.0591]]],[[[13.4097,13.9695],[13.4159,13.9833],[13.4161,13.9695],[13.4097,13.9695]]],[[[34.8205,-14.0241],[34.8097,-14.0119],[34.8269,-14.0188],[34.8205,-14.0241]]],[[[13.7385,13.8697],[13.7351,13.8873],[13.7397,13.8877],[13.7385,13.8697]]],[[[14.7433,13.2363],[14.7489,13.2443],[14.7503,13.2291],[14.7433,13.2363]]],[[[14.5593,13.3545],[14.5599,13.3725],[14.5661,13.3721],[14.5593,13.3545]]],[[[15.0491,13.4013],[15.0567,13.4069],[15.0563,13.3937],[15.0491,13.4013]]],[[[15.0345,13.1661],[15.0373,13.1813],[15.0395,13.1671],[15.0345,13.1661]]],[[[14.2331,13.2375],[14.2299,13.2481],[14.2361,13.2419],[14.2331,13.2375]]],[[[14.1741,13.1317],[14.1743,13.1425],[14.1841,13.1401],[14.1741,13.1317]]],[[[13.4771,13.9549],[13.4775,13.9703],[13.4865,13.9707],[13.4771,13.9549]]],[[[13.9173,13.5901],[13.9319,13.5901],[13.9345,13.5827],[13.9173,13.5901]]],[[[14.9515,13.0343],[14.9471,13.0501],[14.9541,13.0345],[14.9515,13.0343]]],[[[13.8953,13.6737],[13.8963,13.6843],[13.9117,13.6717],[13.8953,13.6737]]],[[[27.4069,-17.4399],[27.4215,-17.4352],[27.4221,-17.4467],[27.4069,-17.4399]]],[[[13.5309,14.1625],[13.5367,14.1697],[13.5345,14.1475],[13.5309,14.1625]]],[[[14.2595,13.0909],[14.2591,13.1041],[14.2657,13.1049],[14.2595,13.0909]]],[[[13.4299,14.1581],[13.4297,14.1747],[13.4357,14.1555],[13.4299,14.1581]]],[[[13.8115,13.6537],[13.8087,13.6679],[13.8187,13.6595],[13.8115,13.6537]]],[[[13.3641,14.1763],[13.3673,14.1867],[13.3791,14.1667],[13.3641,14.1763]]],[[[13.4501,13.9119],[13.4495,13.9227],[13.4617,13.9053],[13.4501,13.9119]]],[[[13.4865,13.9341],[13.4863,13.9509],[13.4925,13.9545],[13.4865,13.9341]]],[[[33.1537,0.1669],[33.1617,0.1749],[33.1611,0.1601],[33.1537,0.1669]]],[[[14.6021,13.1745],[14.6053,13.1823],[14.6059,13.1739],[14.6021,13.1745]]],[[[14.7895,13.1391],[14.7849,13.1541],[14.7915,13.1409],[14.7895,13.1391]]],[[[13.8097,13.7447],[13.8047,13.7599],[13.8145,13.7477],[13.8097,13.7447]]],[[[14.9933,13.4071],[14.9927,13.4195],[14.9953,13.4063],[14.9933,13.4071]]],[[[33.6119,0.0435],[33.6083,0.0557],[33.6127,0.0561],[33.6119,0.0435]]],[[[13.1835,13.9749],[13.1821,13.9945],[13.1853,13.9975],[13.1835,13.9749]]],[[[13.5059,13.9767],[13.5041,13.9935],[13.5081,13.9759],[13.5059,13.9767]]],[[[13.9815,13.8093],[13.9889,13.8187],[13.9875,13.8087],[13.9815,13.8093]]],[[[13.9991,13.7385],[13.9973,13.7509],[14.0089,13.7333],[13.9991,13.7385]]],[[[14.8695,13.1231],[14.8733,13.1397],[14.8733,13.1237],[14.8695,13.1231]]],[[[13.3483,14.1111],[13.3499,14.1251],[13.3535,14.1101],[13.3483,14.1111]]],[[[33.2481,1.6277],[33.2491,1.6421],[33.2527,1.6311],[33.2481,1.6277]]],[[[13.4983,14.0103],[13.4957,14.0209],[13.5035,14.0135],[13.4983,14.0103]]],[[[13.9035,13.8545],[13.9071,13.8661],[13.9139,13.8501],[13.9035,13.8545]]],[[[33.1891,0.2079],[33.1945,0.2207],[33.1967,0.2175],[33.1891,0.2079]]],[[[14.9939,13.0419],[14.9999,13.0475],[15.0037,13.0377],[14.9939,13.0419]]],[[[14.7829,13.2119],[14.7887,13.2225],[14.7957,13.2189],[14.7829,13.2119]]],[[[13.9547,13.6341],[13.9435,13.6523],[13.9439,13.6563],[13.9547,13.6341]]],[[[15.1557,13.0651],[15.1549,13.0813],[15.1663,13.0685],[15.1557,13.0651]]],[[[28.0921,-17.0221],[28.0993,-17.0125],[28.1023,-17.0152],[28.0921,-17.0221]]],[[[14.1197,13.3443],[14.1215,13.3533],[14.1285,13.3381],[14.1197,13.3443]]],[[[14.6035,13.2827],[14.5961,13.2863],[14.6043,13.2907],[14.6035,13.2827]]],[[[13.8813,13.5719],[13.8867,13.5777],[13.8871,13.5683],[13.8813,13.5719]]],[[[13.9593,13.7355],[13.9649,13.7441],[13.9609,13.7357],[13.9593,13.7355]]],[[[14.8391,13.1257],[14.8415,13.1351],[14.8483,13.1205],[14.8391,13.1257]]],[[[14.0987,13.5557],[14.0957,13.5691],[14.1007,13.5683],[14.0987,13.5557]]],[[[14.5213,13.3163],[14.5217,13.3293],[14.5279,13.3149],[14.5213,13.3163]]],[[[27.6099,-17.1372],[27.6137,-17.1265],[27.6189,-17.1349],[27.6099,-17.1372]]],[[[13.5617,14.0135],[13.5701,14.0145],[13.5681,14.0035],[13.5617,14.0135]]],[[[13.7883,14.0945],[13.7827,14.1105],[13.7879,14.1097],[13.7883,14.0945]]],[[[32.8311,-0.0774],[32.8301,-0.0648],[32.8369,-0.0783],[32.8311,-0.0774]]],[[[13.7231,13.6185],[13.7219,13.6297],[13.7289,13.6225],[13.7231,13.6185]]],[[[33.4745,0.0423],[33.4787,0.0567],[33.4775,0.0407],[33.4745,0.0423]]],[[[15.0821,13.0287],[15.0763,13.0397],[15.0871,13.0307],[15.0821,13.0287]]],[[[28.6975,-16.734],[28.6885,-16.7245],[28.6949,-16.7239],[28.6975,-16.734]]],[[[14.0261,13.3823],[14.0357,13.3821],[14.0351,13.3719],[14.0261,13.3823]]],[[[34.4849,-13.4338],[34.4875,-13.4203],[34.4927,-13.4192],[34.4849,-13.4338]]],[[[13.9115,13.6863],[13.9093,13.6967],[13.9157,13.6915],[13.9115,13.6863]]],[[[13.7817,14.2281],[13.7823,14.2409],[13.7867,14.2327],[13.7817,14.2281]]],[[[15.2003,13.2483],[15.2051,13.2627],[15.2031,13.2473],[15.2003,13.2483]]],[[[28.1657,-16.82],[28.1739,-16.8111],[28.1791,-16.8149],[28.1657,-16.82]]],[[[28.6003,-16.5299],[28.5937,-16.5229],[28.6091,-16.5259],[28.6003,-16.5299]]],[[[14.3311,13.2161],[14.3289,13.2303],[14.3367,13.2147],[14.3311,13.2161]]],[[[30.9023,-8.0545],[30.8909,-8.0483],[30.8947,-8.0447],[30.9023,-8.0545]]],[[[13.4627,14.0111],[13.4659,14.0229],[13.4659,14.0111],[13.4627,14.0111]]],[[[13.3077,13.9229],[13.3111,13.9357],[13.3107,13.9239],[13.3077,13.9229]]],[[[28.5575,-16.5512],[28.5639,-16.5403],[28.5661,-16.5428],[28.5575,-16.5512]]],[[[15.0553,13.0919],[15.0553,13.1001],[15.0677,13.0945],[15.0553,13.0919]]],[[[14.8721,13.1767],[14.8755,13.1855],[14.8811,13.1725],[14.8721,13.1767]]],[[[14.7433,13.2657],[14.7457,13.2753],[14.7483,13.2645],[14.7433,13.2657]]],[[[13.7945,13.4571],[13.7967,13.4697],[13.8011,13.4551],[13.7945,13.4571]]],[[[13.2939,13.9101],[13.2955,13.9201],[13.3025,13.9063],[13.2939,13.9101]]],[[[13.3285,14.2035],[13.3375,14.2027],[13.3359,14.1921],[13.3285,14.2035]]],[[[13.8379,13.3985],[13.8345,13.4077],[13.8495,13.3957],[13.8379,13.3985]]],[[[13.8845,13.8329],[13.8731,13.8473],[13.8891,13.8359],[13.8845,13.8329]]],[[[13.8441,13.6869],[13.8445,13.6999],[13.8513,13.6951],[13.8441,13.6869]]],[[[13.1815,14.0151],[13.1869,14.0213],[13.1867,14.0135],[13.1815,14.0151]]],[[[13.9523,13.1155],[13.9403,13.1293],[13.9575,13.1191],[13.9523,13.1155]]],[[[14.7775,13.2419],[14.7721,13.2581],[14.7817,13.2401],[14.7775,13.2419]]],[[[13.5377,13.8461],[13.5387,13.8615],[13.5401,13.8447],[13.5377,13.8461]]],[[[13.8957,13.2319],[13.8901,13.2405],[13.8965,13.2347],[13.8957,13.2319]]],[[[33.2499,-0.0965],[33.2553,-0.0829],[33.2531,-0.0978],[33.2499,-0.0965]]],[[[33.4225,0.2039],[33.4153,0.2123],[33.4257,0.2107],[33.4225,0.2039]]],[[[13.8843,13.7365],[13.8813,13.7509],[13.8831,13.7511],[13.8843,13.7365]]],[[[13.8899,13.7011],[13.8885,13.7143],[13.8955,13.7097],[13.8899,13.7011]]],[[[14.9869,13.0827],[14.9885,13.0919],[14.9935,13.0807],[14.9869,13.0827]]],[[[14.0699,13.7211],[14.0679,13.7361],[14.0713,13.7391],[14.0699,13.7211]]],[[[13.4901,14.2107],[13.4827,14.2223],[13.4923,14.2131],[13.4901,14.2107]]],[[[13.5339,14.1931],[13.5323,14.2067],[13.5367,14.1917],[13.5339,14.1931]]],[[[14.8863,13.2615],[14.8881,13.2721],[14.8881,13.2611],[14.8863,13.2615]]],[[[14.6567,13.2535],[14.6555,13.2635],[14.6639,13.2485],[14.6567,13.2535]]],[[[13.3865,14.1809],[13.3953,14.1843],[13.3923,14.1735],[13.3865,14.1809]]],[[[13.7397,13.6443],[13.7345,13.6609],[13.7357,13.6655],[13.7397,13.6443]]],[[[14.0919,13.2381],[14.0935,13.2481],[14.0979,13.2303],[14.0919,13.2381]]],[[[14.6747,13.2251],[14.6737,13.2355],[14.6785,13.2241],[14.6747,13.2251]]],[[[28.2335,-16.7969],[28.2385,-16.7917],[28.2405,-16.794],[28.2335,-16.7969]]],[[[13.5073,14.2019],[13.5067,14.2123],[13.5149,14.1981],[13.5073,14.2019]]],[[[13.7813,13.6825],[13.7855,13.6877],[13.7929,13.6749],[13.7813,13.6825]]],[[[14.1643,13.0967],[14.1607,13.1105],[14.1629,13.1109],[14.1643,13.0967]]],[[[13.5363,14.0011],[13.5381,14.0123],[13.5389,13.9987],[13.5363,14.0011]]],[[[13.9145,13.2319],[13.9177,13.2411],[13.9219,13.2365],[13.9145,13.2319]]],[[[13.3773,14.1499],[13.3801,14.1599],[13.3805,14.1505],[13.3773,14.1499]]],[[[14.9757,13.1049],[14.9847,13.1027],[14.9821,13.0997],[14.9757,13.1049]]],[[[14.8035,13.1365],[14.8131,13.1409],[14.8141,13.1351],[14.8035,13.1365]]],[[[33.5979,0.1085],[33.6061,0.1167],[33.6069,0.1087],[33.5979,0.1085]]],[[[13.3929,14.1559],[13.4009,14.1639],[13.3945,14.1531],[13.3929,14.1559]]],[[[14.1141,14.0431],[14.1167,14.0533],[14.1173,14.0417],[14.1141,14.0431]]],[[[37.3049,11.8839],[37.3109,11.8933],[37.3157,11.8881],[37.3049,11.8839]]],[[[14.2255,13.4955],[14.2203,13.5057],[14.2241,13.5045],[14.2255,13.4955]]],[[[14.5989,13.2225],[14.5979,13.2321],[14.6077,13.2147],[14.5989,13.2225]]],[[[14.9975,12.9593],[14.9971,12.9659],[15.0089,12.9609],[14.9975,12.9593]]],[[[13.3441,13.9117],[13.3463,13.9249],[13.3465,13.9101],[13.3441,13.9117]]],[[[33.4967,0.0797],[33.4901,0.0885],[33.4931,0.0927],[33.4967,0.0797]]],[[[14.0809,13.5467],[14.0817,13.5597],[14.0899,13.5469],[14.0809,13.5467]]],[[[13.5075,13.9121],[13.5017,13.9239],[13.5043,13.9285],[13.5075,13.9121]]],[[[33.0819,1.4951],[33.0869,1.5033],[33.0897,1.4991],[33.0819,1.4951]]],[[[33.2183,-0.1348],[33.2201,-0.1206],[33.2253,-0.1215],[33.2183,-0.1348]]],[[[28.4663,-16.7613],[28.4589,-16.747],[28.4679,-16.7592],[28.4663,-16.7613]]],[[[14.9113,13.0703],[14.9159,13.0753],[14.9175,13.0693],[14.9113,13.0703]]],[[[15.0963,13.2477],[15.0975,13.2549],[15.0999,13.2485],[15.0963,13.2477]]],[[[34.6113,-13.8905],[34.6129,-13.8811],[34.6167,-13.8886],[34.6113,-13.8905]]],[[[34.7571,-13.9925],[34.7539,-13.9807],[34.7609,-13.9872],[34.7571,-13.9925]]],[[[13.8015,13.5205],[13.8047,13.5291],[13.8077,13.5195],[13.8015,13.5205]]],[[[13.5179,13.8847],[13.5167,13.8935],[13.5235,13.8891],[13.5179,13.8847]]],[[[14.0731,13.4055],[14.0769,13.4133],[14.0785,13.4045],[14.0731,13.4055]]],[[[27.4223,-17.4161],[27.4267,-17.4101],[27.4387,-17.4144],[27.4223,-17.4161]]],[[[14.9953,13.1111],[14.9979,13.1197],[14.9977,13.1097],[14.9953,13.1111]]],[[[15.0523,12.9567],[15.0473,12.9641],[15.0551,12.9603],[15.0523,12.9567]]],[[[14.1979,13.9989],[14.1945,14.0091],[14.1979,14.0085],[14.1979,13.9989]]],[[[14.8481,13.1963],[14.8465,13.2081],[14.8511,13.1981],[14.8481,13.1963]]],[[[13.8311,13.7261],[13.8349,13.7359],[13.8347,13.7245],[13.8311,13.7261]]],[[[14.7695,12.9685],[14.7683,12.9761],[14.7789,12.9747],[14.7695,12.9685]]],[[[13.7403,13.6009],[13.7437,13.6113],[13.7449,13.5985],[13.7403,13.6009]]],[[[14.5887,13.2551],[14.5947,13.2585],[14.5955,13.2489],[14.5887,13.2551]]],[[[13.7703,13.5773],[13.7683,13.5957],[13.7699,13.5957],[13.7703,13.5773]]],[[[14.0501,13.5727],[14.0537,13.5819],[14.0545,13.5711],[14.0501,13.5727]]],[[[15.1143,13.2411],[15.1083,13.2509],[15.1189,13.2433],[15.1143,13.2411]]],[[[14.0955,13.5763],[14.0963,13.5851],[14.1027,13.5779],[14.0955,13.5763]]],[[[14.7867,12.9191],[14.7847,12.9281],[14.7915,12.9213],[14.7867,12.9191]]],[[[13.7711,13.5041],[13.7757,13.5147],[13.7729,13.5031],[13.7711,13.5041]]],[[[30.9461,-8.2182],[30.9423,-8.2055],[30.9495,-8.2134],[30.9461,-8.2182]]],[[[13.7025,14.0343],[13.7001,14.0435],[13.7049,14.0379],[13.7025,14.0343]]],[[[13.9597,13.1009],[13.9595,13.1117],[13.9685,13.1141],[13.9597,13.1009]]],[[[13.6465,14.0245],[13.6449,14.0339],[13.6515,14.0275],[13.6465,14.0245]]],[[[14.9665,13.1187],[14.9617,13.1303],[14.9659,13.1307],[14.9665,13.1187]]],[[[14.6651,13.2729],[14.6639,13.2915],[14.6663,13.2921],[14.6651,13.2729]]],[[[14.9197,12.9307],[14.9229,12.9367],[14.9311,12.9305],[14.9197,12.9307]]],[[[14.0039,13.4489],[14.0073,13.4559],[14.0081,13.4469],[14.0039,13.4489]]],[[[27.6333,-17.3084],[27.6319,-17.2978],[27.6361,-17.2964],[27.6333,-17.3084]]],[[[14.9685,13.2441],[14.9649,13.2541],[14.9717,13.2463],[14.9685,13.2441]]],[[[33.9157,0.1021],[33.9169,0.1117],[33.9201,0.1087],[33.9157,0.1021]]],[[[13.3351,14.0315],[13.3243,14.0305],[13.3349,14.0341],[13.3351,14.0315]]],[[[14.8341,13.2825],[14.8327,13.2945],[14.8373,13.2857],[14.8341,13.2825]]],[[[33.2263,-0.1167],[33.2341,-0.1017],[33.2373,-0.1043],[33.2263,-0.1167]]],[[[33.4757,0.0703],[33.4703,0.0787],[33.4785,0.0751],[33.4757,0.0703]]],[[[27.6189,-17.1544],[27.6149,-17.1465],[27.6285,-17.1494],[27.6189,-17.1544]]],[[[28.4721,-16.5922],[28.4571,-16.5894],[28.4785,-16.5874],[28.4721,-16.5922]]],[[[14.0939,13.7551],[14.1011,13.7573],[14.1019,13.7467],[14.0939,13.7551]]],[[[13.8717,13.2177],[13.8763,13.2265],[13.8807,13.2221],[13.8717,13.2177]]],[[[32.8165,-0.0586],[32.8259,-0.0496],[32.8279,-0.0558],[32.8165,-0.0586]]],[[[33.1353,0.1583],[33.1365,0.1667],[33.1433,0.1597],[33.1353,0.1583]]],[[[28.6595,-16.5738],[28.6621,-16.5671],[28.6689,-16.5674],[28.6595,-16.5738]]],[[[32.6587,0.1557],[32.6559,0.1651],[32.6599,0.1579],[32.6587,0.1557]]],[[[13.5581,13.8903],[13.5589,13.9005],[13.5631,13.8873],[13.5581,13.8903]]],[[[13.3341,13.9513],[13.3391,13.9563],[13.3417,13.9487],[13.3341,13.9513]]],[[[13.2827,13.9227],[13.2877,13.9309],[13.2835,13.9207],[13.2827,13.9227]]],[[[13.7603,13.7865],[13.7655,13.7911],[13.7659,13.7843],[13.7603,13.7865]]],[[[15.0043,13.0765],[15.0091,13.0819],[15.0093,13.0763],[15.0043,13.0765]]],[[[30.5445,-7.4498],[30.5479,-7.4411],[30.5475,-7.4514],[30.5445,-7.4498]]],[[[13.8051,13.8889],[13.8067,13.8989],[13.8067,13.8901],[13.8051,13.8889]]],[[[33.4991,0.1007],[33.5041,0.1135],[33.5019,0.1003],[33.4991,0.1007]]],[[[13.2759,13.9037],[13.2783,13.9165],[13.2785,13.9023],[13.2759,13.9037]]],[[[13.8439,13.5671],[13.8475,13.5733],[13.8475,13.5649],[13.8439,13.5671]]],[[[33.0939,0.0661],[33.0893,0.0757],[33.0959,0.0681],[33.0939,0.0661]]],[[[14.6255,13.2295],[14.6261,13.2365],[14.6313,13.2265],[14.6255,13.2295]]],[[[13.5025,13.8503],[13.5045,13.8581],[13.5071,13.8487],[13.5025,13.8503]]],[[[13.6653,13.1649],[13.6639,13.1735],[13.6721,13.1683],[13.6653,13.1649]]],[[[14.8957,12.9261],[14.8941,12.9357],[14.9007,12.9277],[14.8957,12.9261]]],[[[13.3725,14.2071],[13.3723,14.2191],[13.3769,14.2225],[13.3725,14.2071]]],[[[13.2819,13.9551],[13.2777,13.9623],[13.2821,13.9661],[13.2819,13.9551]]],[[[35.1423,-14.2538],[35.1487,-14.2444],[35.1447,-14.2545],[35.1423,-14.2538]]],[[[32.9893,0.0483],[32.9877,0.0557],[32.9935,0.0501],[32.9893,0.0483]]],[[[36.6251,2.6327],[36.6209,2.6441],[36.6285,2.6377],[36.6251,2.6327]]],[[[14.8463,12.9543],[14.8513,12.9587],[14.8513,12.9531],[14.8463,12.9543]]],[[[30.9501,-8.1556],[30.9419,-8.1562],[30.9493,-8.1535],[30.9501,-8.1556]]],[[[33.0057,0.0603],[33.0087,0.0687],[33.0135,0.0663],[33.0057,0.0603]]],[[[15.0663,13.0591],[15.0643,13.0707],[15.0703,13.0567],[15.0663,13.0591]]],[[[13.5641,13.8567],[13.5681,13.8619],[13.5705,13.8529],[13.5641,13.8567]]],[[[27.5569,-17.4325],[27.5529,-17.425],[27.5581,-17.4298],[27.5569,-17.4325]]],[[[28.1475,-16.7898],[28.1465,-16.7854],[28.1603,-16.7842],[28.1475,-16.7898]]],[[[32.6527,-0.1021],[32.6509,-0.0955],[32.6553,-0.0964],[32.6527,-0.1021]]],[[[32.7423,0.0713],[32.7383,0.0793],[32.7455,0.0717],[32.7423,0.0713]]],[[[33.8681,-0.1461],[33.8703,-0.138],[33.8759,-0.1452],[33.8681,-0.1461]]],[[[14.1329,13.7731],[14.1293,13.7837],[14.1309,13.7847],[14.1329,13.7731]]],[[[33.0457,0.0465],[33.0447,0.0529],[33.0491,0.0539],[33.0457,0.0465]]],[[[33.7631,0.1759],[33.7675,0.1811],[33.7707,0.1723],[33.7631,0.1759]]],[[[13.4481,14.2267],[13.4493,14.2343],[13.4507,14.2261],[13.4481,14.2267]]],[[[27.9169,-16.8173],[27.9287,-16.8122],[27.9255,-16.8185],[27.9169,-16.8173]]],[[[13.2665,13.8777],[13.2619,13.8819],[13.2661,13.8855],[13.2665,13.8777]]],[[[33.1503,-0.0611],[33.1565,-0.0537],[33.1603,-0.0554],[33.1503,-0.0611]]],[[[32.6471,-0.0854],[32.6443,-0.0815],[32.6509,-0.0801],[32.6471,-0.0854]]],[[[13.9335,13.1165],[13.9369,13.1231],[13.9391,13.1189],[13.9335,13.1165]]],[[[34.1177,-0.1192],[34.1233,-0.1134],[34.1255,-0.1183],[34.1177,-0.1192]]],[[[13.3841,13.8969],[13.3875,13.9017],[13.3847,13.8889],[13.3841,13.8969]]],[[[34.0947,-0.1217],[34.0961,-0.115],[34.0991,-0.1212],[34.0947,-0.1217]]],[[[34.7133,-12.0885],[34.7113,-12.0838],[34.7149,-12.0815],[34.7133,-12.0885]]],[[[35.2297,-14.2505],[35.2355,-14.2624],[35.2333,-14.2617],[35.2297,-14.2505]]],[[[34.6967,-12.19],[34.6967,-12.1872],[34.6973,-12.19],[34.6967,-12.19]]]]}}]}